"Product","Gene_Name","Count","Example_Tag","DbXrefs"
"0.0","1283.0",3489,"GEGEGB_00002","1.123"
"hypothetical protein",NA,948,"GEGEGB_00011",""
"-","-",940,"GEGEGB_00011","-"
"Cytoplasmic protein",NA,172,"GEGEGB_00419","SO:0001217, UniRef:UniRef50_S5MYK0"
"Transcriptional regulator",NA,135,"GEGEGB_00018","SO:0001217, UniRef:UniRef50_Q8ZS10"
"Inner membrane protein",NA,118,"GEGEGB_00715","SO:0001217, UniRef:UniRef50_A0A2X1PWQ4"
"Lipoprotein",NA,76,"GEGEGB_00085","SO:0001217, UniRef:UniRef50_A0A0J8YCG2"
"YdgH/BhsA/McbA-like domain-containing protein",NA,71,"GEGEGB_01467","SO:0001217, UniRef:UniRef50_A0A389MD34"
"histidine kinase",NA,71,"GEGEGB_01017","SO:0001217, UniRef:UniRef50_A0A379S194"
"Major facilitator superfamily (MFS) profile domain-containing protein",NA,67,"GEGEGB_00047","SO:0001217, UniRef:UniRef50_A0A6C6YXS9"
"HTH lysR-type domain-containing protein",NA,54,"GEGEGB_00015","SO:0001217, UniRef:UniRef50_A0A0L0AFF1"
"ABC transmembrane type-1 domain-containing protein",NA,45,"GEGEGB_00551","SO:0001217, UniRef:UniRef50_A7MH46"
"Metallo-beta-lactamase domain-containing protein",NA,45,"GEGEGB_01910","SO:0001217, UniRef:UniRef50_A9MH55"
"HTH gntR-type domain-containing protein",NA,44,"GEGEGB_01504","SO:0001217, UniRef:UniRef50_A7MLC1"
"MFS transporter",NA,44,"GEGEGB_00305","SO:0001217, UniRef:UniRef50_A0A0T9WM45"
"Amino acid permease/ SLC12A domain-containing protein",NA,36,"GEGEGB_00165","SO:0001217, UniRef:UniRef50_A0A0G3EUP7"
"Arabinose operon regulatory protein",NA,36,"GEGEGB_00113","SO:0001217, UniRef:UniRef50_A0A090V0Z5"
"Fimbrial-type adhesion domain-containing protein",NA,36,"GEGEGB_00023","SO:0001217, UniRef:UniRef50_A9MR69"
"LysR family transcriptional regulator","lysR",36,"GEGEGB_00304","SO:0001217, UniRef:UniRef50_Q8ZN21"
"HTH araC/xylS-type domain-containing protein",NA,35,"GEGEGB_01663","SO:0001217, UniRef:UniRef50_A9MQ68"
"1.5e-153","424.0",30,"GEGEGB_01578","1.0"
"Oxidoreductase",NA,29,"GEGEGB_02383","SO:0001217, UniRef:UniRef50_A0A486LAG5"
"ABC transporter ATP-binding protein",NA,28,"GEGEGB_00906","SO:0001217, UniRef:UniRef50_A0A0F1BEW3"
"Peptidyl-prolyl cis-trans isomerase",NA,28,"GEGEGB_00052","SO:0001217, UniRef:UniRef50_A0A376DLB2"
"Ascorbate-specific PTS system EIIC component",NA,27,"GEGEGB_00562","SO:0001217, UniRef:UniRef50_A0A6G2UA75"
"Cytochrome b561 bacterial/Ni-hydrogenase domain-containing protein",NA,27,"GEGEGB_01154","SO:0001217, UniRef:UniRef50_A0A086XVW4"
"HTH cro/C1-type domain-containing protein",NA,27,"GEGEGB_00703","SO:0001217, UniRef:UniRef50_A8AE76"
"HTH luxR-type domain-containing protein",NA,27,"GEGEGB_01206","SO:0001217, UniRef:UniRef50_A9MFK1"
"N-acetylmuramoyl-L-alanine amidase",NA,27,"GEGEGB_00444","SO:0001217, UniRef:UniRef50_A0A7H4NZ89"
"Putative cytoplasmic protein",NA,27,"GEGEGB_01699","SO:0001217, UniRef:UniRef50_A0A379USV6"
"Threonine/homoserine exporter RhtA","rhtA",27,"GEGEGB_02163","SO:0001217, UniRef:UniRef50_A0A6C8H732"
"1.2e-133","384.0",26,"GEGEGB_00189","1.0"
"1.2e-83","257.0",26,"GEGEGB_00101","1.067"
"Lipoprotein YgdI/YgdR-like SH3-like domain-containing protein",NA,26,"GEGEGB_01575","SO:0001217, UniRef:UniRef50_D4B9E7"
"Nickel/cobalt efflux system",NA,26,"GEGEGB_00330","SO:0001217, UniRef:UniRef50_A0A659SDF7"
"Periplasmic protein",NA,26,"GEGEGB_01219","SO:0001217, UniRef:UniRef50_A0A3Z5DAC2"
"Ribokinase",NA,26,"GEGEGB_03830","SO:0001217, UniRef:UniRef50_A0A3P8M3X6"
"1.2e-127","362.0",25,"GEGEGB_02672","1.0"
"1.2e-69","209.0",23,"GEGEGB_01770","1.0"
"2.1e-67","206.0",23,"GEGEGB_00745","0.967"
"1.2e-165","468.0",22,"GEGEGB_00732","0.887"
"Transposase (putative) YhgA-like domain-containing protein",NA,21,"GEGEGB_02504","SO:0001217, UniRef:UniRef50_A0A0J5LV69"
"1.4e-168","473.0",20,"GEGEGB_00074","0.981"
"2.0e-128","368.0",20,"GEGEGB_04168","1.207"
"2.4e-76","228.0",20,"GEGEGB_01605","0.959"
"3.3e-58","180.0",20,"GEGEGB_01683","0.958"
"1.2e-95","277.0",19,"GEGEGB_01402","1.0"
"1.3e-87","255.0",19,"GEGEGB_03029","1.0"
"1.5e-45","145.0",19,"GEGEGB_02510","1.0"
"2.2e-65","197.0",19,"LNHIMF_01013","0.943"
"EamA domain-containing protein","eamA",19,"GEGEGB_00951","SO:0001217, UniRef:UniRef50_A0A7U3Z0B7"
"Major facilitator superfamily protein",NA,19,"GEGEGB_01479","SO:0001217, UniRef:UniRef50_A0A658YYM1"
"1.0e-58","182.0",18,"GEGEGB_01036","0.977"
"1.0e-64","197.0",18,"GEGEGB_01946","0.825"
"1.2e-24","92.0",18,"GEGEGB_03527","1.0"
"1.3e-52","165.0",18,"GEGEGB_00584","0.980"
"1.5e-70","210.0",18,"GEGEGB_01870","1.028"
"2-(5''-triphosphoribosyl)-3'-dephosphocoenzyme-A synthase",NA,18,"GEGEGB_00068","SO:0001217, UniRef:UniRef50_B7LWM0"
"2-dehydropantoate 2-reductase",NA,18,"GEGEGB_00306","SO:0001217, UniRef:UniRef50_A0A564J7J9"
"2.1e-87","256.0",18,"GEGEGB_00445","1.0"
"2.9e-160","450.0",18,"GEGEGB_00757","0.980"
"3-ketoacyl-CoA thiolase",NA,18,"GEGEGB_00514","SO:0001217, UniRef:UniRef50_Q8ZD46"
"3.4e-163","448.0",18,"GEGEGB_00576","1.0"
"3.4e-174","485.0",18,"GEGEGB_00595","1.079"
"4Fe-4S ferredoxin-type domain-containing protein",NA,18,"GEGEGB_02370","SO:0001217, UniRef:UniRef50_A0A0J1PBT5"
"5.4e-59","185.0",18,"GEGEGB_03846","1.013"
"6-carboxy-5,6,7,8-tetrahydropterin synthase",NA,18,"GEGEGB_01680","SO:0001217, UniRef:UniRef50_A0A2W6PJ41"
"6.1e-29","103.0",18,"GEGEGB_02764","0.963"
"ABC-type dipeptide transporter",NA,18,"GEGEGB_00678","SO:0001217, UniRef:UniRef50_A0A377CBZ7"
"ADP-ribosylglycohydrolase family protein",NA,18,"GEGEGB_00759","SO:0001217, UniRef:UniRef50_F5NWW3"
"Alcohol dehydrogenase",NA,18,"GEGEGB_01562","SO:0001217, UniRef:UniRef50_A0A2A7GVY2"
"Alkyl hydroperoxide reductase C",NA,18,"GEGEGB_02376","SO:0001217, UniRef:UniRef50_K0J4Q8"
"Amino acid permease",NA,18,"GEGEGB_00545","SO:0001217, UniRef:UniRef50_S3BNV8"
"Anaerobic dimethyl sulfoxide reductase subunit A",NA,18,"GEGEGB_01491","SO:0001217, UniRef:UniRef50_A0A486MVR8"
"Anti-FlhC(2)FlhD(4) factor YdiV","ydiV",18,"GEGEGB_01696","SO:0001217, UniRef:UniRef50_A0A447R3Q8"
"Arabinose 5-phosphate isomerase",NA,18,"GEGEGB_02879","SO:0001217, UniRef:UniRef50_A0A0E3U4T5"
"Arginine decarboxylase",NA,18,"GEGEGB_03154","SO:0001217, UniRef:UniRef50_A0A447RRD8"
"Arginine repressor",NA,18,"GEGEGB_03445","SO:0001217, UniRef:UniRef50_A3N1U5"
"Arylsulfate sulfotransferase AssT","assT",18,"GEGEGB_03266","SO:0001217, UniRef:UniRef50_Q8FDI4"
"Citrate lyase alpha chain",NA,18,"GEGEGB_00066","SO:0001217, UniRef:UniRef50_P75726"
"Citrate lyase subunit beta",NA,18,"GEGEGB_00065","SO:0001217, UniRef:UniRef50_P17725"
"Citrate synthase",NA,18,"GEGEGB_02256","SO:0001217, UniRef:UniRef50_P0ABH7"
"Cytochrome bd-II ubiquinol oxidase subunit 1",NA,18,"GEGEGB_01150","SO:0001217, UniRef:UniRef50_P26459"
"Cytochrome d ubiquinol oxidase subunit II",NA,18,"GEGEGB_01149","SO:0001217, UniRef:UniRef50_A0A344R1E1"
"D-alanyl-D-alanine dipeptidase",NA,18,"GEGEGB_01588","SO:0001217, UniRef:UniRef50_A0A4U9HGL2"
"D-glucosaminate-6-phosphate ammonia lyase","dgaE",18,"GEGEGB_03953","BlastRules:WP_000188463, SO:0001217, UniRef:UniRef50_D0ZLR3"
"DNA-binding protein H-NS",NA,18,"GEGEGB_01754","SO:0001217, UniRef:UniRef50_P0DOA5"
"DNA-binding response regulator","ssrB",18,"GEGEGB_01332","SO:0001217, UniRef:UniRef50_Q7CQM5, VFDB:VFC0086, VFDB:VFG000492"
"Dihydroorotase",NA,18,"GEGEGB_01853","SO:0001217, UniRef:UniRef50_B1XWS5"
"Dimethyl sulfoxide reductase",NA,18,"GEGEGB_00357","SO:0001217, UniRef:UniRef50_A9MHK9"
"Dimethyl sulfoxide reductase DmsA","dmsA",18,"GEGEGB_02074","SO:0001217, UniRef:UniRef50_P18775"
"Electron transport protein HydN","hydN",18,"GEGEGB_02884","SO:0001217, UniRef:UniRef50_A0A3P2EL24"
"Ethanolamine utilization protein",NA,18,"GEGEGB_00427","SO:0001217, UniRef:UniRef50_A0A2X1N9V8"
"Fatty acid oxidation complex subunit alpha",NA,18,"GEGEGB_00515","SO:0001217, UniRef:UniRef50_Q8ZD45"
"Flagellar basal-body rod protein FlgF","flgF",18,"GEGEGB_01837","SO:0001217, UniRef:UniRef50_A0A2S5THT3"
"Formate acetyltransferase 1",NA,18,"GEGEGB_02065","SO:0001217, UniRef:UniRef50_P09373"
"GlsB/YeaQ/YmgE family stress response membrane protein",NA,18,"GEGEGB_01143","SO:0001217, UniRef:UniRef50_A0A653L0T6"
"Glutamate dehydrogenase",NA,18,"GEGEGB_01146","SO:0001217, UniRef:UniRef50_N9C2I3"
"Glutathione S-transferase",NA,18,"GEGEGB_02138","SO:0001217, UniRef:UniRef50_A0A0M7GX35"
"Glycerate 3-kinase",NA,18,"GEGEGB_03007","SO:0001217, UniRef:UniRef50_A0A1E3WRF7"
"Glycerol-3-phosphate acyltransferase",NA,18,"GEGEGB_03282","SO:0001217, UniRef:UniRef50_Q5E2K3"
"Glycine zipper 2TM domain-containing protein",NA,18,"GEGEGB_01704","SO:0001217, UniRef:UniRef50_A0A0H3GM06"
"HTH lacI-type domain-containing protein",NA,18,"GEGEGB_00559","SO:0001217, UniRef:UniRef50_A8ADT1"
"HTH tetR-type domain-containing protein",NA,18,"GEGEGB_01566","SO:0001217, UniRef:UniRef50_A0A0J1LXI3"
"Hydrogenase maturation factor HypA","hypA",18,"GEGEGB_02895","SO:0001217, UniRef:UniRef50_A0A0F7HEE6"
"IprA winged helix-turn-helix domain-containing protein","iprA",18,"GEGEGB_00022","SO:0001217, UniRef:UniRef50_E3G2G5"
"Iron-binding protein IscA","iscA",18,"GEGEGB_00340","SO:0001217, UniRef:UniRef50_B7J5X1"
"Isochorismatase-like domain-containing protein",NA,18,"GEGEGB_02088","SO:0001217, UniRef:UniRef50_A0A446CFS7"
"L-glyceraldehyde 3-phosphate reductase",NA,18,"GEGEGB_00488","SO:0001217, UniRef:UniRef50_A0A4Y6UQW3"
"L-ribulose-5-phosphate 4-epimerase AraD","araD",18,"GEGEGB_00110","SO:0001217, UniRef:UniRef50_P08203"
"L-serine dehydratase",NA,18,"GEGEGB_00702","SO:0001217, UniRef:UniRef50_A0A0K0HCE7"
"Lysozyme inhibitor LprI-like N-terminal domain-containing protein",NA,18,"GEGEGB_01777","SO:0001217, UniRef:UniRef50_I2BAA4"
"Mechanosensitive ion channel family protein",NA,18,"GEGEGB_01200","SO:0001217, UniRef:UniRef50_A7MNC9"
"Methyl-accepting chemotaxis protein II",NA,18,"GEGEGB_01019","SO:0001217, UniRef:UniRef50_P02941"
"Methyl-accepting transducer domain-containing protein",NA,18,"GEGEGB_03208","SO:0001217, UniRef:UniRef50_A0A0K0HEH7"
"Molecular chaperone",NA,18,"GEGEGB_02372","SO:0001217, UniRef:UniRef50_A0A0J1LKN0"
"Nitrate reductase subunit beta",NA,18,"GEGEGB_01569","SO:0001217, UniRef:UniRef50_A0A7C6CEJ9"
"Nitrogen regulatory protein P-II",NA,18,"GEGEGB_00319","SO:0001217, UniRef:UniRef50_A0A2D4VJR3"
"Nucleoside transporter/FeoB GTPase Gate domain-containing protein",NA,18,"GEGEGB_04807","SO:0001217, UniRef:UniRef50_A8ADA5"
"Outer membrane lipoprotein",NA,18,"GEGEGB_03708","SO:0001217, UniRef:UniRef50_S5MXC2"
"Outer membrane protein",NA,18,"GEGEGB_00748","SO:0001217, UniRef:UniRef50_Q7CQ92"
"Phosphofructokinase",NA,18,"GEGEGB_00691","SO:0001217, UniRef:UniRef50_A0A077NC40"
"Phosphoserine phosphatase",NA,18,"GEGEGB_00701","SO:0001217, UniRef:UniRef50_A0A0T9XPZ6"
"Primosomal replication protein N",NA,18,"GEGEGB_02502","SO:0001217, UniRef:UniRef50_A0A1V2GK00"
"Proline--tRNA ligase",NA,18,"GEGEGB_00264","SO:0001217, UniRef:UniRef50_G2H1A0"
"Pseudouridine synthase",NA,18,"GEGEGB_01721","SO:0001217, UniRef:UniRef50_F7XXE1"
"Respiratory nitrate reductase 2 alpha chain",NA,18,"GEGEGB_01568","SO:0001217, UniRef:UniRef50_P19319"
"Selenoprotein",NA,18,"GEGEGB_02384","SO:0001217, UniRef:UniRef50_A0A151ULG1"
"Sensor protein",NA,18,"GEGEGB_01767","SO:0001217, UniRef:UniRef50_A0A085APD9"
"Small heat shock protein IbpA","ibpA",18,"GEGEGB_01191","SO:0001217, UniRef:UniRef50_A0A6P1Q446"
"Solute-binding protein family 3/N-terminal domain-containing protein",NA,18,"GEGEGB_00549","SO:0001217, UniRef:UniRef50_A7MH44"
"Sulfatase N-terminal domain-containing protein",NA,18,"GEGEGB_02114","SO:0001217, UniRef:UniRef50_A0A0G4KAP6"
"TRAP transporter large permease protein",NA,18,"GEGEGB_03754","SO:0001217, UniRef:UniRef50_A0A083ZVS3"
"TRAP transporter small permease protein",NA,18,"GEGEGB_03753","SO:0001217, UniRef:UniRef50_A0A447N0K8"
"Thioredoxin",NA,18,"GEGEGB_00282","SO:0001217, UniRef:UniRef50_A0A377A270"
"Threonylcarbamoyl-AMP synthase",NA,18,"GEGEGB_01722","SO:0001217, UniRef:UniRef50_A0A161HVR8"
"Transketolase",NA,18,"GEGEGB_00420","SO:0001217, UniRef:UniRef50_A0A7C5WY53"
"Transporter",NA,18,"GEGEGB_00496","SO:0001217, UniRef:UniRef50_S5NHH7"
"UTP--glucose-1-phosphate uridylyltransferase",NA,18,"GEGEGB_00819","SO:0001217, UniRef:UniRef50_A0A1C3T0N2"
"Universal stress protein",NA,18,"GEGEGB_01012","SO:0001217, UniRef:UniRef50_A0A285B5Z7"
"VTT domain-containing protein",NA,18,"GEGEGB_02859","SO:0001217, UniRef:UniRef50_H5V5Y4"
"cysteine desulfurase","iscS",18,"GEGEGB_00338","BlastRules:WP_001295373, EC:2.8.1.7, SO:0001217, UniRef:UniRef50_A0A0K6IR10"
"diguanylate cyclase",NA,18,"GEGEGB_01226","SO:0001217, UniRef:UniRef50_A0A2X1LHF9"
"hydrogenase (acceptor)",NA,18,"GEGEGB_01535","SO:0001217, UniRef:UniRef50_G5SAZ2"
"peptidoglycan lytic exotransglycosylase",NA,18,"GEGEGB_02736","SO:0001217, UniRef:UniRef50_D8MNH0"
"putative 4-amino-4-deoxy-L-arabinose-phosphoundecaprenol flippase subunit ArnE","arnE",18,"GEGEGB_00601","SO:0001217, UniRef:UniRef50_O52328"
"transcription antiterminator/RNA stability regulator CspE","cspE",18,"GEGEGB_01103","BlastRules:WP_000034825, SO:0001217, UniRef:UniRef50_P0A986"
"1.0e-163","471.0",17,"GEGEGB_00526","0.998"
"1.1e-52","158.0",17,"GEGEGB_02921","1.0"
"1.2e-34","120.0",17,"GEGEGB_04301","1.0"
"1.5e-75","224.0",17,"GEGEGB_01059","1.0"
"1.7e-109","327.0",17,"GEGEGB_01521","1.0"
"1.8e-94","290.0",17,"GEGEGB_00242","0.979"
"1.9e-30","109.0",17,"GEGEGB_02540","0.981"
"2.3e-201","562.0",17,"GEGEGB_00139","0.994"
"2.8e-49","157.0",17,"GEGEGB_00343","0.991"
"3.3e-178","489.0",17,"LNHIMF_01721","1.0"
"3.4e-158","444.0",17,"GEGEGB_02388","0.807"
"3.6e-104","308.0",17,"GEGEGB_01292","1.0"
"4.2e-228","636.0",17,"GEGEGB_02250","1.182"
"5.7e-79","233.0",17,"GEGEGB_01211","0.958"
"6.0e-94","280.0",17,"GEGEGB_02495","1.019"
"AB hydrolase-1 domain-containing protein",NA,17,"GEGEGB_02293","SO:0001217, UniRef:UniRef50_A0A8S0FZL0"
"Anaerobic dimethyl sulfoxide reductase chain B",NA,17,"GEGEGB_02073","SO:0001217, UniRef:UniRef50_P45003"
"Apo-citrate lyase phosphoribosyl-dephospho-CoA transferase",NA,17,"GEGEGB_00067","SO:0001217, UniRef:UniRef50_B7LWL8"
"AraC family transcriptional regulator","hilC",17,"GEGEGB_02907","SO:0001217, UniRef:UniRef50_P0CL09, VFDB:VFC0086, VFDB:VFG000531"
"Bacterial OB-fold domain-containing protein",NA,17,"GEGEGB_03251","SO:0001217, UniRef:UniRef50_F5NZE3"
"CSD domain-containing protein",NA,17,"GEGEGB_00943","SO:0001217, UniRef:UniRef50_A7ME79"
"DUF202 domain-containing protein",NA,17,"GEGEGB_03912","SO:0001217, UniRef:UniRef50_Q329D7"
"EAL domain-containing protein",NA,17,"GEGEGB_00484","SO:0001217, UniRef:UniRef50_H5UY16"
"Fimbrial usher protein",NA,17,"GEGEGB_04881","SO:0001217, UniRef:UniRef50_Q8ZJU1"
"Glucarate dehydratase",NA,17,"GEGEGB_03008","SO:0001217, UniRef:UniRef50_P0AES2"
"Glycogen debranching enzyme",NA,17,"GEGEGB_04202","SO:0001217, UniRef:UniRef50_P15067"
"HTH merR-type domain-containing protein",NA,17,"GEGEGB_01207","SO:0001217, UniRef:UniRef50_A9MFK0"
"Integral membrane protein",NA,17,"GEGEGB_02188","SO:0001217, UniRef:UniRef50_A0A5V7M7H2"
"Ornithine carbamoyltransferase subunit I",NA,17,"GEGEGB_04735","SO:0001217, UniRef:UniRef50_P04391"
"Transcriptional regulatory protein",NA,17,"GEGEGB_04437","SO:0001217, UniRef:UniRef50_A0A1M0QMJ0"
"Transport permease protein",NA,17,"GEGEGB_02182","SO:0001217, UniRef:UniRef50_Q7N6N9"
"Uptake hydrogenase large subunit",NA,17,"GEGEGB_01155","SO:0001217, UniRef:UniRef50_A0A711MED0"
"1.2e-118","351.0",16,"GEGEGB_00671","0.991"
"1.2e-37","127.0",16,"GEGEGB_02056","0.968"
"1.3e-216","604.0",16,"GEGEGB_01302","0.997"
"1.3e-61","193.0",16,"GEGEGB_00516","0.969"
"1.3e-89","269.0",16,"GEGEGB_04242","1.062"
"1.6e-182","513.0",16,"GEGEGB_03219","0.991"
"1.6e-275","748.0",16,"GEGEGB_02307","1.0"
"1.7e-86","254.0",16,"GEGEGB_01845","0.957"
"2.1e-72","223.0",16,"LNHIMF_01545","0.966"
"2.4e-205","582.0",16,"GEGEGB_01469","1.106"
"2.6e-52","166.0",16,"GEGEGB_00480","1.0"
"3.6e-65","197.0",16,"GEGEGB_03255","1.0"
"3.7e-71","219.0",16,"GEGEGB_01566","0.990"
"3.9e-125","367.0",16,"GEGEGB_01196","0.914"
"4.3e-68","211.0",16,"GEGEGB_01959","0.989"
"8.8e-64","196.0",16,"GEGEGB_03035","0.952"
"D-alanyl-D-alanine carboxypeptidase DacA","dacA",16,"GEGEGB_02345","SO:0001217, UniRef:UniRef50_P0AEB2"
"DUF218 domain-containing protein",NA,16,"GEGEGB_02047","SO:0001217, UniRef:UniRef50_O32562"
"Nucleoside permease NupG","nupG",16,"GEGEGB_00472","SO:0001217, UniRef:UniRef50_P0AFF4"
"1.1e-127","365.0",15,"GEGEGB_01126","1.0"
"1.2e-210","583.0",15,"LNHIMF_00124","1.0"
"1.3e-38","126.0",15,"LNHIMF_02668","1.0"
"1.3e-86","260.0",15,"GEGEGB_03393","0.976"
"1.6e-96","273.0",15,"GEGEGB_01877","1.0"
"1.7e-188","525.0",15,"GEGEGB_01096","1.0"
"1.8e-175","491.0",15,"LNHIMF_00413","0.981"
"2.4e-89","266.0",15,"GEGEGB_00843","1.031"
"2.7e-81","239.0",15,"LNHIMF_03496","1.102"
"3.1e-51","159.0",15,"GEGEGB_00419","1.0"
"4.1e-49","163.0",15,"GEGEGB_03723","0.818"
"4.3e-106","314.0",15,"GEGEGB_00180","1.0"
"5.7e-133","376.0",15,"LNHIMF_03833","1.0"
"6.3e-128","364.0",15,"GEGEGB_02044","0.808"
"7.5e-233","643.0",15,"GEGEGB_01167","1.0"
"8.3e-178","502.0",15,"GEGEGB_00972","1.154"
"1.0e-97","286.0",14,"LNHIMF_04645","0.941"
"1.1e-129","372.0",14,"GEGEGB_01331","1.0"
"1.1e-140","397.0",14,"GEGEGB_03750","1.238"
"1.1e-180","503.0",14,"GEGEGB_01698","1.0"
"1.1e-31","111.0",14,"GEGEGB_00064","0.979"
"1.1e-99","294.0",14,"GEGEGB_02112","1.131"
"1.2e-45","148.0",14,"GEGEGB_02254","1.0"
"1.3e-142","397.0",14,"GEGEGB_00281","1.0"
"1.5e-130","372.0",14,"GEGEGB_01094","1.075"
"1.5e-177","486.0",14,"LNHIMF_00873","1.0"
"1.5e-90","271.0",14,"GEGEGB_00220","1.065"
"1.7e-33","114.0",14,"GEGEGB_01005","1.0"
"1.9e-39","129.0",14,"GEGEGB_03451","1.0"
"2.0e-98","288.0",14,"GEGEGB_01291","1.0"
"2.6e-116","332.0",14,"GEGEGB_01508","0.966"
"2.6e-49","156.0",14,"LNHIMF_01455","0.906"
"2.6e-92","270.0",14,"GEGEGB_00243","1.0"
"3.1e-163","458.0",14,"GEGEGB_03331","0.996"
"3.7e-144","400.0",14,"LNHIMF_01542","1.0"
"6.9e-107","313.0",14,"GEGEGB_01947","1.0"
"9.1e-115","334.0",14,"GEGEGB_02732","0.984"
"9.9e-145","410.0",14,"GEGEGB_04223","0.987"
"Recombination-promoting nuclease RpnA","rpnA",14,"GEGEGB_04217","SO:0001217, UniRef:UniRef50_P31667"
"1.1e-91","268.0",13,"GEGEGB_03716","0.932"
"1.2e-143","405.0",13,"GEGEGB_01482","1.0"
"1.3e-104","295.0",13,"GEGEGB_02523","1.0"
"1.3e-108","319.0",13,"GEGEGB_00301","0.971"
"1.3e-223","608.0",13,"GEGEGB_00590","1.0"
"1.5e-102","303.0",13,"GEGEGB_03110","0.992"
"1.5e-134","391.0",13,"GEGEGB_04731","0.994"
"1.5e-194","553.0",13,"LNHIMF_01520","0.983"
"1.5e-224","611.0",13,"GEGEGB_03780","1.0"
"1.5e-235","662.0",13,"GEGEGB_02361","0.933"
"1.6e-102","301.0",13,"LNHIMF_03767","1.0"
"1.7e-69","210.0",13,"GEGEGB_03722","0.979"
"1.8e-172","485.0",13,"GEGEGB_02099","0.987"
"2.0e-103","303.0",13,"GEGEGB_00155","0.990"
"2.0e-145","410.0",13,"GEGEGB_03268","0.960"
"2.1e-58","179.0",13,"GEGEGB_01416","0.856"
"2.2e-176","495.0",13,"GEGEGB_00737","0.990"
"2.2e-50","162.0",13,"GEGEGB_03908","1.007"
"2.3e-154","443.0",13,"GEGEGB_00722","0.971"
"2.4e-169","478.0",13,"GEGEGB_02576","1.007"
"2.5e-129","364.0",13,"GEGEGB_01133","1.0"
"2.5e-150","431.0",13,"GEGEGB_00117","0.997"
"2.7e-158","452.0",13,"GEGEGB_00758","1.0"
"2.9e-87","249.0",13,"GEGEGB_02531","0.992"
"4.2e-149","424.0",13,"GEGEGB_03016","1.0"
"4.8e-142","404.0",13,"GEGEGB_00079","1.0"
"5.5e-59","184.0",13,"GEGEGB_03122","1.0"
"6.2e-161","455.0",13,"GEGEGB_03054","0.990"
"1.0e-172","485.0",12,"GEGEGB_00045","0.990"
"1.0e-71","218.0",12,"GEGEGB_03215","0.963"
"1.1e-181","524.0",12,"LNHIMF_04484","0.981"
"1.1e-183","511.0",12,"GEGEGB_01273","0.997"
"1.1e-217","602.0",12,"GEGEGB_02212","1.0"
"1.1e-232","650.0",12,"GEGEGB_03547","1.020"
"1.1e-297","811.0",12,"GEGEGB_01944","1.0"
"1.1e-63","197.0",12,"GEGEGB_00401","0.968"
"1.2e-172","486.0",12,"LNHIMF_01029","0.987"
"1.3e-106","313.0",12,"GEGEGB_00723","0.987"
"1.3e-109","314.0",12,"LNHIMF_00506","1.0"
"1.3e-120","353.0",12,"LNHIMF_01813","0.937"
"1.3e-218","628.0",12,"GEGEGB_03043","1.077"
"1.4e-244","674.0",12,"LNHIMF_02211","1.228"
"1.4e-247","684.0",12,"GEGEGB_01011","0.801"
"1.4e-66","208.0",12,"GEGEGB_01106","1.154"
"1.4e-76","227.0",12,"GEGEGB_01378","0.807"
"1.5e-178","498.0",12,"GEGEGB_01721","1.0"
"1.6e-110","326.0",12,"GEGEGB_01105","1.108"
"1.6e-149","423.0",12,"GEGEGB_04886","1.0"
"1.6e-267","744.0",12,"GEGEGB_01678","1.008"
"1.7e-116","347.0",12,"GEGEGB_02669","1.011"
"1.8e-139","402.0",12,"LNHIMF_02714","0.993"
"1.8e-75","229.0",12,"LNHIMF_03451","1.006"
"1.9e-144","409.0",12,"GEGEGB_00393","0.992"
"2.0e-101","296.0",12,"GEGEGB_02538","0.870"
"2.0e-171","476.0",12,"GEGEGB_01532","1.0"
"2.1e-116","336.0",12,"GEGEGB_00738","0.897"
"2.2e-102","303.0",12,"GEGEGB_03165","0.979"
"2.2e-163","466.0",12,"GEGEGB_03434","0.989"
"2.4e-71","214.0",12,"LNHIMF_01010","1.0"
"2.7e-111","327.0",12,"GEGEGB_02305","1.0"
"2.8e-55","172.0",12,"GEGEGB_01936","1.0"
"3.0e-181","514.0",12,"GEGEGB_04750","1.191"
"3.1e-212","603.0",12,"GEGEGB_00075","1.002"
"3.2e-100","288.0",12,"LNHIMF_01879","0.993"
"3.6e-114","334.0",12,"GEGEGB_03844","0.993"
"4.0e-88","258.0",12,"GEGEGB_01516","1.0"
"4.2e-102","300.0",12,"GEGEGB_03439","0.976"
"4.4e-279","755.0",12,"LNHIMF_01541","1.0"
"4.8e-196","563.0",12,"GEGEGB_03206","0.998"
"6.8e-34","115.0",12,"GEGEGB_00061","0.987"
"7.6e-57","174.0",12,"GEGEGB_04449","1.0"
"9.0e-146","414.0",12,"GEGEGB_02477","1.0"
"1.0e-89","267.0",11,"GEGEGB_02588","1.0"
"1.1e-100","291.0",11,"GEGEGB_04324","0.994"
"1.1e-130","370.0",11,"GEGEGB_03930","1.0"
"1.1e-177","488.0",11,"GEGEGB_02911","1.0"
"1.1e-53","167.0",11,"GEGEGB_03221","1.0"
"1.2e-125","358.0",11,"LNHIMF_02052","1.0"
"1.2e-146","431.0",11,"GEGEGB_03747","0.989"
"1.3e-144","401.0",11,"LNHIMF_01467","1.0"
"1.3e-282","772.0",11,"GEGEGB_00612","0.938"
"1.3e-82","253.0",11,"GEGEGB_03951","0.980"
"1.4e-130","376.0",11,"GEGEGB_00166","1.193"
"1.4e-137","395.0",11,"LNHIMF_03355","0.989"
"1.4e-142","404.0",11,"GEGEGB_02109","1.0"
"1.4e-197","555.0",11,"GEGEGB_02181","0.987"
"1.4e-91","271.0",11,"GEGEGB_00270","1.0"
"1.5e-87","264.0",11,"GEGEGB_00897","1.0"
"1.6e-139","396.0",11,"GEGEGB_00231","0.988"
"1.6e-152","436.0",11,"GEGEGB_00454","1.059"
"1.6e-160","449.0",11,"LNHIMF_00103","1.0"
"1.6e-192","534.0",11,"LNHIMF_01138","0.987"
"1.6e-241","664.0",11,"GEGEGB_03711","1.0"
"1.7e-167","483.0",11,"GEGEGB_00472","1.127"
"1.7e-207","574.0",11,"GEGEGB_03452","1.0"
"1.7e-60","186.0",11,"GEGEGB_01258","0.956"
"1.7e-72","221.0",11,"GEGEGB_03713","0.989"
"1.7e-88","266.0",11,"GEGEGB_00705","0.982"
"1.8e-118","341.0",11,"LNHIMF_00544","0.850"
"1.8e-154","440.0",11,"GEGEGB_02086","0.941"
"1.8e-38","127.0",11,"GEGEGB_01385","1.0"
"1.9e-169","475.0",11,"GEGEGB_00229","0.996"
"1.9e-174","488.0",11,"BEJGEH_01590","0.884"
"1.9e-191","533.0",11,"GEGEGB_00819","0.987"
"1.9e-24","93.2",11,"GEGEGB_02172","1.0"
"1.9e-68","211.0",11,"GEGEGB_02851","0.960"
"2.0e-77","234.0",11,"GEGEGB_01954","1.0"
"2.1e-110","318.0",11,"GEGEGB_01880","1.185"
"2.1e-126","361.0",11,"GEGEGB_01851","0.944"
"2.3e-106","309.0",11,"LNHIMF_00746","1.015"
"2.3e-113","333.0",11,"GEGEGB_01037","0.989"
"2.3e-206","584.0",11,"GEGEGB_01586","0.992"
"2.4e-125","362.0",11,"GEGEGB_00740","1.0"
"2.4e-139","402.0",11,"GEGEGB_02543","0.987"
"2.5e-167","466.0",11,"GEGEGB_00405","1.0"
"2.5e-63","195.0",11,"GEGEGB_01754","0.993"
"2.5e-74","224.0",11,"GEGEGB_00295","1.031"
"2.6e-130","379.0",11,"GEGEGB_03301","0.984"
"2.6e-188","526.0",11,"GEGEGB_04686","0.997"
"2.6e-94","267.0",11,"GEGEGB_01876","1.0"
"2.9e-202","560.0",11,"GEGEGB_03363","1.0"
"3.0e-143","414.0",11,"LNHIMF_00906","1.038"
"3.2e-43","140.0",11,"GEGEGB_02628","1.0"
"3.6e-150","424.0",11,"LNHIMF_01211","0.976"
"3.7e-162","465.0",11,"GEGEGB_03329","1.050"
"3.8e-89","263.0",11,"LNHIMF_00048","0.952"
"3.9e-42","137.0",11,"GEGEGB_03448","0.989"
"4.0e-204","565.0",11,"GEGEGB_00951","0.984"
"4.5e-146","414.0",11,"GEGEGB_03104","1.0"
"4.6e-86","261.0",11,"LNHIMF_00201","1.111"
"5.1e-168","482.0",11,"GEGEGB_04702","0.983"
"6.1e-70","210.0",11,"GEGEGB_00425","1.0"
"6.5e-104","303.0",11,"LNHIMF_03500","1.010"
"6.8e-246","680.0",11,"LNHIMF_03104","1.007"
"8.8e-310","837.0",11,"GEGEGB_02300","1.0"
"9.2e-97","283.0",11,"GEGEGB_03486","0.967"
"DNA-binding protein",NA,11,"GEGEGB_03144","SO:0001217, UniRef:UniRef50_A0A0H2V1L1"
"Helix-turn-helix domain-containing protein",NA,11,"GEGEGB_02405","SO:0001217, UniRef:UniRef50_A0A8S7I9U0"
"1.0e-41","137.0",10,"GEGEGB_01909","0.990"
"1.0e-57","180.0",10,"GEGEGB_04315","0.992"
"1.0e-70","219.0",10,"GEGEGB_00731","0.979"
"1.1e-136","391.0",10,"LNHIMF_01699","0.989"
"1.1e-36","125.0",10,"GEGEGB_02405","1.0"
"1.1e-42","138.0",10,"GEGEGB_04220","0.987"
"1.1e-46","151.0",10,"GEGEGB_04711","0.992"
"1.1e-79","241.0",10,"GEGEGB_03783","0.970"
"1.2e-109","307.0",10,"GEGEGB_04398","1.0"
"1.2e-111","324.0",10,"GEGEGB_04288","1.110"
"1.2e-115","339.0",10,"GEGEGB_03952","0.947"
"1.2e-120","358.0",10,"GEGEGB_01388","0.979"
"1.2e-144","409.0",10,"GEGEGB_04690","1.008"
"1.2e-228","641.0",10,"LNHIMF_04359","0.972"
"1.2e-44","147.0",10,"GEGEGB_02255","0.933"
"1.2e-63","187.0",10,"GEGEGB_00754","1.058"
"1.2e-70","206.0",10,"GEGEGB_03624","1.0"
"1.2e-76","231.0",10,"GEGEGB_04300","0.994"
"1.3e-15","66.6",10,"GEGEGB_03807","1.0"
"1.3e-151","436.0",10,"GEGEGB_01235","1.0"
"1.3e-227","630.0",10,"GEGEGB_01479","1.0"
"1.3e-242","671.0",10,"LNHIMF_00186","1.015"
"1.3e-26","99.0",10,"GEGEGB_01740","0.969"
"1.3e-305","835.0",10,"GEGEGB_03897","0.991"
"1.3e-64","197.0",10,"GEGEGB_00964","1.016"
"1.4e-171","472.0",10,"BEJGEH_03813","1.0"
"1.4e-56","177.0",10,"GEGEGB_00339","0.977"
"1.4e-58","186.0",10,"GEGEGB_04238","0.983"
"1.4e-59","189.0",10,"LNHIMF_03099","1.057"
"1.4e-62","190.0",10,"LNHIMF_02594","1.0"
"1.4e-75","225.0",10,"GEGEGB_02421","1.217"
"1.4e-97","287.0",10,"GEGEGB_03998","0.833"
"1.5e-104","305.0",10,"GEGEGB_00365","1.0"
"1.5e-229","642.0",10,"GEGEGB_01244","0.987"
"1.5e-64","197.0",10,"GEGEGB_02761","1.261"
"1.5e-86","265.0",10,"GEGEGB_01047","0.989"
"1.5e-89","269.0",10,"GEGEGB_03230","0.893"
"1.5e-95","285.0",10,"BEJGEH_01305","1.055"
"1.6e-57","181.0",10,"GEGEGB_01246","0.942"
"1.6e-90","273.0",10,"GEGEGB_03020","1.008"
"1.7e-105","308.0",10,"GEGEGB_00540","1.062"
"1.7e-149","421.0",10,"LNHIMF_04104","1.0"
"1.7e-152","434.0",10,"GEGEGB_03153","0.993"
"1.7e-249","703.0",10,"GEGEGB_01957","1.002"
"1.8e-100","292.0",10,"GEGEGB_04273","0.898"
"1.8e-62","192.0",10,"GEGEGB_04740","1.043"
"1.9e-132","376.0",10,"GEGEGB_03514","1.0"
"1.9e-135","387.0",10,"GEGEGB_00234","0.979"
"1.9e-137","383.0",10,"GEGEGB_01751","1.0"
"1.9e-141","406.0",10,"GEGEGB_03682","0.948"
"1.9e-150","425.0",10,"GEGEGB_03058","0.987"
"1.9e-162","456.0",10,"GEGEGB_03228","0.816"
"1.9e-177","487.0",10,"GEGEGB_01652","1.0"
"1.9e-51","164.0",10,"GEGEGB_01841","1.007"
"1.9e-67","203.0",10,"GEGEGB_00016","0.939"
"2.0e-168","472.0",10,"GEGEGB_01837","1.192"
"2.0e-83","246.0",10,"GEGEGB_00969","0.993"
"2.1e-101","294.0",10,"GEGEGB_01732","1.0"
"2.1e-96","288.0",10,"GEGEGB_02956","0.996"
"2.1e-97","285.0",10,"GEGEGB_02775","0.920"
"2.2e-123","356.0",10,"GEGEGB_01703","0.946"
"2.2e-238","668.0",10,"LNHIMF_00847","0.821"
"2.2e-90","264.0",10,"LNHIMF_00123","1.0"
"2.4e-157","445.0",10,"GEGEGB_03832","0.807"
"2.4e-80","231.0",10,"GEGEGB_01022","1.0"
"2.5e-136","377.0",10,"GEGEGB_01965","1.0"
"2.6e-68","206.0",10,"GEGEGB_00183","0.898"
"2.7e-306","847.0",10,"GEGEGB_00296","0.992"
"2.8e-170","476.0",10,"GEGEGB_03505","0.992"
"2.8e-221","617.0",10,"GEGEGB_02245","1.185"
"2.8e-69","217.0",10,"GEGEGB_01836","0.968"
"2.8e-89","268.0",10,"LNHIMF_00417","0.987"
"2.9e-102","305.0",10,"LNHIMF_00029","0.954"
"2.9e-140","400.0",10,"GEGEGB_00511","1.008"
"2.9e-70","216.0",10,"GEGEGB_00557","0.962"
"3.0e-159","439.0",10,"LNHIMF_01271","1.0"
"3.0e-46","147.0",10,"LNHIMF_01194","1.012"
"3.1e-103","302.0",10,"GEGEGB_04163","0.986"
"3.1e-107","314.0",10,"GEGEGB_00718","0.965"
"3.1e-168","474.0",10,"GEGEGB_00465","0.933"
"3.1e-214","595.0",10,"GEGEGB_04028","0.982"
"3.1e-30","101.0",10,"GEGEGB_01317","1.0"
"3.2e-59","184.0",10,"GEGEGB_01923","1.007"
"3.4e-109","320.0",10,"GEGEGB_01048","0.869"
"3.4e-143","409.0",10,"GEGEGB_01171","0.982"
"3.4e-86","255.0",10,"GEGEGB_02156","0.975"
"3.5e-97","283.0",10,"GEGEGB_01008","1.0"
"3.6e-166","467.0",10,"GEGEGB_00449","1.0"
"3.7e-117","344.0",10,"BEJGEH_01324","0.993"
"3.7e-235","654.0",10,"GEGEGB_03558","0.995"
"3.8e-144","415.0",10,"GEGEGB_02348","1.142"
"3.8e-215","595.0",10,"GEGEGB_03521","1.0"
"3.8e-68","207.0",10,"GEGEGB_00254","0.984"
"3.9e-185","528.0",10,"GEGEGB_03376","1.018"
"3.9e-38","120.0",10,"GEGEGB_01103","1.0"
"4.1e-282","773.0",10,"GEGEGB_04613","0.831"
"4.2e-146","421.0",10,"GEGEGB_03311","0.988"
"4.3e-109","314.0",10,"GEGEGB_03166","1.005"
"4.4e-38","127.0",10,"GEGEGB_03499","1.060"
"4.5e-129","374.0",10,"GEGEGB_01788","0.979"
"4.6e-120","352.0",10,"GEGEGB_04366","0.976"
"4.9e-139","397.0",10,"GEGEGB_01041","1.289"
"5.0e-113","324.0",10,"GEGEGB_02763","1.0"
"5.2e-237","664.0",10,"GEGEGB_02280","0.821"
"5.2e-32","110.0",10,"GEGEGB_00943","1.0"
"5.3e-174","483.0",10,"GEGEGB_01062","1.0"
"5.4e-123","354.0",10,"GEGEGB_02989","1.0"
"5.6e-156","436.0",10,"GEGEGB_01840","1.0"
"5.6e-24","89.7",10,"GEGEGB_01630","1.0"
"5.6e-52","169.0",10,"GEGEGB_00337","0.951"
"5.6e-68","205.0",10,"GEGEGB_04304","0.974"
"5.7e-36","120.0",10,"GEGEGB_01559","1.0"
"5.8e-203","567.0",10,"GEGEGB_01371","1.0"
"6.2e-84","250.0",10,"GEGEGB_04270","0.978"
"6.3e-119","338.0",10,"GEGEGB_00207","1.068"
"6.3e-28","100.0",10,"GEGEGB_04650","0.954"
"6.3e-62","189.0",10,"GEGEGB_01013","1.009"
"6.4e-111","318.0",10,"GEGEGB_02856","1.0"
"6.4e-225","619.0",10,"GEGEGB_03743","1.0"
"6.4e-35","118.0",10,"GEGEGB_01864","1.0"
"6.8e-216","590.0",10,"GEGEGB_01822","1.0"
"7.0e-105","310.0",10,"GEGEGB_03503","0.964"
"7.0e-131","380.0",10,"GEGEGB_03927","0.984"
"7.0e-87","256.0",10,"GEGEGB_02733","0.987"
"7.4e-154","447.0",10,"GEGEGB_00416","0.954"
"7.7e-52","165.0",10,"GEGEGB_02675","0.985"
"8.2e-61","190.0",10,"GEGEGB_03457","1.061"
"8.9e-46","146.0",10,"GEGEGB_04297","0.940"
"Autotransporter domain-containing protein",NA,10,"GEGEGB_02470","SO:0001217, UniRef:UniRef50_A0A1X1D1Y9"
"Efflux pump membrane transporter",NA,10,"GEGEGB_00413","SO:0001217, UniRef:UniRef50_A0A510IXH6"
"Membrane protein",NA,10,"GEGEGB_02954","SO:0001217, UniRef:UniRef50_A0A379UU93"
"PTS EIIB type-2 domain-containing protein",NA,10,"GEGEGB_00561","SO:0001217, UniRef:UniRef50_D4GMC5"
"Permease",NA,10,"GEGEGB_03852","SO:0001217, UniRef:UniRef50_Q8ZKW9"
"Succinylornithine transaminase",NA,10,"GEGEGB_01248","SO:0001217, UniRef:UniRef50_A0A379UNM1"
"(1->4)-alpha-D-glucan 1-alpha-D-glucosylmutase",NA,9,"GEGEGB_01552","SO:0001217, UniRef:UniRef50_A0A9X5JQY2"
"(2,3-dihydroxybenzoyl)adenylate synthase EntE","entE",9,"GEGEGB_02389","BlastRules:WP_000026784, BlastRules:WP_001222445, EC:2.5.1.-, EC:2.7.7.58, EC:6.3.2.14, SO:0001217, UniRef:UniRef50_P10378"
"(4S)-4-hydroxy-5-phosphonooxypentane-2,3-dione isomerase",NA,9,"GEGEGB_03726","SO:0001217, UniRef:UniRef50_P64461"
"1,4-alpha-glucan branching enzyme GlgB","glgB",9,"GEGEGB_04201","SO:0001217, UniRef:UniRef50_Q8GQC5"
"1,4-dihydroxy-2-naphthoate octaprenyltransferase",NA,9,"GEGEGB_03715","SO:0001217, UniRef:UniRef50_P32166"
"1,4-dihydroxy-2-naphthoyl-CoA hydrolase",NA,9,"GEGEGB_01304","SO:0001217, UniRef:UniRef50_A0A240C124"
"1,4-dihydroxy-2-naphthoyl-CoA synthase",NA,9,"GEGEGB_00596","SO:0001217, UniRef:UniRef50_P23966"
"1,5-anhydro-D-fructose reductase",NA,9,"GEGEGB_03300","SO:0001217, UniRef:UniRef50_A0A0C7EXY8"
"1,6-anhydro-N-acetylmuramyl-L-alanine amidase AmpD","ampD",9,"GEGEGB_00161","SO:0001217, UniRef:UniRef50_A0A2J5PP37"
"1-(5-phosphoribosyl)-5-[(5-phosphoribosylamino)methylideneamino] imidazole-4-carboxamide isomerase",NA,9,"GEGEGB_00842","SO:0001217, UniRef:UniRef50_A0A2X1Q5A9"
"1-acyl-sn-glycerol-3-phosphate acyltransferase",NA,9,"GEGEGB_03248","SO:0001217, UniRef:UniRef50_P26647"
"1-deoxy-D-xylulose 5-phosphate reductoisomerase",NA,9,"GEGEGB_00236","SO:0001217, UniRef:UniRef50_Q57T35"
"1-deoxy-D-xylulose-5-phosphate synthase",NA,9,"GEGEGB_02567","SO:0001217, UniRef:UniRef50_P77488"
"1-deoxyxylulose-5-phosphate synthase YajO","yajO",9,"GEGEGB_02568","SO:0001217, UniRef:UniRef50_P77735"
"1-propanol dehydrogenase PduQ","pduQ",9,"GEGEGB_00872","BlastRules:WP_001091448, BlastRules:WP_015958922, SO:0001217, UniRef:UniRef50_Q9XDN0"
"1.0e-11","58.2",9,"GEGEGB_04000","0.891"
"1.0e-124","358.0",9,"GEGEGB_02284","1.156"
"1.0e-127","363.0",9,"BEJGEH_04006","1.0"
"1.0e-136","390.0",9,"GEGEGB_00986","1.0"
"1.0e-146","421.0",9,"GEGEGB_00597","0.997"
"1.0e-196","548.0",9,"GEGEGB_02349","1.0"
"1.0e-233","642.0",9,"GEGEGB_00297","1.080"
"1.0e-278","759.0",9,"LNHIMF_00075","1.029"
"1.0e-310","850.0",9,"BEJGEH_04450","1.144"
"1.0e-35","120.0",9,"GEGEGB_00670","1.0"
"1.0e-47","152.0",9,"GEGEGB_00561","1.0"
"1.0e-53","167.0",9,"GEGEGB_00748","0.968"
"1.0e-72","220.0",9,"LNHIMF_01296","1.0"
"1.0e-86","255.0",9,"GEGEGB_01641","1.0"
"1.1e-143","420.0",9,"BEJGEH_00601","0.944"
"1.1e-17","73.2",9,"GEGEGB_03472","0.981"
"1.1e-20","83.2",9,"GEGEGB_03575","1.046"
"1.1e-25","95.1",9,"GEGEGB_00715","0.924"
"1.1e-273","752.0",9,"LNHIMF_02496","1.0"
"1.1e-317","872.0",9,"BEJGEH_04234","0.981"
"1.1e-38","129.0",9,"GEGEGB_00962","1.0"
"1.1e-41","138.0",9,"GEGEGB_02340","1.0"
"1.1e-67","210.0",9,"GEGEGB_03015","0.989"
"1.1e-85","257.0",9,"GEGEGB_03168","0.990"
"1.2e-113","330.0",9,"LNHIMF_01889","0.991"
"1.2e-132","377.0",9,"GEGEGB_00438","1.046"
"1.2e-145","419.0",9,"GEGEGB_00053","0.984"
"1.2e-151","436.0",9,"GEGEGB_01286","1.034"
"1.2e-191","534.0",9,"LNHIMF_01722","0.987"
"1.2e-223","616.0",9,"GEGEGB_02752","1.0"
"1.2e-33","108.0",9,"GEGEGB_02866","1.0"
"1.2e-53","169.0",9,"GEGEGB_04675","0.901"
"1.2e-59","176.0",9,"GEGEGB_00625","1.0"
"1.2e-71","223.0",9,"GEGEGB_04229","0.955"
"1.2e-85","255.0",9,"GEGEGB_00583","1.043"
"1.3e-10","56.2",9,"GEGEGB_02350","1.015"
"1.3e-110","318.0",9,"GEGEGB_04305","0.994"
"1.3e-112","330.0",9,"LNHIMF_04620","1.004"
"1.3e-161","458.0",9,"GEGEGB_03203","0.990"
"1.3e-262","712.0",9,"GEGEGB_02617","1.0"
"1.3e-287","786.0",9,"GEGEGB_01728","0.995"
"1.3e-33","115.0",9,"GEGEGB_04376","1.0"
"1.3e-40","136.0",9,"LNHIMF_00251","0.971"
"1.3e-54","172.0",9,"GEGEGB_04627","0.985"
"1.4e-112","329.0",9,"GEGEGB_01913","0.954"
"1.4e-118","351.0",9,"GEGEGB_03469","1.016"
"1.4e-181","506.0",9,"LNHIMF_03208","1.095"
"1.4e-274","754.0",9,"GEGEGB_00539","1.0"
"1.4e-32","115.0",9,"GEGEGB_03306","1.0"
"1.4e-73","219.0",9,"GEGEGB_00132","0.950"
"1.4e-83","250.0",9,"LNHIMF_00008","0.974"
"1.4e-95","283.0",9,"GEGEGB_00391","0.995"
"1.5e-167","477.0",9,"LNHIMF_02414","0.935"
"1.5e-190","532.0",9,"GEGEGB_03179","0.801"
"1.5e-192","548.0",9,"GEGEGB_01410","0.983"
"1.5e-223","622.0",9,"GEGEGB_04362","1.0"
"1.5e-28","102.0",9,"GEGEGB_01684","1.0"
"1.5e-38","132.0",9,"LNHIMF_03914","1.0"
"1.5e-51","155.0",9,"GEGEGB_01181","1.0"
"1.5e-52","168.0",9,"GEGEGB_03429","1.238"
"1.5e-59","182.0",9,"GEGEGB_02333","1.0"
"1.5e-92","277.0",9,"GEGEGB_03174","0.962"
"1.6e-119","351.0",9,"HFCAGB_00996","0.986"
"1.6e-163","466.0",9,"GEGEGB_00488","0.994"
"1.6e-174","500.0",9,"LNHIMF_00403","1.010"
"1.6e-179","513.0",9,"GEGEGB_00081","1.035"
"1.6e-250","697.0",9,"GEGEGB_03850","1.028"
"1.6e-50","160.0",9,"GEGEGB_02498","1.0"
"1.6e-59","186.0",9,"GEGEGB_01948","0.993"
"1.6e-73","227.0",9,"GEGEGB_04159","0.923"
"1.6e-81","233.0",9,"LNHIMF_02120","1.0"
"1.6e-83","252.0",9,"GEGEGB_00218","0.981"
"1.7e-114","332.0",9,"GEGEGB_00102","1.0"
"1.7e-142","410.0",9,"LNHIMF_00460","0.977"
"1.7e-173","484.0",9,"LNHIMF_00449","0.853"
"1.7e-180","494.0",9,"GEGEGB_02308","1.0"
"1.7e-196","549.0",9,"GEGEGB_02869","0.935"
"1.7e-203","563.0",9,"GEGEGB_01908","1.0"
"1.7e-52","165.0",9,"GEGEGB_01472","1.0"
"1.7e-77","231.0",9,"GEGEGB_00241","0.876"
"1.8e-106","311.0",9,"GEGEGB_00284","0.952"
"1.8e-144","415.0",9,"GEGEGB_00068","0.977"
"1.8e-158","449.0",9,"LNHIMF_01963","0.826"
"1.8e-264","731.0",9,"GEGEGB_02317","1.0"
"1.8e-27","99.4",9,"GEGEGB_03709","0.943"
"1.8e-44","145.0",9,"GEGEGB_03380","0.882"
"1.8e-45","149.0",9,"GEGEGB_04298","0.943"
"1.8e-64","201.0",9,"GEGEGB_02194","0.976"
"1.8e-65","201.0",9,"GEGEGB_02774","0.979"
"1.8e-68","210.0",9,"GEGEGB_04373","0.942"
"1.8e-73","220.0",9,"GEGEGB_00224","0.992"
"1.8e-80","238.0",9,"LNHIMF_02032","0.948"
"1.8e-89","261.0",9,"GEGEGB_02183","1.0"
"1.9e-126","360.0",9,"GEGEGB_04289","1.119"
"1.9e-229","642.0",9,"LNHIMF_03695","0.989"
"1.9e-29","104.0",9,"GEGEGB_03845","0.937"
"1.9e-43","134.0",9,"GEGEGB_00958","1.0"
"1.9e-91","270.0",9,"GEGEGB_00683","0.989"
"2',3'-cyclic-nucleotide 2'-phosphodiesterase/3'-nucleotidase",NA,9,"GEGEGB_04689","SO:0001217, UniRef:UniRef50_P08331"
"2'-hydroxyisoflavone reductase",NA,9,"GEGEGB_01670","SO:0001217, UniRef:UniRef50_A0A8E1RSZ0"
"2,3,4,5-tetrahydropyridine-2,6-dicarboxylate N-succinyltransferase",NA,9,"GEGEGB_00227","SO:0001217, UniRef:UniRef50_P0A9D8"
"2,3-bisphosphoglycerate-dependent phosphoglycerate mutase",NA,9,"GEGEGB_02225","SO:0001217, UniRef:UniRef50_Q492W5"
"2,3-bisphosphoglycerate-independent phosphoglycerate mutase",NA,9,"GEGEGB_04024","SO:0001217, UniRef:UniRef50_P37689"
"2,3-dihydro-2,3-dihydroxybenzoate dehydrogenase",NA,9,"GEGEGB_02387","SO:0001217, UniRef:UniRef50_A0A5Q2VEX5"
"2,3-diketo-L-gulonate reductase",NA,9,"GEGEGB_04062","SO:0001217, UniRef:UniRef50_P37672"
"2,3-diketo-L-gulonate-binding periplasmic protein YiaO","yiaO",9,"GEGEGB_04057","SO:0001217, UniRef:UniRef50_P37676"
"2,4-dihydroxydec-2-ene-1,10-dioic acid aldolase",NA,9,"GEGEGB_01913","SO:0001217, UniRef:UniRef50_A0AA86GN07"
"2,5-didehydrogluconate reductase DkgB","dkgB",9,"GEGEGB_02741","SO:0001217, UniRef:UniRef50_A0A854CNT9"
"2-C-methyl-D-erythritol 2,4-cyclodiphosphate synthase",NA,9,"GEGEGB_02966","SO:0001217, UniRef:UniRef50_B2A4B2"
"2-C-methyl-D-erythritol 4-phosphate cytidylyltransferase",NA,9,"GEGEGB_02967","SO:0001217, UniRef:UniRef50_Q46893"
"2-amino-3-ketobutyrate coenzyme A ligase",NA,9,"GEGEGB_04018","SO:0001217, UniRef:UniRef50_A0A083ZUJ6"
"2-aminoethylphosphonate--pyruvate transaminase",NA,9,"GEGEGB_02558","SO:0001217, UniRef:UniRef50_A0A377YTX0"
"2-dehydro-3-deoxy-D-gluconate 5-dehydrogenase",NA,9,"GEGEGB_03074","SO:0001217, UniRef:UniRef50_A0A136WFZ6"
"2-dehydro-3-deoxy-phosphogluconate aldolase",NA,9,"GEGEGB_03954","BlastRules:WP_001186146, SO:0001217, UniRef:UniRef50_D0ZLR2"
"2-dehydro-3-deoxyphosphogluconate aldolase",NA,9,"GEGEGB_04717","SO:0001217, UniRef:UniRef50_Q5E1U2"
"2-dehydro-3-deoxyphosphooctonate aldolase",NA,9,"GEGEGB_01171","SO:0001217, UniRef:UniRef50_A0A4P6VY72"
"2-deoxyglucose-6-phosphatase",NA,9,"GEGEGB_01271","SO:0001217, UniRef:UniRef50_A0A264VSC4"
"2-hydroxy-3-oxopropionate reductase",NA,9,"GEGEGB_03330","SO:0001217, UniRef:UniRef50_P0ABQ2"
"2-iminobutanoate/2-iminopropanoate deaminase","ridA",9,"GEGEGB_04729","BlastRules:WP_000047544, SO:0001217, UniRef:UniRef50_A8AQ05"
"2-isopropylmalate synthase",NA,9,"GEGEGB_00124","SO:0001217, UniRef:UniRef50_P15875"
"2-keto-3-deoxy-6-phosphogluconate-responsive transcriptional regulator of central carbohydrate metabolism HexR","hexR",9,"GEGEGB_01053","SO:0001217, UniRef:UniRef50_Q8EE97"
"2-keto-3-deoxy-L-rhamnonate aldolase",NA,9,"GEGEGB_00614","SO:0001217, UniRef:UniRef50_P76469"
"2-keto-3-deoxygluconate permease 1",NA,9,"GEGEGB_00177","BlastRules:WP_001022089, SO:0001217, UniRef:UniRef50_P65207"
"2-keto-3-deoxygluconate permease 2",NA,9,"GEGEGB_02331","BlastRules:WP_000694473, SO:0001217, UniRef:UniRef50_Q8ZQZ4"
"2-ketogluconate reductase (2-ketoaldonate reductase)",NA,9,"GEGEGB_04085","SO:0001217, UniRef:UniRef50_B4F0A9"
"2-methylisocitrate lyase",NA,9,"GEGEGB_02626","SO:0001217, UniRef:UniRef50_Q8EJW1"
"2-nitroimidazole transporter",NA,9,"GEGEGB_01221","SO:0001217, UniRef:UniRef50_P76242"
"2-octaprenyl-6-methoxyphenol hydroxylase",NA,9,"GEGEGB_03125","SO:0001217, UniRef:UniRef50_P25534"
"2-octaprenylphenol hydroxylase",NA,9,"GEGEGB_03124","SO:0001217, UniRef:UniRef50_P25535"
"2-oxo-hepta-3-ene-1,7-dioic acid hydratase",NA,9,"GEGEGB_01914","SO:0001217, UniRef:UniRef50_A0A7C7TDD5"
"2-oxo-tetronate isomerase",NA,9,"GEGEGB_01508","SO:0001217, UniRef:UniRef50_A0A495AE05"
"2-oxoadipate dioxygenase/decarboxylase",NA,9,"GEGEGB_01613","SO:0001217, UniRef:UniRef50_A0A376VJ25"
"2-oxoglutarate dehydrogenase E1 component",NA,9,"GEGEGB_02251","SO:0001217, UniRef:UniRef50_P45303"
"2-succinyl-5-enolpyruvyl-6-hydroxy-3-cyclohexene-1-carboxylate synthase",NA,9,"GEGEGB_00594","SO:0001217, UniRef:UniRef50_P17109"
"2-succinyl-6-hydroxy-2,4-cyclohexadiene-1-carboxylate synthase",NA,9,"GEGEGB_00595","SO:0001217, UniRef:UniRef50_P37355"
"2-succinylbenzoate--CoA ligase",NA,9,"GEGEGB_00598","SO:0001217, UniRef:UniRef50_A0A2X3JSZ2"
"2.0e-199","561.0",9,"LNHIMF_02534","0.954"
"2.0e-215","609.0",9,"GEGEGB_00222","1.109"
"2.0e-223","608.0",9,"GEGEGB_01163","1.0"
"2.0e-26","96.3",9,"GEGEGB_04692","0.985"
"2.0e-52","168.0",9,"GEGEGB_00052","0.960"
"2.0e-79","236.0",9,"GEGEGB_00359","0.986"
"2.1e-104","305.0",9,"GEGEGB_02166","0.982"
"2.1e-13","61.2",9,"GEGEGB_01857","1.0"
"2.1e-131","379.0",9,"GEGEGB_01759","0.989"
"2.1e-162","462.0",9,"GEGEGB_03865","1.028"
"2.1e-169","475.0",9,"GEGEGB_03280","1.0"
"2.1e-187","514.0",9,"LNHIMF_00256","1.0"
"2.1e-287","788.0",9,"GEGEGB_02289","0.993"
"2.1e-32","111.0",9,"GEGEGB_04372","0.914"
"2.1e-35","124.0",9,"GEGEGB_03308","0.985"
"2.1e-64","197.0",9,"GEGEGB_02240","0.986"
"2.1e-85","244.0",9,"GEGEGB_04729","1.0"
"2.2e-104","304.0",9,"GEGEGB_00730","0.989"
"2.2e-111","311.0",9,"GEGEGB_02296","1.0"
"2.2e-166","468.0",9,"GEGEGB_03258","0.975"
"2.2e-182","500.0",9,"GEGEGB_03425","1.0"
"2.2e-41","137.0",9,"GEGEGB_04207","0.963"
"2.2e-57","176.0",9,"LNHIMF_01849","1.185"
"2.3e-100","297.0",9,"GEGEGB_02215","0.991"
"2.3e-157","452.0",9,"GEGEGB_00014","1.005"
"2.3e-18","76.3",9,"GEGEGB_03284","0.930"
"2.3e-202","575.0",9,"GEGEGB_00766","1.077"
"2.3e-21","81.6",9,"GEGEGB_02157","1.119"
"2.3e-212","592.0",9,"GEGEGB_03141","1.192"
"2.3e-43","140.0",9,"GEGEGB_02611","1.0"
"2.3e-48","155.0",9,"GEGEGB_02520","1.027"
"2.3e-51","162.0",9,"GEGEGB_04287","0.961"
"2.3e-56","168.0",9,"GEGEGB_03391","0.866"
"2.3e-65","201.0",9,"GEGEGB_03517","0.974"
"2.3e-71","213.0",9,"GEGEGB_03559","1.128"
"2.3e-96","279.0",9,"GEGEGB_03430","1.0"
"2.4e-21","82.4",9,"GEGEGB_00473","0.923"
"2.4e-316","867.0",9,"GEGEGB_00380","0.986"
"2.4e-37","124.0",9,"GEGEGB_03477","0.932"
"2.4e-42","138.0",9,"GEGEGB_00172","1.0"
"2.4e-48","155.0",9,"GEGEGB_00340","0.981"
"2.5e-143","409.0",9,"GEGEGB_03516","0.893"
"2.5e-173","487.0",9,"GEGEGB_03785","1.124"
"2.5e-27","100.0",9,"GEGEGB_03818","0.978"
"2.5e-293","805.0",9,"LNHIMF_03546","1.171"
"2.5e-35","120.0",9,"GEGEGB_00462","1.0"
"2.5e-47","151.0",9,"GEGEGB_03309","0.990"
"2.5e-66","201.0",9,"GEGEGB_04302","0.831"
"2.5e-73","221.0",9,"GEGEGB_04358","1.0"
"2.6e-118","341.0",9,"GEGEGB_04086","0.977"
"2.6e-125","364.0",9,"GEGEGB_00233","0.919"
"2.6e-198","560.0",9,"GEGEGB_00138","0.911"
"2.6e-46","150.0",9,"GEGEGB_01285","0.975"
"2.6e-85","250.0",9,"GEGEGB_03026","1.0"
"2.7e-102","299.0",9,"GEGEGB_02497","1.149"
"2.7e-105","305.0",9,"GEGEGB_01038","0.915"
"2.7e-125","367.0",9,"GEGEGB_02601","0.987"
"2.7e-172","485.0",9,"GEGEGB_00469","0.997"
"2.7e-210","595.0",9,"GEGEGB_03455","1.004"
"2.7e-23","87.8",9,"GEGEGB_01741","1.0"
"2.7e-40","132.0",9,"GEGEGB_01268","0.975"
"2.7e-46","150.0",9,"GEGEGB_02895","0.966"
"2.7e-49","157.0",9,"GEGEGB_02509","0.903"
"2.7e-72","219.0",9,"GEGEGB_02574","0.987"
"2.7e-84","240.0",9,"GEGEGB_02579","1.0"
"2.7e-96","284.0",9,"GEGEGB_01160","0.985"
"2.8e-44","149.0",9,"GEGEGB_00967","1.026"
"2.8e-51","162.0",9,"GEGEGB_01681","1.0"
"2.8e-83","255.0",9,"GEGEGB_02218","0.992"
"2.9e-161","453.0",9,"GEGEGB_00791","0.806"
"2.9e-169","474.0",9,"GEGEGB_02972","1.0"
"2.9e-195","533.0",9,"LNHIMF_02113","1.0"
"2.9e-29","105.0",9,"GEGEGB_03925","0.917"
"2.9e-309","838.0",9,"GEGEGB_03980","0.998"
"2.9e-37","123.0",9,"GEGEGB_00959","0.969"
"2.9e-41","136.0",9,"GEGEGB_01844","0.979"
"2.9e-58","184.0",9,"GEGEGB_00341","1.035"
"23S rRNA (Guanine-N-2-) -methyl transferase rlmL","rlmL",9,"GEGEGB_01963","SO:0001217, UniRef:UniRef50_A0A379WW56"
"23S rRNA (guanine(745)-N(1))-methyltransferase",NA,9,"GEGEGB_01105","SO:0001217, UniRef:UniRef50_P36999"
"23S rRNA (guanosine-2'-O-)-methyltransferase RlmB","rlmB",9,"GEGEGB_04654","SO:0001217, UniRef:UniRef50_Q8EAG8"
"23S rRNA (uracil(1939)-C(5))-methyltransferase RlmD","rlmD",9,"GEGEGB_03005","SO:0001217, UniRef:UniRef50_P55135"
"23S rRNA (uracil(747)-C(5))-methyltransferase RlmC","rlmC",9,"GEGEGB_02117","SO:0001217, UniRef:UniRef50_P75817"
"2Fe-2S ferredoxin",NA,9,"GEGEGB_00343","SO:0001217, UniRef:UniRef50_P44428"
"3'(2'),5'-bisphosphate nucleotidase CysQ","cysQ",9,"GEGEGB_04690","SO:0001217, UniRef:UniRef50_Q7MYV7"
"3',5'-cyclic adenosine monophosphate phosphodiesterase CpdA","cpdA",9,"GEGEGB_03258","SO:0001217, UniRef:UniRef50_P0AEW4"
"3'-5' ssDNA/RNA exonuclease TatD","tatD",9,"GEGEGB_03496","SO:0001217, UniRef:UniRef50_D2TUZ4"
"3'-phosphate/5'-hydroxy nucleic acid ligase",NA,9,"GEGEGB_02668","SO:0001217, UniRef:UniRef50_A0A379VX67"
"3,4-dihydroxy-2-butanone 4-phosphate synthase",NA,9,"GEGEGB_03269","SO:0001217, UniRef:UniRef50_P59556"
"3,4-dihydroxyphenylacetate 2,3-dioxygenase",NA,9,"GEGEGB_01916","SO:0001217, UniRef:UniRef50_Q05353"
"3-beta-hydroxysteroid dehydrogenase",NA,9,"GEGEGB_02105","SO:0001217, UniRef:UniRef50_P0DX23"
"3-dehydroquinate synthase",NA,9,"GEGEGB_04239","SO:0001217, UniRef:UniRef50_P07639"
"3-demethoxyubiquinol 3-hydroxylase",NA,9,"GEGEGB_02316","SO:0001217, UniRef:UniRef50_P75728"
"3-deoxy-7-phosphoheptulonate synthase AroF","aroF",9,"GEGEGB_02758","BlastRules:WP_001168032, EC:2.5.1.54, SO:0001217, UniRef:UniRef50_Q7MNL4"
"3-deoxy-7-phosphoheptulonate synthase AroG","aroG",9,"GEGEGB_02228","BlastRules:WP_001109196, EC:2.5.1.54, SO:0001217, UniRef:UniRef50_P0AB91"
"3-deoxy-7-phosphoheptulonate synthase AroH","aroH",9,"GEGEGB_01297","BlastRules:WP_001082219, EC:2.5.1.54, SO:0001217, UniRef:UniRef50_A0A6S6RY82"
"3-deoxy-D-manno-octulosonate 8-phosphate phosphatase KdsC","kdsC",9,"GEGEGB_03399","SO:0001217, UniRef:UniRef50_A0A140N5J7"
"3-deoxy-D-manno-octulosonic acid transferase",NA,9,"GEGEGB_04003","SO:0001217, UniRef:UniRef50_A0A084A2C0"
"3-deoxy-manno-octulosonate cytidylyltransferase",NA,9,"GEGEGB_02049","SO:0001217, UniRef:UniRef50_P04951"
"3-hydroxy-5-phosphonooxypentane-2,4-dione thiolase LsrF","lsrF",9,"GEGEGB_03727","NCBIProtein:ADX19853.1, SO:0001217, UniRef:UniRef50_A0A0J8YB47"
"3-hydroxyacyl-[acyl-carrier-protein] dehydratase FabZ","fabZ",9,"GEGEGB_00243","SO:0001217, UniRef:UniRef50_Q9KPW3"
"3-hydroxybenzoate 6-hydroxylase",NA,9,"GEGEGB_00725","SO:0001217, UniRef:UniRef50_Q5EXK1"
"3-hydroxybenzoate transporter MhbT","mhbT",9,"GEGEGB_00721","SO:0001217, UniRef:UniRef50_Q5EXK5"
"3-hydroxydecanoyl-[acyl-carrier-protein] dehydratase",NA,9,"GEGEGB_01958","SO:0001217, UniRef:UniRef50_Q0I3F9"
"3-isopropylmalate dehydratase large subunit",NA,9,"GEGEGB_00122","SO:0001217, UniRef:UniRef50_P0A6A6"
"3-isopropylmalate dehydratase small subunit",NA,9,"GEGEGB_00121","SO:0001217, UniRef:UniRef50_Q9PLW2"
"3-isopropylmalate dehydrogenase",NA,9,"GEGEGB_00123","SO:0001217, UniRef:UniRef50_P56933"
"3-keto-L-gulonate-6-phosphate decarboxylase SgbH","sgbH",9,"GEGEGB_04055","SO:0001217, UniRef:UniRef50_P37678"
"3-keto-L-gulonate-6-phosphate decarboxylase UlaD","ulaD",9,"GEGEGB_04671","BlastRules:WP_000056760, EC:4.1.1.85, SO:0001217, UniRef:UniRef50_A0A085AAJ8"
"3-mercaptopyruvate sulfurtransferase",NA,9,"GEGEGB_00351","SO:0001217, UniRef:UniRef50_P31142"
"3-methyl-2-oxobutanoate hydroxymethyltransferase",NA,9,"GEGEGB_00194","SO:0001217, UniRef:UniRef50_P31057"
"3-octaprenyl-4-hydroxybenzoate carboxy-lyase",NA,9,"GEGEGB_03494","SO:0001217, UniRef:UniRef50_Q2SQ75"
"3-oxo-tetronate 4-phosphate decarboxylase",NA,9,"GEGEGB_02953","SO:0001217, UniRef:UniRef50_Q6CZ24"
"3-oxoacyl-[acyl-carrier-protein] reductase FabG","fabG",9,"GEGEGB_01820","SO:0001217, UniRef:UniRef50_P0AEK2"
"3-oxoacyl-[acyl-carrier-protein] synthase 1",NA,9,"GEGEGB_00526","SO:0001217, UniRef:UniRef50_A0A7Y4FGN5"
"3-phosphoshikimate 1-carboxyvinyltransferase",NA,9,"GEGEGB_02060","SO:0001217, UniRef:UniRef50_P0A6D3"
"3-sulfolactaldehyde reductase",NA,9,"GEGEGB_03786","SO:0001217, UniRef:UniRef50_P0A9V8"
"3.0e-124","355.0",9,"GEGEGB_03680","0.981"
"3.0e-157","446.0",9,"GEGEGB_02142","1.0"
"3.0e-28","101.0",9,"GEGEGB_00976","1.0"
"3.0e-38","129.0",9,"GEGEGB_01288","0.970"
"3.0e-58","180.0",9,"GEGEGB_01705","0.981"
"3.1e-100","290.0",9,"GEGEGB_00205","1.0"
"3.1e-108","318.0",9,"GEGEGB_02326","0.996"
"3.1e-18","77.0",9,"GEGEGB_03447","1.034"
"3.1e-48","155.0",9,"GEGEGB_01863","1.008"
"3.1e-90","271.0",9,"GEGEGB_03993","0.975"
"3.1e-99","289.0",9,"GEGEGB_04704","1.0"
"3.2e-106","305.0",9,"GEGEGB_02341","1.135"
"3.2e-111","330.0",9,"GEGEGB_04263","0.997"
"3.2e-126","360.0",9,"GEGEGB_02629","0.990"
"3.2e-13","61.2",9,"GEGEGB_01713","1.0"
"3.2e-163","457.0",9,"GEGEGB_04084","1.0"
"3.2e-216","606.0",9,"LNHIMF_01871","1.028"
"3.3e-158","445.0",9,"GEGEGB_01230","0.980"
"3.3e-20","79.0",9,"GEGEGB_01560","0.936"
"3.3e-26","97.8",9,"GEGEGB_02534","0.967"
"3.3e-32","114.0",9,"GEGEGB_01555","1.037"
"3.3e-39","131.0",9,"GEGEGB_04290","0.990"
"3.3e-60","186.0",9,"LNHIMF_01000","0.960"
"3.3e-66","204.0",9,"GEGEGB_00578","0.946"
"3.4e-124","355.0",9,"LNHIMF_01967","1.005"
"3.4e-133","380.0",9,"GEGEGB_00464","0.972"
"3.4e-19","77.4",9,"GEGEGB_04306","0.966"
"3.4e-218","614.0",9,"GEGEGB_02656","0.993"
"3.4e-38","130.0",9,"GEGEGB_03281","0.992"
"3.4e-43","141.0",9,"GEGEGB_03470","1.010"
"3.4e-61","191.0",9,"GEGEGB_04807","1.196"
"3.4e-67","196.0",9,"GEGEGB_01259","1.0"
"3.4e-70","217.0",9,"GEGEGB_02415","0.957"
"3.5e-04","37.4",9,"GEGEGB_03921","0.862"
"3.5e-125","359.0",9,"GEGEGB_00994","0.995"
"3.5e-151","433.0",9,"GEGEGB_03667","0.997"
"3.5e-43","144.0",9,"GEGEGB_01558","0.972"
"3.5e-60","184.0",9,"GEGEGB_03307","0.990"
"3.6e-14","64.7",9,"GEGEGB_01824","0.982"
"3.6e-249","677.0",9,"GEGEGB_02758","1.0"
"3.6e-63","194.0",9,"GEGEGB_01809","0.936"
"3.6e-91","270.0",9,"GEGEGB_01859","0.984"
"3.7e-08","47.4",9,"GEGEGB_01373","1.0"
"3.7e-109","329.0",9,"GEGEGB_01835","0.945"
"3.7e-314","848.0",9,"GEGEGB_02934","1.0"
"3.7e-63","195.0",9,"GEGEGB_04295","1.199"
"3.8e-25","93.6",9,"GEGEGB_04677","0.933"
"3.8e-71","220.0",9,"GEGEGB_03090","0.981"
"3.8e-76","233.0",9,"GEGEGB_02467","0.977"
"3.8e-94","274.0",9,"GEGEGB_04027","0.955"
"3.9e-141","402.0",9,"LNHIMF_00077","1.0"
"3.9e-167","470.0",9,"LNHIMF_00959","0.997"
"3.9e-212","586.0",9,"LNHIMF_00139","1.141"
"3.9e-271","735.0",9,"GEGEGB_03142","1.0"
"30S ribosomal protein S1",NA,9,"GEGEGB_02057","SO:0001217, UniRef:UniRef50_A0A1B8P219"
"33 kDa chaperonin",NA,9,"GEGEGB_04227","SO:0001217, UniRef:UniRef50_P44877"
"4'-phosphopantetheinyl transferase AcpT","acpT",9,"GEGEGB_04155","SO:0001217, UniRef:UniRef50_P37623"
"4,5-DOPA dioxygenase extradiol",NA,9,"GEGEGB_03264","SO:0001217, UniRef:UniRef50_P24197"
"4-alpha-glucanotransferase",NA,9,"GEGEGB_04212","SO:0001217, UniRef:UniRef50_P15977"
"4-deoxy-L-threo-5-hexosulose-uronate ketol-isomerase",NA,9,"GEGEGB_03075","SO:0001217, UniRef:UniRef50_A0A395L6D2"
"4-hydroxy-3-methylbut-2-enyl diphosphate reductase",NA,9,"GEGEGB_00053","SO:0001217, UniRef:UniRef50_P62623"
"4-hydroxy-4-methyl-2-oxoglutarate aldolase",NA,9,"GEGEGB_03716","SO:0001217, UniRef:UniRef50_A0A0H3DX24"
"4-hydroxy-tetrahydrodipicolinate reductase",NA,9,"GEGEGB_00069","SO:0001217, UniRef:UniRef50_Q2NVY2"
"4-hydroxy-tetrahydrodipicolinate synthase",NA,9,"GEGEGB_00403","SO:0001217, UniRef:UniRef50_P0A6L2"
"4-hydroxybenzoate octaprenyltransferase",NA,9,"GEGEGB_04366","SO:0001217, UniRef:UniRef50_Q15ZT9"
"4-hydroxybenzoyl-CoA thioesterase",NA,9,"GEGEGB_02242","SO:0001217, UniRef:UniRef50_A0A378AHC8"
"4-hydroxyphenylacetate 3-monooxygenase reductase component",NA,9,"GEGEGB_01922","SO:0001217, UniRef:UniRef50_Q48441"
"4-hydroxyphenylacetate catabolism regulatory protein HpaA","hpaA",9,"GEGEGB_01911","SO:0001217, UniRef:UniRef50_A0A024L854"
"4-hydroxyphenylacetate degradation bifunctional isomerase/decarboxylase",NA,9,"GEGEGB_01919","SO:0001217, UniRef:UniRef50_Q9RPU5"
"4-hydroxyphenylacetate permease",NA,9,"GEGEGB_01912","SO:0001217, UniRef:UniRef50_A0A379SYB7"
"4-hydroxythreonine-4-phosphate dehydrogenase",NA,9,"GEGEGB_00098","SO:0001217, UniRef:UniRef50_P58719"
"4.0e-139","394.0",9,"LNHIMF_01834","1.0"
"4.0e-143","405.0",9,"GEGEGB_03872","0.992"
"4.0e-184","514.0",9,"GEGEGB_00720","0.993"
"4.0e-54","172.0",9,"GEGEGB_02835","0.992"
"4.0e-57","181.0",9,"GEGEGB_02607","0.974"
"4.0e-73","221.0",9,"GEGEGB_03445","0.968"
"4.1e-193","552.0",9,"GEGEGB_04319","1.0"
"4.1e-236","650.0",9,"GEGEGB_01791","1.101"
"4.1e-85","252.0",9,"GEGEGB_03996","0.987"
"4.2e-114","334.0",9,"GEGEGB_02069","0.917"
"4.2e-139","398.0",9,"GEGEGB_02766","0.996"
"4.2e-159","445.0",9,"GEGEGB_01154","1.004"
"4.2e-268","737.0",9,"GEGEGB_03275","0.805"
"4.2e-275","767.0",9,"GEGEGB_02057","0.944"
"4.2e-298","813.0",9,"GEGEGB_00143","1.0"
"4.2e-86","258.0",9,"GEGEGB_02376","1.0"
"4.3e-124","357.0",9,"GEGEGB_04356","1.004"
"4.3e-161","457.0",9,"GEGEGB_03111","0.973"
"4.3e-211","592.0",9,"GEGEGB_03384","1.221"
"4.3e-31","108.0",9,"GEGEGB_03033","0.973"
"4.3e-42","135.0",9,"GEGEGB_00344","1.0"
"4.4e-17","70.5",9,"GEGEGB_02815","1.0"
"4.4e-46","150.0",9,"GEGEGB_00319","1.027"
"4.4e-69","207.0",9,"GEGEGB_02837","0.966"
"4.5e-150","422.0",9,"GEGEGB_02167","1.0"
"4.5e-304","833.0",9,"GEGEGB_03465","1.216"
"4.5e-46","140.0",9,"GEGEGB_02353","1.0"
"4.5e-56","167.0",9,"GEGEGB_00878","1.0"
"4.6e-152","427.0",9,"GEGEGB_03658","1.051"
"4.6e-24","92.4",9,"GEGEGB_03985","0.956"
"4.6e-31","107.0",9,"GEGEGB_04827","1.0"
"4.6e-35","118.0",9,"GEGEGB_04082","1.0"
"4.6e-45","148.0",9,"GEGEGB_02140","0.929"
"4.6e-67","202.0",9,"GEGEGB_02546","1.0"
"4.7e-133","370.0",9,"GEGEGB_00291","1.0"
"4.7e-191","533.0",9,"GEGEGB_02582","1.0"
"4.7e-192","546.0",9,"GEGEGB_02765","1.013"
"4.7e-27","99.0",9,"GEGEGB_01064","1.0"
"4.7e-40","131.0",9,"GEGEGB_01215","0.866"
"4.7e-62","182.0",9,"GEGEGB_02897","1.0"
"4.7e-83","244.0",9,"GEGEGB_01515","0.992"
"4.7e-92","272.0",9,"GEGEGB_03401","0.973"
"4.8e-100","294.0",9,"GEGEGB_03269","0.968"
"4.8e-24","92.4",9,"GEGEGB_03081","1.022"
"4.8e-30","108.0",9,"GEGEGB_01496","0.876"
"4.8e-36","120.0",9,"GEGEGB_01902","0.880"
"4.9e-41","135.0",9,"GEGEGB_00217","0.807"
"4Fe-4S binding domain-containing protein",NA,9,"GEGEGB_00358","SO:0001217, UniRef:UniRef50_A0A1I6CNB3"
"5'-3' exoribonuclease","yciV",9,"GEGEGB_01723","BlastRules:WP_000500442, EC:3.1.13.-, EC:3.1.3.97, SO:0001217, UniRef:UniRef50_A0A8S0FVQ9"
"5'-deoxynucleotidase VP0926",NA,9,"GEGEGB_00572","SO:0001217, UniRef:UniRef50_Q87R72"
"5'-methylthioadenosine/S-adenosylhomocysteine nucleosidase",NA,9,"GEGEGB_00220","SO:0001217, UniRef:UniRef50_B7GIU7"
"5'-nucleotidase yjjG","yjjG",9,"GEGEGB_04849","SO:0001217, UniRef:UniRef50_C9XUY8"
"5'/3'-nucleotidase SurE","surE",9,"GEGEGB_02964","SO:0001217, UniRef:UniRef50_Q7N8K4"
"5,10-methylenetetrahydrofolate reductase",NA,9,"GEGEGB_03695","SO:0001217, UniRef:UniRef50_P0AEZ1"
"5-amino-6-(5-phospho-D-ribitylamino)uracil phosphatase YbjI","ybjI",9,"GEGEGB_02133","SO:0001217, UniRef:UniRef50_P75809"
"5-amino-6-(5-phospho-D-ribitylamino)uracil phosphatase YigB","yigB",9,"GEGEGB_03523","SO:0001217, UniRef:UniRef50_P0ADP0"
"5-carboxymethyl-2-hydroxymuconate delta-isomerase",NA,9,"GEGEGB_01915","SO:0001217, UniRef:UniRef50_A0A0Q4MX92"
"5-hydroxyisourate hydrolase",NA,9,"GEGEGB_01923","SO:0001217, UniRef:UniRef50_P76341"
"5-keto-4-deoxy-D-glucarate aldolase",NA,9,"GEGEGB_03331","SO:0001217, UniRef:UniRef50_P23522"
"5-methyltetrahydropteroyltriglutamate--homocysteine methyltransferase",NA,9,"GEGEGB_03508","SO:0001217, UniRef:UniRef50_Q8X8L5"
"5-oxoprolinase subunit A",NA,9,"GEGEGB_02273","SO:0001217, UniRef:UniRef50_A0A2T3XKP7"
"5-oxoprolinase subunit C",NA,9,"GEGEGB_02274","SO:0001217, UniRef:UniRef50_P75745"
"5.0e-11","54.7",9,"GEGEGB_04424","1.0"
"5.0e-112","321.0",9,"LNHIMF_03315","1.0"
"5.0e-15","65.5",9,"GEGEGB_04309","1.0"
"5.0e-277","766.0",9,"GEGEGB_01318","0.996"
"5.0e-36","125.0",9,"GEGEGB_02366","0.985"
"5.0e-99","300.0",9,"GEGEGB_01016","0.929"
"5.1e-121","340.0",9,"GEGEGB_04043","0.974"
"5.1e-136","385.0",9,"GEGEGB_01795","0.906"
"5.1e-46","150.0",9,"GEGEGB_04041","1.0"
"5.2e-114","320.0",9,"GEGEGB_03352","1.0"
"5.2e-166","463.0",9,"GEGEGB_02670","1.0"
"5.2e-185","513.0",9,"GEGEGB_01170","1.052"
"5.2e-35","119.0",9,"GEGEGB_02565","1.0"
"5.2e-44","147.0",9,"GEGEGB_04307","0.993"
"5.2e-65","190.0",9,"GEGEGB_02359","1.0"
"5.3e-134","389.0",9,"GEGEGB_02318","0.899"
"5.3e-56","173.0",9,"GEGEGB_04407","1.0"
"5.3e-64","197.0",9,"GEGEGB_01223","0.973"
"5.3e-67","207.0",9,"GEGEGB_03426","1.175"
"5.4e-45","148.0",9,"GEGEGB_04709","1.008"
"5.4e-57","169.0",9,"GEGEGB_02929","1.0"
"5.5e-81","239.0",9,"LNHIMF_00092","0.992"
"5.6e-208","577.0",9,"LNHIMF_01249","1.023"
"5.6e-225","631.0",9,"GEGEGB_03804","0.989"
"5.6e-58","183.0",9,"GEGEGB_00460","0.988"
"5.6e-92","270.0",9,"GEGEGB_03847","1.0"
"5.7e-131","375.0",9,"GEGEGB_04178","1.207"
"5.7e-44","145.0",9,"GEGEGB_03656","0.959"
"5.7e-61","181.0",9,"GEGEGB_04624","1.0"
"5.8e-121","354.0",9,"GEGEGB_00596","0.965"
"5.8e-265","736.0",9,"GEGEGB_03848","0.996"
"5.8e-38","128.0",9,"GEGEGB_03128","0.936"
"5.8e-41","133.0",9,"GEGEGB_01403","0.986"
"5.8e-58","182.0",9,"GEGEGB_03934","0.933"
"5.9e-90","267.0",9,"LNHIMF_02384","0.960"
"50S ribosomal protein L10",NA,9,"GEGEGB_03657","SO:0001217, UniRef:UniRef50_A0A485B5U9"
"50S ribosomal protein L31",NA,9,"GEGEGB_02513","SO:0001217, UniRef:UniRef50_A0A2X3CZZ2"
"50S ribosomal protein L6",NA,9,"GEGEGB_04303","SO:0001217, UniRef:UniRef50_A0A378AKB6"
"6,7-dimethyl-8-ribityllumazine synthase",NA,9,"GEGEGB_02572","SO:0001217, UniRef:UniRef50_P66038"
"6-deoxy-6-sulfogluconolactonase",NA,9,"GEGEGB_02756","SO:0001217, UniRef:UniRef50_P0DOV6"
"6-phospho-beta-glucosidase",NA,9,"GEGEGB_01263","SO:0001217, UniRef:UniRef50_P17411"
"6-phospho-beta-glucosidase BglA","bglA",9,"GEGEGB_03119","BlastRules:WP_001336277, EC:3.2.1.86, SO:0001217, UniRef:UniRef50_A0A8K0V3U5"
"6-phospho-beta-glucosidase GmuD","gmuD",9,"GEGEGB_03946","SO:0001217, UniRef:UniRef50_O05508"
"6-phosphogluconolactonase",NA,9,"GEGEGB_02212","SO:0001217, UniRef:UniRef50_Q7N6R1"
"6.0e-228","620.0",9,"GEGEGB_01688","1.0"
"6.0e-27","97.8",9,"GEGEGB_02085","0.986"
"6.0e-35","119.0",9,"GEGEGB_01124","0.989"
"6.0e-52","163.0",9,"GEGEGB_01945","1.0"
"6.0e-61","186.0",9,"GEGEGB_02616","1.0"
"6.0e-72","219.0",9,"GEGEGB_03355","1.072"
"6.0e-88","265.0",9,"GEGEGB_00551","1.048"
"6.1e-165","472.0",9,"GEGEGB_01368","1.042"
"6.1e-173","476.0",9,"GEGEGB_02878","1.0"
"6.1e-27","96.7",9,"GEGEGB_04852","1.0"
"6.1e-45","137.0",9,"GEGEGB_01347","1.0"
"6.1e-74","223.0",9,"GEGEGB_00159","1.124"
"6.2e-103","290.0",9,"GEGEGB_00575","1.0"
"6.2e-198","564.0",9,"GEGEGB_00165","1.033"
"6.2e-32","111.0",9,"GEGEGB_01717","0.988"
"6.2e-73","218.0",9,"GEGEGB_02754","1.0"
"6.3e-121","345.0",9,"GEGEGB_00794","0.902"
"6.3e-15","64.7",9,"GEGEGB_02635","1.0"
"6.3e-168","480.0",9,"GEGEGB_02661","0.989"
"6.3e-53","167.0",9,"GEGEGB_02987","0.958"
"6.3e-65","199.0",9,"GEGEGB_03851","0.964"
"6.3e-91","267.0",9,"GEGEGB_02572","1.0"
"6.4e-196","549.0",9,"GEGEGB_00680","0.863"
"6.4e-49","155.0",9,"GEGEGB_02968","0.932"
"6.5e-113","328.0",9,"GEGEGB_03868","0.971"
"6.5e-118","337.0",9,"GEGEGB_04834","0.939"
"6.5e-14","63.9",9,"GEGEGB_01116","0.932"
"6.5e-154","432.0",9,"GEGEGB_01537","1.018"
"6.5e-178","504.0",9,"GEGEGB_00396","0.992"
"6.5e-31","108.0",9,"GEGEGB_01819","0.974"
"6.5e-63","197.0",9,"GEGEGB_00996","0.978"
"6.5e-92","269.0",9,"GEGEGB_03371","1.0"
"6.6e-118","329.0",9,"GEGEGB_02926","1.0"
"6.6e-245","665.0",9,"GEGEGB_03459","1.0"
"6.6e-311","850.0",9,"GEGEGB_04378","1.0"
"6.6e-77","235.0",9,"GEGEGB_04261","0.976"
"6.7e-44","146.0",9,"GEGEGB_04154","0.897"
"6.8e-109","325.0",9,"GEGEGB_01110","1.071"
"6.8e-24","89.7",9,"GEGEGB_04296","1.159"
"6.8e-28","99.8",9,"GEGEGB_02384","1.031"
"6.8e-30","104.0",9,"GEGEGB_01131","0.982"
"6.8e-316","860.0",9,"GEGEGB_04428","1.0"
"6.9e-142","405.0",9,"GEGEGB_01792","0.971"
"6.9e-213","592.0",9,"GEGEGB_04244","0.994"
"6.9e-300","820.0",9,"GEGEGB_00279","0.993"
"7,8-dihydroneopterin aldolase",NA,9,"GEGEGB_03281","SO:0001217, UniRef:UniRef50_C7BKE5"
"7-carboxy-7-deazaguanine synthase",NA,9,"GEGEGB_02989","SO:0001217, UniRef:UniRef50_P64554"
"7-cyano-7-deazaguanine synthase",NA,9,"GEGEGB_02530","SO:0001217, UniRef:UniRef50_W0P0R1"
"7.0e-133","376.0",9,"GEGEGB_01153","1.096"
"7.0e-262","736.0",9,"GEGEGB_01139","0.993"
"7.0e-58","180.0",9,"GEGEGB_00481","0.992"
"7.0e-59","184.0",9,"GEGEGB_04025","0.993"
"7.0e-88","261.0",9,"GEGEGB_01650","1.0"
"7.1e-105","310.0",9,"GEGEGB_03402","0.988"
"7.1e-128","370.0",9,"GEGEGB_04241","0.975"
"7.1e-170","482.0",9,"GEGEGB_03458","0.891"
"7.1e-76","230.0",9,"GEGEGB_04636","1.0"
"7.1e-80","229.0",9,"GEGEGB_01376","1.0"
"7.2e-26","97.1",9,"GEGEGB_03639","1.0"
"7.2e-81","244.0",9,"GEGEGB_00987","1.0"
"7.3e-121","346.0",9,"GEGEGB_01377","0.977"
"7.3e-45","145.0",9,"GEGEGB_04616","0.990"
"7.4e-36","122.0",9,"GEGEGB_00524","0.989"
"7.5e-70","210.0",9,"GEGEGB_04214","1.016"
"7.6e-09","49.3",9,"GEGEGB_03923","1.0"
"7.6e-146","412.0",9,"GEGEGB_03133","1.0"
"7.7e-171","477.0",9,"GEGEGB_04666","1.0"
"7.7e-293","805.0",9,"GEGEGB_01868","1.0"
"7.7e-72","222.0",9,"GEGEGB_00793","0.948"
"7.8e-313","845.0",9,"GEGEGB_01803","1.0"
"7.8e-46","148.0",9,"GEGEGB_04611","0.939"
"7.8e-82","243.0",9,"GEGEGB_03657","1.0"
"7.9e-40","130.0",9,"GEGEGB_01284","1.0"
"7.9e-44","141.0",9,"GEGEGB_02346","0.989"
"7.9e-64","199.0",9,"GEGEGB_03112","0.971"
"8-amino-7-oxononanoate synthase",NA,9,"GEGEGB_02202","SO:0001217, UniRef:UniRef50_Q8ZQQ7"
"8-oxo-dGTP diphosphatase",NA,9,"GEGEGB_00150","SO:0001217, UniRef:UniRef50_P08337"
"8.0e-109","321.0",9,"GEGEGB_03867","1.121"
"8.0e-92","269.0",9,"GEGEGB_04874","0.994"
"8.1e-66","201.0",9,"GEGEGB_04088","1.0"
"8.2e-102","295.0",9,"GEGEGB_03405","1.0"
"8.2e-122","340.0",9,"GEGEGB_04387","1.0"
"8.3e-111","327.0",9,"GEGEGB_01108","0.951"
"8.3e-130","367.0",9,"GEGEGB_04621","1.0"
"8.3e-90","264.0",9,"GEGEGB_03381","1.0"
"8.5e-260","718.0",9,"GEGEGB_04213","0.952"
"8.5e-297","814.0",9,"GEGEGB_04180","1.0"
"8.6e-25","92.8",9,"GEGEGB_02094","0.959"
"8.6e-96","286.0",9,"GEGEGB_02753","0.976"
"8.7e-128","365.0",9,"GEGEGB_01390","0.959"
"8.7e-164","457.0",9,"GEGEGB_00298","0.992"
"8.7e-23","87.0",9,"GEGEGB_04284","0.984"
"8.8e-31","109.0",9,"GEGEGB_02773","0.969"
"8.8e-60","182.0",9,"GEGEGB_03178","1.0"
"8.9e-149","431.0",9,"GEGEGB_00409","1.021"
"8.9e-318","884.0",9,"GEGEGB_02199","1.015"
"8.9e-36","120.0",9,"GEGEGB_00993","1.122"
"8.9e-50","158.0",9,"GEGEGB_04299","0.990"
"8.9e-57","177.0",9,"GEGEGB_04314","0.929"
"9.0e-144","408.0",9,"GEGEGB_00182","0.804"
"9.0e-150","421.0",9,"LNHIMF_02328","0.916"
"9.0e-97","273.0",9,"GEGEGB_02935","1.0"
"9.1e-105","304.0",9,"GEGEGB_00235","1.0"
"9.2e-156","434.0",9,"LNHIMF_02703","1.0"
"9.2e-29","102.0",9,"GEGEGB_03999","0.910"
"9.2e-30","105.0",9,"GEGEGB_03386","1.0"
"9.2e-43","142.0",9,"GEGEGB_00266","1.097"
"9.2e-60","186.0",9,"GEGEGB_00719","0.970"
"9.2e-65","197.0",9,"GEGEGB_03375","0.991"
"9.3e-38","125.0",9,"GEGEGB_01503","1.209"
"9.4e-112","325.0",9,"LNHIMF_01726","0.991"
"9.4e-27","98.6",9,"GEGEGB_02513","0.965"
"9.5e-109","312.0",9,"GEGEGB_02164","1.0"
"9.5e-258","716.0",9,"GEGEGB_04142","1.002"
"9.5e-68","205.0",9,"GEGEGB_04173","0.992"
"9.6e-118","340.0",9,"GEGEGB_02241","0.974"
"9.6e-204","566.0",9,"GEGEGB_04313","1.152"
"9.6e-53","164.0",9,"GEGEGB_03407","0.956"
"9.9e-215","603.0",9,"GEGEGB_01166","1.156"
"ABC transport system, permease component YbhS","ybhS",9,"GEGEGB_02181","SO:0001217, UniRef:UniRef50_A0A0T9UBZ6"
"ABC transporter ATP binding protein",NA,9,"GEGEGB_00188","SO:0001217, UniRef:UniRef50_A0A0W0U308"
"ABC transporter ATP-binding protein ModF","modF",9,"GEGEGB_02219","SO:0001217, UniRef:UniRef50_P31060"
"ABC transporter ATP-binding protein/permease",NA,9,"GEGEGB_02522","SO:0001217, UniRef:UniRef50_A0A376VLX3"
"ABC transporter ATP-binding/permease protein YojI","yojI",9,"GEGEGB_00645","SO:0001217, UniRef:UniRef50_P33941"
"ABC transporter arginine-binding protein 1",NA,9,"GEGEGB_04637","SO:0001217, UniRef:UniRef50_P30860"
"ABC transporter domain-containing protein",NA,9,"GEGEGB_02153","SO:0001217, UniRef:UniRef50_A0A3M4PYG5"
"ABC transporter permease",NA,9,"GEGEGB_02467","SO:0001217, UniRef:UniRef50_A0A917LJM3"
"ABC transporter substrate-binding protein ArtJ","artJ",9,"GEGEGB_02113","BlastRules:WP_001295339, SO:0001217, UniRef:UniRef50_A0A264VXK4"
"ABC transporter, ATP-binding protein",NA,9,"GEGEGB_02095","SO:0001217, UniRef:UniRef50_D4E8G0"
"ABC-type polar amino acid transport system",NA,9,"GEGEGB_01617","SO:0001217, UniRef:UniRef50_Q8ZPA1"
"ABC-type transport auxiliary lipoprotein component domain-containing protein",NA,9,"GEGEGB_01959","SO:0001217, UniRef:UniRef50_H5UX00"
"ABC-type xenobiotic transporter",NA,9,"GEGEGB_02083","SO:0001217, UniRef:UniRef50_A0A246NLP7"
"ABC3 transporter permease C-terminal domain-containing protein",NA,9,"GEGEGB_02472","SO:0001217, UniRef:UniRef50_A0A076LKE1"
"ACP S-malonyltransferase",NA,9,"GEGEGB_01821","BlastRules:WP_000191343, SO:0001217, UniRef:UniRef50_P0AAI9"
"ADP-L-glycero-D-manno-heptose-6-epimerase",NA,9,"GEGEGB_04017","SO:0001217, UniRef:UniRef50_P67910"
"ADP-ribose pyrophosphatase",NA,9,"GEGEGB_03260","SO:0001217, UniRef:UniRef50_A0A151UL83"
"AI-2E family transporter",NA,9,"GEGEGB_04156","SO:0001217, UniRef:UniRef50_A8AR35"
"AMP nucleosidase",NA,9,"GEGEGB_00916","SO:0001217, UniRef:UniRef50_N9WHX3"
"APC family permease",NA,9,"GEGEGB_01319","SO:0001217, UniRef:UniRef50_A0A212IK18"
"ATP phosphoribosyltransferase",NA,9,"GEGEGB_00847","SO:0001217, UniRef:UniRef50_A0A380A8Q4"
"ATP synthase epsilon chain",NA,9,"GEGEGB_03851","SO:0001217, UniRef:UniRef50_Q12HQ2"
"ATP synthase gamma chain",NA,9,"GEGEGB_03849","SO:0001217, UniRef:UniRef50_P43716"
"ATP synthase protein I",NA,9,"GEGEGB_03843","SO:0001217, UniRef:UniRef50_P0ABC0"
"ATP synthase subunit a",NA,9,"GEGEGB_03844","SO:0001217, UniRef:UniRef50_P0AB98"
"ATP synthase subunit alpha",NA,9,"GEGEGB_03848","SO:0001217, UniRef:UniRef50_O51874"
"ATP synthase subunit b",NA,9,"GEGEGB_03846","SO:0001217, UniRef:UniRef50_A0KQY2"
"ATP synthase subunit beta",NA,9,"GEGEGB_03850","SO:0001217, UniRef:UniRef50_Q7VU44"
"ATP synthase subunit c",NA,9,"GEGEGB_03845","SO:0001217, UniRef:UniRef50_A0A1I0DNZ3"
"ATP synthase subunit delta",NA,9,"GEGEGB_03847","SO:0001217, UniRef:UniRef50_Q7NA91"
"ATP-binding cassette domain-containing protein",NA,9,"GEGEGB_03148","SO:0001217, UniRef:UniRef50_A0A2X4WBR2"
"ATP-binding component of an ABC superfamily nickel transporter",NA,9,"GEGEGB_01199","SO:0001217, UniRef:UniRef50_A0A198G6Z2"
"ATP-binding component of an ABC superfamily osmoprotectant transporter",NA,9,"GEGEGB_00737","SO:0001217, UniRef:UniRef50_A0A085AG43"
"ATP-binding protein Uup",NA,9,"GEGEGB_01962","SO:0001217, UniRef:UniRef50_P43672"
"ATP-dependent 6-phosphofructokinase isozyme 1",NA,9,"GEGEGB_03743","SO:0001217, UniRef:UniRef50_P0A796"
"ATP-dependent Clp protease ATP-binding subunit ClpA","clpA",9,"GEGEGB_02092","SO:0001217, UniRef:UniRef50_P0ABH9"
"ATP-dependent Clp protease ATP-binding subunit ClpX","clpX",9,"GEGEGB_02537","SO:0001217, UniRef:UniRef50_Q1QVW2"
"ATP-dependent Clp protease adapter protein ClpS","clpS",9,"GEGEGB_02093","SO:0001217, UniRef:UniRef50_B5XYB2"
"ATP-dependent Clp protease proteolytic subunit",NA,9,"GEGEGB_02538","SO:0001217, UniRef:UniRef50_A0A377AYX4"
"ATP-dependent DNA helicase RecG","recG",9,"GEGEGB_03982","SO:0001217, UniRef:UniRef50_P24230"
"ATP-dependent DNA helicase Rep",NA,9,"GEGEGB_03562","SO:0001217, UniRef:UniRef50_P09980"
"ATP-dependent RNA helicase DeaD","deaD",9,"GEGEGB_03361","BlastRules:WP_001295553, SO:0001217, UniRef:UniRef50_P0A9P6"
"ATP-dependent RNA helicase HrpA","hrpA",9,"GEGEGB_01626","SO:0001217, UniRef:UniRef50_A0A960GL69"
"ATP-dependent RNA helicase HrpB","hrpB",9,"GEGEGB_00208","SO:0001217, UniRef:UniRef50_P37024"
"ATP-dependent RNA helicase RhlB","rhlB",9,"GEGEGB_03560","SO:0001217, UniRef:UniRef50_P0A8J8"
"ATP-dependent RNA helicase RhlE","rhlE",9,"GEGEGB_02177","SO:0001217, UniRef:UniRef50_U3TUK0"
"ATP-dependent RNA helicase SrmB","srmB",9,"GEGEGB_00288","SO:0001217, UniRef:UniRef50_P21507"
"ATP-dependent dethiobiotin synthetase BioD","bioD",9,"GEGEGB_01482","SO:0001217, UniRef:UniRef50_A0A0J1CFJ2"
"ATP-dependent dethiobiotin synthetase BioD 1","bioD",9,"GEGEGB_02200","SO:0001217, UniRef:UniRef50_P13000"
"ATP-dependent protease ATPase subunit HslU","hslU",9,"GEGEGB_03714","SO:0001217, UniRef:UniRef50_P0A6H5"
"ATP-dependent protease subunit HslV","hslV",9,"GEGEGB_03713","SO:0001217, UniRef:UniRef50_A0A2X5NXA7"
"ATP-dependent zinc metalloprotease FtsH","ftsH",9,"GEGEGB_03378","SO:0001217, UniRef:UniRef50_P0AAI3"
"ATP/GTP-binding protein",NA,9,"GEGEGB_01527","SO:0001217, UniRef:UniRef50_A9MRR0"
"ATPase RavA","ravA",9,"GEGEGB_03836","SO:0001217, UniRef:UniRef50_P31473"
"ATPase component of energizing moduleof queuosine-regulated ECF transporter",NA,9,"GEGEGB_03147","SO:0001217, UniRef:UniRef50_S5NC86"
"Acetaldehyde dehydrogenase (acetylating) EutE","eutE",9,"GEGEGB_00431","SO:0001217, UniRef:UniRef50_P77445"
"Acetolactate synthase",NA,9,"GEGEGB_03924","SO:0001217, UniRef:UniRef50_A0A4U9D5U1"
"Acetolactate synthase 2 small subunit",NA,9,"GEGEGB_03575","SO:0001217, UniRef:UniRef50_A0A068Z5N5"
"Acetolactate synthase isozyme 2 large subunit",NA,9,"GEGEGB_03576","SO:0001217, UniRef:UniRef50_P0DP90"
"Acetolactate synthase isozyme 3 large subunit",NA,9,"GEGEGB_00127","SO:0001217, UniRef:UniRef50_P00893"
"Acetolactate synthase isozyme 3 small subunit",NA,9,"GEGEGB_00128","SO:0001217, UniRef:UniRef50_P00894"
"Acetolactate synthase small subunit",NA,9,"GEGEGB_03925","SO:0001217, UniRef:UniRef50_A0A6S6TUN3"
"Acetyl esterase",NA,9,"GEGEGB_02493","SO:0001217, UniRef:UniRef50_P23872"
"Acetyl-CoA acetyltransferase",NA,9,"GEGEGB_03077","SO:0001217, UniRef:UniRef50_P14611"
"Acetyl-coenzyme A carboxylase carboxyl transferase subunit alpha",NA,9,"GEGEGB_00248","SO:0001217, UniRef:UniRef50_Q4ZWR2"
"Acetyl-coenzyme A carboxylase carboxyl transferase subunit beta",NA,9,"GEGEGB_00538","SO:0001217, UniRef:UniRef50_A0A956CXN9"
"Acetyl-coenzyme A synthetase",NA,9,"GEGEGB_04408","SO:0001217, UniRef:UniRef50_Q8ZKF6"
"Acetylornithine deacetylase",NA,9,"GEGEGB_03687","SO:0001217, UniRef:UniRef50_P23908"
"Acetyltransferase EBL_c10900",NA,9,"GEGEGB_00445","SO:0001217, UniRef:UniRef50_I2B6P6"
"Acid stress chaperone HdeB","hdeB",9,"GEGEGB_01555","SO:0001217, UniRef:UniRef50_M1K5C8"
"Aconitate hydratase",NA,9,"GEGEGB_01711","SO:0001217, UniRef:UniRef50_F7XVC1"
"Aconitate hydratase B",NA,9,"GEGEGB_00175","SO:0001217, UniRef:UniRef50_A0A2S5M6R7"
"Acyl carrier protein",NA,9,"GEGEGB_01819","SO:0001217, UniRef:UniRef50_Q24U44"
"Acyl carrier protein phosphodiesterase",NA,9,"GEGEGB_02587","SO:0001217, UniRef:UniRef50_A0A068QZ51"
"Acyl-CoA dehydrogenase AidB","aidB",9,"GEGEGB_04662","SO:0001217, UniRef:UniRef50_A0A6I5A9D5"
"Acyl-CoA thioester hydrolase YciA","yciA",9,"GEGEGB_01738","SO:0001217, UniRef:UniRef50_A0A8S0FVY3"
"Acyl-CoA thioesterase 2",NA,9,"GEGEGB_02518","SO:0001217, UniRef:UniRef50_A0A2C6DMS5"
"Acyl-[acyl-carrier-protein]--UDP-N-acetylglucosamine O-acyltransferase",NA,9,"GEGEGB_00244","SO:0001217, UniRef:UniRef50_A8GID4"
"Acyl-coenzyme A dehydrogenase",NA,9,"GEGEGB_02673","SO:0001217, UniRef:UniRef50_Q47146"
"Acylphosphatase",NA,9,"GEGEGB_01937","SO:0001217, UniRef:UniRef50_A0A376TIS7"
"Adenine DNA glycosylase",NA,9,"GEGEGB_03177","SO:0001217, UniRef:UniRef50_A0A2L1US24"
"Adenine phosphoribosyltransferase",NA,9,"GEGEGB_02500","SO:0001217, UniRef:UniRef50_Q8ZC94"
"Adenosine deaminase",NA,9,"GEGEGB_01405","SO:0001217, UniRef:UniRef50_B7LQP7"
"Adenosylcobalamin/alpha-ribazole phosphatase",NA,9,"GEGEGB_02339","SO:0001217, UniRef:UniRef50_P39701"
"Adenosylcobinamide-GDP ribazoletransferase",NA,9,"GEGEGB_00909","SO:0001217, UniRef:UniRef50_P36561"
"Adenosylmethionine-8-amino-7-oxononanoate aminotransferase",NA,9,"GEGEGB_02204","SO:0001217, UniRef:UniRef50_A0A378BJY8"
"Adenylate cyclase",NA,9,"GEGEGB_03534","SO:0001217, UniRef:UniRef50_Q59119"
"Adenylate kinase",NA,9,"GEGEGB_02495","SO:0001217, UniRef:UniRef50_Q9HXV4"
"Adenylosuccinate lyase",NA,9,"GEGEGB_01781","SO:0001217, UniRef:UniRef50_G2LPC5"
"Adenylosuccinate synthetase",NA,9,"GEGEGB_04651","SO:0001217, UniRef:UniRef50_Q8ZIV7"
"Adenylyl-sulfate kinase",NA,9,"GEGEGB_02970","SO:0001217, UniRef:UniRef50_A0A954PMA2"
"Aerobic glycerol-3-phosphate dehydrogenase",NA,9,"GEGEGB_04206","SO:0001217, UniRef:UniRef50_P13035"
"Aerobic respiration control protein ArcA","arcA",9,"GEGEGB_04886","SO:0001217, UniRef:UniRef50_P0A9Q1"
"Aerobic respiration control sensor protein ArcB","arcB",9,"GEGEGB_03412","SO:0001217, UniRef:UniRef50_P0AEC3"
"Agmatinase",NA,9,"GEGEGB_03153","SO:0001217, UniRef:UniRef50_Q7VRG4"
"Ail/Lom family outer membrane beta-barrel protein",NA,9,"GEGEGB_02645","SO:0001217, UniRef:UniRef50_A0A2J4YQS5"
"Alanine racemase, biosynthetic",NA,9,"GEGEGB_04379","SO:0001217, UniRef:UniRef50_P0A6B4"
"Alanine--tRNA ligase",NA,9,"GEGEGB_02867","SO:0001217, UniRef:UniRef50_Q8ZBT8"
"Alcohol dehydrogenase YqhD","yqhD",9,"GEGEGB_03235","SO:0001217, UniRef:UniRef50_Q46856"
"Aldo/keto reductase",NA,9,"GEGEGB_01668","SO:0001217, UniRef:UniRef50_A0A066SX16"
"Aldoketomutase",NA,9,"GEGEGB_01378","SO:0001217, UniRef:UniRef50_A0A540WGT6"
"Aldose 1-epimerase",NA,9,"GEGEGB_02224","SO:0001217, UniRef:UniRef50_A0A378BK48"
"Alkaline phosphatase isozyme conversion protein",NA,9,"GEGEGB_02973","SO:0001217, UniRef:UniRef50_P10423"
"Alkyl hydroperoxide reductase subunit F",NA,9,"GEGEGB_02375","SO:0001217, UniRef:UniRef50_A0A380TVB3"
"Alkylated DNA repair protein",NA,9,"GEGEGB_00644","SO:0001217, UniRef:UniRef50_A0A085JH56"
"Alkylhydroperoxidase",NA,9,"GEGEGB_02841","SO:0001217, UniRef:UniRef50_A0A1D9LHG9"
"Alkylphosphonate utilization protein",NA,9,"GEGEGB_04421","SO:0001217, UniRef:UniRef50_W5YGA8"
"Allophanate hydrolase 2 subunit 1",NA,9,"GEGEGB_02275","SO:0001217, UniRef:UniRef50_A0A085GLC8"
"Alpha,alpha-trehalose-phosphate synthase (UDP-forming)",NA,9,"GEGEGB_01011","SO:0001217, UniRef:UniRef50_B2TXE2"
"Alpha-1,4 glucan phosphorylase",NA,9,"GEGEGB_04205","SO:0001217, UniRef:UniRef50_Q6CZK4"
"Alpha-L-arabinofuranosidase",NA,9,"GEGEGB_00163","SO:0001217, UniRef:UniRef50_A0A1B7JMZ2"
"Alpha-ketoglutarate permease",NA,9,"GEGEGB_00277","SO:0001217, UniRef:UniRef50_B2TYL0"
"Alpha-xylosidase",NA,9,"GEGEGB_03978","SO:0001217, UniRef:UniRef50_A0A7X7STN3"
"Amidohydrolase 3 domain-containing protein",NA,9,"GEGEGB_01413","SO:0001217, UniRef:UniRef50_A0A0K0HAH3"
"Amidohydrolase-related domain-containing protein",NA,9,"GEGEGB_04703","SO:0001217, UniRef:UniRef50_S5N3I9"
"Amidophosphoribosyltransferase",NA,9,"GEGEGB_00542","SO:0001217, UniRef:UniRef50_A0A522RMJ5"
"Amino acid ABC transporter permease",NA,9,"GEGEGB_01618","SO:0001217, UniRef:UniRef50_A0A3S4IB21"
"Amino acid ABC transporter permease component",NA,9,"GEGEGB_01616","SO:0001217, UniRef:UniRef50_Q8ZPA2"
"Amino acid racemase",NA,9,"GEGEGB_04804","SO:0001217, UniRef:UniRef50_A0A249A4A0"
"Amino-acid acetyltransferase",NA,9,"GEGEGB_03042","SO:0001217, UniRef:UniRef50_P0A6C5"
"Aminoacyl-histidine dipeptidase",NA,9,"GEGEGB_02666","SO:0001217, UniRef:UniRef50_A0A655W848"
"Aminoalkylphosphonate N-acetyltransferase",NA,9,"GEGEGB_04419","SO:0001217, UniRef:UniRef50_Q8ZKE6"
"Aminoglycoside (3'') (9) adenylyltransferase",NA,9,"GEGEGB_01205","SO:0001217, UniRef:UniRef50_Q8ZPX9"
"Aminoglycoside N(6')-acetyltransferase type 1",NA,9,"GEGEGB_01608","SO:0001217, UniRef:UniRef50_Q9R381"
"Aminomethyltransferase",NA,9,"GEGEGB_03123","SO:0001217, UniRef:UniRef50_A6TDR7"
"Aminopeptidase N",NA,9,"GEGEGB_01967","SO:0001217, UniRef:UniRef50_P04825"
"Aminotransferase",NA,9,"GEGEGB_00492","SO:0001217, UniRef:UniRef50_A0A2E9GES8"
"Ammonium transporter",NA,9,"GEGEGB_02519","SO:0001217, UniRef:UniRef50_A0A380APN2"
"Anaerobic C4-dicarboxylate transporter DcuC","dcuC",9,"GEGEGB_02355","SO:0001217, UniRef:UniRef50_P0ABP3"
"Anaerobic dimethyl sulfoxide reductase chain C",NA,9,"GEGEGB_02072","SO:0001217, UniRef:UniRef50_P18777"
"Anaerobic dimethyl sulfoxide reductase chain YnfH","ynfH",9,"GEGEGB_01489","SO:0001217, UniRef:UniRef50_P76173"
"Anaerobic glycerol-3-phosphate dehydrogenase subunit B",NA,9,"GEGEGB_00619","SO:0001217, UniRef:UniRef50_P13033"
"Anaerobic glycerol-3-phosphate dehydrogenase subunit C",NA,9,"GEGEGB_00618","SO:0001217, UniRef:UniRef50_P0A996"
"Anaerobic nitric oxide reductase transcription regulator NorR","norR",9,"GEGEGB_02880","SO:0001217, UniRef:UniRef50_P37013"
"Anaerobic ribonucleoside-triphosphate reductase-activating protein",NA,9,"GEGEGB_04721","SO:0001217, UniRef:UniRef50_A0A5W0MXC9"
"Anaerobic sulfatase-maturating enzyme",NA,9,"GEGEGB_03913","SO:0001217, UniRef:UniRef50_J7QIM3"
"Anaerobic sulfite reductase subunit A",NA,9,"GEGEGB_00333","SO:0001217, UniRef:UniRef50_P26474"
"Anaerobic sulfite reductase subunit B",NA,9,"GEGEGB_00332","SO:0001217, UniRef:UniRef50_P26475"
"Ancillary SecYEG translocon subunit",NA,9,"GEGEGB_00365","SO:0001217, UniRef:UniRef50_P76576"
"Anhydromuropeptide permease",NA,9,"GEGEGB_02542","SO:0001217, UniRef:UniRef50_P0AE16"
"Anthranilate phosphoribosyltransferase",NA,9,"GEGEGB_01726","SO:0001217, UniRef:UniRef50_Q7MM54"
"Anthranilate synthase component 1",NA,9,"GEGEGB_01725","SO:0001217, UniRef:UniRef50_P00898"
"Anti-adapter protein IraD","iraD",9,"GEGEGB_03201","SO:0001217, UniRef:UniRef50_A9MQN1"
"Anti-adapter protein IraP","iraP",9,"GEGEGB_02611","SO:0001217, UniRef:UniRef50_P0AAN9"
"Anti-sigma-E factor RseA","rseA",9,"GEGEGB_00292","SO:0001217, UniRef:UniRef50_P0AFX7"
"Antitoxin",NA,9,"GEGEGB_04255","SO:0001217, UniRef:UniRef50_A9MMF4"
"Apolipoprotein N-acyltransferase",NA,9,"GEGEGB_02321","SO:0001217, UniRef:UniRef50_A0A376MTF8"
"Arginine ABC transporter permease component",NA,9,"GEGEGB_02111","SO:0001217, UniRef:UniRef50_Q2NU06"
"Arginine ABC transporter permease protein ArtM","artM",9,"GEGEGB_02112","SO:0001217, UniRef:UniRef50_P0AE30"
"Arginine deiminase",NA,9,"GEGEGB_04737","SO:0001217, UniRef:UniRef50_Q5E7U3"
"Arginine transport ATP-binding protein ArtP","artP",9,"GEGEGB_02109","SO:0001217, UniRef:UniRef50_A0AA41XYP2"
"Arginine--tRNA ligase",NA,9,"GEGEGB_01030","SO:0001217, UniRef:UniRef50_P11875"
"Arginine/agmatine antiporter",NA,9,"GEGEGB_04428","SO:0001217, UniRef:UniRef50_P60061"
"Argininosuccinate synthase",NA,9,"GEGEGB_03373","SO:0001217, UniRef:UniRef50_A0A376FFY4"
"ArsC family reductase","arsC",9,"GEGEGB_00410","SO:0001217, UniRef:UniRef50_V5TVX2"
"Arsenate reductase",NA,9,"GEGEGB_00394","SO:0001217, UniRef:UniRef50_I4K6L2"
"Aryl sulfotransferase",NA,9,"GEGEGB_04094","SO:0001217, UniRef:UniRef50_A9BRD5"
"Arylsulfatase-activating protein aslB","aslB",9,"GEGEGB_03507","SO:0001217, UniRef:UniRef50_A0A8B4U183"
"Ascorbate-specific PTS system EIIA component",NA,9,"GEGEGB_04670","SO:0001217, UniRef:UniRef50_Q8ZK88"
"AsmA domain-containing protein","asmA",9,"GEGEGB_04121","SO:0001217, UniRef:UniRef50_A0A1Q8T4T2"
"AsmA family protein YicH","yicH",9,"GEGEGB_03979","SO:0001217, UniRef:UniRef50_P31433"
"Asparagine synthetase B [glutamine-hydrolyzing]",NA,9,"GEGEGB_02309","SO:0001217, UniRef:UniRef50_P22106"
"Asparagine--tRNA ligase",NA,9,"GEGEGB_02037","SO:0001217, UniRef:UniRef50_B0JN99"
"Aspartate 1-decarboxylase",NA,9,"GEGEGB_00192","SO:0001217, UniRef:UniRef50_A0A376FKL2"
"Aspartate ammonia-lyase",NA,9,"GEGEGB_04613","SO:0001217, UniRef:UniRef50_A0A4U9HGJ9"
"Aspartate carbamoyltransferase catalytic subunit",NA,9,"GEGEGB_04731","SO:0001217, UniRef:UniRef50_Q9KP66"
"Aspartate carbamoyltransferase regulatory chain",NA,9,"GEGEGB_04730","SO:0001217, UniRef:UniRef50_Q328U1"
"Aspartate--ammonia ligase",NA,9,"GEGEGB_03838","SO:0001217, UniRef:UniRef50_A0A377E031"
"Aspartate--tRNA(Asp/Asn) ligase",NA,9,"GEGEGB_01039","SO:0001217, UniRef:UniRef50_Q15RN2"
"Aspartate-semialdehyde dehydrogenase",NA,9,"GEGEGB_04200","SO:0001217, UniRef:UniRef50_P30903"
"Aspartate/glutamate permease AcaP","acaP",9,"GEGEGB_02070","SO:0001217, UniRef:UniRef50_A2RL65"
"Aspartokinase",NA,9,"GEGEGB_04351","SO:0001217, UniRef:UniRef50_A0A379U5H8"
"Autoinducer 2 import ATP-binding protein LsrA","lsrA",9,"GEGEGB_03731","SO:0001217, UniRef:UniRef50_A0A379B5Q6"
"Autoinducer 2 import system permease protein LsrC","lsrC",9,"GEGEGB_03730","SO:0001217, UniRef:UniRef50_P77672"
"Autoinducer 2-binding protein LsrB","lsrB",9,"GEGEGB_03728","SO:0001217, UniRef:UniRef50_P76142"
"Autoinducer-2 kinase",NA,9,"GEGEGB_03733","SO:0001217, UniRef:UniRef50_P77432"
"Autonomous glycyl radical cofactor",NA,9,"GEGEGB_00285","SO:0001217, UniRef:UniRef50_Q6D209"
"B3/B4 tRNA-binding domain-containing protein",NA,9,"GEGEGB_01657","SO:0001217, UniRef:UniRef50_V8RDL4"
"Bacterial microcompartment shell protein EutL","eutL",9,"GEGEGB_00438","SO:0001217, UniRef:UniRef50_P0A1C9"
"Bacterial microcompartment shell protein EutS","eutS",9,"GEGEGB_00425","SO:0001217, UniRef:UniRef50_Q9ZFV7"
"Bacterial microcompartment shell vertex protein EutN","eutN",9,"GEGEGB_00430","SO:0001217, UniRef:UniRef50_P41792"
"Bacterial non-heme ferritin-like protein",NA,9,"GEGEGB_01008","SO:0001217, UniRef:UniRef50_P0A9A2"
"Bacterial type II secretion system protein E domain-containing protein",NA,9,"GEGEGB_00158","SO:0001217, UniRef:UniRef50_A0A0H3FWD5"
"Bacterioferritin",NA,9,"GEGEGB_04285","SO:0001217, UniRef:UniRef50_Q493L0"
"Bacterioferritin-associated ferredoxin",NA,9,"GEGEGB_04284","SO:0001217, UniRef:UniRef50_O68934"
"Bacteroid development protein BacA","bacA",9,"GEGEGB_02618","SO:0001217, UniRef:UniRef50_Q08120"
"Barstar (barnase inhibitor) domain-containing protein",NA,9,"GEGEGB_03448","SO:0001217, UniRef:UniRef50_A0A4R0G4V7"
"Basal-body rod modification protein FlgD","flgD",9,"GEGEGB_01840","SO:0001217, UniRef:UniRef50_P0A1I9"
"Benzoate transporter",NA,9,"GEGEGB_01595","SO:0001217, UniRef:UniRef50_A0A1X1D7S9"
"Beta sliding clamp",NA,9,"GEGEGB_03880","SO:0001217, UniRef:UniRef50_A0A7U3M6B6"
"Beta-hexosaminidase",NA,9,"GEGEGB_01805","SO:0001217, UniRef:UniRef50_B5XXG4"
"Beta-ketoacyl-ACP synthase II",NA,9,"GEGEGB_01818","SO:0001217, UniRef:UniRef50_A0A379TCS4"
"Beta-lactamase-related domain-containing protein",NA,9,"GEGEGB_00416","SO:0001217, UniRef:UniRef50_A0A9P1JE60"
"Bifunctional 5,10-methylene-tetrahydrofolate dehydrogenase/ 5,10-methylene-tetrahydrofolate cyclohydrolase",NA,9,"GEGEGB_02437","SO:0001217, UniRef:UniRef50_A0A484Z9D6"
"Bifunctional NAD(P)H-hydrate repair enzyme Nnr",NA,9,"GEGEGB_04641","SO:0001217, UniRef:UniRef50_P31806"
"Bifunctional adenosylcobalamin biosynthesis protein",NA,9,"GEGEGB_00908","SO:0001217, UniRef:UniRef50_A0A0J2HIE9"
"Bifunctional aldehyde-alcohol dehydrogenase AdhE","adhE",9,"GEGEGB_01752","SO:0001217, UniRef:UniRef50_P0A9Q7"
"Bifunctional aspartokinase/homoserine dehydrogenase 1",NA,9,"GEGEGB_00002","SO:0001217, UniRef:UniRef50_P00561"
"Bifunctional chorismate mutase/prephenate dehydratase",NA,9,"GEGEGB_02755","SO:0001217, UniRef:UniRef50_P0A9J8"
"Bifunctional glutamine synthetase adenylyltransferase/adenylyl-removing enzyme",NA,9,"GEGEGB_03276","SO:0001217, UniRef:UniRef50_P30870"
"Bifunctional ligase/repressor BirA","birA",9,"GEGEGB_03668","SO:0001217, UniRef:UniRef50_P06709"
"Bifunctional metallophosphatase/5'-nucleotidase",NA,9,"GEGEGB_03699","SO:0001217, UniRef:UniRef50_A0A0H3GLG5"
"Bifunctional polymyxin resistance protein ArnA","arnA",9,"GEGEGB_00604","SO:0001217, UniRef:UniRef50_P77398"
"Bifunctional protein Aas",NA,9,"GEGEGB_03062","SO:0001217, UniRef:UniRef50_P31119"
"Bifunctional protein ArgHA",NA,9,"GEGEGB_03684","SO:0001217, UniRef:UniRef50_Q9K3D7"
"Bifunctional protein GlmU","glmU",9,"GEGEGB_03854","SO:0001217, UniRef:UniRef50_A7MMY0"
"Bifunctional protein PutA","putA",9,"GEGEGB_01897","SO:0001217, UniRef:UniRef50_L0NKD4"
"Bifunctional purine biosynthesis protein PurH","purH",9,"GEGEGB_03633","SO:0001217, UniRef:UniRef50_P15639"
"Bifunctional uridylyltransferase/uridylyl-removing enzyme",NA,9,"GEGEGB_00228","SO:0001217, UniRef:UniRef50_P27249"
"Bile acid:sodium symporter",NA,9,"GEGEGB_00468","SO:0001217, UniRef:UniRef50_A0A2U1TSW7"
"Biofilm formation regulator BssS","bssS",9,"GEGEGB_01855","SO:0001217, UniRef:UniRef50_A0A0F0VBE9"
"Biofilm regulator BssR","bssR",9,"GEGEGB_02140","SO:0001217, UniRef:UniRef50_P0AAY1"
"Biopolymer transport protein ExbB","exbB",9,"GEGEGB_03230","SO:0001217, UniRef:UniRef50_A0A0U5L0A0"
"Biopolymer transport protein ExbD","exbD",9,"GEGEGB_03229","SO:0001217, UniRef:UniRef50_A0A7D6DIM6"
"Biosynthetic peptidoglycan transglycosylase",NA,9,"GEGEGB_03409","SO:0001217, UniRef:UniRef50_P46022"
"Biotin carboxyl carrier protein of acetyl-CoA carboxylase",NA,9,"GEGEGB_03464","SO:0001217, UniRef:UniRef50_A0A660MKE9"
"Biotin carboxylase",NA,9,"GEGEGB_03465","SO:0001217, UniRef:UniRef50_P24182"
"Biotin sulfoxide reductase",NA,9,"GEGEGB_04087","SO:0001217, UniRef:UniRef50_P20099"
"Biotin synthase",NA,9,"GEGEGB_02203","SO:0001217, UniRef:UniRef50_Q6FAP9"
"Biotin synthesis protein",NA,9,"GEGEGB_02737","SO:0001217, UniRef:UniRef50_A0A0H2W219"
"Biotin transporter",NA,9,"GEGEGB_03510","SO:0001217, UniRef:UniRef50_P0ADP5"
"Bis(5'-nucleosyl)-tetraphosphatase, symmetrical",NA,9,"GEGEGB_00095","SO:0001217, UniRef:UniRef50_C4L9L6"
"BolA family iron metabolism protein IbaG","ibaG",9,"GEGEGB_03391","BlastRules:WP_000368006, BlastRules:WP_000429656, BlastRules:WP_004814457, SO:0001217, UniRef:UniRef50_H5UZJ3"
"Branched-chain amino acid ABC transporter permease",NA,9,"GEGEGB_03765","SO:0001217, UniRef:UniRef50_A8AL36"
"Branched-chain amino acid permease BrnQ","brnQ",9,"GEGEGB_02593","SO:0001217, UniRef:UniRef50_P0AD99"
"Branched-chain-amino-acid aminotransferase",NA,9,"GEGEGB_03574","SO:0001217, UniRef:UniRef50_P0AB80"
"Broad specificity amino-acid racemase YgeA","ygeA",9,"GEGEGB_03072","SO:0001217, UniRef:UniRef50_P03813"
"BtpA family protein SgcQ","sgcQ",9,"GEGEGB_01604","BlastRules:WP_000118626, SO:0001217, UniRef:UniRef50_P39364"
"C-type lysozyme inhibitor domain-containing protein",NA,9,"GEGEGB_01189","SO:0001217, UniRef:UniRef50_A9MG60"
"C4-dicarboxylate anaerobic carrier",NA,9,"GEGEGB_04734","SO:0001217, UniRef:UniRef50_M4U5S6"
"C4-dicarboxylate transporter DctC","dctC",9,"GEGEGB_04117","BlastRules:WP_000858214, BlastRules:WP_003082442, SO:0001217, UniRef:UniRef50_A0A097R7G0"
"CCA-adding enzyme",NA,9,"GEGEGB_03279","SO:0001217, UniRef:UniRef50_Q7U350"
"CDF family cation-efflux transporter FieF","fieF",9,"GEGEGB_03744","BlastRules:WP_001076748, BlastRules:WP_003093118, NCBIProtein:BAE77395.1, SO:0001217, UniRef:UniRef50_P69380"
"CDP-diacylglycerol pyrophosphatase",NA,9,"GEGEGB_03741","SO:0001217, UniRef:UniRef50_A8AL09"
"CDP-diacylglycerol--glycerol-3-phosphate 3-phosphatidyltransferase",NA,9,"GEGEGB_00996","SO:0001217, UniRef:UniRef50_Q492P7"
"CDP-diacylglycerol--serine O-phosphatidyltransferase",NA,9,"GEGEGB_00279","SO:0001217, UniRef:UniRef50_P23830"
"CENP-V/GFA domain-containing protein",NA,9,"GEGEGB_01628","SO:0001217, UniRef:UniRef50_Q2YR32"
"CNNM family cation transport protein YoaE","yoaE",9,"GEGEGB_01111","BlastRules:WP_000421815, SO:0001217, UniRef:UniRef50_P0AEC0"
"CPBP family intramembrane metalloprotease",NA,9,"GEGEGB_00527","SO:0001217, UniRef:UniRef50_C0PZY7"
"CRM domain-containing protein",NA,9,"GEGEGB_03380","SO:0001217, UniRef:UniRef50_B6VLI0"
"CTP pyrophosphohydrolase",NA,9,"GEGEGB_01246","SO:0001217, UniRef:UniRef50_P77788"
"CTP synthase",NA,9,"GEGEGB_02991","SO:0001217, UniRef:UniRef50_Q8P9Z6"
"CaiF/GrlA family transcriptional regulator",NA,9,"GEGEGB_03085","SO:0001217, UniRef:UniRef50_E8X9J8"
"Carbamate kinase",NA,9,"GEGEGB_04736","SO:0001217, UniRef:UniRef50_A0A7U6B9G6"
"Carbamoyl phosphate synthase large chain",NA,9,"GEGEGB_00071","SO:0001217, UniRef:UniRef50_P00968"
"Carbamoyl phosphate synthase small chain",NA,9,"GEGEGB_00070","SO:0001217, UniRef:UniRef50_P0A6F1"
"Carbamoyltransferase HypF","hypF",9,"GEGEGB_02883","SO:0001217, UniRef:UniRef50_A0A447V8T3"
"Carbohydrate degradation protein",NA,9,"GEGEGB_00563","SO:0001217, UniRef:UniRef50_A0A1A7NVN3"
"Carbohydrate transporter",NA,9,"GEGEGB_02687","SO:0001217, UniRef:UniRef50_A0A3F3IR32"
"Carbonic anhydrase 2",NA,9,"GEGEGB_00187","SO:0001217, UniRef:UniRef50_P45148"
"Carboxy-S-adenosyl-L-methionine synthase",NA,9,"GEGEGB_01035","SO:0001217, UniRef:UniRef50_A0KWL3"
"Carboxylic ester hydrolase",NA,9,"GEGEGB_01612","SO:0001217, UniRef:UniRef50_G8LPC1"
"Cardiolipin synthase B",NA,9,"GEGEGB_02185","SO:0001217, UniRef:UniRef50_A0A0U5L0N4"
"Cardiolipin synthase C",NA,9,"GEGEGB_01868","SO:0001217, UniRef:UniRef50_A0A1X1DZC7"
"Carnitine operon protein CaiE","caiE",9,"GEGEGB_00073","SO:0001217, UniRef:UniRef50_A0A376W173"
"Carnitinyl-CoA dehydratase",NA,9,"GEGEGB_00074","SO:0001217, UniRef:UniRef50_P31551"
"Catabolite activator protein",NA,9,"GEGEGB_04261","SO:0001217, UniRef:UniRef50_A0A109Q9M8"
"Catabolite repressor/activator",NA,9,"GEGEGB_00129","SO:0001217, UniRef:UniRef50_A1JJI2"
"Catalase HPII",NA,9,"GEGEGB_01267","SO:0001217, UniRef:UniRef50_P21179"
"Catalase-peroxidase",NA,9,"GEGEGB_03694","SO:0001217, UniRef:UniRef50_Q9R2E9"
"Cation transport regulator",NA,9,"GEGEGB_01771","SO:0001217, UniRef:UniRef50_A0A353P2R7"
"Cation/acetate symporter ActP","actP",9,"GEGEGB_04406","SO:0001217, UniRef:UniRef50_P32705"
"Cell division ATP-binding protein FtsE","ftsE",9,"GEGEGB_04168","SO:0001217, UniRef:UniRef50_P44871"
"Cell division activator CedA","cedA",9,"GEGEGB_01268","SO:0001217, UniRef:UniRef50_A0A4P8YMC7"
"Cell division coordinator CpoB","cpoB",9,"GEGEGB_02236","SO:0001217, UniRef:UniRef50_P45955"
"Cell division inhibitor SulA","sulA",9,"GEGEGB_01954","SO:0001217, UniRef:UniRef50_A6T752"
"Cell division protein DamX","damX",9,"GEGEGB_04240","SO:0001217, UniRef:UniRef50_A0A232GV99"
"Cell division protein DedD","dedD",9,"GEGEGB_00540","SO:0001217, UniRef:UniRef50_P09549"
"Cell division protein DrpB","drpB",9,"GEGEGB_00947","SO:0001217, UniRef:UniRef50_I2B7X6"
"Cell division protein FtsA","ftsA",9,"GEGEGB_00143","SO:0001217, UniRef:UniRef50_P0ABH0"
"Cell division protein FtsB","ftsB",9,"GEGEGB_02968","SO:0001217, UniRef:UniRef50_Q6D1B2"
"Cell division protein FtsH","ftsH",9,"GEGEGB_03309","SO:0001217, UniRef:UniRef50_L0M1M0"
"Cell division protein FtsL","ftsL",9,"GEGEGB_00132","SO:0001217, UniRef:UniRef50_Q7CR84"
"Cell division protein FtsN","ftsN",9,"GEGEGB_03712","SO:0001217, UniRef:UniRef50_A0A2N5EL23"
"Cell division protein FtsP","ftsP",9,"GEGEGB_03247","SO:0001217, UniRef:UniRef50_P26648"
"Cell division protein FtsQ","ftsQ",9,"GEGEGB_00142","SO:0001217, UniRef:UniRef50_P06136"
"Cell division protein FtsX","ftsX",9,"GEGEGB_04169","SO:0001217, UniRef:UniRef50_P0AC30"
"Cell division protein ZapA","zapA",9,"GEGEGB_03128","SO:0001217, UniRef:UniRef50_A4WE62"
"Cell division protein ZapB","zapB",9,"GEGEGB_03717","SO:0001217, UniRef:UniRef50_A1SZR9"
"Cell division protein ZapD","zapD",9,"GEGEGB_00154","SO:0001217, UniRef:UniRef50_P36680"
"Cell division protein ZapE","zapE",9,"GEGEGB_03431","SO:0001217, UniRef:UniRef50_E0SHD9"
"Cell division protein ZipA","zipA",9,"GEGEGB_00465","SO:0001217, UniRef:UniRef50_A0A447PCM5"
"Cell division topological specificity factor",NA,9,"GEGEGB_01124","SO:0001217, UniRef:UniRef50_P0A734"
"Cell shape-determining protein MreC","mreC",9,"GEGEGB_03458","SO:0001217, UniRef:UniRef50_A0A4V2X7I5"
"Cell wall hydrolase",NA,9,"GEGEGB_01000","SO:0001217, UniRef:UniRef50_A9MMN8"
"Cellulose biosynthesis protein BcsG","bcsG",9,"GEGEGB_04105","SO:0001217, UniRef:UniRef50_P37659"
"Cellulose synthase catalytic subunit [UDP-forming]",NA,9,"GEGEGB_04110","SO:0001217, UniRef:UniRef50_A0A7U7ERY7"
"CesT family type III secretion system chaperone","cesT",9,"GEGEGB_00764","SO:0001217, UniRef:UniRef50_A9MKW4"
"Chain length determinant protein",NA,9,"GEGEGB_00839","SO:0001217, UniRef:UniRef50_P76372"
"Chaperone NapD","napD",9,"GEGEGB_00649","SO:0001217, UniRef:UniRef50_P0A9I5"
"Chaperone lipoprotein YacC, putatively involved in protein secretion",NA,9,"GEGEGB_00183","SO:0001217, UniRef:UniRef50_E0SBM7"
"Chaperone modulatory protein CbpM","cbpM",9,"GEGEGB_01909","SO:0001217, UniRef:UniRef50_S3IMF7"
"Chaperone protein ClpB","clpB",9,"GEGEGB_02749","SO:0001217, UniRef:UniRef50_A0A1G6W1U3"
"Chaperone protein DnaJ","dnaJ",9,"GEGEGB_00014","SO:0001217, UniRef:UniRef50_A0A4R1HEE6"
"Chaperone protein DnaK","dnaK",9,"GEGEGB_00012","SO:0001217, UniRef:UniRef50_P43736"
"Chaperone protein HscA","hscA",9,"GEGEGB_00342","SO:0001217, UniRef:UniRef50_P0A6Z1"
"Chaperone protein HtpG","htpG",9,"GEGEGB_02496","SO:0001217, UniRef:UniRef50_P44516"
"Chaperone protein Skp",NA,9,"GEGEGB_00241","SO:0001217, UniRef:UniRef50_A0A3S4FYR1"
"Chaperone protein TorD","torD",9,"GEGEGB_03896","SO:0001217, UniRef:UniRef50_P36662"
"Chaperone protein YcdY","ycdY",9,"GEGEGB_01880","SO:0001217, UniRef:UniRef50_P75915"
"Chaperonin GroEL",NA,9,"GEGEGB_04617","SO:0001217, UniRef:UniRef50_Q6ARV6"
"Chemotaxis protein CheW","cheW",9,"GEGEGB_01018","SO:0001217, UniRef:UniRef50_Q8EF65"
"Chemotaxis protein MotB","motB",9,"GEGEGB_01016","SO:0001217, UniRef:UniRef50_A0A840GDT5"
"Chemotaxis protein methyltransferase",NA,9,"GEGEGB_01020","SO:0001217, UniRef:UniRef50_P07364"
"Chitobiose-specific regulator ChbR AraCfamily","chbR",9,"GEGEGB_01262","SO:0001217, UniRef:UniRef50_A0A379SJD0"
"Chitooligosaccharide deacetylase",NA,9,"GEGEGB_03203","SO:0001217, UniRef:UniRef50_X5Q2L5"
"Chitooligosaccharide deacetylase ChbG","chbG",9,"GEGEGB_01264","SO:0001217, UniRef:UniRef50_P37794"
"Chloramphenical resistance permease RarD","rarD",9,"GEGEGB_03518","SO:0001217, UniRef:UniRef50_A0A156JPX3"
"Chlorhexidine efflux transporter domain-containing protein",NA,9,"GEGEGB_03079","SO:0001217, UniRef:UniRef50_S5MZU1"
"Chloride channel protein",NA,9,"GEGEGB_00490","SO:0001217, UniRef:UniRef50_A0A919I7T6"
"Choline-binding protein",NA,9,"GEGEGB_00735","SO:0001217, UniRef:UniRef50_A0A379N3Q1"
"Choloylglycine hydrolase",NA,9,"GEGEGB_01536","SO:0001217, UniRef:UniRef50_A0A0U1HXN3"
"Chondro-6-sulfatase",NA,9,"GEGEGB_01231","SO:0001217, UniRef:UniRef50_A0A3V8BXM0"
"Chorismate pyruvate-lyase",NA,9,"GEGEGB_04365","SO:0001217, UniRef:UniRef50_A0A0F0VL15"
"Chorismate synthase",NA,9,"GEGEGB_00519","SO:0001217, UniRef:UniRef50_Q5E3U6"
"Chromosomal replication initiator protein DnaA","dnaA",9,"GEGEGB_03878","SO:0001217, UniRef:UniRef50_A0A1C4E0M5"
"Chromosome partition protein MukB","mukB",9,"GEGEGB_02043","SO:0001217, UniRef:UniRef50_P22523"
"Chromosome partition protein MukF","mukF",9,"GEGEGB_02045","SO:0001217, UniRef:UniRef50_A0A496N6Q3"
"CinA-like protein",NA,9,"GEGEGB_00610","SO:0001217, UniRef:UniRef50_A0A6N3QNB9"
"Citrate carrier",NA,9,"GEGEGB_03238","SO:0001217, UniRef:UniRef50_A9MQJ0"
"Citrate lyase acyl carrier protein",NA,9,"GEGEGB_00064","SO:0001217, UniRef:UniRef50_B7LVP5"
"Citrate transporter-like domain-containing protein",NA,9,"GEGEGB_03441","SO:0001217, UniRef:UniRef50_F3B4M1"
"Class B acid phosphatase",NA,9,"GEGEGB_04381","SO:0001217, UniRef:UniRef50_Q59544"
"Class I SAM-dependent methyltransferase",NA,9,"GEGEGB_01621","SO:0001217, UniRef:UniRef50_A0AAW7CIH1"
"Class III (Anaerobic) ribonucleotide reductase, large subunit",NA,9,"GEGEGB_04723","SO:0001217, UniRef:UniRef50_A0A198FRE1"
"ClpXP protease specificity-enhancing factor",NA,9,"GEGEGB_03426","SO:0001217, UniRef:UniRef50_A0A0T9TVK0"
"Co-chaperone protein HscB","hscB",9,"GEGEGB_00341","SO:0001217, UniRef:UniRef50_Q7N227"
"Co-chaperonin GroES",NA,9,"GEGEGB_04616","SO:0001217, UniRef:UniRef50_P25749"
"CoA-binding domain-containing protein",NA,9,"GEGEGB_01946","SO:0001217, UniRef:UniRef50_A0A2J4PK94"
"CobW C-terminal domain-containing protein","cobW",9,"GEGEGB_00685","SO:0001217, UniRef:UniRef50_A0A1S8YDL7"
"Cobalamin biosynthesis protein CobD","cobD",9,"GEGEGB_00890","SO:0001217, UniRef:UniRef50_A8AEP3"
"Cobalt transport protein CbiQ","cbiQ",9,"GEGEGB_00905","SO:0001217, UniRef:UniRef50_Q05598"
"Cobalt-precorrin-2 C(20)-methyltransferase",NA,9,"GEGEGB_00901","SO:0001217, UniRef:UniRef50_A0A379T931"
"Cobalt-precorrin-4 C(11)-methyltransferase",NA,9,"GEGEGB_00895","SO:0001217, UniRef:UniRef50_P0A2G9"
"Cobalt-precorrin-5A hydrolase",NA,9,"GEGEGB_00896","SO:0001217, UniRef:UniRef50_Q05631"
"Cobalt-precorrin-5B C(1)-methyltransferase",NA,9,"GEGEGB_00892","SO:0001217, UniRef:UniRef50_Q05628"
"Cobalt-precorrin-6B C(15)-methyltransferase (decarboxylating)",NA,9,"GEGEGB_00894","SO:0001217, UniRef:UniRef50_Q05632"
"Cobalt-precorrin-7 C(5)-methyltransferase",NA,9,"GEGEGB_00893","SO:0001217, UniRef:UniRef50_P0A2H1"
"Cobyric acid synthase",NA,9,"GEGEGB_00907","SO:0001217, UniRef:UniRef50_A0A7H4MRI6"
"Cobyrinate a,c-diamide synthase",NA,9,"GEGEGB_00889","SO:0001217, UniRef:UniRef50_P29946"
"Coenzyme A biosynthesis bifunctional protein CoaBC",NA,9,"GEGEGB_03997","SO:0001217, UniRef:UniRef50_A0A084A2C7"
"Coenzyme Q-binding protein COQ10 START domain-containing protein",NA,9,"GEGEGB_02774","SO:0001217, UniRef:UniRef50_H2FST7"
"Colanic acid biosynthesis protein WcaM","wcaM",9,"GEGEGB_00818","SO:0001217, UniRef:UniRef50_P71244"
"Cold shock-like protein CspD","cspD",9,"GEGEGB_02094","SO:0001217, UniRef:UniRef50_E0SMW7"
"Colicin V production protein",NA,9,"GEGEGB_00541","SO:0001217, UniRef:UniRef50_K2KMZ9"
"Condesin subunit E",NA,9,"GEGEGB_02044","SO:0001217, UniRef:UniRef50_A0A7D8IUH1"
"Conjugal transfer protein",NA,9,"GEGEGB_04374","SO:0001217, UniRef:UniRef50_L0MBG7"
"Copper resistance protein",NA,9,"GEGEGB_01907","SO:0001217, UniRef:UniRef50_A0A4U9VX74"
"Copper-exporting P-type ATPase",NA,9,"GEGEGB_02482","SO:0001217, UniRef:UniRef50_Q59385"
"Corrinoid adenosyltransferase",NA,9,"GEGEGB_01720","SO:0001217, UniRef:UniRef50_P0A9H5"
"Corrinoid adenosyltransferase EutT","eutT",9,"GEGEGB_00428","SO:0001217, UniRef:UniRef50_Q9ZFV4"
"Crossover junction endodeoxyribonuclease RuvC","ruvC",9,"GEGEGB_01042","SO:0001217, UniRef:UniRef50_P0A814"
"Crotonobetaine/carnitine--CoA ligase",NA,9,"GEGEGB_00075","SO:0001217, UniRef:UniRef50_P31552"
"Crotonobetainyl-CoA reductase",NA,9,"GEGEGB_00077","SO:0001217, UniRef:UniRef50_P60584"
"Curved DNA-binding protein",NA,9,"GEGEGB_01908","SO:0001217, UniRef:UniRef50_A8AI78"
"Cyclic di-GMP binding protein BcsE","bcsE",9,"GEGEGB_04107","SO:0001217, UniRef:UniRef50_P37657"
"Cyclic di-GMP phosphodiesterase PdeF","pdeF",9,"GEGEGB_00386","SO:0001217, UniRef:UniRef50_P77172"
"Cyclic di-GMP-binding protein",NA,9,"GEGEGB_04111","SO:0001217, UniRef:UniRef50_P37652"
"Cyclic pyranopterin monophosphate synthase",NA,9,"GEGEGB_02193","SO:0001217, UniRef:UniRef50_F5Z490"
"Cyclopropane-fatty-acyl-phospholipid synthase",NA,9,"GEGEGB_01368","SO:0001217, UniRef:UniRef50_A0A2C6DN07"
"Cyd operon protein YbgE","ybgE",9,"GEGEGB_02243","SO:0001217, UniRef:UniRef50_A0AAJ1FPU6"
"Cys-tRNA(Pro)/Cys-tRNA(Cys) deacylase YbaK","ybaK",9,"GEGEGB_02486","SO:0001217, UniRef:UniRef50_P45202"
"Cystathionine beta-lyase MetC","metC",9,"GEGEGB_03232","SO:0001217, UniRef:UniRef50_P06721"
"Cystathionine gamma-synthase",NA,9,"GEGEGB_03703","SO:0001217, UniRef:UniRef50_P00935"
"Cysteine desulfurase",NA,9,"GEGEGB_01312","SO:0001217, UniRef:UniRef50_Q7N3U5"
"Cysteine desulfurase sulfur acceptor subunit CsdE","csdE",9,"GEGEGB_03035","SO:0001217, UniRef:UniRef50_A0AAP9U5W9"
"Cysteine desulfuration protein SufE","sufE",9,"GEGEGB_01313","SO:0001217, UniRef:UniRef50_P76194"
"Cysteine synthase",NA,9,"GEGEGB_00463","SO:0001217, UniRef:UniRef50_A0A7X3M018"
"Cysteine synthase B",NA,9,"GEGEGB_00454","SO:0001217, UniRef:UniRef50_P16703"
"Cysteine--tRNA ligase",NA,9,"GEGEGB_02440","SO:0001217, UniRef:UniRef50_P59421"
"Cysteine/O-acetylserine efflux protein",NA,9,"GEGEGB_00286","SO:0001217, UniRef:UniRef50_Q8ZMX5"
"Cystine-binding periplasmic protein",NA,9,"GEGEGB_00988","SO:0001217, UniRef:UniRef50_N2IXY8"
"Cytidine deaminase",NA,9,"GEGEGB_00717","SO:0001217, UniRef:UniRef50_Q9CP11"
"Cytidylate kinase 2",NA,9,"GEGEGB_02058","SO:0001217, UniRef:UniRef50_P43893"
"Cytochrome BD2 subunit I",NA,9,"GEGEGB_02634","SO:0001217, UniRef:UniRef50_Q8ZRG3"
"Cytochrome bd-I ubiquinol oxidase subunit 2",NA,9,"GEGEGB_02245","SO:0001217, UniRef:UniRef50_P0ABK2"
"Cytochrome bd-II oxidase subunit CbdX","cbdX",9,"GEGEGB_01148","SO:0001217, UniRef:UniRef50_Q32HS8"
"Cytochrome bo(3) ubiquinol oxidase subunit 3",NA,9,"GEGEGB_02545","SO:0001217, UniRef:UniRef50_H6Q5G4"
"Cytochrome bo(3) ubiquinol oxidase subunit 4",NA,9,"GEGEGB_02546","SO:0001217, UniRef:UniRef50_F0KHU8"
"Cytochrome c nitrite reductase, Fe-S protein",NA,9,"GEGEGB_04411","SO:0001217, UniRef:UniRef50_I3D8T3"
"Cytochrome c-552",NA,9,"GEGEGB_04409","SO:0001217, UniRef:UniRef50_P0ABK9"
"Cytochrome c-type protein",NA,9,"GEGEGB_03894","SO:0001217, UniRef:UniRef50_A0A2C6DLY1"
"Cytochrome c-type protein NapC","napC",9,"GEGEGB_00654","SO:0001217, UniRef:UniRef50_P44655"
"Cytochrome c-type protein NrfB","nrfB",9,"GEGEGB_04410","SO:0001217, UniRef:UniRef50_P0ABL1"
"Cytochrome c551 peroxidase",NA,9,"GEGEGB_03897","SO:0001217, UniRef:UniRef50_A0A1B7I1Z9"
"Cytochrome o ubiquinol oxidase subunit I",NA,9,"GEGEGB_02544","SO:0001217, UniRef:UniRef50_A0A363RR81"
"Cytoplasmic alpha-amylase",NA,9,"GEGEGB_00979","SO:0001217, UniRef:UniRef50_P26612"
"Cytoplasmic trehalase",NA,9,"GEGEGB_04128","SO:0001217, UniRef:UniRef50_P62601"
"Cytosine permease",NA,9,"GEGEGB_03417","SO:0001217, UniRef:UniRef50_P0AA82"
"Cytosine-specific methyltransferase",NA,9,"GEGEGB_00949","SO:0001217, UniRef:UniRef50_A0A014NA45"
"Cytoskeleton protein RodZ","rodZ",9,"GEGEGB_00361","SO:0001217, UniRef:UniRef50_A0AAE4DN64"
"D-3-phosphoglycerate dehydrogenase",NA,9,"GEGEGB_03132","SO:0001217, UniRef:UniRef50_A0A0E8LPW5"
"D-alanine--D-alanine ligase A",NA,9,"GEGEGB_02614","SO:0001217, UniRef:UniRef50_P0A1F0"
"D-alanyl-D-alanine-carboxypeptidase/endopeptidase AmpH","ampH",9,"GEGEGB_02619","SO:0001217, UniRef:UniRef50_A0A485AFX9"
"D-amino acid dehydrogenase",NA,9,"GEGEGB_01137","SO:0001217, UniRef:UniRef50_D3VHC6"
"D-aminoacyl-tRNA deacylase",NA,9,"GEGEGB_03781","SO:0001217, UniRef:UniRef50_P0A6M4"
"D-cysteine desulfhydrase",NA,9,"GEGEGB_00989","SO:0001217, UniRef:UniRef50_A0AAP1MTS7"
"D-erythronate dehydrogenase",NA,9,"GEGEGB_02951","SO:0001217, UniRef:UniRef50_P44094"
"D-erythrose-4-phosphate dehydrogenase",NA,9,"GEGEGB_03143","SO:0001217, UniRef:UniRef50_P0C6C2"
"D-galactose/methyl-galactoside binding periplasmic protein MglB","mglB",9,"GEGEGB_00708","SO:0001217, UniRef:UniRef50_P0AEE5"
"D-glucosaminate-specific PTS system IID component",NA,9,"GEGEGB_03952","SO:0001217, UniRef:UniRef50_A0A542AGN7"
"D-glycero-beta-D-manno-heptose 1-phosphate adenylyltransferase",NA,9,"GEGEGB_03275","SO:0001217, UniRef:UniRef50_A0A379T611"
"D-glycero-beta-D-manno-heptose-1,7-bisphosphate 7-phosphatase",NA,9,"GEGEGB_00270","SO:0001217, UniRef:UniRef50_P63228"
"D-lactate dehydrogenase","ldhA",9,"GEGEGB_01633","BlastRules:WP_000762236, EC:1.1.1.28, SO:0001217, UniRef:UniRef50_P52643"
"D-malate degradation protein R",NA,9,"GEGEGB_02740","SO:0001217, UniRef:UniRef50_A0A2X4UCV0"
"D-mannonate oxidoreductase",NA,9,"GEGEGB_03206","SO:0001217, UniRef:UniRef50_P39160"
"D-ornithine/D-lysine decarboxylase",NA,9,"GEGEGB_00544","SO:0001217, UniRef:UniRef50_Q8ZNC4"
"D-ribose pyranase",NA,9,"GEGEGB_03834","SO:0001217, UniRef:UniRef50_A7MMV4"
"D-serine dehydratase",NA,9,"GEGEGB_03914","SO:0001217, UniRef:UniRef50_Q8FFF4"
"D-serine/D-alanine/glycine transporter",NA,9,"GEGEGB_04682","SO:0001217, UniRef:UniRef50_Q6A5H4"
"D-threonate 4-phosphate dehydrogenase",NA,9,"GEGEGB_00179","SO:0001217, UniRef:UniRef50_P58718"
"D-threonate kinase",NA,9,"GEGEGB_00178","BlastRules:WP_000782192, SO:0001217, UniRef:UniRef50_Q8ZRS5"
"DJ-1/PfpI family protein",NA,9,"GEGEGB_01009","SO:0001217, UniRef:UniRef50_A0A6G6H7R4"
"DNA 5'-3' helicase",NA,9,"GEGEGB_01118","SO:0001217, UniRef:UniRef50_A0A2X4UQL8"
"DNA adenine methylase",NA,9,"GEGEGB_04241","SO:0001217, UniRef:UniRef50_P45454"
"DNA adenine methyltransferase YhdJ","yhdJ",9,"GEGEGB_03471","SO:0001217, UniRef:UniRef50_P28638"
"DNA damage-inducible protein F",NA,9,"GEGEGB_04370","SO:0001217, UniRef:UniRef50_P28303"
"DNA gyrase inhibitor",NA,9,"GEGEGB_00863","SO:0001217, UniRef:UniRef50_B7LTX8"
"DNA gyrase inhibitor YacG","yacG",9,"GEGEGB_00153","SO:0001217, UniRef:UniRef50_B2VD52"
"DNA gyrase subunit A",NA,9,"GEGEGB_00633","SO:0001217, UniRef:UniRef50_Q89AS3"
"DNA gyrase subunit B",NA,9,"GEGEGB_03882","SO:0001217, UniRef:UniRef50_A0A0S2JCA5"
"DNA helicase II",NA,9,"GEGEGB_03522","SO:0001217, UniRef:UniRef50_P03018"
"DNA helicase IV",NA,9,"GEGEGB_01949","SO:0001217, UniRef:UniRef50_P15038"
"DNA helicase RecQ","recQ",9,"GEGEGB_03515","SO:0001217, UniRef:UniRef50_K6ZXG4"
"DNA ligase",NA,9,"GEGEGB_00466","SO:0001217, UniRef:UniRef50_C4K4K4"
"DNA mismatch endonuclease Vsr",NA,9,"GEGEGB_00950","SO:0001217, UniRef:UniRef50_P09184"
"DNA mismatch repair protein MutH","mutH",9,"GEGEGB_03057","SO:0001217, UniRef:UniRef50_A6TDG7"
"DNA mismatch repair protein MutL","mutL",9,"GEGEGB_04644","SO:0001217, UniRef:UniRef50_A0A2X4UAZ6"
"DNA mismatch repair protein MutS","mutS",9,"GEGEGB_02946","SO:0001217, UniRef:UniRef50_P23909"
"DNA polymerase I",NA,9,"GEGEGB_03814","SO:0001217, UniRef:UniRef50_G2E0J3"
"DNA polymerase III subunit alpha",NA,9,"GEGEGB_00247","SO:0001217, UniRef:UniRef50_P10443"
"DNA polymerase III subunit delta",NA,9,"GEGEGB_02336","SO:0001217, UniRef:UniRef50_D3VAG5"
"DNA polymerase III subunit delta'",NA,9,"GEGEGB_01814","SO:0001217, UniRef:UniRef50_P28631"
"DNA polymerase III subunit epsilon",NA,9,"GEGEGB_02732","SO:0001217, UniRef:UniRef50_A0A379F748"
"DNA polymerase III subunit gamma/tau",NA,9,"GEGEGB_02499","SO:0001217, UniRef:UniRef50_A0A089RJ49"
"DNA polymerase III subunit psi",NA,9,"GEGEGB_04847","SO:0001217, UniRef:UniRef50_A0A0T9T0P2"
"DNA polymerase III subunit theta",NA,9,"GEGEGB_01064","SO:0001217, UniRef:UniRef50_A0A1V2BHY2"
"DNA polymerase III, chi subunit",NA,9,"GEGEGB_04747","SO:0001217, UniRef:UniRef50_Q6DA53"
"DNA polymerase IV",NA,9,"GEGEGB_02669","SO:0001217, UniRef:UniRef50_I8U8V4"
"DNA primase",NA,9,"GEGEGB_03285","SO:0001217, UniRef:UniRef50_A0A0E3Y7S4"
"DNA protection during starvation protein",NA,9,"GEGEGB_02164","SO:0001217, UniRef:UniRef50_Q7CQV9"
"DNA repair protein RadA","radA",9,"GEGEGB_04865","SO:0001217, UniRef:UniRef50_A0A0K2BL85"
"DNA repair protein RadC","radC",9,"GEGEGB_03998","SO:0001217, UniRef:UniRef50_A0A0H8NNL7"
"DNA repair protein RecN","recN",9,"GEGEGB_02771","SO:0001217, UniRef:UniRef50_P05824"
"DNA repair protein RecO","recO",9,"GEGEGB_00300","SO:0001217, UniRef:UniRef50_P0A7H3"
"DNA replication and repair protein RecF","recF",9,"GEGEGB_03881","SO:0001217, UniRef:UniRef50_P0A7H0"
"DNA replication terminus site-binding protein",NA,9,"GEGEGB_01411","SO:0001217, UniRef:UniRef50_A0A2P5GTY5"
"DNA topoisomerase 4 subunit B",NA,9,"GEGEGB_03256","BlastRules:WP_000195318, SO:0001217, UniRef:UniRef50_A0A379GCN8"
"DNA topoisomerase III","topB",9,"GEGEGB_01243","BlastRules:WP_001140209, BlastRules:WP_001235800, EC:5.6.2.1, SO:0001217, UniRef:UniRef50_P43704"
"DNA translocase FtsK","ftsK",9,"GEGEGB_02079","BlastRules:WP_001542260, SO:0001217, UniRef:UniRef50_A0A737NWC7"
"DNA uptake porin HofQ","hofQ",9,"GEGEGB_04237","SO:0001217, UniRef:UniRef50_A0A7L7IMV1"
"DNA utilization protein HofM","hofM",9,"GEGEGB_04233","SO:0001217, UniRef:UniRef50_A0A0K0HEX2"
"DNA utilization protein YhgH","yhgH",9,"GEGEGB_04215","SO:0001217, UniRef:UniRef50_P46846"
"DNA-3-methyladenine glycosylase I",NA,9,"GEGEGB_04089","SO:0001217, UniRef:UniRef50_A0A061CVY2"
"DNA-3-methyladenine glycosylase II",NA,9,"GEGEGB_00791","SO:0001217, UniRef:UniRef50_I6CPF2"
"DNA-binding dual transcriptional regulator OmpR","ompR",9,"GEGEGB_04223","SO:0001217, UniRef:UniRef50_Q7N9U9"
"DNA-binding protein Fis",NA,9,"GEGEGB_03470","SO:0001217, UniRef:UniRef50_P57902"
"DNA-binding protein HU-beta",NA,9,"GEGEGB_03639","SO:0001217, UniRef:UniRef50_A0A090ASH9"
"DNA-binding transcriptional dual regulator",NA,9,"GEGEGB_03569","SO:0001217, UniRef:UniRef50_A0A455VH64"
"DNA-binding transcriptional regulator",NA,9,"GEGEGB_03779","SO:0001217, UniRef:UniRef50_A0A455VJY3"
"DNA-binding transcriptional regulator ArgP","argP",9,"GEGEGB_03134","BlastRules:WP_000828351, SO:0001217, UniRef:UniRef50_P0A8S1"
"DNA-binding transcriptional regulator BolA","bolA",9,"GEGEGB_02540","SO:0001217, UniRef:UniRef50_Q56585"
"DNA-binding transcriptional regulator CdaR","cdaR",9,"GEGEGB_00223","BlastRules:WP_000929443, SO:0001217, UniRef:UniRef50_P37047"
"DNA-binding transcriptional regulator CsgD","csgD",9,"GEGEGB_01875","SO:0001217, UniRef:UniRef50_A0A6L5E5B7, VFDB:VFC0001, VFDB:VFG004125"
"DNA-binding transcriptional regulator DecR","decR",9,"GEGEGB_02523","BlastRules:WP_000884589, SO:0001217, UniRef:UniRef50_A0A3E1ZZB2"
"DNA-binding transcriptional regulator ModE","modE",9,"GEGEGB_02218","SO:0001217, UniRef:UniRef50_A0A0T9KF16"
"DNA-binding transcriptional regulator NagC","nagC",9,"GEGEGB_02307","BlastRules:WP_000187594, SO:0001217, UniRef:UniRef50_P0AF20"
"DNA-binding transcriptional regulator NtrC","ntrC",9,"GEGEGB_03806","SO:0001217, UniRef:UniRef50_A0A519ZKQ6"
"DNA-binding transcriptional regulator OxyR","oxyR",9,"GEGEGB_03682","SO:0001217, UniRef:UniRef50_A0A7X4LIK5"
"DNA-binding transcriptional regulator YhaJ","yhaJ",9,"GEGEGB_03313","BlastRules:WP_001041009, SO:0001217, UniRef:UniRef50_P67661"
"DNA-binding transcriptional repressor Mlc",NA,9,"GEGEGB_01481","SO:0001217, UniRef:UniRef50_P50456"
"DNA-directed RNA polymerase subunit alpha",NA,9,"GEGEGB_04313","SO:0001217, UniRef:UniRef50_Q9KP08"
"DNA-directed RNA polymerase subunit beta",NA,9,"GEGEGB_03654","SO:0001217, UniRef:UniRef50_P0A8V2"
"DNA-directed RNA polymerase subunit beta'",NA,9,"GEGEGB_03653","SO:0001217, UniRef:UniRef50_Q65W40"
"DNA-directed RNA polymerase subunit omega",NA,9,"GEGEGB_03985","SO:0001217, UniRef:UniRef50_A0A2D4TDH0"
"DUF1007 domain-containing protein",NA,9,"GEGEGB_00328","SO:0001217, UniRef:UniRef50_D4GK73"
"DUF1062 domain-containing protein",NA,9,"GEGEGB_04796","SO:0001217, UniRef:UniRef50_A0A0H3GPE0"
"DUF1107 domain-containing protein",NA,9,"GEGEGB_04692","SO:0001217, UniRef:UniRef50_D3VIJ9"
"DUF112 domain-containing protein",NA,9,"GEGEGB_02821","SO:0001217, UniRef:UniRef50_K2LWJ3"
"DUF1145 domain-containing protein",NA,9,"GEGEGB_04165","SO:0001217, UniRef:UniRef50_A0A0F1ASF5"
"DUF1176 domain-containing protein",NA,9,"GEGEGB_00418","SO:0001217, UniRef:UniRef50_A0A830Z484"
"DUF1198 domain-containing protein",NA,9,"GEGEGB_03934","SO:0001217, UniRef:UniRef50_A0A8B6IWN8"
"DUF1264 domain-containing protein",NA,9,"GEGEGB_01554","SO:0001217, UniRef:UniRef50_A0A2S7A8B3"
"DUF1307 domain-containing protein",NA,9,"GEGEGB_00744","SO:0001217, UniRef:UniRef50_A0A636VRM7"
"DUF1418 domain-containing protein",NA,9,"GEGEGB_02126","SO:0001217, UniRef:UniRef50_L0M4U6"
"DUF1425 domain-containing protein",NA,9,"GEGEGB_01808","SO:0001217, UniRef:UniRef50_V5TZW7"
"DUF1454 domain-containing protein",NA,9,"GEGEGB_03723","SO:0001217, UniRef:UniRef50_A0A1H9KI68"
"DUF1468 domain-containing protein",NA,9,"GEGEGB_02820","SO:0001217, UniRef:UniRef50_C7BT73"
"DUF1482 domain-containing protein",NA,9,"GEGEGB_01088","SO:0001217, UniRef:UniRef50_A0A090V2E4"
"DUF1488 domain-containing protein",NA,9,"GEGEGB_04328","SO:0001217, UniRef:UniRef50_A0A8E1RUV6"
"DUF1778 domain-containing protein",NA,9,"GEGEGB_04079","SO:0001217, UniRef:UniRef50_A0A291E5R7"
"DUF1869 domain-containing protein",NA,9,"GEGEGB_01212","SO:0001217, UniRef:UniRef50_H5V5E1"
"DUF1971 domain-containing protein",NA,9,"GEGEGB_01211","SO:0001217, UniRef:UniRef50_A9MFJ4"
"DUF1996 domain-containing protein",NA,9,"GEGEGB_04445","SO:0001217, UniRef:UniRef50_A0A2P5GN72"
"DUF2002 domain-containing protein",NA,9,"GEGEGB_02837","SO:0001217, UniRef:UniRef50_C5BEX5"
"DUF2065 domain-containing protein",NA,9,"GEGEGB_04650","SO:0001217, UniRef:UniRef50_U3U0K0"
"DUF2474 domain-containing protein",NA,9,"GEGEGB_02632","SO:0001217, UniRef:UniRef50_A0A0J1LXD0"
"DUF2491 domain-containing protein",NA,9,"GEGEGB_04658","SO:0001217, UniRef:UniRef50_A0A377KEB4"
"DUF2492 domain-containing protein",NA,9,"GEGEGB_01005","SO:0001217, UniRef:UniRef50_A0A3V2NXD6"
"DUF2496 domain-containing protein",NA,9,"GEGEGB_02503","SO:0001217, UniRef:UniRef50_A0A090V5S3"
"DUF2509 domain-containing protein",NA,9,"GEGEGB_03048","SO:0001217, UniRef:UniRef50_A0A564LP56"
"DUF2531 domain-containing protein",NA,9,"GEGEGB_04236","SO:0001217, UniRef:UniRef50_A9MMD6"
"DUF2534 domain-containing protein",NA,9,"GEGEGB_01654","SO:0001217, UniRef:UniRef50_A8AGC7"
"DUF2545 domain-containing protein",NA,9,"GEGEGB_00497","SO:0001217, UniRef:UniRef50_A0AA44LGH2"
"DUF2556 domain-containing protein",NA,9,"GEGEGB_03472","SO:0001217, UniRef:UniRef50_B7LRN8"
"DUF2594 domain-containing protein",NA,9,"GEGEGB_00993","SO:0001217, UniRef:UniRef50_A0A1C4GES6"
"DUF2623 domain-containing protein",NA,9,"GEGEGB_03221","SO:0001217, UniRef:UniRef50_A8APN5"
"DUF2754 domain-containing protein",NA,9,"GEGEGB_02615","SO:0001217, UniRef:UniRef50_A0A8T6QDE3"
"DUF2755 domain-containing protein",NA,9,"GEGEGB_02616","SO:0001217, UniRef:UniRef50_A0A2S4MUA2"
"DUF2950 domain-containing protein",NA,9,"GEGEGB_00173","SO:0001217, UniRef:UniRef50_C9XVS6"
"DUF3156 domain-containing protein",NA,9,"GEGEGB_03195","SO:0001217, UniRef:UniRef50_A0A4P8SIJ8"
"DUF3251 domain-containing protein",NA,9,"GEGEGB_02575","SO:0001217, UniRef:UniRef50_A0A090VTP6"
"DUF333 domain-containing protein",NA,9,"GEGEGB_01218","SO:0001217, UniRef:UniRef50_B7LSP3"
"DUF3811 domain-containing protein",NA,9,"GEGEGB_04346","SO:0001217, UniRef:UniRef50_A0A389MF16"
"DUF3828 domain-containing protein",NA,9,"GEGEGB_00528","SO:0001217, UniRef:UniRef50_R8WVY9"
"DUF4034 domain-containing protein",NA,9,"GEGEGB_00778","SO:0001217, UniRef:UniRef50_A0A084A5T1"
"DUF4156 domain-containing protein",NA,9,"GEGEGB_02643","SO:0001217, UniRef:UniRef50_L0M2Y1"
"DUF416 domain-containing protein",NA,9,"GEGEGB_03640","SO:0001217, UniRef:UniRef50_A0A6L2ZL37"
"DUF417 domain-containing protein",NA,9,"GEGEGB_02415","SO:0001217, UniRef:UniRef50_A0A2P7TX98"
"DUF423 domain-containing protein",NA,9,"GEGEGB_03029","SO:0001217, UniRef:UniRef50_B5RDV9"
"DUF4310 domain-containing protein",NA,9,"GEGEGB_04714","SO:0001217, UniRef:UniRef50_A0A0M2N600"
"DUF4311 domain-containing protein",NA,9,"GEGEGB_04713","SO:0001217, UniRef:UniRef50_A8AMF4"
"DUF4385 domain-containing protein",NA,9,"GEGEGB_00276","SO:0001217, UniRef:UniRef50_A0A142YLP9"
"DUF4432 domain-containing protein",NA,9,"GEGEGB_03929","SO:0001217, UniRef:UniRef50_A0A485BCZ6"
"DUF469 domain-containing protein",NA,9,"GEGEGB_03175","SO:0001217, UniRef:UniRef50_Q8EBX9"
"DUF485 domain-containing protein",NA,9,"GEGEGB_04407","SO:0001217, UniRef:UniRef50_K2K1S2"
"DUF488 domain-containing protein",NA,9,"GEGEGB_01220","SO:0001217, UniRef:UniRef50_A0AAQ1K6G5"
"DUF535 domain-containing protein",NA,9,"GEGEGB_02097","SO:0001217, UniRef:UniRef50_D2TR76"
"DUF554 domain-containing protein",NA,9,"GEGEGB_03183","SO:0001217, UniRef:UniRef50_A0A2S4RTH8"
"DUF72 domain-containing protein",NA,9,"GEGEGB_01037","SO:0001217, UniRef:UniRef50_A0AAJ1D0V7"
"DUF805 domain-containing protein",NA,9,"GEGEGB_03722","SO:0001217, UniRef:UniRef50_A0A329HBD2"
"DUF882 domain-containing protein",NA,9,"GEGEGB_02041","SO:0001217, UniRef:UniRef50_A0A2G0QAZ9"
"Damage-inducible protein",NA,9,"GEGEGB_01854","SO:0001217, UniRef:UniRef50_A0A2B7LQV9"
"Decarboxylase",NA,9,"GEGEGB_02958","SO:0001217, UniRef:UniRef50_A0A2X4TIG3"
"DedA family inner membrane protein YabI","yabI",9,"GEGEGB_00114","SO:0001217, UniRef:UniRef50_A0A377TMN9"
"DedA family protein","dedA",9,"GEGEGB_00537","SO:0001217, UniRef:UniRef50_A0A0H3H138"
"Delta-aminolevulinic acid dehydratase",NA,9,"GEGEGB_02622","SO:0001217, UniRef:UniRef50_P0ACB2"
"DeoR family transcriptional regulator","deoR",9,"GEGEGB_02956","SO:0001217, UniRef:UniRef50_Q849X9"
"DeoR/GlpR family transcriptional regulator",NA,9,"GEGEGB_04209","SO:0001217, UniRef:UniRef50_A0A3E1ZWK6"
"Deoxyguanosinetriphosphate triphosphohydrolase",NA,9,"GEGEGB_00221","SO:0001217, UniRef:UniRef50_P15723"
"Deoxyribodipyrimidine photo-lyase",NA,9,"GEGEGB_02278","SO:0001217, UniRef:UniRef50_P25078"
"Deoxyribokinase",NA,9,"GEGEGB_03927","SO:0001217, UniRef:UniRef50_A0A174AFF4"
"Deoxyribose operon repressor",NA,9,"GEGEGB_02136","SO:0001217, UniRef:UniRef50_A0A377ZBL2"
"Deoxyribose-phosphate aldolase",NA,9,"GEGEGB_04857","SO:0001217, UniRef:UniRef50_P0A6L0"
"Deoxyuridine 5'-triphosphate nucleotidohydrolase",NA,9,"GEGEGB_03996","SO:0001217, UniRef:UniRef50_Q5ZSN0"
"Dephospho-CoA kinase",NA,9,"GEGEGB_00155","SO:0001217, UniRef:UniRef50_P56186"
"Diacylglycerol kinase",NA,9,"GEGEGB_04368","SO:0001217, UniRef:UniRef50_Q7CPB3"
"Diaminopimelate decarboxylase",NA,9,"GEGEGB_03070","SO:0001217, UniRef:UniRef50_Q9ZBH5"
"Diaminopimelate epimerase",NA,9,"GEGEGB_03526","SO:0001217, UniRef:UniRef50_A0A1Y0CYQ9"
"Diguanylate cyclase DgcN","dgcN",9,"GEGEGB_02760","SO:0001217, UniRef:UniRef50_P46139"
"Dihydrofolate reductase",NA,9,"GEGEGB_00094","SO:0001217, UniRef:UniRef50_Q6D0D5"
"Dihydrofolate synthase/folylpolyglutamate synthase",NA,9,"GEGEGB_00539","SO:0001217, UniRef:UniRef50_P08192"
"Dihydrolipoyl dehydrogenase",NA,9,"GEGEGB_00170","SO:0001217, UniRef:UniRef50_P0A9P0"
"Dihydrolipoyllysine-residue acetyltransferase component of pyruvate dehydrogenase complex",NA,9,"GEGEGB_00169","SO:0001217, UniRef:UniRef50_P06959"
"Dihydrolipoyllysine-residue succinyltransferase component of 2-oxoglutarate dehydrogenase complex",NA,9,"GEGEGB_02250","SO:0001217, UniRef:UniRef50_A0A0A5QZW2"
"Dihydroneopterin triphosphate diphosphatase",NA,9,"GEGEGB_01040","SO:0001217, UniRef:UniRef50_P44635"
"Dihydropteroate synthase",NA,9,"GEGEGB_03377","SO:0001217, UniRef:UniRef50_P0AC13"
"Dihydroxy-acid dehydratase",NA,9,"GEGEGB_03573","SO:0001217, UniRef:UniRef50_Q9I6E0"
"Dimethylsulfoxide reductase subunit B",NA,9,"GEGEGB_00356","SO:0001217, UniRef:UniRef50_A0A8S7RR40"
"Dioxygenase for synthesis of lipid",NA,9,"GEGEGB_04418","SO:0001217, UniRef:UniRef50_H9L4A3"
"Dipeptidase",NA,9,"GEGEGB_01926","SO:0001217, UniRef:UniRef50_Q8ZQ55"
"Dipeptide and tripeptide permease A",NA,9,"GEGEGB_01394","SO:0001217, UniRef:UniRef50_Q0WEG0"
"Dipeptide and tripeptide permease B",NA,9,"GEGEGB_04138","SO:0001217, UniRef:UniRef50_P36837"
"Dipeptide and tripeptide permease C",NA,9,"GEGEGB_00320","SO:0001217, UniRef:UniRef50_P39276"
"Dipeptide permease D",NA,9,"GEGEGB_02277","SO:0001217, UniRef:UniRef50_Q7CQY0"
"Dipeptide transport system permease protein DppB","dppB",9,"GEGEGB_04098","SO:0001217, UniRef:UniRef50_P0AEF8"
"Dipeptide transport system permease protein DppC","dppC",9,"GEGEGB_04099","SO:0001217, UniRef:UniRef50_P0AEG1"
"Disulfide bond formation protein B",NA,9,"GEGEGB_01133","SO:0001217, UniRef:UniRef50_M4U622"
"Disulfide-bond oxidoreductase YghU","yghU",9,"GEGEGB_03210","SO:0001217, UniRef:UniRef50_A0A2Z4YST1"
"Ditrans,polycis-undecaprenyl-diphosphate synthase ((2E,6E)-farnesyl-diphosphate specific)",NA,9,"GEGEGB_00237","SO:0001217, UniRef:UniRef50_A0A0Q9YYB9"
"Divalent-cation tolerance protein CutA","cutA",9,"GEGEGB_04611","SO:0001217, UniRef:UniRef50_Q6D9J5"
"DnaA initiator-associating protein DiaA","diaA",9,"GEGEGB_03349","SO:0001217, UniRef:UniRef50_P66817"
"DnaA regulatory inactivator Hda","dnaA",9,"GEGEGB_00393","SO:0001217, UniRef:UniRef50_P69931"
"DnaJ-like ue subfamily C member 28 conserved domain-containing protein",NA,9,"GEGEGB_04315","SO:0001217, UniRef:UniRef50_A0A3D0EHT8"
"DsDNA-mimic protein",NA,9,"GEGEGB_01743","SO:0001217, UniRef:UniRef50_A0A377K9M0"
"DsdX permease","dsdX",9,"GEGEGB_03915","SO:0001217, UniRef:UniRef50_A0A2X2T347"
"Dual-action ribosomal maturation protein DarP","darP",9,"GEGEGB_04707","SO:0001217, UniRef:UniRef50_D3V5K3"
"Dual-specificity RNA methyltransferase RlmN","rlmN",9,"GEGEGB_00360","SO:0001217, UniRef:UniRef50_P36979"
"Dual-specificity RNA pseudouridine synthase RluA","rluA",9,"GEGEGB_00102","SO:0001217, UniRef:UniRef50_P0AA37"
"Dual-specificity RNA pseudouridine synthase RluF","rluF",9,"GEGEGB_04345","SO:0001217, UniRef:UniRef50_Q8ZKL1"
"ECA polysaccharide chain length modulation protein",NA,9,"GEGEGB_03556","SO:0001217, UniRef:UniRef50_A0A4P8SLS1"
"ECF transporter S component",NA,9,"GEGEGB_03145","SO:0001217, UniRef:UniRef50_A8APE3"
"EamA family transporter RarD","rarD",9,"GEGEGB_03036","SO:0001217, UniRef:UniRef50_UPI0019CAF06C"
"Ecotin",NA,9,"GEGEGB_00646","SO:0001217, UniRef:UniRef50_Q8ZNH4"
"Elongation factor 4",NA,9,"GEGEGB_00296","SO:0001217, UniRef:UniRef50_A0A2D9XTD1"
"Elongation factor G",NA,9,"GEGEGB_04282","SO:0001217, UniRef:UniRef50_Q1LSY5"
"Elongation factor P",NA,9,"GEGEGB_04621","SO:0001217, UniRef:UniRef50_Q8ZIY0"
"Elongation factor P--(R)-beta-lysine ligase",NA,9,"GEGEGB_04630","SO:0001217, UniRef:UniRef50_Q9Z614"
"Elongation factor Ts",NA,9,"GEGEGB_00233","SO:0001217, UniRef:UniRef50_A5WCX3"
"Endo-type membrane-bound lytic murein transglycosylase A",NA,9,"GEGEGB_01141","SO:0001217, UniRef:UniRef50_P0C960"
"Endoglucanase",NA,9,"GEGEGB_04112","SO:0001217, UniRef:UniRef50_P37651"
"Endolytic murein transglycosylase",NA,9,"GEGEGB_01816","SO:0001217, UniRef:UniRef50_P28306"
"Endolytic peptidoglycan transglycosylase RlpA","rlpA",9,"GEGEGB_02344","SO:0001217, UniRef:UniRef50_A0A4P8YPF4"
"Endonuclease 8",NA,9,"GEGEGB_02258","SO:0001217, UniRef:UniRef50_P50465"
"Endonuclease I",NA,9,"GEGEGB_03158","SO:0001217, UniRef:UniRef50_A0A379IGJ8"
"Endonuclease III",NA,9,"GEGEGB_01395","SO:0001217, UniRef:UniRef50_P44319"
"Endonuclease V",NA,9,"GEGEGB_03641","SO:0001217, UniRef:UniRef50_I2BE02"
"Endoribonuclease YbeY","ybeY",9,"GEGEGB_02319","SO:0001217, UniRef:UniRef50_P71335"
"Endoribonuclease YicC","yicC",9,"GEGEGB_03992","SO:0001217, UniRef:UniRef50_P23839"
"Energy-coupling factor transporter transmembrane protein EcfT","ecfT",9,"GEGEGB_03146","SO:0001217, UniRef:UniRef50_A0A8S0FN79"
"Energy-dependent translational throttle protein EttA","ettA",9,"GEGEGB_04867","SO:0001217, UniRef:UniRef50_A0A371QPE2"
"Enhanced serine sensitivity protein SseB","sseB",9,"GEGEGB_00347","SO:0001217, UniRef:UniRef50_A0A6P1PZI3"
"Enolase",NA,9,"GEGEGB_02990","SO:0001217, UniRef:UniRef50_A0A447N4P2"
"Enoyl-[acyl-carrier-protein] reductase [NADH] FabI","fabI",9,"GEGEGB_01698","SO:0001217, UniRef:UniRef50_P0AEK4"
"Enoyl-[acyl-carrier-protein] reductase [NADPH]",NA,9,"GEGEGB_01667","SO:0001217, UniRef:UniRef50_A0A177GCP5"
"Enterobactin synthase component D",NA,9,"GEGEGB_02402","SO:0001217, UniRef:UniRef50_Q56064"
"Enterobactin synthetase component F",NA,9,"GEGEGB_02398","SO:0001217, UniRef:UniRef50_A0A379UMB8"
"Enterochelin esterase N-terminal domain-containing protein",NA,9,"GEGEGB_02809","SO:0001217, UniRef:UniRef50_A9MG41"
"Envelope stress response membrane protein PspB","pspB",9,"GEGEGB_01684","SO:0001217, UniRef:UniRef50_Q9F4H3"
"Envelope stress response membrane protein PspC","pspC",9,"GEGEGB_01683","SO:0001217, UniRef:UniRef50_A0A484Z727"
"Enzyme IIB component of PTS",NA,9,"GEGEGB_03949","SO:0001217, UniRef:UniRef50_A0A0C2A0M6"
"Epimerase family protein yfcH","yfcH",9,"GEGEGB_00554","SO:0001217, UniRef:UniRef50_F4N6V7"
"Epoxyqueuosine reductase",NA,9,"GEGEGB_04640","SO:0001217, UniRef:UniRef50_P39288"
"Erythronate-4-phosphate dehydrogenase",NA,9,"GEGEGB_00534","SO:0001217, UniRef:UniRef50_Q1LTA7"
"EscG/YscG/SsaH family type III secretion system needle protein co-chaperone",NA,9,"GEGEGB_01348","SO:0001217, UniRef:UniRef50_A9MEL1"
"Esterase FrsA","frsA",9,"GEGEGB_02664","SO:0001217, UniRef:UniRef50_P04335"
"Esterase YjfP","yjfP",9,"GEGEGB_04665","SO:0001217, UniRef:UniRef50_P39298"
"Esterase YqiA","yqiA",9,"GEGEGB_03257","SO:0001217, UniRef:UniRef50_C7BKB9"
"Ethanolamine ammonia-lyase reactivase EutA","eutA",9,"GEGEGB_00435","SO:0001217, UniRef:UniRef50_Q9ZFV2"
"Ethanolamine ammonia-lyase small subunit",NA,9,"GEGEGB_00437","SO:0001217, UniRef:UniRef50_P19265"
"Ethanolamine utilization microcompartment protein EutK","eutK",9,"GEGEGB_00439","SO:0001217, UniRef:UniRef50_A0A6L5EAN2"
"Ethanolamine utilization protein EutH","eutH",9,"GEGEGB_00434","SO:0001217, UniRef:UniRef50_A0A5S9QZN5"
"Ethanolamine utilization protein EutJ","eutJ",9,"GEGEGB_00432","SO:0001217, UniRef:UniRef50_P0A206"
"Excinuclease ABC subunit C",NA,9,"GEGEGB_00995","SO:0001217, UniRef:UniRef50_A0A2X4TNL3"
"Excinuclease cho",NA,9,"GEGEGB_01256","SO:0001217, UniRef:UniRef50_P76213"
"Exodeoxyribonuclease 10",NA,9,"GEGEGB_01062","SO:0001217, UniRef:UniRef50_A0A380SI36"
"Exodeoxyribonuclease 7 large subunit",NA,9,"GEGEGB_00379","SO:0001217, UniRef:UniRef50_Q7N3K2"
"Exodeoxyribonuclease 7 small subunit",NA,9,"GEGEGB_02565","SO:0001217, UniRef:UniRef50_Q7VLU0"
"Exodeoxyribonuclease I",NA,9,"GEGEGB_00854","SO:0001217, UniRef:UniRef50_P04995"
"Exodeoxyribonuclease III",NA,9,"GEGEGB_01247","SO:0001217, UniRef:UniRef50_A0A0X9VYA6"
"Exopolyphosphatase",NA,9,"GEGEGB_00387","SO:0001217, UniRef:UniRef50_P0AFL6"
"Exoribonuclease 2",NA,9,"GEGEGB_01700","SO:0001217, UniRef:UniRef50_D0Z8E6"
"Exported protein ErfK","erfK",9,"GEGEGB_00911","SO:0001217, UniRef:UniRef50_A0A2Y6DL20"
"Extensin-like C-terminal domain-containing protein",NA,9,"GEGEGB_02613","SO:0001217, UniRef:UniRef50_Q8Z8Z5"
"Extracellular solute-binding protein family 3",NA,9,"GEGEGB_02322","SO:0001217, UniRef:UniRef50_B1G7D0"
"FAD assembly factor SdhE","sdhE",9,"GEGEGB_03114","SO:0001217, UniRef:UniRef50_G4V4G2"
"FAD-dependent tricarballylate dehydrogenase TcuA","tcuA",9,"GEGEGB_02298","BlastRules:WP_000228709, SO:0001217, UniRef:UniRef50_A0A0Q1AZS6"
"FAD:protein FMN transferase",NA,9,"GEGEGB_00642","SO:0001217, UniRef:UniRef50_P0AB85"
"FCD domain-containing protein",NA,9,"GEGEGB_03442","SO:0001217, UniRef:UniRef50_A0A173WL98"
"FKBP-type peptidyl-prolyl cis-trans isomerase","fklB",9,"GEGEGB_04681","BlastRules:WP_000211225, EC:5.2.1.8, SO:0001217, UniRef:UniRef50_A0A2X3JSM5"
"FMN-dependent NADH-azoreductase","azoR",9,"GEGEGB_01627","BlastRules:WP_000048924, EC:1.7.1.17, SO:0001217, UniRef:UniRef50_P41407"
"FadR family transcriptional regulator","fadR",9,"GEGEGB_01537","SO:0001217, UniRef:UniRef50_A0A2J4IPY4"
"Fatty acid metabolism regulator protein",NA,9,"GEGEGB_01135","SO:0001217, UniRef:UniRef50_D4ZL83"
"Fe(2+) transport protein A",NA,9,"GEGEGB_04220","SO:0001217, UniRef:UniRef50_P0AEL3"
"Fe(3+)-siderophore ABC transporter permease",NA,9,"GEGEGB_02393","SO:0001217, UniRef:UniRef50_A0A7D5H6H1"
"Fe-S cluster assembly transcriptional regulator IscR","iscR",9,"GEGEGB_00337","SO:0001217, UniRef:UniRef50_A0A545U8C4"
"Fe2+-enterobactin ABC transporter substrate-binding protein",NA,9,"GEGEGB_02391","SO:0001217, UniRef:UniRef50_A0A7H0MB01"
"FeS assembly protein SufB","sufB",9,"GEGEGB_01309","SO:0001217, UniRef:UniRef50_A0A1B3MZ19"
"FeS cluster biogenesis domain-containing protein",NA,9,"GEGEGB_00217","SO:0001217, UniRef:UniRef50_A0A920M0K7"
"Ferredoxin",NA,9,"GEGEGB_00303","SO:0001217, UniRef:UniRef50_P00208"
"Ferredoxin-like protein",NA,9,"GEGEGB_00082","SO:0001217, UniRef:UniRef50_A0A120M097"
"Ferredoxin-type protein NapF","napF",9,"GEGEGB_00648","SO:0001217, UniRef:UniRef50_P0AAL0"
"Ferric enterobactin receptor",NA,9,"GEGEGB_02811","SO:0001217, UniRef:UniRef50_S6BLS3"
"Ferric siderophore reductase",NA,9,"GEGEGB_04840","SO:0001217, UniRef:UniRef50_P39405"
"Ferrienterobactin receptor",NA,9,"GEGEGB_02401","SO:0001217, UniRef:UniRef50_P05825"
"Ferritin",NA,9,"GEGEGB_01006","SO:0001217, UniRef:UniRef50_A0A0F5F309"
"Ferrochelatase",NA,9,"GEGEGB_02494","SO:0001217, UniRef:UniRef50_P23871"
"Ferrous iron transport protein B",NA,9,"GEGEGB_04219","SO:0001217, UniRef:UniRef50_A0A377YRH3"
"Fimbriae subunit",NA,9,"GEGEGB_02688","SO:0001217, UniRef:UniRef50_Q7CR56"
"Fimbrial chaperone protein",NA,9,"GEGEGB_02653","SO:0001217, UniRef:UniRef50_A0A3S4G1S0"
"Fimbrial outer membrane usher protein StdB","stdB",9,"GEGEGB_03088","SO:0001217, UniRef:UniRef50_A0A5U9WYF0"
"Fimbrial protein",NA,9,"GEGEGB_04883","SO:0001217, UniRef:UniRef50_A0A0F5B9S0"
"Fimbrial subunit",NA,9,"GEGEGB_04880","SO:0001217, UniRef:UniRef50_Q8ZJU2"
"Fimbrial usher protein StbD","stbD",9,"GEGEGB_02656","SO:0001217, UniRef:UniRef50_A0A6P1V930"
"Flagella basal body P-ring formation protein FlgA","flgA",9,"GEGEGB_01843","SO:0001217, UniRef:UniRef50_P75933"
"Flagella synthesis protein FlgN","flgN",9,"GEGEGB_01845","SO:0001217, UniRef:UniRef50_P43533"
"Flagellar FliJ protein","fliJ",9,"GEGEGB_00969","SO:0001217, UniRef:UniRef50_P52613"
"Flagellar L-ring protein",NA,9,"GEGEGB_01836","SO:0001217, UniRef:UniRef50_F7RW61"
"Flagellar M-ring protein",NA,9,"GEGEGB_00973","SO:0001217, UniRef:UniRef50_P15928"
"Flagellar P-ring protein",NA,9,"GEGEGB_01835","SO:0001217, UniRef:UniRef50_A0A0E3ZKT4"
"Flagellar basal body rod protein FlgB","flgB",9,"GEGEGB_01842","SO:0001217, UniRef:UniRef50_P16437"
"Flagellar basal-body rod protein FlgC","flgC",9,"GEGEGB_01841","SO:0001217, UniRef:UniRef50_A0A653ZK36"
"Flagellar biosynthesis protein FlhA","flhA",9,"GEGEGB_01025","SO:0001217, UniRef:UniRef50_Q89AN5"
"Flagellar biosynthetic protein FlhB","flhB",9,"GEGEGB_01024","SO:0001217, UniRef:UniRef50_A0AA94H4W7"
"Flagellar biosynthetic protein FliQ","fliQ",9,"GEGEGB_00962","SO:0001217, UniRef:UniRef50_P0AC07"
"Flagellar biosynthetic protein FliR","fliR",9,"GEGEGB_00961","SO:0001217, UniRef:UniRef50_P54702"
"Flagellar hook protein FlgE","flgE",9,"GEGEGB_01839","SO:0001217, UniRef:UniRef50_A0A2T7AJ89"
"Flagellar hook-associated protein 1",NA,9,"GEGEGB_01833","SO:0001217, UniRef:UniRef50_A0A376TIC6"
"Flagellar hook-associated protein 3",NA,9,"GEGEGB_01832","SO:0001217, UniRef:UniRef50_Q6D6G9"
"Flagellar hook-basal body complex protein FliE","fliE",9,"GEGEGB_00974","SO:0001217, UniRef:UniRef50_A0A0U5GMW4"
"Flagellar motor stator protein MotA","motA",9,"GEGEGB_01015","SO:0001217, UniRef:UniRef50_A0AA95GI55"
"Flagellar motor switch protein FliG","fliG",9,"GEGEGB_00972","SO:0001217, UniRef:UniRef50_Q7VYE6"
"Flagellar motor switch protein FliM","fliM",9,"GEGEGB_00966","SO:0001217, UniRef:UniRef50_P06974"
"Flagellar motor switch protein FliN","fliN",9,"GEGEGB_00965","SO:0001217, UniRef:UniRef50_P15070"
"Flagellar protein FliL","fliL",9,"GEGEGB_00967","SO:0001217, UniRef:UniRef50_A1JSW4"
"Flagellar protein FliO","fliO",9,"GEGEGB_00964","SO:0001217, UniRef:UniRef50_P0A1L1"
"Flagellar regulator flk",NA,9,"GEGEGB_00533","SO:0001217, UniRef:UniRef50_P15286"
"Flagellar secretion chaperone FliS","fliS",9,"GEGEGB_00981","SO:0001217, UniRef:UniRef50_P26609"
"Flagellar transcriptional regulator FlhC","flhC",9,"GEGEGB_01014","SO:0001217, UniRef:UniRef50_J7TP89"
"Flagellar transcriptional regulator FlhD","flhD",9,"GEGEGB_01013","SO:0001217, UniRef:UniRef50_Q8XCE8"
"Flagellum-specific ATP synthase",NA,9,"GEGEGB_00970","SO:0001217, UniRef:UniRef50_A0A484X499"
"Flap endonuclease Xni",NA,9,"GEGEGB_03020","SO:0001217, UniRef:UniRef50_Q9KTK4"
"Flavin prenyltransferase UbiX","ubiX",9,"GEGEGB_00548","SO:0001217, UniRef:UniRef50_A0A077DBN0"
"Flavodoxin",NA,9,"GEGEGB_03112","SO:0001217, UniRef:UniRef50_V3CY49"
"Flavodoxin 1",NA,9,"GEGEGB_02295","SO:0001217, UniRef:UniRef50_Q8ZQX1"
"Flavodoxin YqcA","yqcA",9,"GEGEGB_03011","SO:0001217, UniRef:UniRef50_Q47418"
"Flavodoxin-dependent (E)-4-hydroxy-3-methylbut-2-enyl-diphosphate synthase",NA,9,"GEGEGB_00362","SO:0001217, UniRef:UniRef50_A0A944STP8"
"Flavodoxin-like domain-containing protein",NA,9,"GEGEGB_02881","SO:0001217, UniRef:UniRef50_G5GIV7"
"Flavodoxin/ferredoxin--NADP reductase",NA,9,"GEGEGB_03721","SO:0001217, UniRef:UniRef50_A0A0H5C5A9"
"Flavohemoprotein",NA,9,"GEGEGB_00324","SO:0001217, UniRef:UniRef50_P24232"
"Fluoride-specific ion channel FluC","fluC",9,"GEGEGB_02352","SO:0001217, UniRef:UniRef50_Q6D7N0"
"Formamidopyrimidine-DNA glycosylase",NA,9,"GEGEGB_04001","SO:0001217, UniRef:UniRef50_Q65R59"
"Formate dehydrogenase, cytochrome b556(fdo) subunit",NA,9,"GEGEGB_03773","SO:0001217, UniRef:UniRef50_P0AEL0"
"Formate hydrogenlyase maturation protein HycH","hycH",9,"GEGEGB_02887","SO:0001217, UniRef:UniRef50_A0A8I0MKL9"
"Formate hydrogenlyase regulatory protein HycA","hycA",9,"GEGEGB_02894","SO:0001217, UniRef:UniRef50_A0A659S3T9"
"Formate hydrogenlyase subunit 3",NA,9,"GEGEGB_02892","SO:0001217, UniRef:UniRef50_A0A3P6LZW4"
"Formate hydrogenlyase subunit 4",NA,9,"GEGEGB_02891","SO:0001217, UniRef:UniRef50_P16430"
"Formate transporter",NA,9,"GEGEGB_00510","SO:0001217, UniRef:UniRef50_A0A1Y0L9R0"
"Formate transporter FocA","focA",9,"GEGEGB_02064","SO:0001217, UniRef:UniRef50_A0A1V4B3H6"
"Formate-dependent nitrite reductase complex subunit NrfG","nrfG",9,"GEGEGB_04414","SO:0001217, UniRef:UniRef50_A0A2B7LJ99"
"Formate-dependent phosphoribosylglycinamide formyltransferase",NA,9,"GEGEGB_01057","SO:0001217, UniRef:UniRef50_B8GRA4"
"Formimidoylglutamase",NA,9,"GEGEGB_02209","SO:0001217, UniRef:UniRef50_P19452"
"Formyltetrahydrofolate deformylase",NA,9,"GEGEGB_01759","SO:0001217, UniRef:UniRef50_A0A126VJV7"
"Free methionine-R-sulfoxide reductase",NA,9,"GEGEGB_01093","SO:0001217, UniRef:UniRef50_P76270"
"Fructokinase",NA,9,"GEGEGB_02600","SO:0001217, UniRef:UniRef50_P23917"
"Fructosamine-3-kinase",NA,9,"GEGEGB_01273","SO:0001217, UniRef:UniRef50_A0A4R3ZD53"
"Fructose permease IID component",NA,9,"GEGEGB_01108","SO:0001217, UniRef:UniRef50_P26382"
"Fructose-1,6-bisphosphatase 1 class 2",NA,9,"GEGEGB_03720","SO:0001217, UniRef:UniRef50_P0A9C9"
"Fructose-1,6-bisphosphatase class 1",NA,9,"GEGEGB_04705","SO:0001217, UniRef:UniRef50_A0A920B7K1"
"Fructose-6-phosphate aldolase 1",NA,9,"GEGEGB_03692","SO:0001217, UniRef:UniRef50_P78055"
"Fructose-bisphosphate aldolase class 2",NA,9,"GEGEGB_03141","SO:0001217, UniRef:UniRef50_P0AB71"
"FucIase",NA,9,"GEGEGB_03024","SO:0001217, UniRef:UniRef50_A0A379VKL4"
"Fumarase D",NA,9,"GEGEGB_01329","SO:0001217, UniRef:UniRef50_A0A6L8YBX2"
"Fumarate hydratase class I",NA,9,"GEGEGB_04434","SO:0001217, UniRef:UniRef50_A0A5C1MBS7"
"Fumarate hydratase class II",NA,9,"GEGEGB_01410","SO:0001217, UniRef:UniRef50_Q9KCX4"
"Fumarate reductase flavoprotein subunit",NA,9,"GEGEGB_04629","SO:0001217, UniRef:UniRef50_A0A377DYK6"
"Fumarate reductase subunit C",NA,9,"GEGEGB_04627","SO:0001217, UniRef:UniRef50_Q8ZIX7"
"Fumarate reductase subunit D",NA,9,"GEGEGB_04626","SO:0001217, UniRef:UniRef50_P0A8Q3"
"G/U mismatch-specific DNA glycosylase",NA,9,"GEGEGB_03287","SO:0001217, UniRef:UniRef50_Q7CPR7"
"GCN5-related N-acetyltransferase",NA,9,"GEGEGB_01081","SO:0001217, UniRef:UniRef50_C6DJN5"
"GDP-L-fucose synthase",NA,9,"GEGEGB_00808","SO:0001217, UniRef:UniRef50_Q5JBH1"
"GDP-mannose 4,6-dehydratase",NA,9,"GEGEGB_00807","SO:0001217, UniRef:UniRef50_A0A447PET5"
"GDP-mannose mannosyl hydrolase",NA,9,"GEGEGB_00809","BlastRules:WP_001526160, BlastRules:WP_001688181, SO:0001217, UniRef:UniRef50_Q8Z5H2"
"GDP-mannose pyrophosphatase",NA,9,"GEGEGB_00417","SO:0001217, UniRef:UniRef50_A8ADC6"
"GIY-YIG domain-containing protein",NA,9,"GEGEGB_03354","SO:0001217, UniRef:UniRef50_A0A2I0FZW3"
"GMP reductase",NA,9,"GEGEGB_00156","SO:0001217, UniRef:UniRef50_P59443"
"GMP synthase [glutamine-hydrolyzing]",NA,9,"GEGEGB_00381","SO:0001217, UniRef:UniRef50_P60500"
"GMP/IMP nucleotidase",NA,9,"GEGEGB_04229","SO:0001217, UniRef:UniRef50_A0A7Y6NFP5"
"GPH family transporter",NA,9,"GEGEGB_00164","SO:0001217, UniRef:UniRef50_A0A0E1GVZ2"
"GSH-dependent disulfide bond oxidoreductase",NA,9,"GEGEGB_00555","SO:0001217, UniRef:UniRef50_A0A1Y6GE01"
"GTP 3',8-cyclase",NA,9,"GEGEGB_02195","SO:0001217, UniRef:UniRef50_A3N054"
"GTP cyclohydrolase 1",NA,9,"GEGEGB_00705","SO:0001217, UniRef:UniRef50_A0A516H9J4"
"GTP cyclohydrolase-2",NA,9,"GEGEGB_01710","SO:0001217, UniRef:UniRef50_A0A379AH52"
"GTP pyrophosphokinase",NA,9,"GEGEGB_03004","SO:0001217, UniRef:UniRef50_P55133"
"GTPase Der",NA,9,"GEGEGB_00367","SO:0001217, UniRef:UniRef50_P0A6P5"
"GTPase Era",NA,9,"GEGEGB_00299","SO:0001217, UniRef:UniRef50_Q8ZD71"
"GTPase HflX","hflX",9,"GEGEGB_04647","SO:0001217, UniRef:UniRef50_Q0I442"
"GTPase ObgE/CgtA",NA,9,"GEGEGB_03384","SO:0001217, UniRef:UniRef50_P42641"
"Galactitol 1-phosphate 5-dehydrogenase",NA,9,"GEGEGB_03344","SO:0001217, UniRef:UniRef50_P0A9S3"
"Galactokinase",NA,9,"GEGEGB_02223","SO:0001217, UniRef:UniRef50_Q8ZGY3"
"Galactose-1-phosphate uridylyltransferase",NA,9,"GEGEGB_02222","SO:0001217, UniRef:UniRef50_A0A7S4H153"
"Galactoside transporter permease MglC","mglC",9,"GEGEGB_00711","SO:0001217, UniRef:UniRef50_A0A447R1S8"
"Gamma-aminobutyraldehyde dehydrogenase 2",NA,9,"GEGEGB_01586","SO:0001217, UniRef:UniRef50_A0A1W6KWW8"
"Gamma-glutamyl phosphate reductase",NA,9,"GEGEGB_02660","SO:0001217, UniRef:UniRef50_P07004"
"Gamma-glutamylcyclotransferase family protein ytfP","ytfP",9,"GEGEGB_04701","SO:0001217, UniRef:UniRef50_D2TN58"
"General negative regulator of transcription subunit 1",NA,9,"GEGEGB_01237","SO:0001217, UniRef:UniRef50_V5Z7U9"
"Gentisate 1,2-dioxygenase",NA,9,"GEGEGB_00722","SO:0001217, UniRef:UniRef50_A0A0D7M5M3"
"Geranyltranstransferase",NA,9,"GEGEGB_02566","SO:0001217, UniRef:UniRef50_A0A447U8U7"
"GlnH3","glnH3",9,"GEGEGB_02165","SO:0001217, UniRef:UniRef50_C0QEQ2"
"Glucans biosynthesis glucosyltransferase H",NA,9,"GEGEGB_01865","SO:0001217, UniRef:UniRef50_Q8FIS3"
"Glucans biosynthesis protein C",NA,9,"GEGEGB_01867","SO:0001217, UniRef:UniRef50_P75920"
"Glucans biosynthesis protein D",NA,9,"GEGEGB_01611","SO:0001217, UniRef:UniRef50_Q8Z765"
"Glucitol operon activator protein",NA,9,"GEGEGB_02877","SO:0001217, UniRef:UniRef50_P15081"
"Glucokinase",NA,9,"GEGEGB_00491","SO:0001217, UniRef:UniRef50_P0A6V8"
"Gluconate utilization system Gnt-I transcriptional repressor (LacI-family transcriptional regulator)",NA,9,"GEGEGB_04196","SO:0001217, UniRef:UniRef50_A0A367D0G9"
"Glucosamine-6-phosphate deaminase",NA,9,"GEGEGB_02305","SO:0001217, UniRef:UniRef50_A0A848C3C5"
"Glucose-1-phosphatase",NA,9,"GEGEGB_01903","SO:0001217, UniRef:UniRef50_P19926"
"Glucose-1-phosphate adenylyltransferase",NA,9,"GEGEGB_04203","SO:0001217, UniRef:UniRef50_P0A6V1"
"Glucose-6-phosphate 1-dehydrogenase",NA,9,"GEGEGB_01054","SO:0001217, UniRef:UniRef50_P0AC53"
"Glucose-6-phosphate isomerase",NA,9,"GEGEGB_04352","SO:0001217, UniRef:UniRef50_O25781"
"Glucosyltransferase I",NA,9,"GEGEGB_04005","SO:0001217, UniRef:UniRef50_O68209"
"Glutamate 5-kinase",NA,9,"GEGEGB_02661","SO:0001217, UniRef:UniRef50_P0A7B5"
"Glutamate racemase",NA,9,"GEGEGB_03676","SO:0001217, UniRef:UniRef50_P22634"
"Glutamate synthase [NADPH] large chain",NA,9,"GEGEGB_03414","SO:0001217, UniRef:UniRef50_P09831"
"Glutamate transport ATP-binding protein",NA,9,"GEGEGB_02167","SO:0001217, UniRef:UniRef50_A0A085GK57"
"Glutamate transport ATP-binding protein GluA","gluA",9,"GEGEGB_02326","SO:0001217, UniRef:UniRef50_Q8RQL7"
"Glutamate--cysteine ligase",NA,9,"GEGEGB_02858","SO:0001217, UniRef:UniRef50_P0A6W9"
"Glutamate--tRNA ligase",NA,9,"GEGEGB_00479","SO:0001217, UniRef:UniRef50_P04805"
"Glutamate-1-semialdehyde 2,1-aminomutase",NA,9,"GEGEGB_00215","SO:0001217, UniRef:UniRef50_Q5NGB9"
"Glutaminase",NA,9,"GEGEGB_01521","SO:0001217, UniRef:UniRef50_Q9KUR1"
"Glutamine ABC transporter permease GlnP","glnP",9,"GEGEGB_02166","SO:0001217, UniRef:UniRef50_A0AAE9R8E0"
"Glutamine synthetase",NA,9,"GEGEGB_03804","SO:0001217, UniRef:UniRef50_A0A7V8WL33"
"Glutamine--fructose-6-phosphate aminotransferase [isomerizing]",NA,9,"GEGEGB_03855","SO:0001217, UniRef:UniRef50_P59499"
"Glutamine--tRNA ligase",NA,9,"GEGEGB_02303","SO:0001217, UniRef:UniRef50_A0A7X2MNV7"
"Glutamyl-Q tRNA(Asp) synthetase",NA,9,"GEGEGB_00204","SO:0001217, UniRef:UniRef50_Q07Y01"
"Glutamyl-tRNA reductase",NA,9,"GEGEGB_01166","SO:0001217, UniRef:UniRef50_P0A6X1"
"Glutaredoxin",NA,9,"GEGEGB_04026","SO:0001217, UniRef:UniRef50_A0A2X3DLN4"
"Glutaredoxin domain-containing protein",NA,9,"GEGEGB_02127","SO:0001217, UniRef:UniRef50_A0A0U5L3Y1"
"Glutaredoxin-like protein NrdH","nrdH",9,"GEGEGB_02842","SO:0001217, UniRef:UniRef50_I2B677"
"Glutathione S-transferase GstA","gstA",9,"GEGEGB_01393","SO:0001217, UniRef:UniRef50_P0A9D2"
"Glutathione hydrolase proenzyme",NA,9,"GEGEGB_04186","SO:0001217, UniRef:UniRef50_A0A945AJ25"
"Glutathione import ATP-binding protein GsiA","gsiA",9,"GEGEGB_02145","SO:0001217, UniRef:UniRef50_P75796"
"Glutathione reductase",NA,9,"GEGEGB_04132","SO:0001217, UniRef:UniRef50_P06715"
"Glutathione synthetase",NA,9,"GEGEGB_03160","SO:0001217, UniRef:UniRef50_P04425"
"Glutathione transferase",NA,9,"GEGEGB_00556","SO:0001217, UniRef:UniRef50_A0A3N5DP29"
"Glutathione transport system permease protein GsiC","gsiC",9,"GEGEGB_02143","SO:0001217, UniRef:UniRef50_P75798"
"Glutathione transport system permease protein GsiD","gsiD",9,"GEGEGB_02142","SO:0001217, UniRef:UniRef50_A0A377TP34"
"Glutathione-binding protein GsiB","gsiB",9,"GEGEGB_02144","SO:0001217, UniRef:UniRef50_P75797"
"Glutathione-regulated potassium-efflux system ancillary protein KefF","kefF",9,"GEGEGB_00092","SO:0001217, UniRef:UniRef50_Q8ZRW3"
"Glutathione-regulated potassium-efflux system ancillary protein KefG","kefG",9,"GEGEGB_04270","SO:0001217, UniRef:UniRef50_Q8ZJC5"
"Glutathione-regulated potassium-efflux system protein KefB","kefB",9,"GEGEGB_04271","SO:0001217, UniRef:UniRef50_P45522"
"Glutathione-regulated potassium-efflux system protein KefC","kefC",9,"GEGEGB_00093","SO:0001217, UniRef:UniRef50_P03819"
"Glyceraldehyde-3-phosphate dehydrogenase",NA,9,"GEGEGB_01235","SO:0001217, UniRef:UniRef50_Q9Z7T0"
"Glycerol dehydrogenase",NA,9,"GEGEGB_03693","SO:0001217, UniRef:UniRef50_A0A7I8EDJ4"
"Glycerol kinase",NA,9,"GEGEGB_03719","SO:0001217, UniRef:UniRef50_P18157"
"Glycerol uptake facilitator protein",NA,9,"GEGEGB_03718","SO:0001217, UniRef:UniRef50_P0AER0"
"Glycerol-3-phosphate dehydrogenase",NA,9,"GEGEGB_00620","SO:0001217, UniRef:UniRef50_A0AAP2BEL7"
"Glycerol-3-phosphate dehydrogenase [NAD(P)+]",NA,9,"GEGEGB_04028","SO:0001217, UniRef:UniRef50_P0A6S7"
"Glycerol-3-phosphate transporter",NA,9,"GEGEGB_00621","SO:0001217, UniRef:UniRef50_P37948"
"Glycerophosphoryl diester phosphodiesterase",NA,9,"GEGEGB_04184","SO:0001217, UniRef:UniRef50_A0A378A256"
"Glycine betaine/proline betaine-binding periplasmic protein",NA,9,"GEGEGB_02849","SO:0001217, UniRef:UniRef50_Q8ZML1"
"Glycine cleavage system H protein 2",NA,9,"GEGEGB_03122","SO:0001217, UniRef:UniRef50_Q88CI8"
"Glycine cleavage system transcriptional repressor",NA,9,"GEGEGB_00402","SO:0001217, UniRef:UniRef50_A0A1Z1SUR7"
"Glycine transporter domain-containing protein",NA,9,"GEGEGB_03989","SO:0001217, UniRef:UniRef50_A0A088QDU6"
"Glycine--tRNA ligase alpha subunit",NA,9,"GEGEGB_04075","SO:0001217, UniRef:UniRef50_P00960"
"Glycine--tRNA ligase beta subunit",NA,9,"GEGEGB_04076","SO:0001217, UniRef:UniRef50_P00961"
"Glycogen synthase",NA,9,"GEGEGB_04204","SO:0001217, UniRef:UniRef50_Q8ZA78"
"Glycoside hydrolase family 127 protein",NA,9,"GEGEGB_04051","SO:0001217, UniRef:UniRef50_A0A4Z0LLU4"
"Glycoside hydrolase family 5 domain-containing protein",NA,9,"GEGEGB_03917","SO:0001217, UniRef:UniRef50_A0A0H3CDG3"
"Glycosyltransferase RgtA/B/C/D-like domain-containing protein",NA,9,"GEGEGB_01619","SO:0001217, UniRef:UniRef50_A0A2I5HHB5"
"Glyoxalase ElbB","elbB",9,"GEGEGB_03410","SO:0001217, UniRef:UniRef50_P0ABU5"
"Glyoxalase/fosfomycin resistance/dioxygenase domain-containing protein",NA,9,"GEGEGB_04420","SO:0001217, UniRef:UniRef50_A0A089PXH0"
"Guanosine-3',5'-bis(diphosphate) 3'-pyrophosphohydrolase",NA,9,"GEGEGB_03984","SO:0001217, UniRef:UniRef50_Q9KNM2"
"Guanosine-5'-triphosphate,3'-diphosphate pyrophosphatase",NA,9,"GEGEGB_03561","SO:0001217, UniRef:UniRef50_P25552"
"Guanylate kinase",NA,9,"GEGEGB_03986","SO:0001217, UniRef:UniRef50_Q8ZJQ2"
"H(+)/Cl(-) exchange transporter ClcA","clcA",9,"GEGEGB_00216","SO:0001217, UniRef:UniRef50_Q8ZRP8"
"H-NS-and StpA-binding protein",NA,9,"GEGEGB_01403","SO:0001217, UniRef:UniRef50_A0A2B7MLN2"
"HAAAP family serine/threonine permease SdaC","sdaC",9,"GEGEGB_03018","BlastRules:WP_000450476, SO:0001217, UniRef:UniRef50_P0AAD6"
"HD domain-containing protein",NA,9,"GEGEGB_00948","SO:0001217, UniRef:UniRef50_A0A0U5GN06"
"HMP-PP phosphatase",NA,9,"GEGEGB_02528","SO:0001217, UniRef:UniRef50_A0A485B2X5"
"HNH nuclease YajD","yajD",9,"GEGEGB_02579","BlastRules:WP_000974813, SO:0001217, UniRef:UniRef50_P0AAQ2"
"HTH Mu-type domain-containing protein",NA,9,"GEGEGB_00531","SO:0001217, UniRef:UniRef50_A9MJ52"
"HTH deoR-type domain-containing protein",NA,9,"GEGEGB_00180","SO:0001217, UniRef:UniRef50_A0A0H3CK74"
"HTH domain-truncated transcriptional regulator QseD","qseD",9,"GEGEGB_04805","SO:0001217, UniRef:UniRef50_Q8X487"
"HTH iclR-type domain-containing protein",NA,9,"GEGEGB_03163","SO:0001217, UniRef:UniRef50_V5TVW8"
"HTH-type DNA-binding transcriptional activator EutR","eutR",9,"GEGEGB_00440","SO:0001217, UniRef:UniRef50_Q9ZFU7"
"HTH-type transcriptional activator AaeR","aaeR",9,"GEGEGB_03452","SO:0001217, UniRef:UniRef50_P67662"
"HTH-type transcriptional activator AllS","allS",9,"GEGEGB_03078","SO:0001217, UniRef:UniRef50_A0A2X4V7B7"
"HTH-type transcriptional activator RhaS","rhaS",9,"GEGEGB_03758","SO:0001217, UniRef:UniRef50_P09377"
"HTH-type transcriptional dual regulator CecR","cecR",9,"GEGEGB_02178","SO:0001217, UniRef:UniRef50_P0ACU0"
"HTH-type transcriptional regulator CueR","cueR",9,"GEGEGB_02481","SO:0001217, UniRef:UniRef50_P0A9G4"
"HTH-type transcriptional regulator CysB","cysB",9,"GEGEGB_01714","SO:0001217, UniRef:UniRef50_P0A9F3"
"HTH-type transcriptional regulator DsdC","dsdC",9,"GEGEGB_03916","SO:0001217, UniRef:UniRef50_P46068"
"HTH-type transcriptional regulator GalR","galR",9,"GEGEGB_03068","SO:0001217, UniRef:UniRef50_P03024"
"HTH-type transcriptional regulator GalS","galS",9,"GEGEGB_00707","SO:0001217, UniRef:UniRef50_P25748"
"HTH-type transcriptional regulator HdfR","hdfR",9,"GEGEGB_03625","SO:0001217, UniRef:UniRef50_P0A2Q0"
"HTH-type transcriptional regulator IdnR","idnR",9,"GEGEGB_04752","SO:0001217, UniRef:UniRef50_P39343"
"HTH-type transcriptional regulator MalT","malT",9,"GEGEGB_04210","SO:0001217, UniRef:UniRef50_Q8ZJI2"
"HTH-type transcriptional regulator MetR","metR",9,"GEGEGB_03509","SO:0001217, UniRef:UniRef50_G8LK47"
"HTH-type transcriptional regulator MlrA","mlrA",9,"GEGEGB_00740","SO:0001217, UniRef:UniRef50_P33358"
"HTH-type transcriptional regulator RcdA","rcdA",9,"GEGEGB_02131","SO:0001217, UniRef:UniRef50_P75811"
"HTH-type transcriptional regulator TdcA","tdcA",9,"GEGEGB_03327","SO:0001217, UniRef:UniRef50_P0ACQ7"
"HTH-type transcriptional regulator TreR","treR",9,"GEGEGB_04726","SO:0001217, UniRef:UniRef50_P36673"
"HTH-type transcriptional regulator UlaR","ulaR",9,"GEGEGB_04666","SO:0001217, UniRef:UniRef50_P0A9W0"
"HTH-type transcriptional regulator XapR","xapR",9,"GEGEGB_00474","SO:0001217, UniRef:UniRef50_P23841"
"HTH-type transcriptional regulator YidZ","yidZ",9,"GEGEGB_03873","SO:0001217, UniRef:UniRef50_P31463"
"HTH-type transcriptional regulator YjdC","yjdC",9,"GEGEGB_04609","SO:0001217, UniRef:UniRef50_P0ACU7"
"HTH-type transcriptional regulator ZntR","zntR",9,"GEGEGB_04316","SO:0001217, UniRef:UniRef50_P0ACS5"
"HTH-type transcriptional regulator ascG","ascG",9,"GEGEGB_03069","SO:0001217, UniRef:UniRef50_C9XZL7"
"HTH-type transcriptional regulatory protein TyrR","tyrR",9,"GEGEGB_01678","SO:0001217, UniRef:UniRef50_Q5DZH5"
"HTH-type transcriptional repressor CsqR","csqR",9,"GEGEGB_03784","SO:0001217, UniRef:UniRef50_P32144"
"HTH-type transcriptional repressor CytR","cytR",9,"GEGEGB_03711","SO:0001217, UniRef:UniRef50_P0ACN7"
"HTH-type transcriptional repressor FabR","fabR",9,"GEGEGB_03680","SO:0001217, UniRef:UniRef50_A0A085G409"
"HTH-type transcriptional repressor NsrR","nsrR",9,"GEGEGB_04652","SO:0001217, UniRef:UniRef50_H2IS64"
"HTH-type transcriptional repressor PurR","purR",9,"GEGEGB_01371","SO:0001217, UniRef:UniRef50_P0ACP7"
"HTH-type transcriptional repressor STM4068",NA,9,"GEGEGB_03736","SO:0001217, UniRef:UniRef50_Q8ZKR0"
"Heat shock protein",NA,9,"GEGEGB_01634","SO:0001217, UniRef:UniRef50_A0A6G6GZ27"
"Heat shock protein 15",NA,9,"GEGEGB_04228","SO:0001217, UniRef:UniRef50_A0A0F4R6Y8"
"Heat shock protein HspQ","hspQ",9,"GEGEGB_01945","SO:0001217, UniRef:UniRef50_Q7CHM0"
"Helix-turn-helix transcriptional regulator",NA,9,"GEGEGB_03968","SO:0001217, UniRef:UniRef50_V1GZT8"
"Heme chaperone HemW","hemW",9,"GEGEGB_03169","SO:0001217, UniRef:UniRef50_A0A523M839"
"Heme-binding protein A",NA,9,"GEGEGB_04097","SO:0001217, UniRef:UniRef50_P33950"
"Hemolysin expression-modulating protein Hha",NA,9,"GEGEGB_02510","SO:0001217, UniRef:UniRef50_Q7CR17"
"Hexose-6-phosphate:phosphate antiporter",NA,9,"GEGEGB_03933","SO:0001217, UniRef:UniRef50_P0AGC0"
"Hha toxicity modulator TomB","tomB",9,"GEGEGB_02509","SO:0001217, UniRef:UniRef50_A0A7G2IKV2"
"High-affinity branched-chain amino acid transport ATP-binding protein BraG","braG",9,"GEGEGB_04178","SO:0001217, UniRef:UniRef50_P21630"
"High-affinity branched-chain amino acid transport system permease protein LivH","livH",9,"GEGEGB_04175","SO:0001217, UniRef:UniRef50_P0AEX7"
"High-affinity gluconate transporter",NA,9,"GEGEGB_04213","SO:0001217, UniRef:UniRef50_P39835"
"High-affinity zinc uptake system membrane protein ZnuB","znuB",9,"GEGEGB_01047","SO:0001217, UniRef:UniRef50_P39832"
"High-affinity zinc uptake system protein ZnuA","znuA",9,"GEGEGB_01049","SO:0001217, UniRef:UniRef50_A0A655EJW8"
"Histidine ammonia-lyase",NA,9,"GEGEGB_02206","SO:0001217, UniRef:UniRef50_Q8XW29"
"Histidine biosynthesis bifunctional protein HisB","hisB",9,"GEGEGB_00844","SO:0001217, UniRef:UniRef50_Q9S5G5"
"Histidine biosynthesis bifunctional protein HisIE",NA,9,"GEGEGB_00840","SO:0001217, UniRef:UniRef50_A0A0B6CTZ6"
"Histidine utilization repressor",NA,9,"GEGEGB_02208","SO:0001217, UniRef:UniRef50_A0A068QUM4"
"Histidine--tRNA ligase",NA,9,"GEGEGB_00364","SO:0001217, UniRef:UniRef50_A0KJ45"
"Histidine/lysine/arginine/ornithine transport ATP-binding protein HisP","hisP",9,"GEGEGB_00553","SO:0001217, UniRef:UniRef50_P02915"
"Histidinol dehydrogenase",NA,9,"GEGEGB_00846","SO:0001217, UniRef:UniRef50_Q492K3"
"Histidinol-phosphate aminotransferase",NA,9,"GEGEGB_00845","SO:0001217, UniRef:UniRef50_P06986"
"Histone-like bacterial DNA-binding protein, hupB family","hupB",9,"GEGEGB_02534","SO:0001217, UniRef:UniRef50_C1DGL7"
"HlyD family secretion protein","hlyD",9,"GEGEGB_01384","SO:0001217, UniRef:UniRef50_A0A8E1RNN9"
"Holliday junction branch migration complex subunit RuvA","ruvA",9,"GEGEGB_01045","SO:0001217, UniRef:UniRef50_A0KPA3"
"Holliday junction branch migration complex subunit RuvB","ruvB",9,"GEGEGB_01046","SO:0001217, UniRef:UniRef50_E8LJM4"
"Holo-[acyl-carrier-protein] synthase",NA,9,"GEGEGB_00302","SO:0001217, UniRef:UniRef50_P24224"
"Homoprotocatechuate degradation operon regulator HpaR","hpaR",9,"GEGEGB_01920","SO:0001217, UniRef:UniRef50_A0A3G2I901"
"Homoserine O-succinyltransferase",NA,9,"GEGEGB_04336","SO:0001217, UniRef:UniRef50_Q9KRM5"
"Homoserine kinase",NA,9,"GEGEGB_00003","SO:0001217, UniRef:UniRef50_Q493S9"
"Homoserine/homoserine lactone efflux protein",NA,9,"GEGEGB_03513","SO:0001217, UniRef:UniRef50_A0A6N3FR29"
"Hotdog fold thioesterase",NA,9,"GEGEGB_02386","SO:0001217, UniRef:UniRef50_A0A951YIJ8"
"HyaD/HybD family hydrogenase maturation endopeptidase",NA,9,"GEGEGB_01531","SO:0001217, UniRef:UniRef50_A0A2I5HH33"
"Hybrid-cluster NAD(P)-dependent oxidoreductase",NA,9,"GEGEGB_02101","SO:0001217, UniRef:UniRef50_A0A264VUZ4"
"Hydrogenase",NA,9,"GEGEGB_02369","SO:0001217, UniRef:UniRef50_A0A0J1LKA9"
"Hydrogenase 1 maturation protease",NA,9,"GEGEGB_01153","SO:0001217, UniRef:UniRef50_P19930"
"Hydrogenase 3 maturation protease",NA,9,"GEGEGB_02886","SO:0001217, UniRef:UniRef50_P0AEV9"
"Hydrogenase isoenzymes formation protein HypE","hypE",9,"GEGEGB_02899","SO:0001217, UniRef:UniRef50_A3N1X7"
"Hydrogenase maturation factor",NA,9,"GEGEGB_02898","SO:0001217, UniRef:UniRef50_A0A6L5Z5E1"
"Hydrogenase maturation factor HybG","hybG",9,"GEGEGB_03213","SO:0001217, UniRef:UniRef50_A0A6L6IPH9"
"Hydrogenase maturation factor HypB","hypB",9,"GEGEGB_02896","SO:0001217, UniRef:UniRef50_A0A5C1PZE3"
"Hydrogenase-1 operon protein HyaE","hyaE",9,"GEGEGB_01152","SO:0001217, UniRef:UniRef50_P19931"
"Hydrogenase-1 operon protein HyaF","hyaF",9,"GEGEGB_01151","SO:0001217, UniRef:UniRef50_P19932"
"Hydrogenase-2 assembly chaperone",NA,9,"GEGEGB_03215","SO:0001217, UniRef:UniRef50_A0AA42FMW4"
"Hydrogenase-2 component protein",NA,9,"GEGEGB_03216","SO:0001217, UniRef:UniRef50_A0A655C4J6"
"Hydrogenase-2 large chain",NA,9,"GEGEGB_03217","SO:0001217, UniRef:UniRef50_P0ACE0"
"Hydrogenase-2 operon protein HybA","hybA",9,"GEGEGB_03219","SO:0001217, UniRef:UniRef50_P0AAJ8"
"Hydrolase C-terminus",NA,9,"GEGEGB_02332","SO:0001217, UniRef:UniRef50_Q8ZQZ5"
"Hydroxyacylglutathione hydrolase",NA,9,"GEGEGB_02735","SO:0001217, UniRef:UniRef50_Q6D1V5"
"Hydroxyaromatic non-oxidative decarboxylase protein D",NA,9,"GEGEGB_02960","SO:0001217, UniRef:UniRef50_A0A2X1QH26"
"Hydroxyethylthiazole kinase",NA,9,"GEGEGB_00755","SO:0001217, UniRef:UniRef50_P76423"
"Hydroxylamine reductase",NA,9,"GEGEGB_02100","SO:0001217, UniRef:UniRef50_P75825"
"HypC/HybG/HupF family hydrogenase formation chaperone",NA,9,"GEGEGB_01530","SO:0001217, UniRef:UniRef50_A9MRR3"
"Hypoxanthine phosphoribosyltransferase",NA,9,"GEGEGB_00186","SO:0001217, UniRef:UniRef50_P18134"
"IMPACT family member YigZ","yigZ",9,"GEGEGB_03488","SO:0001217, UniRef:UniRef50_P27862"
"IclR family transcriptional regulator YiaJ","yiaJ",9,"GEGEGB_04063","BlastRules:WP_000514240, SO:0001217, UniRef:UniRef50_P37671"
"IlvB operon leader peptide","ilvB",9,"GEGEGB_03923","SO:0001217, UniRef:UniRef50_R8WKZ8"
"Imidazole glycerol phosphate synthase subunit HisH","hisH",9,"GEGEGB_00843","SO:0001217, UniRef:UniRef50_W0LHS5"
"Imidazole glycerol phosphate synthase subunit hisF1","hisF1",9,"GEGEGB_00841","SO:0001217, UniRef:UniRef50_Q9PM72"
"Imidazolonepropionase",NA,9,"GEGEGB_02210","SO:0001217, UniRef:UniRef50_Q57RH0"
"Inhibitor of glucose uptake transporter SgrT","sgrT",9,"GEGEGB_00120","SO:0001217, UniRef:UniRef50_A0A0J1LLN9"
"Inhibitor of hydrogen peroxide resistance",NA,9,"GEGEGB_02620","SO:0001217, UniRef:UniRef50_Q8ZRF7"
"Inner membrane ABC transporter permease protein YejE","yejE",9,"GEGEGB_00679","SO:0001217, UniRef:UniRef50_P33915"
"Inner membrane ABC transporter permease protein yejB","yejB",9,"GEGEGB_00680","SO:0001217, UniRef:UniRef50_A0A4U9D2T2"
"Inner membrane lipoprotein DcrB","dcrB",9,"GEGEGB_04158","SO:0001217, UniRef:UniRef50_P0AEE1"
"Inner membrane lipoprotein SadB","sadB",9,"GEGEGB_04040","SO:0001217, UniRef:UniRef50_Q8ZL65"
"Inner membrane metabolite transport protein YhjE","yhjE",9,"GEGEGB_04122","SO:0001217, UniRef:UniRef50_P37643"
"Inner membrane protein YaaH","yaaH",9,"GEGEGB_00009","SO:0001217, UniRef:UniRef50_A0A8S0G258"
"Inner membrane protein YbbJ","ybbJ",9,"GEGEGB_02480","SO:0001217, UniRef:UniRef50_P0AAS3"
"Inner membrane protein YbhN","ybhN",9,"GEGEGB_02186","SO:0001217, UniRef:UniRef50_P75770"
"Inner membrane protein YbiR","ybiR",9,"GEGEGB_02155","SO:0001217, UniRef:UniRef50_P75788"
"Inner membrane protein YbjJ","ybjJ",9,"GEGEGB_02132","SO:0001217, UniRef:UniRef50_P75810"
"Inner membrane protein YbjM","ybjM",9,"GEGEGB_02128","SO:0001217, UniRef:UniRef50_P64439"
"Inner membrane protein YccF","yccF",9,"GEGEGB_01950","SO:0001217, UniRef:UniRef50_P0AB12"
"Inner membrane protein YccS","yccS",9,"GEGEGB_01951","SO:0001217, UniRef:UniRef50_P75870"
"Inner membrane protein YdcZ","ydcZ",9,"GEGEGB_01581","SO:0001217, UniRef:UniRef50_P76111"
"Inner membrane protein YdgK","ydgK",9,"GEGEGB_01402","SO:0001217, UniRef:UniRef50_A0A090V4A7"
"Inner membrane protein YdjM","ydjM",9,"GEGEGB_01270","SO:0001217, UniRef:UniRef50_P64481"
"Inner membrane protein YebE","yebE",9,"GEGEGB_01060","SO:0001217, UniRef:UniRef50_P33218"
"Inner membrane protein YebZ","yebZ",9,"GEGEGB_01066","SO:0001217, UniRef:UniRef50_P76278"
"Inner membrane protein YeeA","yeeA",9,"GEGEGB_00864","SO:0001217, UniRef:UniRef50_P33011"
"Inner membrane protein YejM","yejM",9,"GEGEGB_00669","SO:0001217, UniRef:UniRef50_P0AD27"
"Inner membrane protein YfeZ","yfeZ",9,"GEGEGB_00446","SO:0001217, UniRef:UniRef50_P76538"
"Inner membrane protein YgbE","ygbE",9,"GEGEGB_02969","SO:0001217, UniRef:UniRef50_P46141"
"Inner membrane protein YghB","yghB",9,"GEGEGB_03233","SO:0001217, UniRef:UniRef50_A0A2X3DNJ8"
"Inner membrane protein YhaH","yhaH",9,"GEGEGB_03312","SO:0001217, UniRef:UniRef50_P64590"
"Inner membrane protein YijD","yijD",9,"GEGEGB_03679","SO:0001217, UniRef:UniRef50_P0AF40"
"Inner membrane protein YlaC","ylaC",9,"GEGEGB_02512","SO:0001217, UniRef:UniRef50_P0AAS0"
"Inner membrane protein YohD","yohD",9,"GEGEGB_00730","SO:0001217, UniRef:UniRef50_A0A484YEZ6"
"Inner membrane protein YohK","yohK",9,"GEGEGB_00718","SO:0001217, UniRef:UniRef50_P0AD19"
"Inner membrane protein YpjD","ypjD",9,"GEGEGB_02766","SO:0001217, UniRef:UniRef50_P64432"
"Inner membrane protein YqiJ","yqiJ",9,"GEGEGB_03272","SO:0001217, UniRef:UniRef50_P76657"
"Inner membrane protein YqjE","yqjE",9,"GEGEGB_03308","SO:0001217, UniRef:UniRef50_A0A2Y9U2E3"
"Inner membrane protein YrbG","yrbG",9,"GEGEGB_03397","SO:0001217, UniRef:UniRef50_P45394"
"Inner membrane protein ybhQ","ybhQ",9,"GEGEGB_02183","SO:0001217, UniRef:UniRef50_A8AIZ5"
"Inner membrane protein ycdZ","ycdZ",9,"GEGEGB_01879","SO:0001217, UniRef:UniRef50_A0A8S0FXZ0"
"Inner membrane transport permease YadH","yadH",9,"GEGEGB_00189","SO:0001217, UniRef:UniRef50_P0AFN6"
"Inner membrane transport protein YajR","yajR",9,"GEGEGB_02553","SO:0001217, UniRef:UniRef50_P77726"
"Inner membrane transport protein YhjV","yhjV",9,"GEGEGB_04102","SO:0001217, UniRef:UniRef50_P37660"
"Inner membrane transport protein YqeG","yqeG",9,"GEGEGB_03080","SO:0001217, UniRef:UniRef50_P63340"
"Inner membrane transporter YjeM","yjeM",9,"GEGEGB_04631","SO:0001217, UniRef:UniRef50_U5MSK9"
"Inner membrane-spanning protein YciB","yciB",9,"GEGEGB_01737","SO:0001217, UniRef:UniRef50_Q8ZEH5"
"Inorganic pyrophosphatase",NA,9,"GEGEGB_04704","SO:0001217, UniRef:UniRef50_P57190"
"Inorganic triphosphatase",NA,9,"GEGEGB_03277","SO:0001217, UniRef:UniRef50_P30871"
"Inosine-5'-monophosphate dehydrogenase",NA,9,"GEGEGB_00380","SO:0001217, UniRef:UniRef50_P0ADG7"
"Integration host factor subunit alpha",NA,9,"GEGEGB_01288","SO:0001217, UniRef:UniRef50_P0A6X7"
"Integration host factor subunit beta",NA,9,"GEGEGB_02056","SO:0001217, UniRef:UniRef50_P57394"
"Intermembrane phospholipid transport system ATP-binding protein MlaF","mlaF",9,"GEGEGB_03396","SO:0001217, UniRef:UniRef50_P63386"
"Intermembrane phospholipid transport system binding protein MlaC","mlaC",9,"GEGEGB_03393","SO:0001217, UniRef:UniRef50_P0ADV7"
"Intermembrane phospholipid transport system binding protein MlaD","mlaD",9,"GEGEGB_03394","SO:0001217, UniRef:UniRef50_P45029"
"Intermembrane phospholipid transport system lipoprotein MlaA","mlaA",9,"GEGEGB_00511","SO:0001217, UniRef:UniRef50_P76506"
"Intermembrane phospholipid transport system permease protein MlaE","mlaE",9,"GEGEGB_03395","SO:0001217, UniRef:UniRef50_A0A418GDJ1"
"Intermembrane transport protein PqiA","pqiA",9,"GEGEGB_01961","SO:0001217, UniRef:UniRef50_P0AFL9"
"Intermembrane transport protein YebT","yebT",9,"GEGEGB_01091","SO:0001217, UniRef:UniRef50_P76272"
"Invasion protein InvF","invF",9,"GEGEGB_02939","SO:0001217, UniRef:UniRef50_P69343"
"Inverse autotransporter beta-domain domain-containing protein",NA,9,"GEGEGB_01661","SO:0001217, UniRef:UniRef50_V1H4F9"
"Ion channel protein Tsx",NA,9,"GEGEGB_00470","SO:0001217, UniRef:UniRef50_D3VLA1"
"Ion transport domain-containing protein",NA,9,"GEGEGB_01744","SO:0001217, UniRef:UniRef50_C9XTR1"
"Ion-translocating oxidoreductase complex subunit A",NA,9,"GEGEGB_01401","SO:0001217, UniRef:UniRef50_Q482U3"
"Ion-translocating oxidoreductase complex subunit B",NA,9,"GEGEGB_01400","SO:0001217, UniRef:UniRef50_A0A3N0UX17"
"Ion-translocating oxidoreductase complex subunit D",NA,9,"GEGEGB_01398","SO:0001217, UniRef:UniRef50_A0A6N3QZ10"
"Ion-translocating oxidoreductase complex subunit E",NA,9,"GEGEGB_01396","SO:0001217, UniRef:UniRef50_P77179"
"Ion-translocating oxidoreductase complex subunit G",NA,9,"GEGEGB_01397","SO:0001217, UniRef:UniRef50_P77285"
"Iron ABC transporter",NA,9,"GEGEGB_00214","SO:0001217, UniRef:UniRef50_A0A0J8YC22"
"Iron export ABC transporter permease subunit FetB","fetB",9,"GEGEGB_02477","SO:0001217, UniRef:UniRef50_A0A0A7FTF0"
"Iron(3+)-hydroxamate import ATP-binding protein FhuC","fhuC",9,"GEGEGB_00212","SO:0001217, UniRef:UniRef50_P07821"
"Iron(3+)-hydroxamate-binding protein FhuD","fhuD",9,"GEGEGB_00213","SO:0001217, UniRef:UniRef50_P07822"
"Iron(III) enterobactin esterase",NA,9,"GEGEGB_02400","SO:0001217, UniRef:UniRef50_P13039"
"Iron-siderophore ABC transporter permease",NA,9,"GEGEGB_02227","SO:0001217, UniRef:UniRef50_A0A0F6TZF5"
"Iron-sulfur cluster assembly protein CyaY","cyaY",9,"GEGEGB_03530","SO:0001217, UniRef:UniRef50_C5BBD2"
"Iron-sulfur cluster assembly protein SufD","sufD",9,"GEGEGB_01311","SO:0001217, UniRef:UniRef50_P77689"
"Iron-sulfur cluster assembly scaffold protein IscU","iscU",9,"GEGEGB_00339","SO:0001217, UniRef:UniRef50_A0A4P5SR60"
"Iron-sulfur cluster carrier protein",NA,9,"GEGEGB_00747","SO:0001217, UniRef:UniRef50_Q8ZNN5"
"Iron-sulfur cluster repair protein YtfE","ytfE",9,"GEGEGB_04685","SO:0001217, UniRef:UniRef50_Q8ZK76"
"Isoaspartyl dipeptidase",NA,9,"GEGEGB_04806","SO:0001217, UniRef:UniRef50_P39377"
"Isoaspartyl peptidase",NA,9,"GEGEGB_02146","SO:0001217, UniRef:UniRef50_P37595"
"Isochorismatase",NA,9,"GEGEGB_02388","SO:0001217, UniRef:UniRef50_A0A3S4EUZ9"
"Isochorismatase family protein YecD","yecD",9,"GEGEGB_01038","SO:0001217, UniRef:UniRef50_P0ADI7"
"Isochorismate synthase EntC","entC",9,"GEGEGB_02390","SO:0001217, UniRef:UniRef50_P0AEJ2"
"Isocitrate dehydrogenase [NADP] 1",NA,9,"GEGEGB_01775","SO:0001217, UniRef:UniRef50_A0A5A4WIX0"
"Isocitrate dehydrogenase kinase/phosphatase",NA,9,"GEGEGB_04339","SO:0001217, UniRef:UniRef50_P51067"
"Isocitrate lyase",NA,9,"GEGEGB_04338","SO:0001217, UniRef:UniRef50_B6BQ52"
"Isoleucine--tRNA ligase",NA,9,"GEGEGB_00050","SO:0001217, UniRef:UniRef50_Q8ZIM0"
"Isopentenyl-diphosphate Delta-isomerase",NA,9,"GEGEGB_03106","SO:0001217, UniRef:UniRef50_Q46822"
"K(+)/H(+) antiporter NhaP2","nhaP2",9,"GEGEGB_01139","SO:0001217, UniRef:UniRef50_Q87KV8"
"KDP operon transcriptional regulatory protein KdpE","kdpE",9,"GEGEGB_02284","SO:0001217, UniRef:UniRef50_P21866"
"Kdo(2)-lipid A phosphoethanolamine 7''-transferase",NA,9,"GEGEGB_04091","SO:0001217, UniRef:UniRef50_P37661"
"Ketol-acid reductoisomerase (NADP(+))",NA,9,"GEGEGB_03568","SO:0001217, UniRef:UniRef50_A0A2X1NUP5"
"L(+)-tartrate dehydratase subunit alpha",NA,9,"GEGEGB_03440","SO:0001217, UniRef:UniRef50_A0AA86DWW2"
"L(+)-tartrate dehydratase subunit beta",NA,9,"GEGEGB_03439","SO:0001217, UniRef:UniRef50_A0A448HJ19"
"L,D-TPase catalytic domain-containing protein",NA,9,"GEGEGB_02670","SO:0001217, UniRef:UniRef50_A0AAP5VK31"
"L-2-hydroxyglutarate dehydrogenase",NA,9,"GEGEGB_02823","SO:0001217, UniRef:UniRef50_P37339"
"L-Ala-D/L-Glu epimerase",NA,9,"GEGEGB_01673","SO:0001217, UniRef:UniRef50_P51981"
"L-Rhamnulokinase",NA,9,"GEGEGB_03759","SO:0001217, UniRef:UniRef50_P32171"
"L-alanine exporter AlaE","alaE",9,"GEGEGB_02836","BlastRules:WP_000492669, SO:0001217, UniRef:UniRef50_Q6LP61"
"L-amino acid N-acetyltransferase AaaT","aaaT",9,"GEGEGB_04191","SO:0001217, UniRef:UniRef50_P46854"
"L-arabinose isomerase",NA,9,"GEGEGB_00111","SO:0001217, UniRef:UniRef50_P08202"
"L-asparaginase 2",NA,9,"GEGEGB_03171","SO:0001217, UniRef:UniRef50_A0A3S4FVM0"
"L-aspartate oxidase",NA,9,"GEGEGB_00290","SO:0001217, UniRef:UniRef50_P10902"
"L-carnitine CoA-transferase",NA,9,"GEGEGB_00076","SO:0001217, UniRef:UniRef50_P31572"
"L-carnitine/gamma-butyrobetaine antiporter",NA,9,"GEGEGB_00078","SO:0001217, UniRef:UniRef50_P31553"
"L-cysteine desulfhydrase Cds1",NA,9,"GEGEGB_02524","SO:0001217, UniRef:UniRef50_A0A2X3GK72"
"L-cystine ABC transporter ATP-binding protein YecC","yecC",9,"GEGEGB_00991","SO:0001217, UniRef:UniRef50_A0A0E1NIK3"
"L-cystine transport system permease protein TcyL","tcyL",9,"GEGEGB_00990","SO:0001217, UniRef:UniRef50_P0AFT2"
"L-fucose mutarotase",NA,9,"GEGEGB_03026","SO:0001217, UniRef:UniRef50_A0A7Y7YN01"
"L-fucose permease",NA,9,"GEGEGB_03023","SO:0001217, UniRef:UniRef50_A0A376LAT6"
"L-fuculokinase",NA,9,"GEGEGB_03025","SO:0001217, UniRef:UniRef50_P11553"
"L-fuculose phosphate aldolase",NA,9,"GEGEGB_03022","SO:0001217, UniRef:UniRef50_A0A4P0YET0"
"L-lactate permease",NA,9,"GEGEGB_04037","SO:0001217, UniRef:UniRef50_P33231"
"L-lysine 2,3-aminomutase",NA,9,"GEGEGB_04620","SO:0001217, UniRef:UniRef50_P39280"
"L-methionine sulfoximine/L-methionine sulfone acetyltransferase","mddA",9,"GEGEGB_01580","BlastRules:WP_000155373, SO:0001217, UniRef:UniRef50_A8AGL0"
"L-methionine/branched-chain amino acid exporter YjeH","yjeH",9,"GEGEGB_04615","SO:0001217, UniRef:UniRef50_P39277"
"L-rhamnonate dehydratase",NA,9,"GEGEGB_00612","SO:0001217, UniRef:UniRef50_P77215"
"L-rhamnose isomerase",NA,9,"GEGEGB_03760","SO:0001217, UniRef:UniRef50_O05264"
"L-rhamnose-proton symporter",NA,9,"GEGEGB_03756","SO:0001217, UniRef:UniRef50_B7UNM8"
"L-ribulose-5-phosphate 3-epimerase UlaE","ulaE",9,"GEGEGB_04672","BlastRules:WP_000949502, EC:5.1.3.22, SO:0001217, UniRef:UniRef50_P39305"
"L-ribulose-5-phosphate 4-epimerase",NA,9,"GEGEGB_04673","SO:0001217, UniRef:UniRef50_A0A7X9GZJ0"
"L-serine ammonia-lyase II","sdaB",9,"GEGEGB_03019","BlastRules:WP_000626422, EC:4.3.1.17, SO:0001217, UniRef:UniRef50_P30744"
"L-serine dehydratase 2",NA,9,"GEGEGB_01113","SO:0001217, UniRef:UniRef50_P30744"
"L-seryl-tRNA(Sec) selenium transferase",NA,9,"GEGEGB_04047","SO:0001217, UniRef:UniRef50_P0A821"
"L-threonine 3-dehydrogenase",NA,9,"GEGEGB_04019","SO:0001217, UniRef:UniRef50_A0A2X2T2A0"
"L-threonine dehydratase biosynthetic IlvA","ilvA",9,"GEGEGB_03572","SO:0001217, UniRef:UniRef50_P04968"
"L-threonine dehydratase catabolic TdcB","tdcB",9,"GEGEGB_03326","SO:0001217, UniRef:UniRef50_A0A142E236"
"L-threonine kinase PduX","pduX",9,"GEGEGB_00866","BlastRules:WP_015632997, EC:2.7.1.177, SO:0001217, UniRef:UniRef50_Q9XDM4"
"LPS-assembly lipoprotein LptE","lptE",9,"GEGEGB_02335","SO:0001217, UniRef:UniRef50_A0A653VNZ2"
"LPS-assembly lipoprotein LptM","lptM",9,"GEGEGB_03527","SO:0001217, UniRef:UniRef50_H5V6H7"
"LPS-assembly protein LptD","lptD",9,"GEGEGB_00100","SO:0001217, UniRef:UniRef50_B4F2H9"
"LacI family transcriptional regulator","lacI",9,"GEGEGB_04093","SO:0001217, UniRef:UniRef50_A0A655ETQ6"
"Lactaldehyde reductase",NA,9,"GEGEGB_03021","SO:0001217, UniRef:UniRef50_P0A9S1"
"Large ribosomal subunit assembly factor BipA","bipA",9,"GEGEGB_03802","SO:0001217, UniRef:UniRef50_Q9HU67"
"Large ribosomal subunit protein bL12",NA,9,"GEGEGB_03656","SO:0001217, UniRef:UniRef50_P0A7K2"
"Large ribosomal subunit protein bL17",NA,9,"GEGEGB_04314","SO:0001217, UniRef:UniRef50_P44355"
"Large ribosomal subunit protein bL19",NA,9,"GEGEGB_02761","SO:0001217, UniRef:UniRef50_Q9CLE0"
"Large ribosomal subunit protein bL20",NA,9,"GEGEGB_01285","SO:0001217, UniRef:UniRef50_Q2RNH9"
"Large ribosomal subunit protein bL21",NA,9,"GEGEGB_03387","SO:0001217, UniRef:UniRef50_Q5R027"
"Large ribosomal subunit protein bL25",NA,9,"GEGEGB_00674","SO:0001217, UniRef:UniRef50_A0A485C186"
"Large ribosomal subunit protein bL27",NA,9,"GEGEGB_03386","SO:0001217, UniRef:UniRef50_P0A7L8"
"Large ribosomal subunit protein bL28",NA,9,"GEGEGB_03999","SO:0001217, UniRef:UniRef50_Q491X0"
"Large ribosomal subunit protein bL31",NA,9,"GEGEGB_03709","SO:0001217, UniRef:UniRef50_Q491Y5"
"Large ribosomal subunit protein bL32",NA,9,"GEGEGB_01824","SO:0001217, UniRef:UniRef50_C7RBG1"
"Large ribosomal subunit protein bL33",NA,9,"GEGEGB_04000","SO:0001217, UniRef:UniRef50_A0A5P9IIW8"
"Large ribosomal subunit protein bL35",NA,9,"GEGEGB_01284","SO:0001217, UniRef:UniRef50_P0A7Q1"
"Large ribosomal subunit protein bL36",NA,9,"GEGEGB_04309","SO:0001217, UniRef:UniRef50_P20278"
"Large ribosomal subunit protein bL9",NA,9,"GEGEGB_04678","SO:0001217, UniRef:UniRef50_Q3JEJ4"
"Large ribosomal subunit protein uL1",NA,9,"GEGEGB_03658","SO:0001217, UniRef:UniRef50_P0A7L0"
"Large ribosomal subunit protein uL13",NA,9,"GEGEGB_03430","SO:0001217, UniRef:UniRef50_Q0WB88"
"Large ribosomal subunit protein uL14",NA,9,"GEGEGB_04298","SO:0001217, UniRef:UniRef50_Q5SHP8"
"Large ribosomal subunit protein uL15",NA,9,"GEGEGB_04307","SO:0001217, UniRef:UniRef50_Q9KP03"
"Large ribosomal subunit protein uL16",NA,9,"GEGEGB_04295","SO:0001217, UniRef:UniRef50_Q83ER9"
"Large ribosomal subunit protein uL18",NA,9,"GEGEGB_04304","SO:0001217, UniRef:UniRef50_P44356"
"Large ribosomal subunit protein uL23",NA,9,"GEGEGB_04290","SO:0001217, UniRef:UniRef50_A0KF23"
"Large ribosomal subunit protein uL24",NA,9,"GEGEGB_04299","SO:0001217, UniRef:UniRef50_P60624"
"Large ribosomal subunit protein uL29",NA,9,"GEGEGB_04296","SO:0001217, UniRef:UniRef50_Q8D204"
"Large ribosomal subunit protein uL3",NA,9,"GEGEGB_04288","SO:0001217, UniRef:UniRef50_P60438"
"Large ribosomal subunit protein uL30",NA,9,"GEGEGB_04306","SO:0001217, UniRef:UniRef50_F7WZN2"
"Large ribosomal subunit protein uL4",NA,9,"GEGEGB_04289","SO:0001217, UniRef:UniRef50_P44345"
"Large ribosomal subunit protein uL5",NA,9,"GEGEGB_04300","SO:0001217, UniRef:UniRef50_A0A9E1ZZ63"
"Large-conductance mechanosensitive channel",NA,9,"GEGEGB_04318","SO:0001217, UniRef:UniRef50_P0A742"
"LcrR family type III secretion system chaperone SseE","sseE",9,"GEGEGB_01343","BlastRules:WP_000249606, SO:0001217, UniRef:UniRef50_A9MEL6"
"Leucine efflux protein",NA,9,"GEGEGB_01210","SO:0001217, UniRef:UniRef50_P76249"
"Leucine--tRNA ligase",NA,9,"GEGEGB_02334","SO:0001217, UniRef:UniRef50_P07813"
"Leucine-responsive regulatory protein",NA,9,"GEGEGB_02080","SO:0001217, UniRef:UniRef50_A0A379SX48"
"Leucyl/phenylalanyl-tRNA--protein transferase",NA,9,"GEGEGB_02084","SO:0001217, UniRef:UniRef50_A0A2X3K279"
"LexA repressor","lexA",9,"GEGEGB_04369","SO:0001217, UniRef:UniRef50_Q6D9I5"
"Lipid A 1-diphosphate synthase",NA,9,"GEGEGB_00684","SO:0001217, UniRef:UniRef50_P76445"
"Lipid A biosynthesis (KDO)2-(Lauroyl)-lipid IVA acyltransferase",NA,9,"GEGEGB_01051","SO:0001217, UniRef:UniRef50_A0A379GIK2"
"Lipid A biosynthesis lauroyltransferase",NA,9,"GEGEGB_01861","SO:0001217, UniRef:UniRef50_P0ACV0"
"Lipid A biosynthesis palmitoleoyltransferase",NA,9,"GEGEGB_00495","SO:0001217, UniRef:UniRef50_P0ACV2"
"Lipid A export ATP-binding/permease MsbA","msbA",9,"GEGEGB_02054","SO:0001217, UniRef:UniRef50_A0A377XU15"
"Lipid III flippase",NA,9,"GEGEGB_03549","SO:0001217, UniRef:UniRef50_E0SKQ1"
"Lipid-A-disaccharide synthase",NA,9,"GEGEGB_00245","SO:0001217, UniRef:UniRef50_A0A376LI07"
"Lipid/polyisoprenoid-binding YceI-like domain-containing protein",NA,9,"GEGEGB_01610","SO:0001217, UniRef:UniRef50_A0A1J6IFZ2"
"Lipopolysaccharide 1,2-N-acetylglucosaminetransferase",NA,9,"GEGEGB_04013","SO:0001217, UniRef:UniRef50_P26470"
"Lipopolysaccharide 1,6-galactosyltransferase",NA,9,"GEGEGB_04008","SO:0001217, UniRef:UniRef50_P27127"
"Lipopolysaccharide N-acetylmannosaminouronosyltransferase",NA,9,"GEGEGB_03546","SO:0001217, UniRef:UniRef50_A0AA42EID2"
"Lipopolysaccharide assembly protein A",NA,9,"GEGEGB_01708","SO:0001217, UniRef:UniRef50_P0ACV4"
"Lipopolysaccharide assembly protein B",NA,9,"GEGEGB_01707","SO:0001217, UniRef:UniRef50_C4K8Q1"
"Lipopolysaccharide core heptose(I) kinase",NA,9,"GEGEGB_04006","SO:0001217, UniRef:UniRef50_A0A377DB85"
"Lipopolysaccharide core heptose(II) kinase WaaY","waaY",9,"GEGEGB_04011","SO:0001217, UniRef:UniRef50_P27240"
"Lipopolysaccharide export system ATP-binding protein LptB","lptB",9,"GEGEGB_03402","SO:0001217, UniRef:UniRef50_P45073"
"Lipopolysaccharide export system permease protein LptF","lptF",9,"GEGEGB_04750","SO:0001217, UniRef:UniRef50_P0AF98"
"Lipopolysaccharide export system permease protein LptG","lptG",9,"GEGEGB_04751","SO:0001217, UniRef:UniRef50_P0ADC6"
"Lipopolysaccharide export system protein LptA","lptA",9,"GEGEGB_03401","SO:0001217, UniRef:UniRef50_P0ADV1"
"Lipopolysaccharide export system protein LptC","lptC",9,"GEGEGB_03400","SO:0001217, UniRef:UniRef50_P0ADV9"
"Lipopolysaccharide glucosyltransferase WaaO","waaO",9,"GEGEGB_04009","SO:0001217, UniRef:UniRef50_P27128"
"Lipopolysaccharide heptosyltransferase 1",NA,9,"GEGEGB_04015","SO:0001217, UniRef:UniRef50_P0DX54"
"Lipopolysaccharide heptosyltransferase 2",NA,9,"GEGEGB_04016","SO:0001217, UniRef:UniRef50_P37692"
"Lipopolysaccharide heptosyltransferase 3",NA,9,"GEGEGB_04004","SO:0001217, UniRef:UniRef50_P25742"
"Lipoprotein NlpE","nlpE",9,"GEGEGB_00260","SO:0001217, UniRef:UniRef50_P40710"
"Lipoprotein NlpI","nlpI",9,"GEGEGB_03363","SO:0001217, UniRef:UniRef50_P0AFB1"
"Lipoprotein YajG","yajG",9,"GEGEGB_02541","SO:0001217, UniRef:UniRef50_A0A090V5P2"
"Lipoprotein releasing system ATP-binding protein LolD","lolD",9,"GEGEGB_01795","SO:0001217, UniRef:UniRef50_A0A377TS80"
"Lipoprotein signal peptidase",NA,9,"GEGEGB_00051","SO:0001217, UniRef:UniRef50_Q9KU46"
"Lipoprotein-releasing system transmembrane protein LolE","lolE",9,"GEGEGB_01794","SO:0001217, UniRef:UniRef50_P75958"
"Lon protease",NA,9,"GEGEGB_02535","SO:0001217, UniRef:UniRef50_B0TZA7"
"Long-chain-fatty-acid--CoA ligase",NA,9,"GEGEGB_01121","SO:0001217, UniRef:UniRef50_A0A4Q7Z9A9"
"Low affinity potassium transport system protein Kup",NA,9,"GEGEGB_03835","SO:0001217, UniRef:UniRef50_P63183"
"Low molecular weight protein-tyrosine-phosphatase Wzb",NA,9,"GEGEGB_00798","SO:0001217, UniRef:UniRef50_P0AAB2"
"Low specificity L-threonine aldolase",NA,9,"GEGEGB_02103","SO:0001217, UniRef:UniRef50_P75823"
"Low-affinity gluconate transporter",NA,9,"GEGEGB_04198","SO:0001217, UniRef:UniRef50_P0AC96"
"LpxT activity modulator PmrR","pmrR",9,"GEGEGB_04424","SO:0001217, UniRef:UniRef50_A0A1R0FS77"
"LrgB family protein","lrgB",9,"GEGEGB_04405","SO:0001217, UniRef:UniRef50_A0A090UWY2"
"Lysine exporter LysO family protein","lysO",9,"GEGEGB_02099","SO:0001217, UniRef:UniRef50_A0A443VF55"
"Lysine--tRNA ligase, heat inducible",NA,9,"GEGEGB_03107","SO:0001217, UniRef:UniRef50_P0A8N5"
"Lysine/cadaverine antiporter",NA,9,"GEGEGB_00322","SO:0001217, UniRef:UniRef50_A0A097R5I3"
"Lysophospholipase L2",NA,9,"GEGEGB_03512","SO:0001217, UniRef:UniRef50_P07000"
"Lysophospholipid transporter LplT","lplT",9,"GEGEGB_03061","SO:0001217, UniRef:UniRef50_P39196"
"Lysozyme",NA,9,"GEGEGB_04126","SO:0001217, UniRef:UniRef50_Q8ZLC6"
"MDR efflux pump AcrAB transcriptional activator RobA","robA",9,"GEGEGB_04872","SO:0001217, UniRef:UniRef50_A0A2U9L0W3"
"Macrolide export protein MacA","macA",9,"GEGEGB_02096","SO:0001217, UniRef:UniRef50_P75830"
"Magnesium and cobalt efflux protein CorC","corC",9,"GEGEGB_02320","SO:0001217, UniRef:UniRef50_P0A2L3"
"Magnesium transport protein CorA","corA",9,"GEGEGB_03521","SO:0001217, UniRef:UniRef50_P0A2R8"
"Magnesium-transporting ATPase, P-type 1",NA,9,"GEGEGB_04727","SO:0001217, UniRef:UniRef50_A0A085G1Q5"
"Major facilitator superfamily transport protein",NA,9,"GEGEGB_02739","SO:0001217, UniRef:UniRef50_E1V5Q9"
"Malate dehydrogenase",NA,9,"GEGEGB_03444","SO:0001217, UniRef:UniRef50_P61889"
"Malate synthase",NA,9,"GEGEGB_04337","SO:0001217, UniRef:UniRef50_A0A0M0I003"
"Maleylacetoacetate isomerase",NA,9,"GEGEGB_00724","SO:0001217, UniRef:UniRef50_A0A2N7WIT2"
"Malonyl-[acyl-carrier protein] O-methyltransferase",NA,9,"GEGEGB_02201","SO:0001217, UniRef:UniRef50_A0A348DHH1"
"Malto-oligosyltrehalose trehalohydrolase",NA,9,"GEGEGB_01553","SO:0001217, UniRef:UniRef50_D4GDN2"
"Maltodextrin glucosidase",NA,9,"GEGEGB_02589","SO:0001217, UniRef:UniRef50_A0A6C8GS39"
"Maltodextrin phosphorylase",NA,9,"GEGEGB_04211","SO:0001217, UniRef:UniRef50_P00490"
"Maltoporin",NA,9,"GEGEGB_04363","SO:0001217, UniRef:UniRef50_A0A2P7RBI5"
"Maltose O-acetyltransferase",NA,9,"GEGEGB_02511","SO:0001217, UniRef:UniRef50_P77791"
"Maltose operon periplasmic protein",NA,9,"GEGEGB_04364","SO:0001217, UniRef:UniRef50_P03841"
"Maltose/maltodextrin import ATP-binding protein MalK","malK",9,"GEGEGB_04362","SO:0001217, UniRef:UniRef50_P68187"
"Maltose/maltodextrin transport system permease protein",NA,9,"GEGEGB_04360","SO:0001217, UniRef:UniRef50_A0A379YFR7"
"Maltose/maltodextrin transport system permease protein MalG","malG",9,"GEGEGB_04359","SO:0001217, UniRef:UniRef50_A0A845SKQ7"
"Maltose/maltodextrin-binding periplasmic protein",NA,9,"GEGEGB_04361","SO:0001217, UniRef:UniRef50_P19576"
"Mandelate racemase/muconate lactonizing enzyme C-terminal domain-containing protein",NA,9,"GEGEGB_00632","SO:0001217, UniRef:UniRef50_R9M212"
"Manganese-dependent 2,3-dihydroxybiphenyl 1,2-dioxygenase",NA,9,"GEGEGB_00254","SO:0001217, UniRef:UniRef50_A0A1V5LLX3"
"Mannitol-1-phosphate 5-dehydrogenase",NA,9,"GEGEGB_04044","SO:0001217, UniRef:UniRef50_Q8Z9X0"
"Mannonate dehydratase",NA,9,"GEGEGB_03205","SO:0001217, UniRef:UniRef50_P24215"
"Mannose-specific PTS system EIIAB component",NA,9,"GEGEGB_03950","SO:0001217, UniRef:UniRef50_A0A078LI90"
"Mannosyl-3-phosphoglycerate phosphatase",NA,9,"GEGEGB_00956","SO:0001217, UniRef:UniRef50_P76329"
"MdtK family multidrug efflux MATE transporter","mdtK",9,"GEGEGB_01366","BlastRules:WP_001175077, SO:0001217, UniRef:UniRef50_P37340"
"Mechanosensitive channel MscK","mscK",9,"GEGEGB_02505","SO:0001217, UniRef:UniRef50_P77338"
"Medium/long-chain acyl-CoA thioesterase YigI","yigI",9,"GEGEGB_03517","SO:0001217, UniRef:UniRef50_A0A2G0QE88"
"Melibiose operon regulatory protein",NA,9,"GEGEGB_04431","SO:0001217, UniRef:UniRef50_P0ACH8"
"Melibiose permease",NA,9,"GEGEGB_04433","SO:0001217, UniRef:UniRef50_P30878"
"Membrane fusion protein (MFP) family protein",NA,9,"GEGEGB_02780","SO:0001217, UniRef:UniRef50_A0A5R9RA74"
"Membrane fusion protein biotin-lipoyl like domain-containing protein",NA,9,"GEGEGB_04150","SO:0001217, UniRef:UniRef50_A0A6H9HKJ8"
"Membrane protein insertase YidC","yidC",9,"GEGEGB_03876","SO:0001217, UniRef:UniRef50_P25714"
"Membrane sensor protein UhpC","uhpC",9,"GEGEGB_03932","SO:0001217, UniRef:UniRef50_P09836"
"Membrane-bound lytic murein transglycosylase A",NA,9,"GEGEGB_03038","SO:0001217, UniRef:UniRef50_D8MW96"
"Membrane-bound lytic murein transglycosylase B",NA,9,"GEGEGB_02872","SO:0001217, UniRef:UniRef50_P41052"
"Membrane-bound lytic murein transglycosylase F",NA,9,"GEGEGB_00312","SO:0001217, UniRef:UniRef50_P0AGC5"
"Membrane-bound metal-dependent hydrolase",NA,9,"GEGEGB_02439","SO:0001217, UniRef:UniRef50_A0A0H2V5N8"
"Membrane-bound sensory transducer in beta-lactamase regulation",NA,9,"GEGEGB_00162","SO:0001217, UniRef:UniRef50_A1JJL4"
"Met repressor",NA,9,"GEGEGB_03704","SO:0001217, UniRef:UniRef50_D0I3V4"
"Metalloprotease PmbA","pmbA",9,"GEGEGB_04708","SO:0001217, UniRef:UniRef50_P0AFK0"
"Metalloprotease TldD-like protein",NA,9,"GEGEGB_03453","SO:0001217, UniRef:UniRef50_Q89AE1"
"Metalloprotease YcaL","ycaL",9,"GEGEGB_02059","SO:0001217, UniRef:UniRef50_P43674"
"Methionine aminopeptidase",NA,9,"GEGEGB_00229","SO:0001217, UniRef:UniRef50_P0A1X6"
"Methionine aminotransferase",NA,9,"GEGEGB_02382","SO:0001217, UniRef:UniRef50_P77806"
"Methionine synthase",NA,9,"GEGEGB_04341","SO:0001217, UniRef:UniRef50_P13009"
"Methionine--tRNA ligase",NA,9,"GEGEGB_00746","SO:0001217, UniRef:UniRef50_A5CWL9"
"Methionyl-tRNA formyltransferase",NA,9,"GEGEGB_04321","SO:0001217, UniRef:UniRef50_P23882"
"Methyl-accepting chemotaxis citrate transducer",NA,9,"GEGEGB_01649","SO:0001217, UniRef:UniRef50_A0A484XJD6"
"Methylated-DNA--protein-cysteine methyltransferase",NA,9,"GEGEGB_01651","SO:0001217, UniRef:UniRef50_P0AFH0"
"Methylglyoxal synthase",NA,9,"GEGEGB_01948","SO:0001217, UniRef:UniRef50_A0A411MHY8"
"Methyltransferase",NA,9,"GEGEGB_00265","SO:0001217, UniRef:UniRef50_A0A2X3KIH5"
"Mg2+ transport protein","mgtB",9,"GEGEGB_03958","SO:0001217, UniRef:UniRef50_A0A6L6IGZ7, VFDB:VFC0272, VFDB:VFG000574"
"Microcompartment protein PduB","pduB",9,"GEGEGB_00884","SO:0001217, UniRef:UniRef50_A0A2S6HS62"
"Miniconductance mechanosensitive channel",NA,9,"GEGEGB_02411","SO:0001217, UniRef:UniRef50_V5Z9H5"
"Miniconductance mechanosensitive channel MscM","mscM",9,"GEGEGB_04633","SO:0001217, UniRef:UniRef50_A0A379TH57"
"Mlc titration factor A",NA,9,"GEGEGB_00939","SO:0001217, UniRef:UniRef50_P76346"
"MltA-interacting protein",NA,9,"GEGEGB_01230","SO:0001217, UniRef:UniRef50_P0A908"
"Mn(2+) uptake NRAMP transporter MntH","mntH",9,"GEGEGB_00486","BlastRules:WP_000131735, SO:0001217, UniRef:UniRef50_B2VDY7"
"Mn-containing catalase",NA,9,"GEGEGB_01733","SO:0001217, UniRef:UniRef50_A0A2U3I0V2"
"Moderate conductance mechanosensitive channel YbiO","ybiO",9,"GEGEGB_02168","SO:0001217, UniRef:UniRef50_P75783"
"Modulator of FtsH protease HflC","hflC",9,"GEGEGB_04649","SO:0001217, UniRef:UniRef50_P0ABC3"
"Modulator of FtsH protease HflK","hflK",9,"GEGEGB_04648","SO:0001217, UniRef:UniRef50_P0ABC7"
"Modulator of FtsH protease YccA","yccA",9,"GEGEGB_01935","SO:0001217, UniRef:UniRef50_P0AAC6"
"Modulator protein MzrA","mzrA",9,"GEGEGB_03305","SO:0001217, UniRef:UniRef50_P42615"
"Molybdate ABC transporter substrate-binding protein",NA,9,"GEGEGB_03211","SO:0001217, UniRef:UniRef50_Q8Z3R4"
"Molybdenum cofactor biosynthesis protein B",NA,9,"GEGEGB_02194","SO:0001217, UniRef:UniRef50_Q6D3C8"
"Molybdenum cofactor biosynthesis protein MogA","mogA",9,"GEGEGB_00008","SO:0001217, UniRef:UniRef50_A0A0A2Z689"
"Molybdenum cofactor guanylyltransferase",NA,9,"GEGEGB_03819","SO:0001217, UniRef:UniRef50_P32173"
"Molybdenum import ATP-binding protein ModC","modC",9,"GEGEGB_02214","SO:0001217, UniRef:UniRef50_P09833"
"Molybdenum transport system permease protein ModB","modB",9,"GEGEGB_02215","SO:0001217, UniRef:UniRef50_P45322"
"Molybdopterin synthase catalytic subunit",NA,9,"GEGEGB_02191","SO:0001217, UniRef:UniRef50_A0AAD1D895"
"Molybdopterin synthase sulfur carrier subunit",NA,9,"GEGEGB_02192","SO:0001217, UniRef:UniRef50_P30748"
"Molybdopterin synthase sulfurylase MoeB","moeB",9,"GEGEGB_02148","SO:0001217, UniRef:UniRef50_A0A3S4Y137"
"Molybdopterin-guanine dinucleotide biosynthesis adapter protein",NA,9,"GEGEGB_03820","SO:0001217, UniRef:UniRef50_P32125"
"Monoamine regulon transcriptional regulator",NA,9,"GEGEGB_03194","SO:0001217, UniRef:UniRef50_A0A2Z6ELR6"
"Monofunctional chorismate mutase",NA,9,"GEGEGB_01209","SO:0001217, UniRef:UniRef50_P42517"
"MotA/TolQ/ExbB proton channel domain-containing protein",NA,9,"GEGEGB_04389","SO:0001217, UniRef:UniRef50_A0A7Z1PNX2"
"Multicopper oxidase CueO","cueO",9,"GEGEGB_00184","SO:0001217, UniRef:UniRef50_P36649"
"Multidrug efflux pump subunit AcrB","acrB",9,"GEGEGB_03475","SO:0001217, UniRef:UniRef50_P31224"
"Multidrug export protein EmrA","emrA",9,"GEGEGB_02852","SO:0001217, UniRef:UniRef50_P27303"
"Multidrug resistance protein MdtG","mdtG",9,"GEGEGB_01862","SO:0001217, UniRef:UniRef50_P25744"
"Multidrug resistance protein MdtH","mdtH",9,"GEGEGB_01850","SO:0001217, UniRef:UniRef50_P69367"
"Multidrug resistance protein MdtL","mdtL",9,"GEGEGB_03874","SO:0001217, UniRef:UniRef50_P31462"
"Multidrug resistance protein MdtM","mdtM",9,"GEGEGB_04811","SO:0001217, UniRef:UniRef50_P39386"
"Multidrug resistance-like ATP-binding protein MdlB","mdlB",9,"GEGEGB_02521","SO:0001217, UniRef:UniRef50_P0AAG5"
"Multidrug transporter MdfA","mdfA",9,"GEGEGB_02134","SO:0001217, UniRef:UniRef50_A0A1B3EZB9"
"Multidrug-efflux transporter",NA,9,"GEGEGB_00913","SO:0001217, UniRef:UniRef50_A0A486S2R5"
"Multifunctional acyl-CoA thioesterase I/protease I/lysophospholipase L1",NA,9,"GEGEGB_02474","SO:0001217, UniRef:UniRef50_A0A4P8YI04"
"Multiphosphoryl transfer protein",NA,9,"GEGEGB_00690","SO:0001217, UniRef:UniRef50_P69811"
"Multiple antibiotic resistance protein MarA","marA",9,"GEGEGB_01515","SO:0001217, UniRef:UniRef50_P0A2S4"
"Multiple antibiotic resistance protein MarB","marB",9,"GEGEGB_01514","SO:0001217, UniRef:UniRef50_P0A214"
"Multiple antibiotic resistance protein MarR","marR",9,"GEGEGB_01516","SO:0001217, UniRef:UniRef50_P27245"
"Multiple antibiotic resistance protein marR","marR",9,"GEGEGB_02851","SO:0001217, UniRef:UniRef50_A0A1T4N4P6"
"MurPQ operon repressor",NA,9,"GEGEGB_00307","SO:0001217, UniRef:UniRef50_A0A376DKG3"
"Murein DD-endopeptidase MepS/Murein LD-carboxypeptidase",NA,9,"GEGEGB_00683","SO:0001217, UniRef:UniRef50_P0AFV4"
"Murein hydrolase activator EnvC","envC",9,"GEGEGB_04023","SO:0001217, UniRef:UniRef50_P37690"
"Murein hydrolase activator NlpD","nlpD",9,"GEGEGB_02962","SO:0001217, UniRef:UniRef50_P0ADA3"
"Murein hydrolase exporter",NA,9,"GEGEGB_04404","SO:0001217, UniRef:UniRef50_A0A484YDL8"
"Murein tetrapeptide carboxypeptidase",NA,9,"GEGEGB_01140","SO:0001217, UniRef:UniRef50_P76008"
"Murein tripeptide amidase MpaA","mpaA",9,"GEGEGB_01672","SO:0001217, UniRef:UniRef50_A0A4Z0PF67"
"N(4)-acetylcytidine amidohydrolase",NA,9,"GEGEGB_03118","SO:0001217, UniRef:UniRef50_Q8ZFD6"
"N-acetyl-D-glucosamine kinase",NA,9,"GEGEGB_01793","SO:0001217, UniRef:UniRef50_P44554"
"N-acetyl-gamma-glutamyl-phosphate reductase",NA,9,"GEGEGB_03686","SO:0001217, UniRef:UniRef50_Q9KNT6"
"N-acetylglucosamine-6-phosphate deacetylase",NA,9,"GEGEGB_02306","SO:0001217, UniRef:UniRef50_P0AF18"
"N-acetylmannosamine kinase","nanK",9,"GEGEGB_03420","BlastRules:WP_000208982, BlastRules:WP_000209011, EC:2.7.1.60, SO:0001217, UniRef:UniRef50_Q8ZLQ8"
"N-acetylmuramic acid 6-phosphate etherase",NA,9,"GEGEGB_00308","SO:0001217, UniRef:UniRef50_Q6D234"
"N-acetylmuramoyl-L-alanine amidase AmiC","amiC",9,"GEGEGB_03041","BlastRules:WP_000016907, EC:3.5.1.28, SO:0001217, UniRef:UniRef50_P63883"
"N-acetylneuraminate anomerase NanQ","nanQ",9,"GEGEGB_03419","SO:0001217, UniRef:UniRef50_P45424"
"N-acetylneuraminate lyase",NA,9,"GEGEGB_03424","SO:0001217, UniRef:UniRef50_P0A6L4"
"N-acetyltransferase domain-containing protein",NA,9,"GEGEGB_00591","SO:0001217, UniRef:UniRef50_A8ADW6"
"N-ethylmaleimide reductase",NA,9,"GEGEGB_01379","SO:0001217, UniRef:UniRef50_A0A6I6EQN1"
"N-hydroxyarylamine O-acetyltransferase",NA,9,"GEGEGB_01572","SO:0001217, UniRef:UniRef50_A0A2S6EFY5"
"N-isopropylammelide isopropylaminohydrolase",NA,9,"GEGEGB_03418","SO:0001217, UniRef:UniRef50_A0AAE8NBA7"
"N-methyl-L-tryptophan oxidase",NA,9,"GEGEGB_01856","SO:0001217, UniRef:UniRef50_P40874"
"N-succinylarginine dihydrolase",NA,9,"GEGEGB_01252","SO:0001217, UniRef:UniRef50_O50175"
"N-succinylglutamate 5-semialdehyde dehydrogenase",NA,9,"GEGEGB_01251","SO:0001217, UniRef:UniRef50_Q7MH21"
"N5-carboxyaminoimidazole ribonucleotide mutase",NA,9,"GEGEGB_02443","SO:0001217, UniRef:UniRef50_Q87KE1"
"N5-carboxyaminoimidazole ribonucleotide synthase",NA,9,"GEGEGB_02444","SO:0001217, UniRef:UniRef50_P09029"
"NAAT family transporter YchE","ychE",9,"GEGEGB_01751","BlastRules:WP_000616554, SO:0001217, UniRef:UniRef50_A0A379UQF4"
"NAD kinase",NA,9,"GEGEGB_02770","SO:0001217, UniRef:UniRef50_P57282"
"NAD(P) transhydrogenase subunit alpha",NA,9,"GEGEGB_01468","SO:0001217, UniRef:UniRef50_A0A918K2X3"
"NAD(P) transhydrogenase subunit beta",NA,9,"GEGEGB_01469","SO:0001217, UniRef:UniRef50_Q5DZZ1"
"NAD(P)-binding domain-containing protein",NA,9,"GEGEGB_02104","SO:0001217, UniRef:UniRef50_Q1RE56"
"NAD(P)H dehydrogenase (quinone)",NA,9,"GEGEGB_01901","SO:0001217, UniRef:UniRef50_Q2RXG7"
"NAD(P)H-flavin reductase",NA,9,"GEGEGB_03493","SO:0001217, UniRef:UniRef50_E0WT32"
"NAD(P)H:quinone oxidoreductase",NA,9,"GEGEGB_04687","SO:0001217, UniRef:UniRef50_A0A377CEI5"
"NAD-capped RNA hydrolase NudC","nudC",9,"GEGEGB_03643","SO:0001217, UniRef:UniRef50_P32664"
"NAD-dependent dihydropyrimidine dehydrogenase subunit PreT","preT",9,"GEGEGB_00714","SO:0001217, UniRef:UniRef50_P76440"
"NAD-dependent malic enzyme",NA,9,"GEGEGB_01561","SO:0001217, UniRef:UniRef50_Q9KSR8"
"NAD-dependent protein deacylase",NA,9,"GEGEGB_01792","SO:0001217, UniRef:UniRef50_P75960"
"NADH-quinone dehydrogenase","ndh",9,"GEGEGB_01803","BlastRules:WP_000211045, SO:0001217, UniRef:UniRef50_P44856"
"NADH-quinone oxidoreductase subunit C/D",NA,9,"GEGEGB_00577","SO:0001217, UniRef:UniRef50_P33599"
"NADH-quinone oxidoreductase subunit E",NA,9,"GEGEGB_00578","SO:0001217, UniRef:UniRef50_A0A346MZV1"
"NADH-quinone oxidoreductase subunit F",NA,9,"GEGEGB_00579","SO:0001217, UniRef:UniRef50_P31979"
"NADH-quinone oxidoreductase subunit G",NA,9,"GEGEGB_00580","SO:0001217, UniRef:UniRef50_Q9I0J6"
"NADH-quinone oxidoreductase subunit H",NA,9,"GEGEGB_00581","SO:0001217, UniRef:UniRef50_P0AFD4"
"NADH-quinone oxidoreductase subunit I 2",NA,9,"GEGEGB_00582","SO:0001217, UniRef:UniRef50_Q746T4"
"NADH-quinone oxidoreductase subunit J",NA,9,"GEGEGB_00583","SO:0001217, UniRef:UniRef50_A0A6M2B0W2"
"NADH-quinone oxidoreductase subunit K",NA,9,"GEGEGB_00584","SO:0001217, UniRef:UniRef50_Q7CQ53"
"NADH-quinone oxidoreductase subunit L",NA,9,"GEGEGB_00585","SO:0001217, UniRef:UniRef50_P33607"
"NADH-quinone oxidoreductase subunit M",NA,9,"GEGEGB_00587","SO:0001217, UniRef:UniRef50_A0A7X3LYN1"
"NADH-quinone oxidoreductase subunit N",NA,9,"GEGEGB_00588","SO:0001217, UniRef:UniRef50_P0AFF0"
"NADH-quinone oxidoreductase subunit NuoA","nuoA",9,"GEGEGB_00575","BlastRules:WP_000062993, EC:7.1.1.2, SO:0001217, UniRef:UniRef50_P0AFC3"
"NADH-quinone oxidoreductase subunit NuoB","nuoB",9,"GEGEGB_00576","BlastRules:WP_000236331, BlastRules:WP_000386733, EC:7.1.1.2, SO:0001217, UniRef:UniRef50_P0AFC7"
"NADP-dependent oxaloacetate-decarboxylating malate dehydrogenase","maeB",9,"GEGEGB_00422","BlastRules:WP_000344297, EC:1.1.1.40, SO:0001217, UniRef:UniRef50_A0A5U0PXU4"
"NADP-dependent oxidoreductase domain-containing protein",NA,9,"GEGEGB_01232","SO:0001217, UniRef:UniRef50_A0A0U5L5A8"
"NADP-dependent phosphogluconate dehydrogenase","gndA",9,"GEGEGB_00837","SO:0001217, UniRef:UniRef50_P41582, VFDB:VFC0258, VFDB:VFG048830"
"NADPH-dependent 7-cyano-7-deazaguanine reductase",NA,9,"GEGEGB_03016","SO:0001217, UniRef:UniRef50_Q46920"
"NADPH-dependent FMN reductase-like domain-containing protein",NA,9,"GEGEGB_03871","SO:0001217, UniRef:UniRef50_A0A258E0C9"
"NADPH-dependent curcumin reductase",NA,9,"GEGEGB_01579","SO:0001217, UniRef:UniRef50_A0A0U5LM18"
"NADPH-dependent ferric-chelate reductase",NA,9,"GEGEGB_03289","SO:0001217, UniRef:UniRef50_Q46871"
"NADPH-nitrite reductase large subunit","nirB",9,"GEGEGB_04252","BlastRules:WP_000049208, BlastRules:WP_000746903, EC:1.7.1.4, SO:0001217, UniRef:UniRef50_A0A643FH19"
"NDP-N-acetyl-D-galactosaminuronic acid dehydrogenase",NA,9,"GEGEGB_03554","SO:0001217, UniRef:UniRef50_Q45410"
"NH(3)-dependent NAD(+) synthetase",NA,9,"GEGEGB_01257","SO:0001217, UniRef:UniRef50_P18843"
"NTE family protein RssA","rssA",9,"GEGEGB_01757","SO:0001217, UniRef:UniRef50_P0AFR0"
"Na(+)/H(+) antiporter NhaA","nhaA",9,"GEGEGB_00044","SO:0001217, UniRef:UniRef50_A8G9L0"
"Na(+)/H(+) antiporter NhaB","nhaB",9,"GEGEGB_01134","SO:0001217, UniRef:UniRef50_P0AFA7"
"Negative regulator of flagellin synthesis",NA,9,"GEGEGB_01844","SO:0001217, UniRef:UniRef50_P0AEM4"
"Neutral zinc metallopeptidase",NA,9,"GEGEGB_00406","SO:0001217, UniRef:UniRef50_A0A285B786"
"NfuA family Fe-S biogenesis protein","nfuA",9,"GEGEGB_04214","BlastRules:WP_005410314, BlastRules:WP_009874494, BlastRules:WP_011091592, BlastRules:WP_011126831, BlastRules:WP_011283110, BlastRules:WP_011672727, BlastRules:WP_011737804, BlastRules:WP_041943809, SO:0001217, UniRef:UniRef50_P63020"
"Ni(II)/Co(II) efflux transporter accessory subunit RcnB","rcnB",9,"GEGEGB_00754","BlastRules:WP_000153067, SO:0001217, UniRef:UniRef50_A0A1B7K2J7"
"Nickel-responsive regulator",NA,9,"GEGEGB_04154","SO:0001217, UniRef:UniRef50_A6TFA8"
"Nicotinamide riboside transporter PnuC","pnuC",9,"GEGEGB_02231","SO:0001217, UniRef:UniRef50_P24520"
"Nicotinamide-nucleotide amidase",NA,9,"GEGEGB_02870","SO:0001217, UniRef:UniRef50_A0AAD2UXF8"
"Nicotinate-nucleotide adenylyltransferase",NA,9,"GEGEGB_02337","SO:0001217, UniRef:UniRef50_P0A752"
"Nicotinate-nucleotide--dimethylbenzimidazole phosphoribosyltransferase",NA,9,"GEGEGB_00910","SO:0001217, UniRef:UniRef50_Q05603"
"Nitrate reductase molybdenum cofactor assembly chaperone NarJ","narJ",9,"GEGEGB_01763","SO:0001217, UniRef:UniRef50_P0AF26"
"Nitrate/nitrite response regulator protein NarP","narP",9,"GEGEGB_00663","SO:0001217, UniRef:UniRef50_P31802"
"Nitrate/nitrite sensor protein NarQ","narQ",9,"GEGEGB_00414","SO:0001217, UniRef:UniRef50_P27896"
"Nitrate/nitrite transporter",NA,9,"GEGEGB_01567","SO:0001217, UniRef:UniRef50_A0A379W7S3"
"Nitric oxide reductase",NA,9,"GEGEGB_01213","SO:0001217, UniRef:UniRef50_A0A0J1LR58"
"Nitric oxide reductase FlRd-NAD(+) reductase",NA,9,"GEGEGB_02882","SO:0001217, UniRef:UniRef50_P37596"
"Nitrite reductase [NAD(P)H] small subunit",NA,9,"GEGEGB_04251","SO:0001217, UniRef:UniRef50_A0A085G554"
"Nitrogen regulatory protein",NA,9,"GEGEGB_03405","SO:0001217, UniRef:UniRef50_P69829"
"Nuclease SbcCD subunit C",NA,9,"GEGEGB_02597","SO:0001217, UniRef:UniRef50_A0A2X4WJ63"
"Nuclease SbcCD subunit D",NA,9,"GEGEGB_02596","SO:0001217, UniRef:UniRef50_Q080L8"
"Nucleoid occlusion factor SlmA","slmA",9,"GEGEGB_03995","SO:0001217, UniRef:UniRef50_P0C093"
"Nucleoid-associated protein Sden_2380",NA,9,"GEGEGB_02498","SO:0001217, UniRef:UniRef50_Q12LL6"
"Nucleoid-associated protein YejK","yejK",9,"GEGEGB_00671","SO:0001217, UniRef:UniRef50_P33920"
"Nucleoprotein/polynucleotide-associated enzyme",NA,9,"GEGEGB_04344","SO:0001217, UniRef:UniRef50_A0A0U5GKZ0"
"Nucleoside diphosphate kinase",NA,9,"GEGEGB_00359","SO:0001217, UniRef:UniRef50_Q729L7"
"Nucleoside triphosphatase NudI","nudI",9,"GEGEGB_00608","SO:0001217, UniRef:UniRef50_B7LM80"
"Nucleoside triphosphate pyrophosphohydrolase",NA,9,"GEGEGB_02992","SO:0001217, UniRef:UniRef50_A0A2X3LT85"
"Nucleoside-specific channel-forming protein Tsx",NA,9,"GEGEGB_02576","SO:0001217, UniRef:UniRef50_P0A927"
"Nus factor SuhB","suhB",9,"GEGEGB_00335","SO:0001217, UniRef:UniRef50_P0ADG4"
"O-acetyl-ADP-ribose deacetylase",NA,9,"GEGEGB_01869","SO:0001217, UniRef:UniRef50_A0A0U5LMQ8"
"Octanoyltransferase",NA,9,"GEGEGB_02347","SO:0001217, UniRef:UniRef50_Q87RR0"
"Octaprenyl diphosphate synthase",NA,9,"GEGEGB_03388","SO:0001217, UniRef:UniRef50_P0AD57"
"Oligopeptide ABC transporter ATP-binding protein",NA,9,"GEGEGB_01746","SO:0001217, UniRef:UniRef50_A0A377BHS0"
"Oligopeptide transport system permease protein OppB","oppB",9,"GEGEGB_01749","SO:0001217, UniRef:UniRef50_P0AFH2"
"Oligoribonuclease",NA,9,"GEGEGB_04636","SO:0001217, UniRef:UniRef50_Q5E2C2"
"Omega-amidase YafV","yafV",9,"GEGEGB_02674","SO:0001217, UniRef:UniRef50_Q47679"
"Ornithine decarboxylase",NA,9,"GEGEGB_02286","SO:0001217, UniRef:UniRef50_A0A377KAM3"
"Ornithine racemase",NA,9,"GEGEGB_00546","SO:0001217, UniRef:UniRef50_A0A6P1Q569"
"Orotate phosphoribosyltransferase",NA,9,"GEGEGB_03994","SO:0001217, UniRef:UniRef50_P50587"
"Orotidine 5'-phosphate decarboxylase",NA,9,"GEGEGB_01706","SO:0001217, UniRef:UniRef50_P08244"
"OsmC family protein","osmC",9,"GEGEGB_04262","SO:0001217, UniRef:UniRef50_Q1ZLV7"
"Osmotically inducible protein OsmY","osmY",9,"GEGEGB_04851","SO:0001217, UniRef:UniRef50_A0A2X3EWA9"
"Osmotically-inducible putative lipoprotein OsmE","osmE",9,"GEGEGB_01258","SO:0001217, UniRef:UniRef50_P0ADB1"
"Outer membrane assembly protein AsmA","asmA",9,"GEGEGB_00795","SO:0001217, UniRef:UniRef50_A0A1M0W3U0"
"Outer membrane lipoprotein Blc",NA,9,"GEGEGB_04625","SO:0001217, UniRef:UniRef50_A0A8S0G642"
"Outer membrane lipoprotein DolP","dolP",9,"GEGEGB_03350","SO:0001217, UniRef:UniRef50_P64596"
"Outer membrane lipoprotein RcsF","rcsF",9,"GEGEGB_00266","SO:0001217, UniRef:UniRef50_P69411"
"Outer membrane pore protein N, non-specific",NA,9,"GEGEGB_02662","SO:0001217, UniRef:UniRef50_A0A285B4F0"
"Outer membrane porin C 2",NA,9,"GEGEGB_00641","SO:0001217, UniRef:UniRef50_A0A4P7TME1"
"Outer membrane protein TolC","tolC",9,"GEGEGB_03261","SO:0001217, UniRef:UniRef50_P02930"
"Outer membrane protein W",NA,9,"GEGEGB_01734","SO:0001217, UniRef:UniRef50_P0A915"
"Outer membrane protein X",NA,9,"GEGEGB_02162","SO:0001217, UniRef:UniRef50_P0A917"
"Outer membrane protein YcfR","ycfR",9,"GEGEGB_01799","SO:0001217, UniRef:UniRef50_D8MRQ4"
"Outer membrane protein YfaZ","yfaZ",9,"GEGEGB_00609","SO:0001217, UniRef:UniRef50_P76471"
"Outer membrane protein assembly factor BamB","bamB",9,"GEGEGB_00366","SO:0001217, UniRef:UniRef50_P77774"
"Outer membrane protein assembly factor BamC","bamC",9,"GEGEGB_00404","SO:0001217, UniRef:UniRef50_I6CHY6"
"Outer membrane protein assembly factor BamD","bamD",9,"GEGEGB_02753","SO:0001217, UniRef:UniRef50_P0AC02"
"Outer membrane protein assembly factor BamE","bamE",9,"GEGEGB_02772","SO:0001217, UniRef:UniRef50_D1P3C6"
"Outer membrane protein beta-barrel domain-containing protein",NA,9,"GEGEGB_03091","SO:0001217, UniRef:UniRef50_V7IX70"
"Outer membrane usher protein AggC","aggC",9,"GEGEGB_02689","SO:0001217, UniRef:UniRef50_P46005"
"Outer membrane-specific lipoprotein transporter subunit LolC","lolC",9,"GEGEGB_01796","SO:0001217, UniRef:UniRef50_A0A1B9KKP0"
"Outer-membrane lipoprotein LolB","lolB",9,"GEGEGB_01165","SO:0001217, UniRef:UniRef50_Q7N588"
"Outer-membrane lipoprotein carrier protein",NA,9,"GEGEGB_02078","SO:0001217, UniRef:UniRef50_P61316"
"Oxaloacetate tautomerase YcgM","ycgM",9,"GEGEGB_01128","SO:0001217, UniRef:UniRef50_P76004"
"Oxidase",NA,9,"GEGEGB_01303","SO:0001217, UniRef:UniRef50_K8WIT1"
"Oxidoreductase UcpA","ucpA",9,"GEGEGB_00449","SO:0001217, UniRef:UniRef50_P37440"
"Oxidoreductase YdhF","ydhF",9,"GEGEGB_01381","SO:0001217, UniRef:UniRef50_A0A5P9CR46"
"Oxygen-independent coproporphyrinogen III oxidase",NA,9,"GEGEGB_03808","SO:0001217, UniRef:UniRef50_P32131"
"PAS domain-containing protein",NA,9,"GEGEGB_00543","SO:0001217, UniRef:UniRef50_A0A0U0X9R1"
"PNPLA domain-containing protein",NA,9,"GEGEGB_04853","SO:0001217, UniRef:UniRef50_A0A198F2U5"
"PRD domain protein",NA,9,"GEGEGB_04718","SO:0001217, UniRef:UniRef50_D4E172"
"PRD domain-containing protein",NA,9,"GEGEGB_04710","SO:0001217, UniRef:UniRef50_K8AIE9"
"PTS N N'-diacetylchitobiose transporter subunit IIA",NA,9,"GEGEGB_01261","SO:0001217, UniRef:UniRef50_A0A0C7KBX5"
"PTS N,N'-diacetylchitobiose transporter subunit IIB","chbB",9,"GEGEGB_01259","BlastRules:WP_000412169, EC:2.7.1.196, SO:0001217, UniRef:UniRef50_P69795"
"PTS glucitol/sorbitol transporter subunit IIA",NA,9,"GEGEGB_02875","SO:0001217, UniRef:UniRef50_A0A0D7LMP5"
"PTS glucitol/sorbitol transporter subunit IIC","srlA",9,"GEGEGB_02873","BlastRules:WP_000573321, EC:2.7.1.198, SO:0001217, UniRef:UniRef50_P56579"
"PTS glucose transporter subunit IIA",NA,9,"GEGEGB_00460","SO:0001217, UniRef:UniRef50_A0AAU6W552"
"PTS mannitol transporter subunit IICBA","mtlA",9,"GEGEGB_04045","BlastRules:WP_000093247, EC:2.7.1.198, SO:0001217, UniRef:UniRef50_P00550"
"PTS mannose transporter subunit IIC","manY",9,"GEGEGB_01109","BlastRules:WP_000406926, EC:2.7.1.199, SO:0001217, UniRef:UniRef50_Q9RGG3"
"PTS sugar transporter subunit IIA",NA,9,"GEGEGB_00560","SO:0001217, UniRef:UniRef50_A0A0M9ID73"
"PTS sugar transporter subunit IIC",NA,9,"GEGEGB_03951","SO:0001217, UniRef:UniRef50_R2NSH7"
"PTS system N,N'-diacetylchitobiose-specific EIIC component",NA,9,"GEGEGB_01260","SO:0001217, UniRef:UniRef50_P17334"
"PTS system N-acetylglucosamine-specific EIICBA component",NA,9,"GEGEGB_02304","SO:0001217, UniRef:UniRef50_P09323"
"PTS system N-acetylmuramic acid-specific EIIBC component",NA,9,"GEGEGB_00309","SO:0001217, UniRef:UniRef50_A0A2K9P5N7"
"PTS system glucose-specific transporter subunits IIBC",NA,9,"GEGEGB_01812","SO:0001217, UniRef:UniRef50_A0A379WW78"
"PTS system mannose-specific EIIAB component",NA,9,"GEGEGB_01110","SO:0001217, UniRef:UniRef50_P69797"
"PTS system, glucitol/sorbitol-specific IIB component and second of two IIC components frag",NA,9,"GEGEGB_02874","SO:0001217, UniRef:UniRef50_A0A376L9M1"
"PanD regulatory factor","panD",9,"GEGEGB_04173","SO:0001217, UniRef:UniRef50_A0A348D723"
"Pantothenate kinase",NA,9,"GEGEGB_03667","SO:0001217, UniRef:UniRef50_P54556"
"Pantothenate synthetase",NA,9,"GEGEGB_00193","SO:0001217, UniRef:UniRef50_A0A143WS51"
"ParB/Sulfiredoxin domain-containing protein",NA,9,"GEGEGB_02381","SO:0001217, UniRef:UniRef50_A0A0H3GPU5"
"Para-aminobenzoate synthase glutamine amidotransferase component II",NA,9,"GEGEGB_04257","SO:0001217, UniRef:UniRef50_C9Y253"
"Paraquat-inducible protein B",NA,9,"GEGEGB_01960","SO:0001217, UniRef:UniRef50_A0A7S4LWD3"
"Pathogenicity island protein",NA,9,"GEGEGB_01351","SO:0001217, UniRef:UniRef50_A0A455RTX6"
"Pectin degradation repressor protein KdgR","kdgR",9,"GEGEGB_01099","SO:0001217, UniRef:UniRef50_A0A128EZN5"
"Penicillin-binding protein 1A",NA,9,"GEGEGB_04232","SO:0001217, UniRef:UniRef50_A0A1B9JPH8"
"Penicillin-binding protein 1B",NA,9,"GEGEGB_00209","SO:0001217, UniRef:UniRef50_A0A0U3BXI8"
"Penicillin-binding protein activator LpoA","lpoA",9,"GEGEGB_03347","SO:0001217, UniRef:UniRef50_P45464"
"Penicillin-binding protein activator LpoB","lpoB",9,"GEGEGB_01807","SO:0001217, UniRef:UniRef50_P0AB38"
"Penicillin-insensitive murein endopeptidase",NA,9,"GEGEGB_00520","SO:0001217, UniRef:UniRef50_A0A0L0AQU3"
"Peptidase B",NA,9,"GEGEGB_00345","SO:0001217, UniRef:UniRef50_P37095"
"Peptidase C51 domain-containing protein",NA,9,"GEGEGB_03209","SO:0001217, UniRef:UniRef50_A9MQL4"
"Peptidase E",NA,9,"GEGEGB_04343","SO:0001217, UniRef:UniRef50_P36936"
"Peptidase S11 D-alanyl-D-alanine carboxypeptidase A N-terminal domain-containing protein",NA,9,"GEGEGB_00732","SO:0001217, UniRef:UniRef50_A7MHL9"
"Peptidase T",NA,9,"GEGEGB_01786","SO:0001217, UniRef:UniRef50_Q0TV42"
"Peptide ABC transporter ATP-binding protein",NA,9,"GEGEGB_01198","SO:0001217, UniRef:UniRef50_A0A331MZG5"
"Peptide ABC transporter permease",NA,9,"GEGEGB_01197","SO:0001217, UniRef:UniRef50_A0A2X3C4X0"
"Peptide chain release factor 2",NA,9,"GEGEGB_03108","SO:0001217, UniRef:UniRef50_A0A286CYB8"
"Peptide chain release factor RF3",NA,9,"GEGEGB_04850","SO:0001217, UniRef:UniRef50_P0A7I4"
"Peptide deformylase",NA,9,"GEGEGB_04322","SO:0001217, UniRef:UniRef50_P57948"
"Peptide methionine sulfoxide reductase MsrA","msrA",9,"GEGEGB_04698","SO:0001217, UniRef:UniRef50_Q6D151"
"Peptide methionine sulfoxide reductase MsrB","msrB",9,"GEGEGB_01236","SO:0001217, UniRef:UniRef50_Q2S1K0"
"Peptidoglycan D,D-transpeptidase FtsI","ftsI",9,"GEGEGB_01104","SO:0001217, UniRef:UniRef50_P0AD68"
"Peptidoglycan glycosyltransferase MrdB","mrdB",9,"GEGEGB_02343","SO:0001217, UniRef:UniRef50_Q7N762"
"Peptidoglycan hydrolase FlgJ","flgJ",9,"GEGEGB_01834","SO:0001217, UniRef:UniRef50_A0A376YEM1"
"Peptidoglycan-associated lipoprotein",NA,9,"GEGEGB_02237","SO:0001217, UniRef:UniRef50_P10324"
"Peptidyl-lysine N-acetyltransferase YjaB","yjaB",9,"GEGEGB_04335","SO:0001217, UniRef:UniRef50_P09163"
"Peptidyl-prolyl cis-trans isomerase A",NA,9,"GEGEGB_04254","SO:0001217, UniRef:UniRef50_P0AFL3"
"Peptidyl-tRNA hydrolase",NA,9,"GEGEGB_01160","SO:0001217, UniRef:UniRef50_P0A7D1"
"Peptidyl-tRNA hydrolase domain-containing protein",NA,9,"GEGEGB_00259","SO:0001217, UniRef:UniRef50_A0A210VPZ9"
"Periplasmic alpha-amylase",NA,9,"GEGEGB_04066","SO:0001217, UniRef:UniRef50_P25718"
"Periplasmic chaperone PpiD","ppiD",9,"GEGEGB_02533","SO:0001217, UniRef:UniRef50_P0ADY1"
"Periplasmic chaperone Spy",NA,9,"GEGEGB_01255","SO:0001217, UniRef:UniRef50_P77754"
"Periplasmic murein peptide-binding protein MppA","mppA",9,"GEGEGB_01671","SO:0001217, UniRef:UniRef50_P77348"
"Periplasmic nitrate reductase",NA,9,"GEGEGB_00650","SO:0001217, UniRef:UniRef50_P33937"
"Periplasmic oligopeptide-binding protein OppA","oppA",9,"GEGEGB_01750","SO:0001217, UniRef:UniRef50_P23843"
"Periplasmic or exported protein",NA,9,"GEGEGB_04081","SO:0001217, UniRef:UniRef50_A0A0F6TXF2"
"Periplasmic protein CpxP","cpxP",9,"GEGEGB_03745","SO:0001217, UniRef:UniRef50_P0AE85"
"Periplasmic sensor in multi-comopnent regulatory system with TorS (Sensory kinase) and TorR (Regulator)","torR",9,"GEGEGB_03891","SO:0001217, UniRef:UniRef50_Q8ZKZ4"
"Periplasmic serine endoprotease DegP","degP",9,"GEGEGB_00222","SO:0001217, UniRef:UniRef50_P26982"
"Periplasmic substrate-binding component of an ABC superfamily molybdenum transporter",NA,9,"GEGEGB_02216","SO:0001217, UniRef:UniRef50_A0A198FIJ0"
"Peroxiredoxin osmC","osmC",9,"GEGEGB_01558","SO:0001217, UniRef:UniRef50_M7MWX6"
"Phage holin family protein",NA,9,"GEGEGB_00016","SO:0001217, UniRef:UniRef50_A0A0H3FW56"
"Phage shock protein",NA,9,"GEGEGB_01682","SO:0001217, UniRef:UniRef50_A0A0J8YUH9"
"Phage shock protein A",NA,9,"GEGEGB_01685","SO:0001217, UniRef:UniRef50_A0A377K755"
"Phage shock protein G",NA,9,"GEGEGB_04376","SO:0001217, UniRef:UniRef50_B2VKD5"
"Phage shock protein operon transcriptional activator",NA,9,"GEGEGB_01686","SO:0001217, UniRef:UniRef50_A0A443Z623"
"Phenolic acid decarboxylase",NA,9,"GEGEGB_02959","SO:0001217, UniRef:UniRef50_A0A1M6ATN9"
"Phenylacetaldehyde dehydrogenase",NA,9,"GEGEGB_03200","SO:0001217, UniRef:UniRef50_A0A0N0IB14"
"Phenylalanine--tRNA ligase alpha subunit",NA,9,"GEGEGB_01286","SO:0001217, UniRef:UniRef50_Q6ANC1"
"Phenylalanine--tRNA ligase beta subunit",NA,9,"GEGEGB_01287","SO:0001217, UniRef:UniRef50_P07395"
"Phenylalanine-specific permease",NA,9,"GEGEGB_02412","SO:0001217, UniRef:UniRef50_A0A3P8KIJ7"
"PhoH-like protein",NA,9,"GEGEGB_02318","SO:0001217, UniRef:UniRef50_C3X851"
"PhoP/PhoQ regulator MgrB","mgrB",9,"GEGEGB_01101","BlastRules:WP_000714547, SO:0001217, UniRef:UniRef50_B7LPM0"
"PhoPQ-regulated protein",NA,9,"GEGEGB_01540","SO:0001217, UniRef:UniRef50_V7IMV5"
"Phosphatase",NA,9,"GEGEGB_03783","SO:0001217, UniRef:UniRef50_A0A1V2BF21"
"Phosphatase NudJ","nudJ",9,"GEGEGB_01778","SO:0001217, UniRef:UniRef50_E0SDF4"
"Phosphate acetyltransferase",NA,9,"GEGEGB_00566","SO:0001217, UniRef:UniRef50_P0A9M8"
"Phosphate import ATP-binding protein PstB","pstB",9,"GEGEGB_03867","SO:0001217, UniRef:UniRef50_A0A1M5Z1N6"
"Phosphate propanoyltransferase",NA,9,"GEGEGB_00876","SO:0001217, UniRef:UniRef50_Q9XDN5"
"Phosphate regulon sensor protein PhoR","phoR",9,"GEGEGB_02594","SO:0001217, UniRef:UniRef50_A0A2A2MAD3"
"Phosphate regulon transcriptional regulatory protein PhoB","phoB",9,"GEGEGB_02595","SO:0001217, UniRef:UniRef50_A0A1G5SHH9"
"Phosphate starvation-inducible protein PsiH","psiH",9,"GEGEGB_01893","SO:0001217, UniRef:UniRef50_A0A3S5DBV8"
"Phosphate starvation-inducible protein psiH","psiH",9,"GEGEGB_01895","SO:0001217, UniRef:UniRef50_A0A078LI67"
"Phosphate transport system permease protein PstA","pstA",9,"GEGEGB_03866","SO:0001217, UniRef:UniRef50_P07654"
"Phosphate transport system permease protein PstC","pstC",9,"GEGEGB_03865","SO:0001217, UniRef:UniRef50_P45191"
"Phosphate transporter",NA,9,"GEGEGB_04142","SO:0001217, UniRef:UniRef50_A0A389M6F3"
"Phosphate-binding protein PstS","pstS",9,"GEGEGB_03864","SO:0001217, UniRef:UniRef50_P0AG82"
"Phosphate-specific transport system accessory protein PhoU","phoU",9,"GEGEGB_03868","SO:0001217, UniRef:UniRef50_A0A191W1Z7"
"Phosphatidate cytidylyltransferase",NA,9,"GEGEGB_00238","SO:0001217, UniRef:UniRef50_P0ABG1"
"Phosphatidylglycerol--prolipoprotein diacylglyceryl transferase",NA,9,"GEGEGB_03054","SO:0001217, UniRef:UniRef50_P60968"
"Phosphatidylglycerophosphatase A",NA,9,"GEGEGB_02569","SO:0001217, UniRef:UniRef50_P18200"
"Phosphatidylglycerophosphatase B",NA,9,"GEGEGB_01709","SO:0001217, UniRef:UniRef50_P0A924"
"Phosphatidylglycerophosphatase C",NA,9,"GEGEGB_00310","SO:0001217, UniRef:UniRef50_A0A0J2GTC5"
"Phosphatidylserine decarboxylase proenzyme",NA,9,"GEGEGB_04634","SO:0001217, UniRef:UniRef50_Q65RD9"
"Phospho-N-acetylmuramoyl-pentapeptide-transferase",NA,9,"GEGEGB_00136","SO:0001217, UniRef:UniRef50_P0A6W3"
"Phosphoadenosine 5'-phosphosulfate reductase",NA,9,"GEGEGB_02984","SO:0001217, UniRef:UniRef50_P17854"
"Phosphocarrier protein HPr",NA,9,"GEGEGB_00462","SO:0001217, UniRef:UniRef50_Q9WXI5"
"Phosphocarrier protein NPr",NA,9,"GEGEGB_03407","SO:0001217, UniRef:UniRef50_P0A9N0"
"Phosphoenolpyruvate carboxykinase (ATP)",NA,9,"GEGEGB_04225","SO:0001217, UniRef:UniRef50_Q5E1X3"
"Phosphoenolpyruvate carboxylase",NA,9,"GEGEGB_03688","SO:0001217, UniRef:UniRef50_P00864"
"Phosphoenolpyruvate synthase",NA,9,"GEGEGB_01299","SO:0001217, UniRef:UniRef50_P23538"
"Phosphoenolpyruvate-dependent phosphotransferase system",NA,9,"GEGEGB_03055","SO:0001217, UniRef:UniRef50_P37177"
"Phosphoenolpyruvate-protein phosphotransferase",NA,9,"GEGEGB_00461","SO:0001217, UniRef:UniRef50_P08839"
"Phosphoesterase",NA,9,"GEGEGB_00557","SO:0001217, UniRef:UniRef50_A0A376FLA7"
"Phosphoethanolamine transferase",NA,9,"GEGEGB_02158","SO:0001217, UniRef:UniRef50_A0A4U9I472"
"Phosphoethanolamine transferase EptA","eptA",9,"GEGEGB_04427","SO:0001217, UniRef:UniRef50_P30845"
"Phosphoglucomutase",NA,9,"GEGEGB_02291","SO:0001217, UniRef:UniRef50_B4ESN8"
"Phosphogluconate dehydratase",NA,9,"GEGEGB_01055","SO:0001217, UniRef:UniRef50_A0A376W7S0"
"Phosphoglucosamine mutase",NA,9,"GEGEGB_03376","SO:0001217, UniRef:UniRef50_Q82WX6"
"Phosphoglycerol transferase I",NA,9,"GEGEGB_04831","SO:0001217, UniRef:UniRef50_P39401"
"Phosphoglycolate phosphatase",NA,9,"GEGEGB_04243","SO:0001217, UniRef:UniRef50_P32662"
"Phosphoheptose isomerase",NA,9,"GEGEGB_02672","SO:0001217, UniRef:UniRef50_Q7N7F7"
"Phosphohistidine phosphatase SixA","sixA",9,"GEGEGB_00516","SO:0001217, UniRef:UniRef50_P76502"
"Phospholipase A1",NA,9,"GEGEGB_03516","SO:0001217, UniRef:UniRef50_D1P2V8"
"Phospholipid-binding protein, PBP family",NA,9,"GEGEGB_02205","SO:0001217, UniRef:UniRef50_A0A1I4UFG9"
"Phosphomethylpyrimidine synthase",NA,9,"GEGEGB_03645","SO:0001217, UniRef:UniRef50_Q6G477"
"Phosphonoacetaldehyde hydrolase",NA,9,"GEGEGB_02557","SO:0001217, UniRef:UniRef50_Q9KLY5"
"Phosphopantetheine adenylyltransferase",NA,9,"GEGEGB_04002","SO:0001217, UniRef:UniRef50_P0A6I6"
"Phosphopentomutase",NA,9,"GEGEGB_04859","SO:0001217, UniRef:UniRef50_A0A2X3M5J1"
"Phosphoribosylamine--glycine ligase",NA,9,"GEGEGB_03634","SO:0001217, UniRef:UniRef50_P15640"
"Phosphoribosylaminoimidazole-succinocarboxamide synthase",NA,9,"GEGEGB_00405","SO:0001217, UniRef:UniRef50_P0A7D7"
"Phosphoribosylformylglycinamidine cyclo-ligase",NA,9,"GEGEGB_00390","SO:0001217, UniRef:UniRef50_P08178"
"Phosphoribosylformylglycinamidine synthase",NA,9,"GEGEGB_00313","SO:0001217, UniRef:UniRef50_Q9KTN2"
"Phosphoribosylglycinamide formyltransferase",NA,9,"GEGEGB_00389","SO:0001217, UniRef:UniRef50_P08179"
"Phosphoribulokinase, plasmid",NA,9,"GEGEGB_04263","SO:0001217, UniRef:UniRef50_P19924"
"Phosphoserine aminotransferase",NA,9,"GEGEGB_02061","SO:0001217, UniRef:UniRef50_Q6ALW3"
"Phosphotransferase",NA,9,"GEGEGB_02213","SO:0001217, UniRef:UniRef50_A0A0E1NKL1"
"Phosphotransferase RcsD","rcsD",9,"GEGEGB_00639","SO:0001217, UniRef:UniRef50_P39838"
"Phosphotransferase enzyme II, B component",NA,9,"GEGEGB_02115","SO:0001217, UniRef:UniRef50_D2TR57"
"Phosphotriesterase",NA,9,"GEGEGB_04187","SO:0001217, UniRef:UniRef50_K9EGU5"
"Pimeloyl-[acyl-carrier protein] methyl ester esterase",NA,9,"GEGEGB_04216","SO:0001217, UniRef:UniRef50_Q8GHL1"
"Pirin family protein",NA,9,"GEGEGB_02087","SO:0001217, UniRef:UniRef50_A0A2C6DIW0"
"Pirin-related protein",NA,9,"GEGEGB_03314","SO:0001217, UniRef:UniRef50_Q6D9I2"
"Poly(A) polymerase I",NA,9,"GEGEGB_00203","SO:0001217, UniRef:UniRef50_A0A2X3ERX0"
"Polyamine aminopropyltransferase",NA,9,"GEGEGB_00182","SO:0001217, UniRef:UniRef50_A0A376VY01"
"Polyamine export protein",NA,9,"GEGEGB_04696","SO:0001217, UniRef:UniRef50_P0AE45"
"Polyphosphate kinase",NA,9,"GEGEGB_00388","SO:0001217, UniRef:UniRef50_P0A7B1"
"Polyribonucleotide nucleotidyltransferase",NA,9,"GEGEGB_03364","SO:0001217, UniRef:UniRef50_K2JUI4"
"Polysaccharide deacetylase domain protein",NA,9,"GEGEGB_00191","SO:0001217, UniRef:UniRef50_A0A379WZK3"
"Porin",NA,9,"GEGEGB_02854","SO:0001217, UniRef:UniRef50_A7MPW9"
"Porin OmpL","ompL",9,"GEGEGB_03793","SO:0001217, UniRef:UniRef50_P76773"
"Porphobilinogen deaminase",NA,9,"GEGEGB_03535","SO:0001217, UniRef:UniRef50_Q6CZG3"
"Potassium-transporting ATPase ATP-binding subunit",NA,9,"GEGEGB_02281","SO:0001217, UniRef:UniRef50_A0A2X3K1I5"
"Potassium-transporting ATPase subunit A",NA,9,"GEGEGB_02280","SO:0001217, UniRef:UniRef50_A0A447Y0N7"
"Precorrin-3B C(17)-methyltransferase",NA,9,"GEGEGB_00897","SO:0001217, UniRef:UniRef50_A0A0Z8M1W7"
"Prepilin peptidase dependent protein C-like C-terminal domain-containing protein",NA,9,"GEGEGB_03047","SO:0001217, UniRef:UniRef50_A8AP37"
"Prepilin peptidase-dependent protein B",NA,9,"GEGEGB_03049","SO:0001217, UniRef:UniRef50_P08371"
"Prepilin peptidase-dependent protein D",NA,9,"GEGEGB_00159","SO:0001217, UniRef:UniRef50_P36647"
"Primosomal protein 1",NA,9,"GEGEGB_04834","SO:0001217, UniRef:UniRef50_P0A8J2"
"Primosomal protein N'",NA,9,"GEGEGB_03710","SO:0001217, UniRef:UniRef50_P17888"
"Proline/glycine betaine ABC transporter permease ProW","proW",9,"GEGEGB_02848","SO:0001217, UniRef:UniRef50_A0A3N2R1M8"
"Propanediol dehydratase small subunit",NA,9,"GEGEGB_00881","SO:0001217, UniRef:UniRef50_P0DUM9"
"Prophage bactoprenol-linked glucose translocase-like protein",NA,9,"GEGEGB_02421","SO:0001217, UniRef:UniRef50_P77682"
"Propionate kinase",NA,9,"GEGEGB_03323","SO:0001217, UniRef:UniRef50_P11868"
"Propionate--CoA ligase",NA,9,"GEGEGB_02623","SO:0001217, UniRef:UniRef50_A0A922YQK8"
"Protease",NA,9,"GEGEGB_03357","SO:0001217, UniRef:UniRef50_A0A6D2G321"
"Protease 2",NA,9,"GEGEGB_01061","SO:0001217, UniRef:UniRef50_P24555"
"Protease 3",NA,9,"GEGEGB_03045","SO:0001217, UniRef:UniRef50_Q6D8I0"
"Protease 4",NA,9,"GEGEGB_01240","SO:0001217, UniRef:UniRef50_P08395"
"Protease HtpX","htpX",9,"GEGEGB_01096","SO:0001217, UniRef:UniRef50_P23894"
"Protein",NA,9,"GEGEGB_01007","SO:0001217, UniRef:UniRef50_A0A377B9F3"
"Protein AaeX","aaeX",9,"GEGEGB_03451","SO:0001217, UniRef:UniRef50_A1AGD5"
"Protein ApaG","apaG",9,"GEGEGB_00096","SO:0001217, UniRef:UniRef50_Q56017"
"Protein Bdm (Biofilm-dependent modulation protein)",NA,9,"GEGEGB_01559","SO:0001217, UniRef:UniRef50_D2TJA4"
"Protein CreA","creA",9,"GEGEGB_04874","SO:0001217, UniRef:UniRef50_A0A1Y6GNS9"
"Protein DsrB","dsrB",9,"GEGEGB_00959","SO:0001217, UniRef:UniRef50_Q8ZFN8"
"Protein FdhE","fdhE",9,"GEGEGB_03774","SO:0001217, UniRef:UniRef50_A0A379T1W5"
"Protein FixA","fixA",9,"GEGEGB_00079","SO:0001217, UniRef:UniRef50_A0A2X4TIQ2"
"Protein FixB","fixB",9,"GEGEGB_00080","SO:0001217, UniRef:UniRef50_P31574"
"Protein FixC","fixC",9,"GEGEGB_00081","SO:0001217, UniRef:UniRef50_A0A6A8QPB3"
"Protein HemY","hemY",9,"GEGEGB_03538","SO:0001217, UniRef:UniRef50_P0ACB7"
"Protein IscX","iscX",9,"GEGEGB_00344","SO:0001217, UniRef:UniRef50_Q8FF46"
"Protein MgtR","mgtR",9,"GEGEGB_03959","SO:0001217, UniRef:UniRef50_A0A6C6Z8W4"
"Protein MioC","mioC",9,"GEGEGB_03840","SO:0001217, UniRef:UniRef50_P03817"
"Protein NrdI","nrdI",9,"GEGEGB_02843","SO:0001217, UniRef:UniRef50_A0A133ZD35"
"Protein NrfD","nrfD",9,"GEGEGB_04412","SO:0001217, UniRef:UniRef50_P32709"
"Protein PsiE","psiE",9,"GEGEGB_04358","SO:0001217, UniRef:UniRef50_P0A7C8"
"Protein QmcA","qmcA",9,"GEGEGB_02479","SO:0001217, UniRef:UniRef50_P0DKS0"
"Protein RecA","recA",9,"GEGEGB_02869","SO:0001217, UniRef:UniRef50_A0AA87C387"
"Protein SgcE","sgcE",9,"GEGEGB_01606","SO:0001217, UniRef:UniRef50_P39362"
"Protein SirB1","sirB1",9,"GEGEGB_01170","SO:0001217, UniRef:UniRef50_P0A2L9"
"Protein Smg",NA,9,"GEGEGB_04324","SO:0001217, UniRef:UniRef50_P0A828"
"Protein Sxy",NA,9,"GEGEGB_01952","SO:0001217, UniRef:UniRef50_P75869"
"Protein Syd",NA,9,"GEGEGB_03015","SO:0001217, UniRef:UniRef50_Q8CZY7"
"Protein TonB","tonB",9,"GEGEGB_01739","SO:0001217, UniRef:UniRef50_P02929"
"Protein TsgA","tsgA",9,"GEGEGB_04253","SO:0001217, UniRef:UniRef50_P60778"
"Protein TusB","tusB",9,"GEGEGB_04279","SO:0001217, UniRef:UniRef50_D4BHX5"
"Protein TusC","tusC",9,"GEGEGB_04278","SO:0001217, UniRef:UniRef50_Q8X884"
"Protein ViaA","viaA",9,"GEGEGB_03837","SO:0001217, UniRef:UniRef50_Q8ZKW3"
"Protein YceI","yceI",9,"GEGEGB_01859","SO:0001217, UniRef:UniRef50_P0A8X2"
"Protein YchN","ychN",9,"GEGEGB_01770","SO:0001217, UniRef:UniRef50_P0AB52"
"Protein YciE","yciE",9,"GEGEGB_01732","SO:0001217, UniRef:UniRef50_P21363"
"Protein YciN","yciN",9,"GEGEGB_01717","SO:0001217, UniRef:UniRef50_A0A090VX95"
"Protein YdcF","ydcF",9,"GEGEGB_01625","SO:0001217, UniRef:UniRef50_P34209"
"Protein YdgA","ydgA",9,"GEGEGB_01407","SO:0001217, UniRef:UniRef50_P77804"
"Protein YebF","yebF",9,"GEGEGB_01059","SO:0001217, UniRef:UniRef50_Q8ZNW7"
"Protein YeeZ","yeeZ",9,"GEGEGB_00849","SO:0001217, UniRef:UniRef50_P0AD12"
"Protein YggG","yggG",9,"GEGEGB_03152","SO:0001217, UniRef:UniRef50_A0A377LVB2"
"Protein YhcC","yhcC",9,"GEGEGB_03413","SO:0001217, UniRef:UniRef50_P0ADW6"
"Protein YhjJ","yhjJ",9,"GEGEGB_04118","SO:0001217, UniRef:UniRef50_P37648"
"Protein YihD","yihD",9,"GEGEGB_03818","SO:0001217, UniRef:UniRef50_P0ADP9"
"Protein YiiM","yiiM",9,"GEGEGB_03749","SO:0001217, UniRef:UniRef50_P32157"
"Protein YobA","yobA",9,"GEGEGB_01065","SO:0001217, UniRef:UniRef50_P0AA57"
"Protein YqjC","yqjC",9,"GEGEGB_03306","SO:0001217, UniRef:UniRef50_H5V5T9"
"Protein adenylyltransferase SelO","selO",9,"GEGEGB_01295","SO:0001217, UniRef:UniRef50_Q8ZPS5"
"Protein bax",NA,9,"GEGEGB_04067","SO:0001217, UniRef:UniRef50_P27297"
"Protein gns",NA,9,"GEGEGB_01131","SO:0001217, UniRef:UniRef50_P64267"
"Protein phosphatase CheZ","cheZ",9,"GEGEGB_01023","SO:0001217, UniRef:UniRef50_A0A2X1K8E4"
"Protein translocase subunit SecA","secA",9,"GEGEGB_00148","SO:0001217, UniRef:UniRef50_P10408"
"Protein translocase subunit SecD","secD",9,"GEGEGB_02583","SO:0001217, UniRef:UniRef50_P0AG90"
"Protein translocase subunit SecY","secY",9,"GEGEGB_04308","SO:0001217, UniRef:UniRef50_P57571"
"Protein transport protein HofC","hofC",9,"GEGEGB_00157","SO:0001217, UniRef:UniRef50_A0A6I2I279"
"Protein yciF","yciF",9,"GEGEGB_01731","SO:0001217, UniRef:UniRef50_A0A3S4I107"
"Protein ygaM","ygaM",9,"GEGEGB_02838","SO:0001217, UniRef:UniRef50_A0A379T9Q4"
"Protein-L-isoaspartate O-methyltransferase",NA,9,"GEGEGB_02963","SO:0001217, UniRef:UniRef50_P0A7A5"
"Protein-disulfide oxidoreductase DsbI","dsbI",9,"GEGEGB_03268","SO:0001217, UniRef:UniRef50_P0A1H1"
"Protein-export membrane protein SecF","secF",9,"GEGEGB_02582","SO:0001217, UniRef:UniRef50_A0A0J1H7N9"
"Protein-export membrane protein SecG","secG",9,"GEGEGB_03375","SO:0001217, UniRef:UniRef50_P0AG99"
"Protein-export protein SecB","secB",9,"GEGEGB_04027","SO:0001217, UniRef:UniRef50_B2VL52"
"Protein-methionine-sulfoxide reductase catalytic subunit MsrP","msrP",9,"GEGEGB_03462","SO:0001217, UniRef:UniRef50_P76342"
"Protein/nucleic acid deglycase 3",NA,9,"GEGEGB_02556","SO:0001217, UniRef:UniRef50_A0A7S4LVP5"
"Protoheme IX farnesyltransferase",NA,9,"GEGEGB_02547","SO:0001217, UniRef:UniRef50_A0A3S4HY77"
"Proton/glutamate-aspartate symporter",NA,9,"GEGEGB_04415","SO:0001217, UniRef:UniRef50_P21345"
"Protoporphyrinogen IX dehydrogenase [quinone]",NA,9,"GEGEGB_03486","SO:0001217, UniRef:UniRef50_P0ACB4"
"Purine nucleoside phosphoramidase HinT","hinT",9,"GEGEGB_01809","SO:0001217, UniRef:UniRef50_Q8EDM0"
"Purine nucleoside phosphorylase",NA,9,"GEGEGB_02751","SO:0001217, UniRef:UniRef50_A0A6M4GWA4"
"Purine nucleoside phosphorylase 2",NA,9,"GEGEGB_00471","SO:0001217, UniRef:UniRef50_P45563"
"Purine nucleoside phosphorylase DeoD-type",NA,9,"GEGEGB_04860","SO:0001217, UniRef:UniRef50_P0ABP8"
"Putative 2-aminoethylphosphonate import ATP-binding protein PhnT","phnT",9,"GEGEGB_02561","SO:0001217, UniRef:UniRef50_P96063"
"Putative 2-aminoethylphosphonate transport system permease protein PhnU","phnU",9,"GEGEGB_02562","SO:0001217, UniRef:UniRef50_P96064"
"Putative 2-aminoethylphosphonate transport system permease protein PhnV","phnV",9,"GEGEGB_02563","SO:0001217, UniRef:UniRef50_P96065"
"Putative 2-aminoethylphosphonate-binding periplasmic protein",NA,9,"GEGEGB_02560","SO:0001217, UniRef:UniRef50_P96062"
"Putative 3-phenylpropionic acid transporter",NA,9,"GEGEGB_00326","SO:0001217, UniRef:UniRef50_A0A656BEX6"
"Putative ABC transporter arginine-binding protein 2",NA,9,"GEGEGB_02110","SO:0001217, UniRef:UniRef50_P30859"
"Putative ABC transporter permease protein YehY","yehY",9,"GEGEGB_00736","SO:0001217, UniRef:UniRef50_I2B7H5"
"Putative ABC-type cobalamin/Fe3+-siderophores transport system, ATPase component",NA,9,"GEGEGB_02226","SO:0001217, UniRef:UniRef50_G5PZY8"
"Putative DNase",NA,9,"GEGEGB_02184","SO:0001217, UniRef:UniRef50_A0A6N3R1A7"
"Putative Dipeptidyl aminopeptidases /acylaminoacyl-peptidase",NA,9,"GEGEGB_03906","SO:0001217, UniRef:UniRef50_A0A658YVY0"
"Putative L-lactate dehydrogenase operon regulatory protein",NA,9,"GEGEGB_04036","SO:0001217, UniRef:UniRef50_P0ACL7"
"Putative L-ribulose-5-phosphate 3-epimerase SgbU","sgbU",9,"GEGEGB_04054","SO:0001217, UniRef:UniRef50_P37679"
"Putative NAD(P)-binding protein YraR","yraR",9,"GEGEGB_03351","SO:0001217, UniRef:UniRef50_P45469"
"Putative NAD(P)H nitroreductase",NA,9,"GEGEGB_01241","SO:0001217, UniRef:UniRef50_A0A2G8E5H3"
"Putative NUDIX hydrolase",NA,9,"GEGEGB_00558","SO:0001217, UniRef:UniRef50_H3RF06"
"Putative S-adenosyl-L-methionine-dependent methyltransferase TehB","tehB",9,"GEGEGB_01132","SO:0001217, UniRef:UniRef50_A0A1T5HY09"
"Putative UPF0313 protein YPO0674/y3502/YP_2990",NA,9,"GEGEGB_03240","SO:0001217, UniRef:UniRef50_Q8CZS4"
"Putative acid--amine ligase YgiC","ygiC",9,"GEGEGB_03263","SO:0001217, UniRef:UniRef50_P0ADT5"
"Putative acyl-CoA thioester hydrolase YbhC","ybhC",9,"GEGEGB_02211","SO:0001217, UniRef:UniRef50_P46130"
"Putative aminopeptidase SgcX","sgcX",9,"GEGEGB_01601","SO:0001217, UniRef:UniRef50_P39366"
"Putative basic amino acid antiporter YfcC","yfcC",9,"GEGEGB_00565","SO:0001217, UniRef:UniRef50_P39263"
"Putative carboxymethylenebutenolidase",NA,9,"GEGEGB_03506","SO:0001217, UniRef:UniRef50_A0A084ZTT4"
"Putative cation/proton antiporter YbaL","ybaL",9,"GEGEGB_02491","SO:0001217, UniRef:UniRef50_P39830"
"Putative chemotaxis signal transduction protein",NA,9,"GEGEGB_00589","SO:0001217, UniRef:UniRef50_A0A0U5L3J3"
"Putative colanic acid biosynthesis glycosyl transferase WcaA","wcaA",9,"GEGEGB_00800","SO:0001217, UniRef:UniRef50_P77414"
"Putative colanic acid biosynthesis glycosyl transferase WcaC","wcaC",9,"GEGEGB_00802","SO:0001217, UniRef:UniRef50_P71237"
"Putative colanic acid biosynthesis glycosyl transferase WcaE","wcaE",9,"GEGEGB_00805","SO:0001217, UniRef:UniRef50_P71239"
"Putative colanic acid biosynthesis glycosyltransferase WcaL","wcaL",9,"GEGEGB_00817","SO:0001217, UniRef:UniRef50_P71243"
"Putative divergent polysaccharide deacetylase",NA,9,"GEGEGB_04022","SO:0001217, UniRef:UniRef50_A0A380PW27"
"Putative envelope protein",NA,9,"GEGEGB_01182","SO:0001217, UniRef:UniRef50_A0A0E1NC99"
"Putative epimerase LsrE","lsrE",9,"GEGEGB_03725","SO:0001217, UniRef:UniRef50_Q8ZKP8"
"Putative gluconeogenesis factor",NA,9,"GEGEGB_02196","SO:0001217, UniRef:UniRef50_P75767"
"Putative glutamate--cysteine ligase 2",NA,9,"GEGEGB_02403","SO:0001217, UniRef:UniRef50_P77213"
"Putative glutamine amidotransferase YafJ","yafJ",9,"GEGEGB_02671","SO:0001217, UniRef:UniRef50_Q47147"
"Putative glutamine amidotransferase domain-containing protein",NA,9,"GEGEGB_04189","SO:0001217, UniRef:UniRef50_V6M4D6"
"Putative inner membrane protein",NA,9,"GEGEGB_01614","SO:0001217, UniRef:UniRef50_A0A0H3CHL7"
"Putative isomerase/hydrolase putative Fumarylacetoacetate (FAA) hydrolase",NA,9,"GEGEGB_00723","SO:0001217, UniRef:UniRef50_G2ZV87"
"Putative manganese efflux pump MntP","mntP",9,"GEGEGB_01106","SO:0001217, UniRef:UniRef50_A0A085VMU3"
"Putative membrane protein",NA,9,"GEGEGB_02118","SO:0001217, UniRef:UniRef50_A0A379SGI0"
"Putative membrane-bound redox modulator Alx",NA,9,"GEGEGB_03301","SO:0001217, UniRef:UniRef50_A0A2X2T6Q2"
"Putative metabolite transport protein YaaU","yaaU",9,"GEGEGB_00084","SO:0001217, UniRef:UniRef50_P31679"
"Putative metal-dependent hydrolase",NA,9,"GEGEGB_03298","SO:0001217, UniRef:UniRef50_F9SNI0"
"Putative multidrug resistance protein MdtD","mdtD",9,"GEGEGB_00784","SO:0001217, UniRef:UniRef50_B7L9V0"
"Putative nucleoside transporter YegT","yegT",9,"GEGEGB_00760","SO:0001217, UniRef:UniRef50_P76417"
"Putative oxidoreductase YceM","yceM",9,"GEGEGB_01847","SO:0001217, UniRef:UniRef50_P37168"
"Putative peptide chain release factor-like protein",NA,9,"GEGEGB_02667","SO:0001217, UniRef:UniRef50_P28369"
"Putative peptidoglycan binding domain protein",NA,9,"GEGEGB_02042","SO:0001217, UniRef:UniRef50_I2BAM7"
"Putative permease IIC component",NA,9,"GEGEGB_01603","SO:0001217, UniRef:UniRef50_P39365"
"Putative permease PerM","perM",9,"GEGEGB_00396","SO:0001217, UniRef:UniRef50_P0AFI9"
"Putative phosphatase",NA,9,"GEGEGB_02860","SO:0001217, UniRef:UniRef50_A0A085G4E0"
"Putative phosphotransferase IIA component SgcA","sgcA",9,"GEGEGB_01605","SO:0001217, UniRef:UniRef50_P39363"
"Putative phosphotransferase enzyme IIB component SgcB","sgcB",9,"GEGEGB_01602","SO:0001217, UniRef:UniRef50_P58035"
"Putative polysaccharide export protein Wza",NA,9,"GEGEGB_00797","SO:0001217, UniRef:UniRef50_P0A930"
"Putative pre-16S rRNA nuclease",NA,9,"GEGEGB_03162","SO:0001217, UniRef:UniRef50_A0AA42BB57"
"Putative pyruvate formate-lyase 3-activating enzyme",NA,9,"GEGEGB_02149","SO:0001217, UniRef:UniRef50_A0A376TK58"
"Putative regulator AbrB","abrB",9,"GEGEGB_02257","SO:0001217, UniRef:UniRef50_P75747"
"Putative sgc region transcriptional regulator",NA,9,"GEGEGB_01607","SO:0001217, UniRef:UniRef50_P39361"
"Putative substrate-binding protein",NA,9,"GEGEGB_00118","SO:0001217, UniRef:UniRef50_A0A377KCN3"
"Putative sulfite reductase [NADPH] hemoprotein beta-component",NA,9,"GEGEGB_02985","SO:0001217, UniRef:UniRef50_P0C0B2"
"Putative sulfur carrier protein YedF","yedF",9,"GEGEGB_00976","SO:0001217, UniRef:UniRef50_A0A066RAR0"
"Putative transcriptional regulator of 2-aminoethylphosphonate degradation operon",NA,9,"GEGEGB_02559","SO:0001217, UniRef:UniRef50_A0A083ZTV9"
"Putative transport protein YbjL","ybjL",9,"GEGEGB_02129","SO:0001217, UniRef:UniRef50_P60869"
"Putative transport protein YdiK","ydiK",9,"GEGEGB_01302","SO:0001217, UniRef:UniRef50_P0AFS7"
"Putative transport protein YidE","yidE",9,"GEGEGB_03910","SO:0001217, UniRef:UniRef50_P60872"
"Putative uncharacterized transporter YgaY","ygaY",9,"GEGEGB_02850","SO:0001217, UniRef:UniRef50_P76628"
"Putrescine ABC transporter membrane protein",NA,9,"GEGEGB_02119","SO:0001217, UniRef:UniRef50_A0A0A8VHL7"
"Putrescine aminotransferase",NA,9,"GEGEGB_03293","SO:0001217, UniRef:UniRef50_P42588"
"Putrescine transport ATP-binding protein PotG","potG",9,"GEGEGB_02121","SO:0001217, UniRef:UniRef50_P31134"
"Putrescine transport system permease protein PotH","potH",9,"GEGEGB_02120","SO:0001217, UniRef:UniRef50_P31135"
"Putrescine transporter PotE","potE",9,"GEGEGB_02289","SO:0001217, UniRef:UniRef50_P0AAF1"
"Putrescine-binding periplasmic protein",NA,9,"GEGEGB_02122","SO:0001217, UniRef:UniRef50_F2JWZ2"
"Pyridoxal phosphate homeostasis protein",NA,9,"GEGEGB_03165","SO:0001217, UniRef:UniRef50_Q9KUQ4"
"Pyridoxal phosphate phosphatase YigL","yigL",9,"GEGEGB_03511","SO:0001217, UniRef:UniRef50_P27848"
"Pyridoxine 5'-phosphate synthase",NA,9,"GEGEGB_00301","SO:0001217, UniRef:UniRef50_Q8ZCP4"
"Pyridoxine/pyridoxal/pyridoxamine kinase",NA,9,"GEGEGB_00458","SO:0001217, UniRef:UniRef50_P40191"
"Pyridoxine/pyridoxamine 5'-phosphate oxidase",NA,9,"GEGEGB_01390","SO:0001217, UniRef:UniRef50_Q8ED71"
"Pyrimidine-specific ribonucleoside hydrolase RihA","rihA",9,"GEGEGB_02327","SO:0001217, UniRef:UniRef50_P41409"
"Pyrimidine/purine nucleoside phosphorylase",NA,9,"GEGEGB_02602","SO:0001217, UniRef:UniRef50_P0C037"
"Pyrroline-5-carboxylate reductase",NA,9,"GEGEGB_02608","SO:0001217, UniRef:UniRef50_P0A9L8"
"Pyrroloquinoline quinone transporter",NA,9,"GEGEGB_01577","SO:0001217, UniRef:UniRef50_P76115"
"Pyruvate dehydrogenase E1 component",NA,9,"GEGEGB_00168","SO:0001217, UniRef:UniRef50_A0A6H2F9S0"
"Pyruvate dehydrogenase [ubiquinone]",NA,9,"GEGEGB_02102","SO:0001217, UniRef:UniRef50_A0A1T4Z4C8"
"Pyruvate dehydrogenase complex repressor",NA,9,"GEGEGB_00166","SO:0001217, UniRef:UniRef50_P0ACL9"
"Pyruvate formate-lyase 1-activating enzyme",NA,9,"GEGEGB_02069","SO:0001217, UniRef:UniRef50_P0A9N4"
"Pyruvate kinase",NA,9,"GEGEGB_01052","SO:0001217, UniRef:UniRef50_A0A0E3Y6M9"
"Pyruvate kinase I",NA,9,"GEGEGB_01318","SO:0001217, UniRef:UniRef50_P0AD61"
"Pyruvate-flavodoxin oxidoreductase",NA,9,"GEGEGB_01636","SO:0001217, UniRef:UniRef50_A0A4R3I7Q4"
"Pyruvate/proton symporter BtsT","btsT",9,"GEGEGB_02385","SO:0001217, UniRef:UniRef50_P39396"
"Queuine tRNA-ribosyltransferase",NA,9,"GEGEGB_02585","SO:0001217, UniRef:UniRef50_Q9HXH9"
"Quinol dehydrogenase periplasmic component",NA,9,"GEGEGB_00651","SO:0001217, UniRef:UniRef50_C9QGG8"
"Quinolinate synthase",NA,9,"GEGEGB_02232","SO:0001217, UniRef:UniRef50_A0A8J7KBT6"
"Quinone oxidoreductase 1",NA,9,"GEGEGB_04377","SO:0001217, UniRef:UniRef50_P28304"
"Quinone-dependent D-lactate dehydrogenase",NA,9,"GEGEGB_00733","SO:0001217, UniRef:UniRef50_P06149"
"Quinoprotein glucose dehydrogenase",NA,9,"GEGEGB_00185","SO:0001217, UniRef:UniRef50_A0A447QUM1"
"RCS-specific HTH-type transcriptional activator RclR","rclR",9,"GEGEGB_02418","SO:0001217, UniRef:UniRef50_P77379"
"RNA 2',3'-cyclic phosphodiesterase",NA,9,"GEGEGB_00207","SO:0001217, UniRef:UniRef50_A0A379TGX4"
"RNA chaperone ProQ","proQ",9,"GEGEGB_01094","SO:0001217, UniRef:UniRef50_P60317"
"RNA polymerase sigma factor FliA","fliA",9,"GEGEGB_00986","SO:0001217, UniRef:UniRef50_P0AEM6"
"RNA polymerase sigma factor RpoD","rpoD",9,"GEGEGB_03286","SO:0001217, UniRef:UniRef50_Q87DT7"
"RNA polymerase sigma factor RpoE","rpoE",9,"GEGEGB_00291","BlastRules:WP_000003307, SO:0001217, UniRef:UniRef50_G4SZY6"
"RNA polymerase sigma factor RpoH","rpoH",9,"GEGEGB_04170","SO:0001217, UniRef:UniRef50_P50511"
"RNA polymerase sigma-54 factor",NA,9,"GEGEGB_03403","SO:0001217, UniRef:UniRef50_P24255"
"RNA polymerase-associated protein RapA","rapA",9,"GEGEGB_00103","SO:0001217, UniRef:UniRef50_P60240"
"RNA polymerase-binding transcription factor DksA","dksA",9,"GEGEGB_00205","SO:0001217, UniRef:UniRef50_P57294"
"RNA pyrophosphohydrolase",NA,9,"GEGEGB_03056","SO:0001217, UniRef:UniRef50_C4LD21"
"RNase E specificity factor CsrD","csrD",9,"GEGEGB_03460","SO:0001217, UniRef:UniRef50_P13518"
"RNase P",NA,9,"GEGEGB_03877","SO:0001217, UniRef:UniRef50_C6DK99"
"RNase adapter protein RapZ","rapZ",9,"GEGEGB_03406","SO:0001217, UniRef:UniRef50_C4K7I7"
"ROK family protein",NA,9,"GEGEGB_04049","SO:0001217, UniRef:UniRef50_A9MLE3"
"RecBCD enzyme subunit RecB","recB",9,"GEGEGB_03044","SO:0001217, UniRef:UniRef50_A0A379XLC3"
"RecBCD enzyme subunit RecC","recC",9,"GEGEGB_03046","SO:0001217, UniRef:UniRef50_P07648"
"RecBCD enzyme subunit RecD","recD",9,"GEGEGB_03043","SO:0001217, UniRef:UniRef50_P04993"
"Recombination protein RecR","recR",9,"GEGEGB_02497","SO:0001217, UniRef:UniRef50_P0A7H6"
"Recombination-associated protein RdgC","rdgC",9,"GEGEGB_02601","SO:0001217, UniRef:UniRef50_Q9KU12"
"Redoxin domain-containing protein",NA,9,"GEGEGB_01659","SO:0001217, UniRef:UniRef50_V7IQ29"
"Regulator of RpoS","rpoS",9,"GEGEGB_01756","SO:0001217, UniRef:UniRef50_P0AEV1"
"Regulator of nucleoside diphosphate kinase",NA,9,"GEGEGB_02366","SO:0001217, UniRef:UniRef50_A0A085FYK6"
"Regulator of ribonuclease activity B",NA,9,"GEGEGB_04740","SO:0001217, UniRef:UniRef50_Q6LUW5"
"Regulator of sigma D",NA,9,"GEGEGB_03644","SO:0001217, UniRef:UniRef50_P0AFX4"
"Regulator of sigma E protease",NA,9,"GEGEGB_00239","SO:0001217, UniRef:UniRef50_Q8ZRP1"
"Regulator of sigma S factor FliZ","fliZ",9,"GEGEGB_00987","SO:0001217, UniRef:UniRef50_P52627"
"Regulatory protein AsnC","asnC",9,"GEGEGB_03839","SO:0001217, UniRef:UniRef50_P0ACI6"
"Regulatory protein RecX","recX",9,"GEGEGB_02868","SO:0001217, UniRef:UniRef50_P33596"
"Regulatory protein SdiA","sdiA",9,"GEGEGB_00992","SO:0001217, UniRef:UniRef50_P07026"
"Regulatory protein ada",NA,9,"GEGEGB_00643","SO:0001217, UniRef:UniRef50_P26189"
"Replicative DNA helicase DnaB","dnaB",9,"GEGEGB_04378","SO:0001217, UniRef:UniRef50_P0ACB0"
"Replicative helicase loader DnaC","dnaC",9,"GEGEGB_04833","SO:0001217, UniRef:UniRef50_A0A170PBF8"
"Respiratory nitrate reductase 2 gamma chain",NA,9,"GEGEGB_01762","SO:0001217, UniRef:UniRef50_A0A2X1KL19"
"Response regulator UvrY","uvrY",9,"GEGEGB_00994","SO:0001217, UniRef:UniRef50_P0AED5"
"Response regulator transcription factor HprR","hprR",9,"GEGEGB_01924","SO:0001217, UniRef:UniRef50_A7MQ73"
"Rho-GAP domain-containing protein",NA,9,"GEGEGB_01330","SO:0001217, UniRef:UniRef50_C4LDE3"
"Rhodanese domain-containing protein",NA,9,"GEGEGB_02833","SO:0001217, UniRef:UniRef50_B5RDC8"
"Rhodanese-like domain-containing protein",NA,9,"GEGEGB_04025","SO:0001217, UniRef:UniRef50_A0A6L6FAE8"
"Rhomboid protease GlpG-like protein",NA,9,"GEGEGB_04208","SO:0001217, UniRef:UniRef50_A7MGE5"
"Ribbon-helix-helix protein CopG domain-containing protein","copG",9,"GEGEGB_02294","SO:0001217, UniRef:UniRef50_A0A6P1PUW9"
"Riboflavin biosynthesis protein",NA,9,"GEGEGB_00049","SO:0001217, UniRef:UniRef50_Q7N8X3"
"Riboflavin biosynthesis protein RibD","ribD",9,"GEGEGB_02573","SO:0001217, UniRef:UniRef50_P25539"
"Riboflavin synthase",NA,9,"GEGEGB_01367","SO:0001217, UniRef:UniRef50_P0AFU8"
"Ribonuclease 3",NA,9,"GEGEGB_00298","SO:0001217, UniRef:UniRef50_P0A7Y0"
"Ribonuclease BN",NA,9,"GEGEGB_03782","SO:0001217, UniRef:UniRef50_A0A379X3E3"
"Ribonuclease D",NA,9,"GEGEGB_01123","SO:0001217, UniRef:UniRef50_P09155"
"Ribonuclease E",NA,9,"GEGEGB_01829","SO:0001217, UniRef:UniRef50_J3YSE0"
"Ribonuclease G",NA,9,"GEGEGB_03455","SO:0001217, UniRef:UniRef50_G4QFG2"
"Ribonuclease H",NA,9,"GEGEGB_02733","SO:0001217, UniRef:UniRef50_Q1I7T4"
"Ribonuclease HII",NA,9,"GEGEGB_00246","SO:0001217, UniRef:UniRef50_Q8EGG1"
"Ribonuclease PH",NA,9,"GEGEGB_03993","SO:0001217, UniRef:UniRef50_R9M712"
"Ribonuclease R",NA,9,"GEGEGB_04653","SO:0001217, UniRef:UniRef50_Q8K917"
"Ribonuclease T",NA,9,"GEGEGB_01377","SO:0001217, UniRef:UniRef50_A0A316FMG5"
"Ribonucleoside transporter",NA,9,"GEGEGB_03945","SO:0001217, UniRef:UniRef50_A0A377UTS3"
"Ribonucleoside-diphosphate reductase 1 subunit alpha",NA,9,"GEGEGB_00627","SO:0001217, UniRef:UniRef50_P00452"
"Ribonucleoside-diphosphate reductase 1 subunit beta",NA,9,"GEGEGB_00626","SO:0001217, UniRef:UniRef50_P69924"
"Ribonucleoside-diphosphate reductase subunit alpha",NA,9,"GEGEGB_02844","SO:0001217, UniRef:UniRef50_P47473"
"Ribonucleoside-diphosphate reductase subunit beta",NA,9,"GEGEGB_02845","SO:0001217, UniRef:UniRef50_A0A2I1IMZ3"
"Ribose ABC transport system",NA,9,"GEGEGB_03833","SO:0001217, UniRef:UniRef50_A0A2X3GG12"
"Ribose import binding protein RbsB","rbsB",9,"GEGEGB_03831","SO:0001217, UniRef:UniRef50_P44737"
"Ribose transport system permease protein rbsC","rbsC",9,"GEGEGB_03832","SO:0001217, UniRef:UniRef50_A0A377PRY9"
"Ribose-5-phosphate isomerase A",NA,9,"GEGEGB_03133","SO:0001217, UniRef:UniRef50_P44725"
"Ribosomal RNA large subunit methyltransferase E",NA,9,"GEGEGB_03379","SO:0001217, UniRef:UniRef50_Q8ZBB5"
"Ribosomal RNA large subunit methyltransferase G",NA,9,"GEGEGB_03297","SO:0001217, UniRef:UniRef50_A0A1B7KZM7"
"Ribosomal RNA large subunit methyltransferase H",NA,9,"GEGEGB_02341","SO:0001217, UniRef:UniRef50_P0A8I8"
"Ribosomal RNA large subunit methyltransferase I",NA,9,"GEGEGB_01944","SO:0001217, UniRef:UniRef50_P75876"
"Ribosomal RNA large subunit methyltransferase J",NA,9,"GEGEGB_04133","SO:0001217, UniRef:UniRef50_A0A377DJR3"
"Ribosomal RNA large subunit methyltransferase M",NA,9,"GEGEGB_03028","SO:0001217, UniRef:UniRef50_P0ADR6"
"Ribosomal RNA small subunit methyltransferase A",NA,9,"GEGEGB_00097","SO:0001217, UniRef:UniRef50_P06992"
"Ribosomal RNA small subunit methyltransferase B",NA,9,"GEGEGB_04320","SO:0001217, UniRef:UniRef50_P36929"
"Ribosomal RNA small subunit methyltransferase C",NA,9,"GEGEGB_04846","SO:0001217, UniRef:UniRef50_P39406"
"Ribosomal RNA small subunit methyltransferase D",NA,9,"GEGEGB_04166","SO:0001217, UniRef:UniRef50_A0A853IHG4"
"Ribosomal RNA small subunit methyltransferase E",NA,9,"GEGEGB_03159","SO:0001217, UniRef:UniRef50_A0A2X3FA23"
"Ribosomal RNA small subunit methyltransferase F",NA,9,"GEGEGB_01090","SO:0001217, UniRef:UniRef50_P76273"
"Ribosomal RNA small subunit methyltransferase G",NA,9,"GEGEGB_03842","SO:0001217, UniRef:UniRef50_Q7NA87"
"Ribosomal RNA small subunit methyltransferase H",NA,9,"GEGEGB_00131","SO:0001217, UniRef:UniRef50_P60390"
"Ribosomal RNA small subunit methyltransferase I",NA,9,"GEGEGB_03346","SO:0001217, UniRef:UniRef50_A8G181"
"Ribosomal RNA small subunit methyltransferase J",NA,9,"GEGEGB_04137","SO:0001217, UniRef:UniRef50_C5WC51"
"Ribosomal large subunit pseudouridine synthase C",NA,9,"GEGEGB_01828","SO:0001217, UniRef:UniRef50_P0AA39"
"Ribosomal large subunit pseudouridine synthase D",NA,9,"GEGEGB_02752","SO:0001217, UniRef:UniRef50_P33643"
"Ribosomal protein L11 methyltransferase",NA,9,"GEGEGB_03468","SO:0001217, UniRef:UniRef50_P0A8T1"
"Ribosomal protein S12 methylthiotransferase accessory factor YcaO","ycaO",9,"GEGEGB_02063","SO:0001217, UniRef:UniRef50_P75838"
"Ribosomal protein bS6--L-glutamate ligase",NA,9,"GEGEGB_02124","SO:0001217, UniRef:UniRef50_A0A379WXG9"
"Ribosomal protein uL3 glutamine methyltransferase",NA,9,"GEGEGB_00518","SO:0001217, UniRef:UniRef50_Q0WDE1"
"Ribosomal protein uS12 methylthiotransferase RimO","rimO",9,"GEGEGB_02141","SO:0001217, UniRef:UniRef50_P0AEI4"
"Ribosomal silencing factor RsfS","rsfS",9,"GEGEGB_02340","SO:0001217, UniRef:UniRef50_P0AAT6"
"Ribosomal small subunit pseudouridine synthase A",NA,9,"GEGEGB_00675","SO:0001217, UniRef:UniRef50_P0AA43"
"Ribosomal-protein-serine acetyltransferase",NA,9,"GEGEGB_01600","SO:0001217, UniRef:UniRef50_P13857"
"Ribosome hibernation promoting factor",NA,9,"GEGEGB_03404","SO:0001217, UniRef:UniRef50_P0AFX0"
"Ribosome maturation factor RimM","rimM",9,"GEGEGB_02763","SO:0001217, UniRef:UniRef50_Q5E7F1"
"Ribosome maturation factor RimP","rimP",9,"GEGEGB_03371","SO:0001217, UniRef:UniRef50_Q6D9A7"
"Ribosome rescue factor SmrB","smrB",9,"GEGEGB_00517","SO:0001217, UniRef:UniRef50_P0A8B2"
"Ribosome-associated inhibitor A",NA,9,"GEGEGB_02754","SO:0001217, UniRef:UniRef50_P0AD49"
"Ribosome-associated protein",NA,9,"GEGEGB_02438","SO:0001217, UniRef:UniRef50_A0A378F8Y5"
"Ribosome-binding ATPase YchF","ychF",9,"GEGEGB_01159","SO:0001217, UniRef:UniRef50_P57288"
"Ribosome-binding factor A",NA,9,"GEGEGB_03368","SO:0001217, UniRef:UniRef50_Q8ZBC3"
"Ribosome-recycling factor",NA,9,"GEGEGB_00235","SO:0001217, UniRef:UniRef50_Q5NZH2"
"Ribulokinase",NA,9,"GEGEGB_00112","SO:0001217, UniRef:UniRef50_A0A4P0XR93"
"Ribulose-phosphate 3-epimerase",NA,9,"GEGEGB_04242","SO:0001217, UniRef:UniRef50_P57603"
"Rod shape-determining protein MreD","mreD",9,"GEGEGB_03457","SO:0001217, UniRef:UniRef50_A0A0H3HX26"
"RpoE-regulated lipoprotein",NA,9,"GEGEGB_00447","SO:0001217, UniRef:UniRef50_A0A285B764"
"Rubredoxin",NA,9,"GEGEGB_01528","SO:0001217, UniRef:UniRef50_A0A447R4L4"
"RutC family protein YoaB","yoaB",9,"GEGEGB_01117","SO:0001217, UniRef:UniRef50_P0AEB7"
"S-adenosylmethionine decarboxylase proenzyme",NA,9,"GEGEGB_00181","SO:0001217, UniRef:UniRef50_P0A7F6"
"S-adenosylmethionine synthase",NA,9,"GEGEGB_03155","SO:0001217, UniRef:UniRef50_A0A2M6W2A7"
"S-adenosylmethionine:tRNA ribosyltransferase-isomerase",NA,9,"GEGEGB_02586","SO:0001217, UniRef:UniRef50_P0A7F9"
"S-formylglutathione hydrolase YeiG","yeiG",9,"GEGEGB_00704","SO:0001217, UniRef:UniRef50_P33018"
"S-ribosylhomocysteine lyase",NA,9,"GEGEGB_02856","SO:0001217, UniRef:UniRef50_Q9PN97"
"SAM-dependent methyltransferase",NA,9,"GEGEGB_04794","SO:0001217, UniRef:UniRef50_B5R9N9"
"SDR family oxidoreductase",NA,9,"GEGEGB_00729","SO:0001217, UniRef:UniRef50_A0A238X7X7"
"SPI-1 type III secretion system chaperone SpaK","spaK",9,"GEGEGB_02935","BlastRules:WP_001164066, SO:0001217, UniRef:UniRef50_P0A1N0"
"SPI-1 type III secretion system effector SipA","sipA",9,"GEGEGB_02922","BlastRules:WP_000258811, BlastRules:WP_000258814, SO:0001217, UniRef:UniRef50_P0CL52"
"SPI-1 type III secretion system effector SopD","sopD",9,"GEGEGB_02983","BlastRules:WP_001145543, SO:0001217, UniRef:UniRef50_P40722"
"SPI-1 type III secretion system effector inositol phosphate phosphatase SopB","sopB",9,"GEGEGB_01927","BlastRules:WP_001166946, BlastRules:WP_001166955, SO:0001217, UniRef:UniRef50_O30916"
"SPI-1 type III secretion system export apparatus protein SpaP","spaP",9,"GEGEGB_02930","BlastRules:WP_000526016, SO:0001217, UniRef:UniRef50_P0A1L3"
"SPI-1 type III secretion system export apparatus protein SpaQ","spaQ",9,"GEGEGB_02929","BlastRules:WP_000342503, SO:0001217, UniRef:UniRef50_P0A1M4"
"SPI-1 type III secretion system export apparatus protein SpaR","spaR",9,"GEGEGB_02928","BlastRules:WP_000498965, SO:0001217, UniRef:UniRef50_A0A6L6F8R4"
"SPI-1 type III secretion system export apparatus protein SpaS","spaS",9,"GEGEGB_02927","BlastRules:WP_000097719, SO:0001217, UniRef:UniRef50_A0A0J5VQ22"
"SPI-1 type III secretion system invasion lipoprotein InvH","invH",9,"GEGEGB_02940","BlastRules:WP_000715092, SO:0001217, UniRef:UniRef50_P0CL43"
"SPI-1 type III secretion system invasion protein IagB","iagB",9,"GEGEGB_02917","BlastRules:WP_000558926, BlastRules:WP_000558928, SO:0001217, UniRef:UniRef50_P0CL15"
"SPI-1 type III secretion system needle tip complex protein SipB","sipB",9,"GEGEGB_02925","BlastRules:WP_000245782, BlastRules:WP_000245788, SO:0001217, UniRef:UniRef50_Q56019"
"SPI-1 type III secretion system needle tip complex protein SipC","sipC",9,"GEGEGB_02924","BlastRules:WP_000909019, BlastRules:WP_000909023, SO:0001217, UniRef:UniRef50_P0CL47"
"SPI-1 type III secretion system protein SpaM","spaM",9,"GEGEGB_02933","BlastRules:WP_001520714"
"SPI-1 type III secretion system protein SpaN","spaN",9,"GEGEGB_02932","BlastRules:WP_000503098, SO:0001217, UniRef:UniRef50_P40613"
"SPI-1 type III secretion system protein SpaO","spaO",9,"GEGEGB_02931","BlastRules:WP_000058734, BlastRules:WP_000058738, SO:0001217, UniRef:UniRef50_P40699"
"SPI-2 type III secretion system apparatus protein SsaK","ssaK",9,"GEGEGB_01352","BlastRules:WP_000011201, SO:0001217, UniRef:UniRef50_P74853"
"SPI-2 type III secretion system apparatus protein SsaL","ssaL",9,"GEGEGB_01353","BlastRules:WP_000238877, SO:0001217, UniRef:UniRef50_P74854"
"SPI-2 type III secretion system apparatus protein SsaM","ssaM",9,"GEGEGB_01354","BlastRules:WP_000383702, SO:0001217, UniRef:UniRef50_P74855"
"SPI-2 type III secretion system apparatus protein SsaP","ssaP",9,"GEGEGB_01358","BlastRules:WP_001223304, SO:0001217, UniRef:UniRef50_P0A239"
"SPI-2 type III secretion system apparatus protein SsaS","ssaS",9,"GEGEGB_01361","BlastRules:WP_000999982, SO:0001217, UniRef:UniRef50_P74891"
"SPI-2 type III secretion system apparatus protein SsaT","ssaT",9,"GEGEGB_01362","BlastRules:WP_000068764, SO:0001217, UniRef:UniRef50_P96068"
"SPI-2 type III secretion system apparatus protein SsaU","ssaU",9,"GEGEGB_01363","BlastRules:WP_001291716"
"SPI-2 type III secretion system apparatus protein SsaV","ssaV",9,"GEGEGB_01355","BlastRules:WP_001258231, SO:0001217, UniRef:UniRef50_P74856"
"SPI-2 type III secretion system chaperone SseA","sseA",9,"GEGEGB_01338","BlastRules:WP_001738219, SO:0001217, UniRef:UniRef50_O84944"
"SPI-2 type III secretion system cytoplasmic ring protein SsaQ","ssaQ",9,"GEGEGB_01359","BlastRules:WP_000944192, SO:0001217, UniRef:UniRef50_A9MEK1"
"SPI-2 type III secretion system effector PipB","pipB",9,"GEGEGB_01930","BlastRules:WP_001123045, SO:0001217, UniRef:UniRef50_Q8ZQ59"
"SPI-2 type III secretion system export apparatus protein SsaR","ssaR",9,"GEGEGB_01360","BlastRules:WP_000056367, SO:0001217, UniRef:UniRef50_P69980"
"SPI-2 type III secretion system protein SpiA","spiA",9,"GEGEGB_01335","BlastRules:WP_000261284, SO:0001217, UniRef:UniRef50_D0ZWR9"
"SPI-2 type III secretion system protein SpiC","spiC",9,"GEGEGB_01334","BlastRules:WP_001738217, SO:0001217, UniRef:UniRef50_P0CZ04"
"SPI-4 type I secretion system protein SiiC","siiC",9,"GEGEGB_04390","BlastRules:WP_001541306, SO:0001217, UniRef:UniRef50_A9MGM4"
"SPI-4 type I secretion system protein SiiF","siiF",9,"GEGEGB_04394","BlastRules:WP_000358566, SO:0001217, UniRef:UniRef50_A9MGM1"
"STAS domain-containing protein",NA,9,"GEGEGB_03392","SO:0001217, UniRef:UniRef50_B7LR58"
"STY4199-like HEPN domain-containing protein",NA,9,"GEGEGB_04127","SO:0001217, UniRef:UniRef50_A0AAX2EUN4"
"Salmochelin siderophore protein IroE","iroE",9,"GEGEGB_02810","SO:0001217, UniRef:UniRef50_A0A3N2EU85"
"Salmonella virulence protein MgtC","mgtC",9,"GEGEGB_03957","SO:0001217, UniRef:UniRef50_P0CI70, VFDB:VFC0272, VFDB:VFG000575"
"Salt-induced outer membrane protein",NA,9,"GEGEGB_01276","SO:0001217, UniRef:UniRef50_B2VEJ4"
"ScsD family copper-sensitivity suppressor","scsD",9,"GEGEGB_01904","SO:0001217, UniRef:UniRef50_A0A085GBW5"
"SctD family type III secretion system inner membrane ring subunit SsaD","ssaD",9,"GEGEGB_01336","BlastRules:WP_000323786, SO:0001217, UniRef:UniRef50_Q8ZPP4"
"SctN family type III secretion system ATPase InvC","invC",9,"GEGEGB_02934","BlastRules:WP_000856766, SO:0001217, UniRef:UniRef50_A0A4P7KXQ2"
"SctN family type III secretion system ATPase SsaN","ssaN",9,"GEGEGB_01356","BlastRules:WP_000787213, SO:0001217, UniRef:UniRef50_C5B9R8"
"Sec translocon accessory complex subunit YajC","yajC",9,"GEGEGB_02584","SO:0001217, UniRef:UniRef50_P57234"
"Sec-independent protein translocase protein TatA","tatA",9,"GEGEGB_03499","SO:0001217, UniRef:UniRef50_P69428"
"Sec-independent protein translocase protein TatC","tatC",9,"GEGEGB_03497","SO:0001217, UniRef:UniRef50_A0A1B7UFE4"
"SecY/secA suppressor protein",NA,9,"GEGEGB_01863","SO:0001217, UniRef:UniRef50_H2IUX6"
"Secondary thiamine-phosphate synthase enzyme",NA,9,"GEGEGB_04382","SO:0001217, UniRef:UniRef50_A0A2K4X6A9"
"Secreted protein, suppressor for copper-sensitivity C",NA,9,"GEGEGB_01905","SO:0001217, UniRef:UniRef50_A0A379S8L7"
"Sel1-repeat-containing protein YjcO","yjcO",9,"GEGEGB_04416","SO:0001217, UniRef:UniRef50_P0AF56"
"Selenide, water dikinase",NA,9,"GEGEGB_01242","SO:0001217, UniRef:UniRef50_P16456"
"Selenium delivery protein YdfZ","ydfZ",9,"GEGEGB_01503","SO:0001217, UniRef:UniRef50_C0Q4V9"
"Selenocysteine-specific elongation factor",NA,9,"GEGEGB_04048","SO:0001217, UniRef:UniRef50_K8WL70"
"Sensor histidine kinase BtsS","btsS",9,"GEGEGB_00741","SO:0001217, UniRef:UniRef50_P0AD14"
"Sensor histidine kinase CitA","citA",9,"GEGEGB_00058","SO:0001217, UniRef:UniRef50_P52687"
"Sensor histidine kinase EnvZ","envZ",9,"GEGEGB_04224","SO:0001217, UniRef:UniRef50_P0AEJ4"
"Sensor histidine kinase ZraS","zraS",9,"GEGEGB_03636","SO:0001217, UniRef:UniRef50_P14377"
"Sensor protein TorS","torS",9,"GEGEGB_03890","SO:0001217, UniRef:UniRef50_P39453"
"Sensory histidine kinase/phosphatase NtrB","ntrB",9,"GEGEGB_03805","SO:0001217, UniRef:UniRef50_P0AFB5"
"Septum site-determining protein MinD","minD",9,"GEGEGB_01125","SO:0001217, UniRef:UniRef50_C4K837"
"Serine acetyltransferase",NA,9,"GEGEGB_04029","SO:0001217, UniRef:UniRef50_P0A9D4"
"Serine endoprotease DegS","degS",9,"GEGEGB_03434","SO:0001217, UniRef:UniRef50_P44947"
"Serine hydroxymethyltransferase",NA,9,"GEGEGB_00325","SO:0001217, UniRef:UniRef50_U2ASI2"
"Serine protease",NA,9,"GEGEGB_01473","SO:0001217, UniRef:UniRef50_A0A0M2F2K9"
"Serine--tRNA ligase",NA,9,"GEGEGB_02076","SO:0001217, UniRef:UniRef50_Q7MLV2"
"Serine/threonine transporter SstT","sstT",9,"GEGEGB_03303","SO:0001217, UniRef:UniRef50_P0AGE4"
"Shikimate dehydrogenase (NADP(+))",NA,9,"GEGEGB_04327","SO:0001217, UniRef:UniRef50_A0A0X9VZD4"
"Shikimate kinase",NA,9,"GEGEGB_04238","SO:0001217, UniRef:UniRef50_Q65R34"
"Shikimate kinase 1",NA,9,"GEGEGB_02606","SO:0001217, UniRef:UniRef50_K8W3A3"
"Sigma factor-binding protein Crl",NA,9,"GEGEGB_02663","SO:0001217, UniRef:UniRef50_P24251"
"Sigma-54 factor interaction domain-containing protein",NA,9,"GEGEGB_02900","SO:0001217, UniRef:UniRef50_E5YKN8"
"Sigma-E factor regulatory protein RseB","rseB",9,"GEGEGB_00293","SO:0001217, UniRef:UniRef50_D0ZSY7"
"Signal peptidase I",NA,9,"GEGEGB_00297","SO:0001217, UniRef:UniRef50_P00803"
"Signal recognition particle protein",NA,9,"GEGEGB_02765","SO:0001217, UniRef:UniRef50_F7XXX9"
"Signal transduction histidine-protein kinase BaeS","baeS",9,"GEGEGB_00783","SO:0001217, UniRef:UniRef50_P30847"
"Signal transduction histidine-protein kinase/phosphatase MprB","mprB",9,"GEGEGB_04876","SO:0001217, UniRef:UniRef50_A0A655DID4"
"Signal transduction histidine-protein kinase/phosphatase UhpB","uhpB",9,"GEGEGB_03931","SO:0001217, UniRef:UniRef50_P09835"
"Signal transduction protein PmrD","pmrD",9,"GEGEGB_00599","SO:0001217, UniRef:UniRef50_P37589"
"Single-stranded-DNA-specific exonuclease RecJ","recJ",9,"GEGEGB_03109","SO:0001217, UniRef:UniRef50_A0A432ZJ96"
"Siroheme synthase",NA,9,"GEGEGB_04249","SO:0001217, UniRef:UniRef50_A0A0J8VHV6"
"Small heat shock protein IbpB","ibpB",9,"GEGEGB_03909","SO:0001217, UniRef:UniRef50_A8G7R9"
"Small multidrug resistance family-3 protein",NA,9,"GEGEGB_01497","SO:0001217, UniRef:UniRef50_A0A3A3FKG6"
"Small multidrug resistance protein",NA,9,"GEGEGB_01642","SO:0001217, UniRef:UniRef50_A0A099LFK5"
"Small protein MntS","mntS",9,"GEGEGB_02157","SO:0001217, UniRef:UniRef50_P0DKB3"
"Small ribosomal subunit biogenesis GTPase RsgA","rsgA",9,"GEGEGB_04635","SO:0001217, UniRef:UniRef50_P39286"
"Small ribosomal subunit protein bS16",NA,9,"GEGEGB_02764","SO:0001217, UniRef:UniRef50_Q5QUU8"
"Small ribosomal subunit protein bS18",NA,9,"GEGEGB_04677","SO:0001217, UniRef:UniRef50_A0A946DIR3"
"Small ribosomal subunit protein bS21",NA,9,"GEGEGB_03284","SO:0001217, UniRef:UniRef50_P0A165"
"Small ribosomal subunit protein bS6",NA,9,"GEGEGB_04675","SO:0001217, UniRef:UniRef50_Q5QY01"
"Small ribosomal subunit protein uS10",NA,9,"GEGEGB_04287","SO:0001217, UniRef:UniRef50_Q2LQA2"
"Small ribosomal subunit protein uS12",NA,9,"GEGEGB_04280","SO:0001217, UniRef:UniRef50_P35643"
"Small ribosomal subunit protein uS13",NA,9,"GEGEGB_04310","SO:0001217, UniRef:UniRef50_Q8DML1"
"Small ribosomal subunit protein uS14",NA,9,"GEGEGB_04301","SO:0001217, UniRef:UniRef50_B4SKX6"
"Small ribosomal subunit protein uS15",NA,9,"GEGEGB_03366","SO:0001217, UniRef:UniRef50_Q1DAM2"
"Small ribosomal subunit protein uS17",NA,9,"GEGEGB_04297","SO:0001217, UniRef:UniRef50_Q83ER7"
"Small ribosomal subunit protein uS2",NA,9,"GEGEGB_00231","SO:0001217, UniRef:UniRef50_P44371"
"Small ribosomal subunit protein uS3",NA,9,"GEGEGB_04294","SO:0001217, UniRef:UniRef50_Q97EI4"
"Small ribosomal subunit protein uS4",NA,9,"GEGEGB_04312","SO:0001217, UniRef:UniRef50_B8KWI6"
"Small ribosomal subunit protein uS5",NA,9,"GEGEGB_04305","SO:0001217, UniRef:UniRef50_Q9HWF2"
"Small ribosomal subunit protein uS7",NA,9,"GEGEGB_04281","SO:0001217, UniRef:UniRef50_P02359"
"Small ribosomal subunit protein uS8",NA,9,"GEGEGB_04302","SO:0001217, UniRef:UniRef50_A0A376KJZ0"
"Small ribosomal subunit protein uS9",NA,9,"GEGEGB_03429","SO:0001217, UniRef:UniRef50_Q83AX9"
"Small toxic polypeptide LdrA/LdrC",NA,9,"GEGEGB_02577","SO:0001217, UniRef:UniRef50_A0A3N2SG70"
"Small toxic protein TisB","tisB",9,"GEGEGB_03921","SO:0001217, UniRef:UniRef50_A5A627"
"Small-conductance mechanosensitive channel",NA,9,"GEGEGB_03137","SO:0001217, UniRef:UniRef50_P0C0S1"
"Smr domain-containing protein",NA,9,"GEGEGB_01650","SO:0001217, UniRef:UniRef50_A0AAX3JCV6"
"SnoaL-like domain-containing protein",NA,9,"GEGEGB_03748","SO:0001217, UniRef:UniRef50_M1FFF1"
"Sodium, potassium, lithium and rubidium/H(+) antiporter",NA,9,"GEGEGB_04402","SO:0001217, UniRef:UniRef50_A0A379Z6K5"
"Sodium-potassium/proton antiporter ChaA","chaA",9,"GEGEGB_01772","SO:0001217, UniRef:UniRef50_P31801"
"Sodium/glutamate symporter",NA,9,"GEGEGB_03981","SO:0001217, UniRef:UniRef50_A0A376VD50"
"Sodium/pantothenate symporter",NA,9,"GEGEGB_03467","SO:0001217, UniRef:UniRef50_P16256"
"Sodium/proline symporter",NA,9,"GEGEGB_01896","SO:0001217, UniRef:UniRef50_A0A2X4URP0"
"Soluble cytochrome b562",NA,9,"GEGEGB_04709","SO:0001217, UniRef:UniRef50_P63727"
"Soluble lytic murein transglycosylase",NA,9,"GEGEGB_04868","SO:0001217, UniRef:UniRef50_P0AGC3"
"Soluble pyridine nucleotide transhydrogenase",NA,9,"GEGEGB_03681","SO:0001217, UniRef:UniRef50_Q8ZA97"
"Solute-binding protein family 5 domain-containing protein",NA,9,"GEGEGB_03861","SO:0001217, UniRef:UniRef50_A0A6C7I7A3"
"Sorbitol-6-phosphate 2-dehydrogenase",NA,9,"GEGEGB_02876","SO:0001217, UniRef:UniRef50_P05707"
"SoxR-reducing system protein RseC","rseC",9,"GEGEGB_00295","SO:0001217, UniRef:UniRef50_A9MGW7"
"Spermidine N(1)-acetyltransferase",NA,9,"GEGEGB_01495","SO:0001217, UniRef:UniRef50_P0DKR8"
"Spermidine export protein MdtI","mdtI",9,"GEGEGB_01472","SO:0001217, UniRef:UniRef50_Q0WF87"
"Spermidine export protein MdtJ","mdtJ",9,"GEGEGB_01471","SO:0001217, UniRef:UniRef50_P69212"
"Spermidine/putrescine import ATP-binding protein PotA","potA",9,"GEGEGB_01787","SO:0001217, UniRef:UniRef50_A0A379TF17"
"Spermidine/putrescine transport system permease protein PotB","potB",9,"GEGEGB_01788","SO:0001217, UniRef:UniRef50_P0AFK4"
"Spermidine/putrescine transport system permease protein PotC","potC",9,"GEGEGB_01790","SO:0001217, UniRef:UniRef50_P0AFK6"
"Spermidine/putrescine-binding periplasmic protein",NA,9,"GEGEGB_01791","SO:0001217, UniRef:UniRef50_P0AFK9"
"SpoVR family protein",NA,9,"GEGEGB_01136","SO:0001217, UniRef:UniRef50_Q5P166"
"Spy/CpxP family protein refolding chaperone",NA,9,"GEGEGB_02675","SO:0001217, UniRef:UniRef50_A0A659QRF6"
"SsrA-binding protein",NA,9,"GEGEGB_02775","SO:0001217, UniRef:UniRef50_P0A832"
"Stationary phase inducible protein CsiE","csiE",9,"GEGEGB_00327","SO:0001217, UniRef:UniRef50_A0A4P8YNF5"
"Stationary-phase-induced ribosome-associated protein",NA,9,"GEGEGB_01560","SO:0001217, UniRef:UniRef50_A0A7H9FTJ5"
"Stress response kinase A",NA,9,"GEGEGB_03817","SO:0001217, UniRef:UniRef50_P0C0K3"
"Stress response protein YnhF","ynhF",9,"GEGEGB_01373","SO:0001217, UniRef:UniRef50_R8WW16"
"Stringent starvation A-like protein",NA,9,"GEGEGB_03427","SO:0001217, UniRef:UniRef50_Q83AY0"
"Substrate-binding transport protein",NA,9,"GEGEGB_01195","SO:0001217, UniRef:UniRef50_B7LSL2"
"Succinate dehydrogenase cytochrome b556 subunit",NA,9,"GEGEGB_02255","SO:0001217, UniRef:UniRef50_A0A075P1R8"
"Succinate dehydrogenase flavoprotein subunit",NA,9,"GEGEGB_02253","SO:0001217, UniRef:UniRef50_P0AC41"
"Succinate dehydrogenase hydrophobic membrane anchor subunit",NA,9,"GEGEGB_02254","SO:0001217, UniRef:UniRef50_A0A6I4V5D2"
"Succinate semialdehyde dehydrogenase [NAD(P)+] Sad",NA,9,"GEGEGB_01520","SO:0001217, UniRef:UniRef50_P76149"
"Succinate--CoA ligase [ADP-forming] subunit alpha",NA,9,"GEGEGB_02248","SO:0001217, UniRef:UniRef50_A0A926CA91"
"Succinate--CoA ligase [ADP-forming] subunit beta",NA,9,"GEGEGB_02249","SO:0001217, UniRef:UniRef50_A0A655C0U4"
"Succinate-semialdehyde dehydrogenase / glutarate-semialdehyde dehydrogenase",NA,9,"GEGEGB_04813","SO:0001217, UniRef:UniRef50_A0A1C6Z1A2"
"Succinyl-diaminopimelate desuccinylase",NA,9,"GEGEGB_00409","SO:0001217, UniRef:UniRef50_Q4FU86"
"Succinylglutamate desuccinylase",NA,9,"GEGEGB_01253","SO:0001217, UniRef:UniRef50_A0A8G2AA27"
"Sugar efflux transporter",NA,9,"GEGEGB_01518","SO:0001217, UniRef:UniRef50_P31122"
"Sugar efflux transporter B",NA,9,"GEGEGB_00689","SO:0001217, UniRef:UniRef50_P33027"
"Sugar fermentation stimulation protein A",NA,9,"GEGEGB_00206","SO:0001217, UniRef:UniRef50_Q8ZRQ6"
"Sugar isomerase",NA,9,"GEGEGB_04061","SO:0001217, UniRef:UniRef50_A0A0F5F162"
"Sugar phosphatase",NA,9,"GEGEGB_00570","SO:0001217, UniRef:UniRef50_H3REZ6"
"Sugar phosphatase YbiV","ybiV",9,"GEGEGB_02151","SO:0001217, UniRef:UniRef50_P75792"
"Sugar phosphatase YidA","yidA",9,"GEGEGB_03886","SO:0001217, UniRef:UniRef50_A0A083ZUP3"
"Sulfate adenylyltransferase subunit 1",NA,9,"GEGEGB_02971","SO:0001217, UniRef:UniRef50_Q8ZBP2"
"Sulfate adenylyltransferase subunit 2",NA,9,"GEGEGB_02972","SO:0001217, UniRef:UniRef50_A0A3D3BEP2"
"Sulfate transport system permease protein CysT","cysT",9,"GEGEGB_00451","SO:0001217, UniRef:UniRef50_P16701"
"Sulfate transporter CysZ","cysZ",9,"GEGEGB_00464","SO:0001217, UniRef:UniRef50_J3DCP0"
"Sulfate transporter YchM","ychM",9,"GEGEGB_01162","SO:0001217, UniRef:UniRef50_A0A377DTE9"
"Sulfate-binding protein",NA,9,"GEGEGB_03742","SO:0001217, UniRef:UniRef50_A0A085JN90"
"Sulfate/thiosulfate import ATP-binding protein CysA","cysA",9,"GEGEGB_00453","SO:0001217, UniRef:UniRef50_P16676"
"Sulfite reductase [NADPH] flavoprotein alpha-component",NA,9,"GEGEGB_02986","SO:0001217, UniRef:UniRef50_Q6D1A1"
"Sulfofructose kinase",NA,9,"GEGEGB_03785","SO:0001217, UniRef:UniRef50_P32143"
"Sulfoquinovosidase",NA,9,"GEGEGB_03790","SO:0001217, UniRef:UniRef50_P32138"
"Sulfur carrier protein FdhD","fdhD",9,"GEGEGB_03770","SO:0001217, UniRef:UniRef50_P32177"
"Sulfurtransferase TusD","tusD",9,"GEGEGB_04277","SO:0001217, UniRef:UniRef50_P45532"
"Sulfurtransferase TusE","tusE",9,"GEGEGB_01936","SO:0001217, UniRef:UniRef50_Q2NU63"
"Sulphate transport system permease protein CysW","cysW",9,"GEGEGB_00452","SO:0001217, UniRef:UniRef50_Q7VRT7"
"Superoxide dismutase [Cu-Zn]",NA,9,"GEGEGB_01382","SO:0001217, UniRef:UniRef50_A0AA86JA85"
"Superoxide dismutase [Fe]",NA,9,"GEGEGB_01374","SO:0001217, UniRef:UniRef50_P0AGD3"
"Superoxide dismutase [Mn]",NA,9,"GEGEGB_03750","SO:0001217, UniRef:UniRef50_P00448"
"Surface composition regulator",NA,9,"GEGEGB_03271","SO:0001217, UniRef:UniRef50_A0A087FVI7"
"SycD/LcrH family type III secretion system chaperone SicA","sicA",9,"GEGEGB_02926","BlastRules:WP_000386309, SO:0001217, UniRef:UniRef50_P69066"
"SycD/LcrH family type III secretion system chaperone SscA","sscA",9,"GEGEGB_01340","BlastRules:WP_000711029, SO:0001217, UniRef:UniRef50_H9L426"
"SycD/LcrH family type III secretion system chaperone SscB","sscB",9,"GEGEGB_01344","BlastRules:WP_000979963, SO:0001217, UniRef:UniRef50_H9L491"
"Symporter protein YdjN","ydjN",9,"GEGEGB_01307","SO:0001217, UniRef:UniRef50_A0A0J1LYL0"
"T-protein",NA,9,"GEGEGB_02757","SO:0001217, UniRef:UniRef50_Q7CPZ8"
"TDP-N-acetylfucosamine:lipid II N-acetylfucosaminyltransferase",NA,9,"GEGEGB_03548","SO:0001217, UniRef:UniRef50_P56258"
"Tail-specific protease",NA,9,"GEGEGB_01095","SO:0001217, UniRef:UniRef50_P23865"
"Tat proofreading chaperone DmsD","dmsD",9,"GEGEGB_01488","SO:0001217, UniRef:UniRef50_A0A2P8VGQ4"
"Tellurite methyltransferase",NA,9,"GEGEGB_01597","SO:0001217, UniRef:UniRef50_A0A370V5S7"
"Tellurite resistance protein TehA","tehA",9,"GEGEGB_01598","SO:0001217, UniRef:UniRef50_P25396"
"TetR family copper-responsive transcriptional repressor ComR","comR",9,"GEGEGB_01800","BlastRules:WP_001336528, SO:0001217, UniRef:UniRef50_A0A2J9E8N7"
"Tetraacyldisaccharide 4'-kinase",NA,9,"GEGEGB_02053","SO:0001217, UniRef:UniRef50_Q7N6C5"
"Tetrathionate reductase subunit A",NA,9,"GEGEGB_01324","SO:0001217, UniRef:UniRef50_Q9Z4S6"
"Tetrathionate reductase subunit B",NA,9,"GEGEGB_01326","SO:0001217, UniRef:UniRef50_A0A3S4BWN0"
"Tetrathionate reductase subunit TtrC","ttrC",9,"GEGEGB_01325","SO:0001217, UniRef:UniRef50_A0A7G8QQ32"
"Thermoresistant gluconokinase",NA,9,"GEGEGB_04197","SO:0001217, UniRef:UniRef50_P46859"
"Thiamine ABC transporter ATP-binding protein",NA,9,"GEGEGB_00115","SO:0001217, UniRef:UniRef50_A0A318MR91"
"Thiamine kinase",NA,9,"GEGEGB_01806","SO:0001217, UniRef:UniRef50_P75948"
"Thiamine transport system permease protein ThiP","thiP",9,"GEGEGB_00116","SO:0001217, UniRef:UniRef50_A0A8I1W5K3"
"Thiamine-binding periplasmic protein",NA,9,"GEGEGB_00117","SO:0001217, UniRef:UniRef50_A0A0U5LKV3"
"Thiamine-phosphate synthase",NA,9,"GEGEGB_03646","SO:0001217, UniRef:UniRef50_B5FF67"
"Thiol peroxidase",NA,9,"GEGEGB_01674","SO:0001217, UniRef:UniRef50_Q8XVP0"
"Thiol:disulfide interchange protein DsbA","dsbA",9,"GEGEGB_03816","SO:0001217, UniRef:UniRef50_Q9X6N0"
"Thiol:disulfide interchange protein DsbC","dsbC",9,"GEGEGB_03110","SO:0001217, UniRef:UniRef50_P0AEG6"
"Thiol:disulfide interchange protein DsbD","dsbD",9,"GEGEGB_04610","SO:0001217, UniRef:UniRef50_P36655"
"Thiol:disulfide interchange protein DsbG","dsbG",9,"GEGEGB_02378","SO:0001217, UniRef:UniRef50_P77202"
"Thiol:disulfide interchange protein DsbL","dsbL",9,"GEGEGB_03267","SO:0001217, UniRef:UniRef50_P0A4L7"
"Thioredoxin domain-containing protein",NA,9,"GEGEGB_00032","SO:0001217, UniRef:UniRef50_A0AAN3RST5"
"Thioredoxin reductase",NA,9,"GEGEGB_02081","SO:0001217, UniRef:UniRef50_P43788"
"Thioredoxin/glutathione peroxidase BtuE","btuE",9,"GEGEGB_01291","SO:0001217, UniRef:UniRef50_P06610"
"Thiosulfate reductase cytochrome B subunit PhsC","phsC",9,"GEGEGB_00860","SO:0001217, UniRef:UniRef50_P37602"
"Thiosulfate reductase molybdopterin-containing subunit PhsA","phsA",9,"GEGEGB_00858","SO:0001217, UniRef:UniRef50_P37600"
"Thiosulfate sulfurtransferase GlpE","glpE",9,"GEGEGB_04207","SO:0001217, UniRef:UniRef50_Q15ZU3"
"Thiosulfate sulfurtransferase PspE","pspE",9,"GEGEGB_01681","SO:0001217, UniRef:UniRef50_A0A2C6DUD9"
"Threonine efflux protein",NA,9,"GEGEGB_03514","SO:0001217, UniRef:UniRef50_P0AG38"
"Threonine synthase",NA,9,"GEGEGB_00004","SO:0001217, UniRef:UniRef50_Q89AR5"
"Threonine--tRNA ligase",NA,9,"GEGEGB_01282","SO:0001217, UniRef:UniRef50_P0A8M3"
"Thymidine kinase",NA,9,"GEGEGB_01753","SO:0001217, UniRef:UniRef50_P13300"
"Thymidine phosphorylase",NA,9,"GEGEGB_04858","SO:0001217, UniRef:UniRef50_P07650"
"Thymidylate kinase",NA,9,"GEGEGB_01815","SO:0001217, UniRef:UniRef50_O69169"
"Thymidylate synthase",NA,9,"GEGEGB_03053","SO:0001217, UniRef:UniRef50_P0A884"
"Tol-Pal system protein TolB","tolB",9,"GEGEGB_02238","BlastRules:WP_010989131, SO:0001217, UniRef:UniRef50_P0A855"
"Tol-Pal system protein TolQ","tolQ",9,"GEGEGB_02241","SO:0001217, UniRef:UniRef50_P0ABU9"
"Tol-Pal system protein TolR","tolR",9,"GEGEGB_02240","SO:0001217, UniRef:UniRef50_D2U0F1"
"Toxic polypeptide, small",NA,9,"GEGEGB_04104","SO:0001217, UniRef:UniRef50_A0A234WDZ3"
"Toxin-antitoxin biofilm protein",NA,9,"GEGEGB_04738","SO:0001217, UniRef:UniRef50_A0A0H3MSU9"
"Transaldolase",NA,9,"GEGEGB_00421","SO:0001217, UniRef:UniRef50_P45055"
"Transcription accessory protein",NA,9,"GEGEGB_04221","SO:0001217, UniRef:UniRef50_A0A377ZZQ5"
"Transcription antitermination protein NusB","nusB",9,"GEGEGB_02571","SO:0001217, UniRef:UniRef50_Q0VMI0"
"Transcription antitermination protein RfaH","rfaH",9,"GEGEGB_03495","SO:0001217, UniRef:UniRef50_P0AFW0"
"Transcription elongation factor GreA","greA",9,"GEGEGB_03381","SO:0001217, UniRef:UniRef50_Q9KU89"
"Transcription elongation factor GreB","greB",9,"GEGEGB_04222","SO:0001217, UniRef:UniRef50_A0A447JB84"
"Transcription termination factor Rho",NA,9,"GEGEGB_03558","SO:0001217, UniRef:UniRef50_Q7NXP1"
"Transcription termination/antitermination protein NusA","nusA",9,"GEGEGB_03370","SO:0001217, UniRef:UniRef50_A0A2E6JDC6"
"Transcription-repair-coupling factor",NA,9,"GEGEGB_01797","SO:0001217, UniRef:UniRef50_W0Q269"
"Transcriptional activator protein BglJ","bglJ",9,"GEGEGB_04838","SO:0001217, UniRef:UniRef50_P39404"
"Transcriptional activator protein LysR","lysR",9,"GEGEGB_03071","SO:0001217, UniRef:UniRef50_I2B5V8"
"Transcriptional activator protein NhaR","nhaR",9,"GEGEGB_00045","SO:0001217, UniRef:UniRef50_P0A9G2"
"Transcriptional regulator HosA","hosA",9,"GEGEGB_02957","SO:0001217, UniRef:UniRef50_Q93CC3"
"Transcriptional regulator LsrR","lsrR",9,"GEGEGB_03732","SO:0001217, UniRef:UniRef50_P76141"
"Transcriptional regulator MntR","mntR",9,"GEGEGB_02156","SO:0001217, UniRef:UniRef50_P0A9F1"
"Transcriptional regulator MraZ","mraZ",9,"GEGEGB_00130","SO:0001217, UniRef:UniRef50_C5B9E7"
"Transcriptional regulator PtsJ","ptsJ",9,"GEGEGB_00457","SO:0001217, UniRef:UniRef50_A0A081M3T4"
"Transcriptional regulator SlyA","slyA",9,"GEGEGB_01386","SO:0001217, UniRef:UniRef50_A0A1Z1SV01"
"Transcriptional regulatory protein BtsR","btsR",9,"GEGEGB_00742","SO:0001217, UniRef:UniRef50_P0AFT5"
"Transcriptional regulatory protein CitB","citB",9,"GEGEGB_00057","SO:0001217, UniRef:UniRef50_P52688"
"Transcriptional regulatory protein CpxR","cpxR",9,"GEGEGB_03746","SO:0001217, UniRef:UniRef50_P0AE88"
"Transcriptional regulatory protein CreB","creB",9,"GEGEGB_04875","SO:0001217, UniRef:UniRef50_P08368"
"Transcriptional regulatory protein EntR","entR",9,"GEGEGB_04623","SO:0001217, UniRef:UniRef50_O69280"
"Transcriptional regulatory protein QseB","qseB",9,"GEGEGB_03252","SO:0001217, UniRef:UniRef50_P45337"
"Transcriptional regulatory protein RcsA","rcsA",9,"GEGEGB_00960","SO:0001217, UniRef:UniRef50_P0DMC9"
"Transcriptional regulatory protein RstA","rstA",9,"GEGEGB_01415","SO:0001217, UniRef:UniRef50_P52108"
"Transcriptional regulatory protein TctD","tctD",9,"GEGEGB_02818","SO:0001217, UniRef:UniRef50_P0CL17"
"Transcriptional regulatory protein UhpA","uhpA",9,"GEGEGB_03930","SO:0001217, UniRef:UniRef50_P27667"
"Transcriptional repressor IclR","iclR",9,"GEGEGB_04340","SO:0001217, UniRef:UniRef50_P16528"
"Transcriptional repressor NrdR","nrdR",9,"GEGEGB_02574","SO:0001217, UniRef:UniRef50_A0A520MCV7"
"Transferase",NA,9,"GEGEGB_04329","SO:0001217, UniRef:UniRef50_A0AAX2K897"
"Transketolase 1",NA,9,"GEGEGB_03151","SO:0001217, UniRef:UniRef50_P27302"
"Translation initiation factor IF-1",NA,9,"GEGEGB_02085","SO:0001217, UniRef:UniRef50_Q87ZS2"
"Translation initiation factor IF-2",NA,9,"GEGEGB_03369","SO:0001217, UniRef:UniRef50_Q9ZF31"
"Translation initiation factor IF-3",NA,9,"GEGEGB_01283","SO:0001217, UniRef:UniRef50_A0A376VH32"
"Translation initiation factor Sui1",NA,9,"GEGEGB_01705","SO:0001217, UniRef:UniRef50_A0A379F3N6"
"Transmembrane regulator",NA,9,"GEGEGB_02647","SO:0001217, UniRef:UniRef50_D2TJN2"
"Trehalose-6-phosphate hydrolase",NA,9,"GEGEGB_04724","SO:0001217, UniRef:UniRef50_P28904"
"Trehalose-6-phosphate phosphatase",NA,9,"GEGEGB_01010","SO:0001217, UniRef:UniRef50_P31678"
"Trifunctional NAD biosynthesis/regulator protein NadR","nadR",9,"GEGEGB_04866","SO:0001217, UniRef:UniRef50_P27278"
"Trigger factor",NA,9,"GEGEGB_02539","SO:0001217, UniRef:UniRef50_Q2SK37"
"Trimethylamine-N-oxide reductase 1",NA,9,"GEGEGB_03895","SO:0001217, UniRef:UniRef50_P33225"
"Triosephosphate isomerase",NA,9,"GEGEGB_03724","SO:0001217, UniRef:UniRef50_Q491Y3"
"Trk system potassium uptake protein TrkA","trkA",9,"GEGEGB_04319","SO:0001217, UniRef:UniRef50_Q8EKR1"
"Trk system potassium uptake protein TrkH","trkH",9,"GEGEGB_03487","SO:0001217, UniRef:UniRef50_P44843"
"Truncated hydrolase",NA,9,"GEGEGB_02333","SO:0001217, UniRef:UniRef50_A0A379VU13"
"Tryptophan biosynthesis protein TrpCF",NA,9,"GEGEGB_01727","SO:0001217, UniRef:UniRef50_P00909"
"Tryptophan synthase alpha chain",NA,9,"GEGEGB_01729","SO:0001217, UniRef:UniRef50_P43759"
"Tryptophan synthase beta chain",NA,9,"GEGEGB_01728","SO:0001217, UniRef:UniRef50_P0A879"
"Tryptophan--tRNA ligase",NA,9,"GEGEGB_04244","SO:0001217, UniRef:UniRef50_P00954"
"Tryptophan-specific transport protein",NA,9,"GEGEGB_03360","SO:0001217, UniRef:UniRef50_P0AAD2"
"Twitching motility family protein",NA,9,"GEGEGB_03164","SO:0001217, UniRef:UniRef50_A0A376RCW0"
"Two-component system response regulator",NA,9,"GEGEGB_03635","SO:0001217, UniRef:UniRef50_A0A3S4KDD1"
"Two-component system response regulator NarL","narL",9,"GEGEGB_01768","SO:0001217, UniRef:UniRef50_A8AG23"
"Type 1 fimbrial protein",NA,9,"GEGEGB_00033","SO:0001217, UniRef:UniRef50_A0A764GR16"
"Type I secretion protein TolC","tolC",9,"GEGEGB_02778","SO:0001217, UniRef:UniRef50_A0A085G5N7"
"Type II secretion system protein H",NA,9,"GEGEGB_03050","SO:0001217, UniRef:UniRef50_A0AA86M7P1"
"Type V toxin-antitoxin system endoribonuclease antitoxin GhoS","ghoS",9,"GEGEGB_01274","SO:0001217, UniRef:UniRef50_A0A4P8YJX2"
"Type VI secretion system tube protein Hcp",NA,9,"GEGEGB_03202","SO:0001217, UniRef:UniRef50_V1GVB2"
"Tyrosine kinase G-rich domain-containing protein",NA,9,"GEGEGB_00688","SO:0001217, UniRef:UniRef50_A9MK41"
"Tyrosine recombinase XerD","xerD",9,"GEGEGB_03111","SO:0001217, UniRef:UniRef50_P0A8P8"
"Tyrosine--tRNA ligase",NA,9,"GEGEGB_01391","SO:0001217, UniRef:UniRef50_P0AGJ9"
"Tyrosine-protein kinase wzc",NA,9,"GEGEGB_00799","SO:0001217, UniRef:UniRef50_Q9F7B1"
"UDP-2,3-diacylglucosamine hydrolase",NA,9,"GEGEGB_02442","SO:0001217, UniRef:UniRef50_A0A376KYX1"
"UDP-3-O-acyl-N-acetylglucosamine deacetylase",NA,9,"GEGEGB_00146","SO:0001217, UniRef:UniRef50_Q6LMG1"
"UDP-4-amino-4-deoxy-L-arabinose--oxoglutarate aminotransferase",NA,9,"GEGEGB_00606","SO:0001217, UniRef:UniRef50_Q4KC84"
"UDP-N-acetylenolpyruvoylglucosamine reductase",NA,9,"GEGEGB_03669","SO:0001217, UniRef:UniRef50_Q6DAP0"
"UDP-N-acetylglucosamine 1-carboxyvinyltransferase",NA,9,"GEGEGB_03390","SO:0001217, UniRef:UniRef50_P33038"
"UDP-N-acetylglucosamine 2-epimerase",NA,9,"GEGEGB_03555","SO:0001217, UniRef:UniRef50_D3VHX4"
"UDP-N-acetylglucosamine--N-acetylmuramyl-(pentapeptide) pyrophosphoryl-undecaprenol N-acetylglucosamine transferase",NA,9,"GEGEGB_00139","SO:0001217, UniRef:UniRef50_Q8ZIE9"
"UDP-N-acetylmuramate--L-alanine ligase",NA,9,"GEGEGB_00140","SO:0001217, UniRef:UniRef50_P17952"
"UDP-N-acetylmuramate--L-alanyl-gamma-D-glutamyl-meso-2,6-diaminoheptandioate ligase",NA,9,"GEGEGB_04706","SO:0001217, UniRef:UniRef50_P37773"
"UDP-N-acetylmuramoyl-L-alanyl-D-glutamate--2,6-diaminopimelate ligase",NA,9,"GEGEGB_00134","SO:0001217, UniRef:UniRef50_Q8ZRU7"
"UDP-N-acetylmuramoyl-tripeptide--D-alanyl-D-alanine ligase",NA,9,"GEGEGB_00135","SO:0001217, UniRef:UniRef50_P11880"
"UDP-N-acetylmuramoylalanine--D-glutamate ligase",NA,9,"GEGEGB_00137","SO:0001217, UniRef:UniRef50_Q8ZRU4"
"UDP-glucose 4-epimerase",NA,9,"GEGEGB_02221","SO:0001217, UniRef:UniRef50_A0A7X4VZT0"
"UDP-glucose 6-dehydrogenase",NA,9,"GEGEGB_00838","SO:0001217, UniRef:UniRef50_K1E640"
"UDP-glucose:undecaprenyl-phosphate glucose-1-phosphate transferase",NA,9,"GEGEGB_00813","SO:0001217, UniRef:UniRef50_P71241"
"UPF0053 inner membrane protein YfjD","yfjD",9,"GEGEGB_02767","SO:0001217, UniRef:UniRef50_P37908"
"UPF0053 inner membrane protein YgdQ","ygdQ",9,"GEGEGB_03058","SO:0001217, UniRef:UniRef50_P67127"
"UPF0053 protein YegH","yegH",9,"GEGEGB_00796","SO:0001217, UniRef:UniRef50_P76389"
"UPF0056 inner membrane protein MarC","marC",9,"GEGEGB_01517","SO:0001217, UniRef:UniRef50_P0AEY1"
"UPF0073 inner membrane protein YqfA","yqfA",9,"GEGEGB_03117","SO:0001217, UniRef:UniRef50_P67153"
"UPF0102 protein YraN","yraN",9,"GEGEGB_03348","SO:0001217, UniRef:UniRef50_Q8ZLU3"
"UPF0114 protein YqhA","yqhA",9,"GEGEGB_03224","SO:0001217, UniRef:UniRef50_A0A655E1W3"
"UPF0125 protein NCTC10665_01251",NA,9,"GEGEGB_02773","SO:0001217, UniRef:UniRef50_A0A448Q3Q1"
"UPF0126 inner membrane protein YadS","yadS",9,"GEGEGB_00218","SO:0001217, UniRef:UniRef50_P0AFP0"
"UPF0145 protein Dda3937_02372",NA,9,"GEGEGB_02107","SO:0001217, UniRef:UniRef50_E0SMW0"
"UPF0149 protein NT01EI_3357",NA,9,"GEGEGB_03127","SO:0001217, UniRef:UniRef50_C5BAT6"
"UPF0174 protein YaaW","yaaW",9,"GEGEGB_00010","SO:0001217, UniRef:UniRef50_P58316"
"UPF0178 protein CJA_1978",NA,9,"GEGEGB_02607","SO:0001217, UniRef:UniRef50_B3PHH8"
"UPF0181 protein SOASR030_08200",NA,9,"GEGEGB_01116","SO:0001217, UniRef:UniRef50_A0AAV5MZJ2"
"UPF0194 membrane protein YbhG","ybhG",9,"GEGEGB_02179","SO:0001217, UniRef:UniRef50_P75777"
"UPF0208 membrane protein YfbV","yfbV",9,"GEGEGB_00568","SO:0001217, UniRef:UniRef50_P0A8D9"
"UPF0227 protein YcfP","ycfP",9,"GEGEGB_01804","SO:0001217, UniRef:UniRef50_P0A8E1"
"UPF0229 protein YeaH","yeaH",9,"GEGEGB_01228","SO:0001217, UniRef:UniRef50_P76235"
"UPF0231 protein YacL","yacL",9,"GEGEGB_00176","SO:0001217, UniRef:UniRef50_P0A8E5"
"UPF0234 protein YPO3170/y1016/YP_0761",NA,9,"GEGEGB_02554","SO:0001217, UniRef:UniRef50_Q8ZC52"
"UPF0235 protein PM1313",NA,9,"GEGEGB_03167","SO:0001217, UniRef:UniRef50_Q9CLC6"
"UPF0246 protein GN242_17910",NA,9,"GEGEGB_00005","SO:0001217, UniRef:UniRef50_A0A6I6EGM8"
"UPF0250 protein BU488",NA,9,"GEGEGB_02346","SO:0001217, UniRef:UniRef50_P57559"
"UPF0253 protein ESA_03148",NA,9,"GEGEGB_00257","SO:0001217, UniRef:UniRef50_A7MI25"
"UPF0257 lipoprotein HV346_10385",NA,9,"GEGEGB_01494","SO:0001217, UniRef:UniRef50_A0A7L6CJF5"
"UPF0259 membrane protein YciC","yciC",9,"GEGEGB_01736","SO:0001217, UniRef:UniRef50_P21365"
"UPF0260 protein HV346_13080",NA,9,"GEGEGB_01129","SO:0001217, UniRef:UniRef50_A0A7L6CKX3"
"UPF0265 protein YeeX","yeeX",9,"GEGEGB_00865","SO:0001217, UniRef:UniRef50_P0A8M6"
"UPF0266 membrane protein KPN78578_23010",NA,9,"GEGEGB_01107","SO:0001217, UniRef:UniRef50_A6TAZ1"
"UPF0270 protein VC_2612",NA,9,"GEGEGB_04264","SO:0001217, UniRef:UniRef50_Q9KNW8"
"UPF0283 membrane protein YcjF","ycjF",9,"GEGEGB_01679","SO:0001217, UniRef:UniRef50_P0A8R7"
"UPF0294 protein YafD","yafD",9,"GEGEGB_02738","SO:0001217, UniRef:UniRef50_P0A8U2"
"UPF0299 membrane protein YohJ","yohJ",9,"GEGEGB_00719","SO:0001217, UniRef:UniRef50_P60632"
"UPF0301 protein YPO0936/y3322/YP_3506",NA,9,"GEGEGB_03161","SO:0001217, UniRef:UniRef50_Q8ZHG3"
"UPF0304 protein YfbU","yfbU",9,"GEGEGB_00569","SO:0001217, UniRef:UniRef50_P0A8W8"
"UPF0306 protein EH105704_02_02130",NA,9,"GEGEGB_03353","SO:0001217, UniRef:UniRef50_H5UZM6"
"UPF0319 protein YccT","yccT",9,"GEGEGB_01947","SO:0001217, UniRef:UniRef50_P0A8X4"
"UPF0325 protein YaeH","yaeH",9,"GEGEGB_00224","SO:0001217, UniRef:UniRef50_P62768"
"UPF0337 protein YjbJ","yjbJ",9,"GEGEGB_04372","SO:0001217, UniRef:UniRef50_A0A485BC09"
"UPF0352 protein YejL","yejL",9,"GEGEGB_00670","SO:0001217, UniRef:UniRef50_P0AD24"
"UPF0386 protein F959_01731",NA,9,"GEGEGB_04795","SO:0001217, UniRef:UniRef50_N8ZYQ3"
"UPF0387 membrane protein YohO","yohO",9,"GEGEGB_00739","SO:0001217, UniRef:UniRef50_Q2EES6"
"UPF0391 membrane protein YtjA","ytjA",9,"GEGEGB_04852","SO:0001217, UniRef:UniRef50_A0A148H625"
"UPF0434 protein Nmul_A1027",NA,9,"GEGEGB_02050","SO:0001217, UniRef:UniRef50_Q2YA91"
"UPF0441 protein SG0265",NA,9,"GEGEGB_03262","SO:0001217, UniRef:UniRef50_Q2NWD5"
"UPF0482 protein ESA_01750",NA,9,"GEGEGB_01496","SO:0001217, UniRef:UniRef50_A7MEI2"
"UPF0502 protein YceH","yceH",9,"GEGEGB_01848","SO:0001217, UniRef:UniRef50_A0A376P3Y8"
"UPF0597 protein YhaM","yhaM",9,"GEGEGB_03316","SO:0001217, UniRef:UniRef50_P42626"
"UPF0702 transmembrane protein YcaP","ycaP",9,"GEGEGB_02062","SO:0001217, UniRef:UniRef50_P75839"
"UPF0719 inner membrane protein YjfL","yjfL",9,"GEGEGB_04659","SO:0001217, UniRef:UniRef50_P0AF80"
"UPF0756 membrane protein YPO3057/y1423/YP_2679",NA,9,"GEGEGB_01223","SO:0001217, UniRef:UniRef50_Q74SD5"
"USG-1 protein",NA,9,"GEGEGB_00535","SO:0001217, UniRef:UniRef50_P08390"
"Ubiquinol oxidase subunit 2",NA,9,"GEGEGB_02543","SO:0001217, UniRef:UniRef50_A0A345P4Z2"
"Ubiquinone biosynthesis O-methyltransferase",NA,9,"GEGEGB_00628","SO:0001217, UniRef:UniRef50_A8H499"
"Ubiquinone biosynthesis accessory factor UbiK","ubiK",9,"GEGEGB_03270","SO:0001217, UniRef:UniRef50_A0A2B7M4C9"
"Ubiquinone biosynthesis accessory factor UbiT","ubiT",9,"GEGEGB_03356","SO:0001217, UniRef:UniRef50_Q8ZLU0"
"Ubiquinone biosynthesis protein UbiV","ubiV",9,"GEGEGB_03358","SO:0001217, UniRef:UniRef50_A0A0W8JJQ3"
"Ubiquinone/menaquinone biosynthesis C-methyltransferase UbiE","ubiE",9,"GEGEGB_03503","SO:0001217, UniRef:UniRef50_A0A1E8CMY2"
"Uncharacterized GST-like protein YibF","yibF",9,"GEGEGB_04046","SO:0001217, UniRef:UniRef50_P0ACA1"
"Uncharacterized HTH-type transcriptional regulator RhmR","rhmR",9,"GEGEGB_00611","SO:0001217, UniRef:UniRef50_P77732"
"Uncharacterized HTH-type transcriptional regulator YbeF","ybeF",9,"GEGEGB_02348","SO:0001217, UniRef:UniRef50_P30979"
"Uncharacterized HTH-type transcriptional regulator YciT","yciT",9,"GEGEGB_01703","SO:0001217, UniRef:UniRef50_P76034"
"Uncharacterized HTH-type transcriptional regulator YdcR","ydcR",9,"GEGEGB_01587","SO:0001217, UniRef:UniRef50_P77730"
"Uncharacterized HTH-type transcriptional regulator YeeY","yeeY",9,"GEGEGB_00850","SO:0001217, UniRef:UniRef50_P76369"
"Uncharacterized HTH-type transcriptional regulator YegW","yegW",9,"GEGEGB_00757","SO:0001217, UniRef:UniRef50_P0ACM5"
"Uncharacterized HTH-type transcriptional regulator YfeR","yfeR",9,"GEGEGB_00469","SO:0001217, UniRef:UniRef50_P0ACR7"
"Uncharacterized HTH-type transcriptional regulator YieP","yieP",9,"GEGEGB_03826","SO:0001217, UniRef:UniRef50_P31475"
"Uncharacterized HTH-type transcriptional regulator YijO","yijO",9,"GEGEGB_03690","SO:0001217, UniRef:UniRef50_P32677"
"Uncharacterized HTH-type transcriptional regulator YneJ","yneJ",9,"GEGEGB_01519","SO:0001217, UniRef:UniRef50_P77309"
"Uncharacterized MFS-type transporter EH105704_07_01300",NA,9,"GEGEGB_04157","SO:0001217, UniRef:UniRef50_H5V3K5"
"Uncharacterized MFS-type transporter YcaD","ycaD",9,"GEGEGB_02071","SO:0001217, UniRef:UniRef50_P21503"
"Uncharacterized N-acetyltransferase YhbS","yhbS",9,"GEGEGB_03355","SO:0001217, UniRef:UniRef50_P63417"
"Uncharacterized N-acetyltransferase YjaB","yjaB",9,"GEGEGB_04088","SO:0001217, UniRef:UniRef50_A0A2X3EEX4"
"Uncharacterized N-acetyltransferase YjgM","yjgM",9,"GEGEGB_04744","SO:0001217, UniRef:UniRef50_P39337"
"Uncharacterized Nudix hydrolase NudL","nudL",9,"GEGEGB_01114","SO:0001217, UniRef:UniRef50_P43337"
"Uncharacterized acetyltransferase YdcK","ydcK",9,"GEGEGB_01599","SO:0001217, UniRef:UniRef50_P76100"
"Uncharacterized amino acid permease YtnA","ytnA",9,"GEGEGB_02590","SO:0001217, UniRef:UniRef50_O34618"
"Uncharacterized family 31 glucosidase ORF2",NA,9,"GEGEGB_00046","SO:0001217, UniRef:UniRef50_Q01336"
"Uncharacterized glycosyltransferase YibD","yibD",9,"GEGEGB_04021","SO:0001217, UniRef:UniRef50_P11290"
"Uncharacterized inner membrane transporter YhbE","yhbE",9,"GEGEGB_03385","SO:0001217, UniRef:UniRef50_P0AA73"
"Uncharacterized inner membrane transporter YicL","yicL",9,"GEGEGB_03956","SO:0001217, UniRef:UniRef50_O33787"
"Uncharacterized isomerase YddE","yddE",9,"GEGEGB_01571","SO:0001217, UniRef:UniRef50_P37757"
"Uncharacterized lipoprotein ChiQ","chiQ",9,"GEGEGB_02301","SO:0001217, UniRef:UniRef50_P75734"
"Uncharacterized lipoprotein YbaY","ybaY",9,"GEGEGB_02517","SO:0001217, UniRef:UniRef50_P77717"
"Uncharacterized lipoprotein YceB","yceB",9,"GEGEGB_01852","SO:0001217, UniRef:UniRef50_P0AB26"
"Uncharacterized lipoprotein YdcL","ydcL",9,"GEGEGB_01596","SO:0001217, UniRef:UniRef50_P64451"
"Uncharacterized lipoprotein YeaY","yeaY",9,"GEGEGB_01120","SO:0001217, UniRef:UniRef50_P0AA91"
"Uncharacterized lipoprotein YgdI","ygdI",9,"GEGEGB_03033","SO:0001217, UniRef:UniRef50_P65292"
"Uncharacterized lipoprotein YgeR","ygeR",9,"GEGEGB_03104","SO:0001217, UniRef:UniRef50_Q46798"
"Uncharacterized lipoprotein YjbF","yjbF",9,"GEGEGB_04355","SO:0001217, UniRef:UniRef50_P32687"
"Uncharacterized lipoprotein YsaB","ysaB",9,"GEGEGB_04074","SO:0001217, UniRef:UniRef50_Q8ZL94"
"Uncharacterized membrane protein YahN","yahN",9,"GEGEGB_02629","SO:0001217, UniRef:UniRef50_P75693"
"Uncharacterized membrane protein YhdT","yhdT",9,"GEGEGB_03466","SO:0001217, UniRef:UniRef50_P45566"
"Uncharacterized metal-dependent hydrolase YcfH","ycfH",9,"GEGEGB_01813","SO:0001217, UniRef:UniRef50_P0AFQ7"
"Uncharacterized metal-dependent hydrolase YjjV","yjjV",9,"GEGEGB_04854","SO:0001217, UniRef:UniRef50_P39408"
"Uncharacterized oxidoreductase YbbO","ybbO",9,"GEGEGB_02475","SO:0001217, UniRef:UniRef50_P0AFP4"
"Uncharacterized oxidoreductase YciK","yciK",9,"GEGEGB_01719","SO:0001217, UniRef:UniRef50_P31808"
"Uncharacterized oxidoreductase YdgJ","ydgJ",9,"GEGEGB_01404","SO:0001217, UniRef:UniRef50_P77376"
"Uncharacterized oxidoreductase YhhX","yhhX",9,"GEGEGB_04194","SO:0001217, UniRef:UniRef50_P46853"
"Uncharacterized permease HI_1015",NA,9,"GEGEGB_02950","SO:0001217, UniRef:UniRef50_P71364"
"Uncharacterized protein Dda3937_02003",NA,9,"GEGEGB_04123","SO:0001217, UniRef:UniRef50_P45417"
"Uncharacterized protein YafS","yafS",9,"GEGEGB_02734","SO:0001217, UniRef:UniRef50_P75672"
"Uncharacterized protein YaiA","yaiA",9,"GEGEGB_02605","SO:0001217, UniRef:UniRef50_P0AAN5"
"Uncharacterized protein YbaP","ybaP",9,"GEGEGB_02484","SO:0001217, UniRef:UniRef50_P77301"
"Uncharacterized protein YbaV","ybaV",9,"GEGEGB_02532","SO:0001217, UniRef:UniRef50_P0AAR8"
"Uncharacterized protein YbdJ","ybdJ",9,"GEGEGB_02404","SO:0001217, UniRef:UniRef50_P77506"
"Uncharacterized protein YbdN","ybdN",9,"GEGEGB_02380","SO:0001217, UniRef:UniRef50_P77216"
"Uncharacterized protein YbiU","ybiU",9,"GEGEGB_02152","SO:0001217, UniRef:UniRef50_P75791"
"Uncharacterized protein YbjD","ybjD",9,"GEGEGB_02098","SO:0001217, UniRef:UniRef50_P75828"
"Uncharacterized protein YbjN","ybjN",9,"GEGEGB_02123","SO:0001217, UniRef:UniRef50_P0AAY6"
"Uncharacterized protein YcbJ","ycbJ",9,"GEGEGB_02048","SO:0001217, UniRef:UniRef50_P0AB03"
"Uncharacterized protein YcbX","ycbX",9,"GEGEGB_01964","SO:0001217, UniRef:UniRef50_P75863"
"Uncharacterized protein YceK","yceK",9,"GEGEGB_01864","SO:0001217, UniRef:UniRef50_P0AB31"
"Uncharacterized protein YchO","ychO",9,"GEGEGB_01769","SO:0001217, UniRef:UniRef50_P39165"
"Uncharacterized protein YciY","yciY",9,"GEGEGB_01741","SO:0001217, UniRef:UniRef50_A0A807LM28"
"Uncharacterized protein YdbL","ydbL",9,"GEGEGB_01629","SO:0001217, UniRef:UniRef50_P76076"
"Uncharacterized protein YdhI","ydhI",9,"GEGEGB_01385","SO:0001217, UniRef:UniRef50_P64471"
"Uncharacterized protein YebB","yebB",9,"GEGEGB_01043","SO:0001217, UniRef:UniRef50_P24238"
"Uncharacterized protein YebO","yebO",9,"GEGEGB_01102","SO:0001217, UniRef:UniRef50_A0A509BQG0"
"Uncharacterized protein YebY","yebY",9,"GEGEGB_01067","SO:0001217, UniRef:UniRef50_P64506"
"Uncharacterized protein YecA","yecA",9,"GEGEGB_01003","SO:0001217, UniRef:UniRef50_P0AD05"
"Uncharacterized protein YeiB","yeiB",9,"GEGEGB_00706","SO:0001217, UniRef:UniRef50_P25747"
"Uncharacterized protein YejA","yejA",9,"GEGEGB_00681","SO:0001217, UniRef:UniRef50_P33913"
"Uncharacterized protein YfeC","yfeC",9,"GEGEGB_00481","SO:0001217, UniRef:UniRef50_P0AD37"
"Uncharacterized protein YfeD","yfeD",9,"GEGEGB_00480","SO:0001217, UniRef:UniRef50_P27238"
"Uncharacterized protein YgbA","ygbA",9,"GEGEGB_02901","SO:0001217, UniRef:UniRef50_P25728"
"Uncharacterized protein YggE","yggE",9,"GEGEGB_03135","SO:0001217, UniRef:UniRef50_P0ADS6"
"Uncharacterized protein YggM","yggM",9,"GEGEGB_03170","SO:0001217, UniRef:UniRef50_P46142"
"Uncharacterized protein YggN","yggN",9,"GEGEGB_03174","SO:0001217, UniRef:UniRef50_P0ADS9"
"Uncharacterized protein YggT","yggT",9,"GEGEGB_03166","SO:0001217, UniRef:UniRef50_P64564"
"Uncharacterized protein YgiM","ygiM",9,"GEGEGB_03278","SO:0001217, UniRef:UniRef50_P0ADT8"
"Uncharacterized protein YgjQ","ygjQ",9,"GEGEGB_03299","SO:0001217, UniRef:UniRef50_P42598"
"Uncharacterized protein YhdP","yhdP",9,"GEGEGB_03454","SO:0001217, UniRef:UniRef50_P46474"
"Uncharacterized protein YheO","yheO",9,"GEGEGB_04276","SO:0001217, UniRef:UniRef50_P64624"
"Uncharacterized protein YhgE","yhgE",9,"GEGEGB_04226","SO:0001217, UniRef:UniRef50_P45804"
"Uncharacterized protein YhjY","yhjY",9,"GEGEGB_04090","SO:0001217, UniRef:UniRef50_P37663"
"Uncharacterized protein YiaF","yiaF",9,"GEGEGB_04084","SO:0001217, UniRef:UniRef50_P0ADK0"
"Uncharacterized protein YiaX1","yiaX1",9,"GEGEGB_04060","SO:0001217, UniRef:UniRef50_A1XPK1"
"Uncharacterized protein YibL","yibL",9,"GEGEGB_04041","SO:0001217, UniRef:UniRef50_P0ADK8"
"Uncharacterized protein YicS","yicS",9,"GEGEGB_03947","SO:0001217, UniRef:UniRef50_Q7CPG1"
"Uncharacterized protein YieE","yieE",9,"GEGEGB_03872","SO:0001217, UniRef:UniRef50_P0ADM8"
"Uncharacterized protein YigA","yigA",9,"GEGEGB_03525","SO:0001217, UniRef:UniRef50_P23305"
"Uncharacterized protein YiiG","yiiG",9,"GEGEGB_03768","SO:0001217, UniRef:UniRef50_P32151"
"Uncharacterized protein YiiY","yiiY",9,"GEGEGB_03755","SO:0001217, UniRef:UniRef50_P0A1U8"
"Uncharacterized protein YjaH","yjaH",9,"GEGEGB_03638","SO:0001217, UniRef:UniRef50_P32681"
"Uncharacterized protein YjbB","yjbB",9,"GEGEGB_04342","SO:0001217, UniRef:UniRef50_P0AF43"
"Uncharacterized protein YjbG","yjbG",9,"GEGEGB_04356","SO:0001217, UniRef:UniRef50_P32688"
"Uncharacterized protein YjbR","yjbR",9,"GEGEGB_04383","SO:0001217, UniRef:UniRef50_P0AF50"
"Uncharacterized protein YjeJ","yjeJ",9,"GEGEGB_04619","SO:0001217, UniRef:UniRef50_P39279"
"Uncharacterized protein YjfM","yjfM",9,"GEGEGB_04660","SO:0001217, UniRef:UniRef50_P39295"
"Uncharacterized protein YjiJ","yjiJ",9,"GEGEGB_04809","SO:0001217, UniRef:UniRef50_P39381"
"Uncharacterized protein YjiK","yjiK",9,"GEGEGB_04446","SO:0001217, UniRef:UniRef50_A0A632U6T3"
"Uncharacterized protein YjiN","yjiN",9,"GEGEGB_04810","SO:0001217, UniRef:UniRef50_P39385"
"Uncharacterized protein YjjI","yjjI",9,"GEGEGB_04856","SO:0001217, UniRef:UniRef50_P37342"
"Uncharacterized protein YjjQ","yjjQ",9,"GEGEGB_04837","SO:0001217, UniRef:UniRef50_P0ADD8"
"Uncharacterized protein YmdA","ymdA",9,"GEGEGB_01870","SO:0001217, UniRef:UniRef50_P0A1T0"
"Uncharacterized protein YncE","yncE",9,"GEGEGB_01576","SO:0001217, UniRef:UniRef50_P76116"
"Uncharacterized protein YncJ","yncJ",9,"GEGEGB_01592","SO:0001217, UniRef:UniRef50_P64459"
"Uncharacterized protein YnjH","ynjH",9,"GEGEGB_01245","SO:0001217, UniRef:UniRef50_P76227"
"Uncharacterized protein YobB","yobB",9,"GEGEGB_01063","SO:0001217, UniRef:UniRef50_P76280"
"Uncharacterized protein YqcC","yqcC",9,"GEGEGB_03013","SO:0001217, UniRef:UniRef50_Q46919"
"Uncharacterized protein YqiB","yqiB",9,"GEGEGB_03259","SO:0001217, UniRef:UniRef50_P0ADU7"
"Uncharacterized protein YqjD","yqjD",9,"GEGEGB_03307","SO:0001217, UniRef:UniRef50_P64581"
"Uncharacterized protein YrbL","yrbL",9,"GEGEGB_03408","SO:0001217, UniRef:UniRef50_P64610"
"Uncharacterized protein YrdD","yrdD",9,"GEGEGB_04325","SO:0001217, UniRef:UniRef50_P45771"
"Uncharacterized protein YshB","yshB",9,"GEGEGB_03807","SO:0001217, UniRef:UniRef50_C1P620"
"Uncharacterized protein YtfJ","ytfJ",9,"GEGEGB_04691","SO:0001217, UniRef:UniRef50_P39187"
"Uncharacterized protein YtgA","ytgA",9,"GEGEGB_04743","SO:0001217, UniRef:UniRef50_P0A1V0"
"Uncharacterized protein in bioA 5'region","bioA",9,"GEGEGB_03081","SO:0001217, UniRef:UniRef50_P55757"
"Uncharacterized sugar kinase YegV","yegV",9,"GEGEGB_00758","SO:0001217, UniRef:UniRef50_P76419"
"Uncharacterized tRNA/rRNA methyltransferase LasT","lasT",9,"GEGEGB_04887","SO:0001217, UniRef:UniRef50_P37005"
"Uncharacterized transporter YaaJ","yaaJ",9,"GEGEGB_00006","SO:0001217, UniRef:UniRef50_P30143"
"Uncharacterized transporter YdhK","ydhK",9,"GEGEGB_01383","SO:0001217, UniRef:UniRef50_P76186"
"Uncharacterized zinc-type alcohol dehydrogenase-like protein HI_0053",NA,9,"GEGEGB_01538","SO:0001217, UniRef:UniRef50_Q57517"
"Uncharacterized zinc-type alcohol dehydrogenase-like protein YbdR","ybdR",9,"GEGEGB_02367","SO:0001217, UniRef:UniRef50_P77316"
"Undecaprenyl-diphosphatase",NA,9,"GEGEGB_03280","SO:0001217, UniRef:UniRef50_P60932"
"Undecaprenyl-phosphate 4-deoxy-4-formamido-L-arabinose transferase",NA,9,"GEGEGB_00605","SO:0001217, UniRef:UniRef50_P77757"
"Universal stress A-like protein",NA,9,"GEGEGB_04140","SO:0001217, UniRef:UniRef50_P44880"
"Universal stress protein B",NA,9,"GEGEGB_04141","SO:0001217, UniRef:UniRef50_P0A8S5"
"Universal stress protein E",NA,9,"GEGEGB_01653","SO:0001217, UniRef:UniRef50_A0A2N5ER17"
"Universal stress protein F",NA,9,"GEGEGB_01641","SO:0001217, UniRef:UniRef50_P37903"
"Uracil permease",NA,9,"GEGEGB_00392","SO:0001217, UniRef:UniRef50_P0AGM7"
"Uracil phosphoribosyltransferase",NA,9,"GEGEGB_00391","SO:0001217, UniRef:UniRef50_Q88PV2"
"Uracil-DNA glycosylase",NA,9,"GEGEGB_00284","SO:0001217, UniRef:UniRef50_A1SUE5"
"Uridine kinase",NA,9,"GEGEGB_00793","SO:0001217, UniRef:UniRef50_A0A2U8BRX9"
"Uridine phosphorylase",NA,9,"GEGEGB_03505","SO:0001217, UniRef:UniRef50_P12758"
"Uridylate kinase",NA,9,"GEGEGB_00234","SO:0001217, UniRef:UniRef50_P0A7E9"
"Urocanate hydratase",NA,9,"GEGEGB_02207","SO:0001217, UniRef:UniRef50_Q5L084"
"Uronate isomerase",NA,9,"GEGEGB_03207","SO:0001217, UniRef:UniRef50_Q8ZM23"
"Uroporphyrinogen decarboxylase",NA,9,"GEGEGB_03642","SO:0001217, UniRef:UniRef50_A9KCZ5"
"Uroporphyrinogen-III C-methyltransferase",NA,9,"GEGEGB_03537","SO:0001217, UniRef:UniRef50_A0A3S4EFV5"
"Uroporphyrinogen-III synthase",NA,9,"GEGEGB_03536","SO:0001217, UniRef:UniRef50_A0A0J8YX47"
"UvrABC system protein A",NA,9,"GEGEGB_04386","SO:0001217, UniRef:UniRef50_P57979"
"UvrABC system protein B",NA,9,"GEGEGB_02199","SO:0001217, UniRef:UniRef50_A3N031"
"Uxu operon transcriptional regulator",NA,9,"GEGEGB_04800","SO:0001217, UniRef:UniRef50_A0A376ZLI0"
"VOC family protein",NA,9,"GEGEGB_01031","SO:0001217, UniRef:UniRef50_A0A389MAY5"
"Valine--pyruvate aminotransferase",NA,9,"GEGEGB_04065","SO:0001217, UniRef:UniRef50_P09053"
"Valine--tRNA ligase",NA,9,"GEGEGB_04746","SO:0001217, UniRef:UniRef50_P07118"
"Vancomycin high temperature exclusion protein",NA,9,"GEGEGB_00716","SO:0001217, UniRef:UniRef50_A0A151UJ27"
"VirK family antimicrobial peptide resistance protein","virK",9,"GEGEGB_02813","BlastRules:WP_000178733, SO:0001217, UniRef:UniRef50_A9MG33"
"Virulence effector SrfC","srfC",9,"GEGEGB_01585","SO:0001217, UniRef:UniRef50_A8AGK3"
"Virulence factor SrfB","srfB",9,"GEGEGB_01584","SO:0001217, UniRef:UniRef50_F4MZ40"
"Vitamin B12 import ATP-binding protein BtuD","btuD",9,"GEGEGB_01292","SO:0001217, UniRef:UniRef50_P06611"
"Vitamin B12 import system permease protein BtuC","btuC",9,"GEGEGB_01290","SO:0001217, UniRef:UniRef50_P06609"
"Vitamin B12 receptor protein",NA,9,"GEGEGB_03677","SO:0001217, UniRef:UniRef50_A0A379SA30"
"Vitamin B12-binding protein",NA,9,"GEGEGB_00219","SO:0001217, UniRef:UniRef50_P37028"
"Voltage gated chloride channel protein",NA,9,"GEGEGB_01483","SO:0001217, UniRef:UniRef50_A0A379S512"
"XRE family transcriptional regulator",NA,9,"GEGEGB_01656","SO:0001217, UniRef:UniRef50_A0A0J8YKI5"
"Xaa-Pro aminopeptidase",NA,9,"GEGEGB_03126","SO:0001217, UniRef:UniRef50_A0A4U9IKB9"
"Xaa-Pro dipeptidase",NA,9,"GEGEGB_03489","SO:0001217, UniRef:UniRef50_P21165"
"Xanthine-guanine phosphoribosyltransferase",NA,9,"GEGEGB_02665","SO:0001217, UniRef:UniRef50_Q89AN2"
"XapX domain protein","xapX",9,"GEGEGB_00473","SO:0001217, UniRef:UniRef50_L0M048"
"Xylose isomerase",NA,9,"GEGEGB_04069","SO:0001217, UniRef:UniRef50_P00944"
"Xylose operon regulatory protein",NA,9,"GEGEGB_04068","SO:0001217, UniRef:UniRef50_P0ACI3"
"YCII-related domain-containing protein",NA,9,"GEGEGB_01740","SO:0001217, UniRef:UniRef50_A0A090V4Z1"
"YaeQ family protein","yaeQ",9,"GEGEGB_00258","SO:0001217, UniRef:UniRef50_A0A0H3GIN7"
"YbaK/aminoacyl-tRNA synthetase-associated domain-containing protein",NA,9,"GEGEGB_01225","SO:0001217, UniRef:UniRef50_A0A6D2G9F2"
"YccJ protein","yccJ",9,"GEGEGB_01902","SO:0001217, UniRef:UniRef50_A0A4P0XXM7"
"YceK/YidQ family lipoprotein",NA,9,"GEGEGB_03907","SO:0001217, UniRef:UniRef50_H5V1T4"
"YdiH family protein","ydiH",9,"GEGEGB_01305","SO:0001217, UniRef:UniRef50_G5LPH3"
"YebV family protein","yebV",9,"GEGEGB_01089","SO:0001217, UniRef:UniRef50_A0A0H3B364"
"YehR","yehR",9,"GEGEGB_00745","SO:0001217, UniRef:UniRef50_D4B7Y5"
"YfcL family protein","yfcL",9,"GEGEGB_00524","SO:0001217, UniRef:UniRef50_A0A198GD44"
"YfdX","yfdX",9,"GEGEGB_03090","SO:0001217, UniRef:UniRef50_D4GMF9"
"YfeABCD regulator yfeE","yfeE",9,"GEGEGB_01272","SO:0001217, UniRef:UniRef50_A0A0U5GL85"
"YfiM family lipoprotein","yfiM",9,"GEGEGB_00278","SO:0001217, UniRef:UniRef50_Q9I630"
"YfiR family protein","yfiR",9,"GEGEGB_02759","SO:0001217, UniRef:UniRef50_H5V653"
"YhhN family protein","yhhN",9,"GEGEGB_04163","SO:0001217, UniRef:UniRef50_I0QMU7"
"YiaAB two helix domain-containing protein",NA,9,"GEGEGB_04071","SO:0001217, UniRef:UniRef50_A8ARE9"
"Yip1 domain-containing protein",NA,9,"GEGEGB_00731","SO:0001217, UniRef:UniRef50_F2K0D4"
"YjcB protein","yjcB",9,"GEGEGB_04395","SO:0001217, UniRef:UniRef50_A0A0H3GHM5"
"YkgJ family cysteine cluster protein","ykgJ",9,"GEGEGB_00687","SO:0001217, UniRef:UniRef50_A0A2K4X8F0"
"YmiA family membrane protein","ymiA",9,"GEGEGB_01713","SO:0001217, UniRef:UniRef50_A0A9Q7ZRY0"
"YodA","yodA",9,"GEGEGB_01204","SO:0001217, UniRef:UniRef50_A0A0H2Z0G4"
"YodD family peroxide/acid resistance protein","yodD",9,"GEGEGB_00958","BlastRules:WP_000844800, SO:0001217, UniRef:UniRef50_L0M4N5"
"YscE family type III secretion system co-chaperone SsaE","ssaE",9,"GEGEGB_01337","BlastRules:WP_000210202, SO:0001217, UniRef:UniRef50_A9MEM2"
"YtjB family periplasmic protein","ytjB",9,"GEGEGB_04863","SO:0001217, UniRef:UniRef50_A8ALX1"
"Z-ring associated protein G",NA,9,"GEGEGB_03432","SO:0001217, UniRef:UniRef50_A0A2C6DQ12"
"Zinc chaperone YjiA","yjiA",9,"GEGEGB_04826","SO:0001217, UniRef:UniRef50_P24203"
"Zinc finger DksA/TraR C4-type domain-containing protein",NA,9,"GEGEGB_02171","SO:0001217, UniRef:UniRef50_A0A0F6RE87"
"Zinc import ATP-binding protein ZnuC","znuC",9,"GEGEGB_01048","SO:0001217, UniRef:UniRef50_Q89AJ0"
"Zinc resistance-associated protein",NA,9,"GEGEGB_03637","SO:0001217, UniRef:UniRef50_A0A484Y856"
"Zinc ribbon domain-containing protein",NA,9,"GEGEGB_00368","SO:0001217, UniRef:UniRef50_A0A5Y2S5Z0"
"Zinc ribbon-containing protein",NA,9,"GEGEGB_02329","SO:0001217, UniRef:UniRef50_A0A603NWN0"
"Zinc transport protein ZntB","zntB",9,"GEGEGB_01648","SO:0001217, UniRef:UniRef50_P64423"
"Zinc transporter ZitB","zitB",9,"GEGEGB_02230","SO:0001217, UniRef:UniRef50_Q8ZGY6"
"Zinc transporter ZupT","zupT",9,"GEGEGB_03265","SO:0001217, UniRef:UniRef50_P0A8H3"
"Zinc uptake regulation protein",NA,9,"GEGEGB_04373","SO:0001217, UniRef:UniRef50_C9Y1F8"
"[Citrate [pro-3S]-lyase] ligase",NA,9,"GEGEGB_02358","SO:0001217, UniRef:UniRef50_P77390"
"[Ribosomal protein bS18]-alanine N-acetyltransferase",NA,9,"GEGEGB_04848","SO:0001217, UniRef:UniRef50_A0A1B7JR35"
"[citrate (Pro-3S)-lyase] ligase",NA,9,"GEGEGB_00063","SO:0001217, UniRef:UniRef50_A0A379WFG3"
"[ribosomal protein uS5]-alanine N-acetyltransferase",NA,9,"GEGEGB_01849","SO:0001217, UniRef:UniRef50_A0A4V1BWR9"
"acetate kinase","ackA",9,"GEGEGB_00567","BlastRules:WP_000095689, EC:2.7.2.15, SO:0001217, UniRef:UniRef50_A0A2X3GYA6"
"acetylglutamate kinase",NA,9,"GEGEGB_03685","BlastRules:WP_001575262, SO:0001217, UniRef:UniRef50_P0A6C8"
"adenosine kinase",NA,9,"GEGEGB_04119","SO:0001217, UniRef:UniRef50_A0A7K3W7M9"
"aldehyde dehydrogenase AldB","aldB",9,"GEGEGB_04050","BlastRules:WP_000183980, SO:0001217, UniRef:UniRef50_Q9FDS1"
"aminodeoxychorismate synthase",NA,9,"GEGEGB_01115","SO:0001217, UniRef:UniRef50_A0A8I2B520"
"aminoimidazole riboside kinase",NA,9,"GEGEGB_03738","BlastRules:WP_000646499, SO:0001217, UniRef:UniRef50_Q8ZKR2"
"anaerobic C4-dicarboxylate transporter DcuA","dcuA",9,"GEGEGB_04612","BlastRules:WP_000961959, SO:0001217, UniRef:UniRef50_P0ABN5"
"anaerobic C4-dicarboxylate transporter DcuB","dcuB",9,"GEGEGB_04435","BlastRules:WP_000899522, SO:0001217, UniRef:UniRef50_Q6D6Z6"
"anaerobic sulfite reductase subunit AsrC","asrC",9,"GEGEGB_00331","BlastRules:WP_000020685, SO:0001217, UniRef:UniRef50_A0A3V2YH01"
"anti-FlhDC factor YdiV","ydiV",9,"GEGEGB_01294","BlastRules:WP_000561998, BlastRules:WP_000562005, SO:0001217, UniRef:UniRef50_Q8ZPS6"
"antimicrobial peptide resistance protein Mig-14","mig-14",9,"GEGEGB_02814","SO:0001217, UniRef:UniRef50_A9MG32, VFDB:VFC0325, VFDB:VFG002302"
"arabinose-proton symporter AraE","araE",9,"GEGEGB_03073","BlastRules:WP_000256438, BlastRules:WP_003243899, SO:0001217, UniRef:UniRef50_A0A8S0FMQ0"
"aromatic amino acid transaminase","tyrB",9,"GEGEGB_04380","BlastRules:WP_000486903, EC:2.6.1.57, SO:0001217, UniRef:UniRef50_A0A378B534"
"aspartate transaminase","aspC",9,"GEGEGB_02039","BlastRules:WP_000462687, EC:2.6.1.1, SO:0001217, UniRef:UniRef50_P00509"
"autoinducer 2 ABC transporter permease LsrD","lsrD",9,"GEGEGB_03729","BlastRules:WP_001681907, SO:0001217, UniRef:UniRef50_Q8ZKQ2"
"autotransporter assembly complex protein TamA","tamA",9,"GEGEGB_04699","BlastRules:WP_001120231, SO:0001217, UniRef:UniRef50_E1WAU4"
"autotransporter assembly complex protein TamB","tamB",9,"GEGEGB_04700","BlastRules:WP_000060815, SO:0001217, UniRef:UniRef50_E0SEC3"
"beta-barrel assembly-enhancing protease","bepA",9,"GEGEGB_00395","BlastRules:WP_000489630, EC:3.4.21.107, SO:0001217, UniRef:UniRef50_P66948"
"beta-glucosidase",NA,9,"GEGEGB_00734","SO:0001217, UniRef:UniRef50_A0AAE4DJP3"
"beta-ketoacyl-ACP synthase III","fabH",9,"GEGEGB_01822","BlastRules:WP_000288132, BlastRules:WP_001100539, BlastRules:WP_003232971, EC:2.3.1.180, SO:0001217, UniRef:UniRef50_Q7VR18"
"bifunctional 2-methylcitrate dehydratase/aconitate hydratase",NA,9,"GEGEGB_02624","BlastRules:WP_001272709, SO:0001217, UniRef:UniRef50_Q937N6"
"bifunctional 4-hydroxy-2-oxoglutarate aldolase/2-dehydro-3-deoxy-phosphogluconate aldolase","kdgA",9,"GEGEGB_01056","BlastRules:WP_000800512, EC:4.1.2.14, EC:4.1.3.16, SO:0001217, UniRef:UniRef50_P0A955"
"bifunctional hydroxymethylpyrimidine kinase/phosphomethylpyrimidine kinase",NA,9,"GEGEGB_00756","BlastRules:WP_001188957, SO:0001217, UniRef:UniRef50_A0A451DPW4"
"branched chain amino acid ABC transporter permease LivM","livM",9,"GEGEGB_04176","BlastRules:WP_000803813, EC:7.4.2.2, SO:0001217, UniRef:UniRef50_A0A5E6WZX2"
"carbon storage regulator CsrA","csrA",9,"GEGEGB_02866","BlastRules:WP_002209449, SO:0001217, UniRef:UniRef50_A0A0E3Y7Y4"
"cardiolipin synthase ClsA","clsA",9,"GEGEGB_01742","BlastRules:WP_000206886, SO:0001217, UniRef:UniRef50_P0A6H8"
"cell division protein ZapC","zapC",9,"GEGEGB_01965","BlastRules:WP_001220671, SO:0001217, UniRef:UniRef50_P75862"
"chaparone for SptP","sptP",9,"GEGEGB_02919","SO:0001217, UniRef:UniRef50_P0CL16, VFDB:VFC0086, VFDB:VFG000541"
"chaperedoxin","cnoX",9,"GEGEGB_02476","BlastRules:WP_001300573, SO:0001217, UniRef:UniRef50_P77395"
"chaperone protein FimC","fimC",9,"GEGEGB_02434","SO:0001217, UniRef:UniRef50_A0A9X2W6X0, VFDB:VFC0001, VFDB:VFG000445"
"chemotaxis regulatory protein CheY","cheY",9,"GEGEGB_01022","SO:0001217, UniRef:UniRef50_A0A377LWM1, VFDB:VFC0204, VFDB:VFG043206"
"chitinase",NA,9,"GEGEGB_00019","SO:0001217, UniRef:UniRef50_A0A0L0AFP7"
"citrate lyase acyl carrier protein 1",NA,9,"GEGEGB_02359","BlastRules:WP_000700679, SO:0001217, UniRef:UniRef50_P69330"
"citrate/sodium symporter CitS","citS",9,"GEGEGB_00062","BlastRules:WP_000183602, BlastRules:WP_004151375, SO:0001217, UniRef:UniRef50_P31602"
"class I fumarate hydratase","fumB",9,"GEGEGB_01409","BlastRules:WP_000066639, BlastRules:WP_000066707, EC:4.2.1.2, SO:0001217, UniRef:UniRef50_A0A5C1MBS7"
"cobalamin reductase PduS","pduS",9,"GEGEGB_00871","BlastRules:WP_000100782, SO:0001217, UniRef:UniRef50_A0A2X3KI52"
"colanic acid biosynthesis acetyltransferase WcaF","wcaF",9,"GEGEGB_00806","BlastRules:WP_001153547, BlastRules:WP_001153603, SO:0001217, UniRef:UniRef50_P0ACD2"
"colanic acid biosynthesis fucosyltransferase WcaI","wcaI",9,"GEGEGB_00810","BlastRules:WP_000699632, SO:0001217, UniRef:UniRef50_A0A1C3T0Z6"
"colanic acid biosynthesis phosphomannomutase CpsG","cpsG",9,"GEGEGB_00812","BlastRules:WP_000164218, BlastRules:WP_001350528, EC:5.4.2.8, SO:0001217, UniRef:UniRef50_P37755"
"colanic acid undecaprenyl disphosphate flippase WzxC","wzxC",9,"GEGEGB_00814","BlastRules:WP_000058424, BlastRules:WP_000058682, SO:0001217, UniRef:UniRef50_A0A240BQ54"
"colanic acid/biofilm transcriptional regulator McbR","mcbR",9,"GEGEGB_01578","BlastRules:WP_001119592, BlastRules:WP_001300742, SO:0001217, UniRef:UniRef50_P76114"
"coproporphyrinogen oxidase",NA,9,"GEGEGB_00443","SO:0001217, UniRef:UniRef50_A0A836UFR6"
"curli assembly protein CsgC","csgC",9,"GEGEGB_01871","SO:0001217, UniRef:UniRef50_P0A1Z8, VFDB:VFC0001, VFDB:VFG000459"
"curli production assembly/transport protein CsgE","csgE",9,"GEGEGB_01876","SO:0001217, UniRef:UniRef50_A0A447XZ73, VFDB:VFC0001, VFDB:VFG000460"
"curli production assembly/transport protein CsgF","csgF",9,"GEGEGB_01877","SO:0001217, UniRef:UniRef50_A0A0F1RFP9, VFDB:VFC0001, VFDB:VFG000461"
"curli production assembly/transport protein CsgG","csgG",9,"GEGEGB_01878","SO:0001217, UniRef:UniRef50_A0A7M2V1P4, VFDB:VFC0001, VFDB:VFG000462"
"cyclic-guanylate-specific phosphodiesterase",NA,9,"GEGEGB_02514","SO:0001217, UniRef:UniRef50_A0A0I1DPN3"
"cysteine-S-conjugate beta-lyase",NA,9,"GEGEGB_01550","SO:0001217, UniRef:UniRef50_A0A1B7HP24"
"cystine/sulfocysteine:cation symporter","tcyP",9,"GEGEGB_01269","BlastRules:WP_001010696, SO:0001217, UniRef:UniRef50_A0A1L8I482"
"dCTP deaminase",NA,9,"GEGEGB_00794","SO:0001217, UniRef:UniRef50_P28248"
"dITP/XTP pyrophosphatase",NA,9,"GEGEGB_03168","SO:0001217, UniRef:UniRef50_A1WVN6"
"dTDP-4-amino-4,6-dideoxygalactose transaminase",NA,9,"GEGEGB_03550","SO:0001217, UniRef:UniRef50_P27833"
"dTDP-fucosamine acetyltransferase",NA,9,"GEGEGB_03551","SO:0001217, UniRef:UniRef50_A0A0K0HGN3"
"dTDP-glucose 4,6-dehydratase",NA,9,"GEGEGB_03553","SO:0001217, UniRef:UniRef50_A0A4U9U1U2"
"dTTP/UTP pyrophosphatase",NA,9,"GEGEGB_03456","SO:0001217, UniRef:UniRef50_P25536"
"dipeptide ABC transporter ATP-binding subunit DppF","dppF",9,"GEGEGB_04101","BlastRules:WP_000107012, EC:7.4.2.-, SO:0001217, UniRef:UniRef50_P37313"
"endopeptidase La",NA,9,"GEGEGB_01957","SO:0001217, UniRef:UniRef50_E0SHT3"
"ethanolamine ammonia-lyase subunit alpha","eutB",9,"GEGEGB_00436","BlastRules:WP_000769961, EC:4.3.1.7, SO:0001217, UniRef:UniRef50_A0A0R3JSK5"
"fatty acid biosynthesis protein FabY","fabY",9,"GEGEGB_03780","BlastRules:WP_001297068, SO:0001217, UniRef:UniRef50_A0A085JPE7"
"ferredoxin-like diferric-tyrosyl radical cofactor maintenance protein YfaE","yfaE",9,"GEGEGB_00625","BlastRules:WP_000135040, SO:0001217, UniRef:UniRef50_A0A379AE24"
"ferric iron uptake transcriptional regulator","fur",9,"GEGEGB_02296","SO:0001217, UniRef:UniRef50_P0A9A9, VFDB:VFC0301, VFDB:VFG000478"
"ferrienterobactin ABC transporter ATPase","fepC",9,"GEGEGB_02395","SO:0001217, UniRef:UniRef50_A0A0Q6SLX6, VFDB:VFC0272, VFDB:VFG000925"
"ferrioxamine B receptor FoxA","foxA",9,"GEGEGB_02630","BlastRules:WP_001127727, SO:0001217, UniRef:UniRef50_A0A3S4JDP1"
"fimbria biosynthesis regulator FimY","fimY",9,"GEGEGB_02429","BlastRules:WP_001258122, SO:0001217, UniRef:UniRef50_G5PZI2"
"fimbrial biogenesis chaperone BcfB","bcfB",9,"GEGEGB_00024","BlastRules:WP_000742551, SO:0001217, UniRef:UniRef50_A9MR68"
"fimbrial biogenesis chaperone StbE","stbE",9,"GEGEGB_02657","BlastRules:WP_001247040, SO:0001217, UniRef:UniRef50_A6T544"
"fimbrial biogenesis chaperone StdC","stdC",9,"GEGEGB_03087","BlastRules:WP_000798504, SO:0001217, UniRef:UniRef50_A0A3S4HCS7"
"fimbrial biogenesis chaperone SthA","sthA",9,"GEGEGB_04882","BlastRules:WP_000680512, SO:0001217, UniRef:UniRef50_A0A3Z3FW79"
"flagellar brake protein YcgR","ycgR",9,"GEGEGB_01142","BlastRules:WP_000017421"
"flagellar protein FlhE","flhE",9,"GEGEGB_01026","BlastRules:WP_001233619, BlastRules:WP_001259583, SO:0001217, UniRef:UniRef50_P76297"
"flagellar type III secretion system pore protein FliP","fliP",9,"GEGEGB_00963","BlastRules:WP_001253410, SO:0001217, UniRef:UniRef50_A0A4V2JFY6"
"flotillin family protein",NA,9,"GEGEGB_03273","SO:0001217, UniRef:UniRef50_UPI0032E42302"
"formate hydrogenlyase subunit HycB","hycB",9,"GEGEGB_02893","BlastRules:WP_001079186, SO:0001217, UniRef:UniRef50_A0KL62"
"formate hydrogenlyase subunit HycE","hycE",9,"GEGEGB_02890","BlastRules:WP_001288122, SO:0001217, UniRef:UniRef50_A0A377VXB5"
"formate hydrogenlyase subunit HycF","hycF",9,"GEGEGB_02889","BlastRules:WP_000493781, SO:0001217, UniRef:UniRef50_P16432"
"formate hydrogenlyase subunit HycG","hycG",9,"GEGEGB_02888","BlastRules:WP_000067392, SO:0001217, UniRef:UniRef50_K4LIX1"
"fructose-bisphosphate aldolase",NA,9,"GEGEGB_00761","SO:0001217, UniRef:UniRef50_A0A3S4I2S9"
"fumarate reductase iron-sulfur protein","frdB",9,"GEGEGB_04628","BlastRules:WP_000829498, EC:1.3.5.1, SO:0001217, UniRef:UniRef50_Q9KNS4"
"fumarate/nitrate reduction transcriptional regulator Fnr","fnr",9,"GEGEGB_01652","BlastRules:WP_000611911, BlastRules:WP_003243241, BlastRules:WP_005662331, SO:0001217, UniRef:UniRef50_A0A376YAA1"
"galactarate/glucarate/glycerate transporter GudP","gudP",9,"GEGEGB_03010","BlastRules:WP_000097072, SO:0001217, UniRef:UniRef50_A8ANZ6"
"galactose/proton symporter","galP",9,"GEGEGB_03156","BlastRules:WP_001112301, SO:0001217, UniRef:UniRef50_P0AE24"
"glucans biosynthesis protein MdoG","mdoG",9,"GEGEGB_01866","BlastRules:WP_001562609, SO:0001217, UniRef:UniRef50_A0A4Q1HHQ1"
"glucitol operon DNA-binding transcriptional repressor SrlR","srlR",9,"GEGEGB_02878","BlastRules:WP_000804550, SO:0001217, UniRef:UniRef50_A0A3P8JPI0"
"glucose-6-phosphate 1-epimerase",NA,9,"GEGEGB_01233","SO:0001217, UniRef:UniRef50_A0A379VRZ1"
"glutamate synthase subunit GltD","gltD",9,"GEGEGB_03415","BlastRules:WP_000081674, EC:1.4.1.13, SO:0001217, UniRef:UniRef50_Q3SF93"
"glutamate/aspartate ABC transporter permease GltJ","gltJ",9,"GEGEGB_02324","BlastRules:WP_000020941, EC:7.4.2.1, SO:0001217, UniRef:UniRef50_P0AER3"
"glycerophosphodiester phosphodiesterase",NA,9,"GEGEGB_00622","SO:0001217, UniRef:UniRef50_A0A248ZWH1"
"glycine cleavage system transcriptional regulator GcvA","gcvA",9,"GEGEGB_03030","BlastRules:WP_000044401, SO:0001217, UniRef:UniRef50_A0A0F9DAP6"
"gold resistance metallochaperone GolB","golB",9,"GEGEGB_02641","BlastRules:WP_001159470"
"guanine/hypoxanthine transporter GhxP","ghxP",9,"GEGEGB_04401","BlastRules:WP_000106882, SO:0001217, UniRef:UniRef50_A0A377IZ31"
"helix-turn-helix transcriptional regulator","fimW",9,"GEGEGB_02427","SO:0001217, UniRef:UniRef50_P37928, VFDB:VFC0001, VFDB:VFG000451"
"high frequency lysogenization protein HflD","hflD",9,"GEGEGB_01780","BlastRules:WP_024131182, SO:0001217, UniRef:UniRef50_P25746"
"high-affinity branched-chain amino acid ABC transporter ATP-binding protein LivG","livG",9,"GEGEGB_04177","BlastRules:WP_000082101, EC:7.4.2.2, SO:0001217, UniRef:UniRef50_A0A558HEJ3"
"high-affinity branched-chain amino acid ABC transporter substrate-binding protein LivK","livK",9,"GEGEGB_04174","BlastRules:WP_000822976, SO:0001217, UniRef:UniRef50_A0A919LVJ6"
"histidine ABC transporter permease HisM","hisM",9,"GEGEGB_00552","BlastRules:WP_000569771, SO:0001217, UniRef:UniRef50_P0A2I7"
"hybrid sensor histidine kinase/response regulator","ssrA",9,"GEGEGB_01333","SO:0001217, UniRef:UniRef50_Q8ZPP5, VFDB:VFC0086, VFDB:VFG000493"
"hydrogenase 3 maturation protein HypC","hypC",9,"GEGEGB_02897","BlastRules:WP_000334881, SO:0001217, UniRef:UniRef50_A0A089Q2I1"
"inosine/guanosine kinase","gsk",9,"GEGEGB_02492","BlastRules:WP_000671574, EC:2.7.1.73, SO:0001217, UniRef:UniRef50_P0AEW6"
"intracellular growth attenuator protein IgaA","igaA",9,"GEGEGB_04230","BlastRules:WP_000104094, SO:0001217, UniRef:UniRef50_P45800"
"invasion regulator SirB2","sirB2",9,"GEGEGB_01169","SO:0001217, UniRef:UniRef50_UPI001A14111C"
"iron/manganese ABC transporter ATP-binding protein SitB","sitB",9,"GEGEGB_02903","BlastRules:WP_000083153, BlastRules:WP_032491456, SO:0001217, UniRef:UniRef50_A0A377ZD83"
"iron/manganese ABC transporter permease subunit SitC","sitC",9,"GEGEGB_02904","BlastRules:WP_001101723, BlastRules:WP_001104336, SO:0001217, UniRef:UniRef50_Q56954"
"iron/manganese ABC transporter permease subunit SitD","sitD",9,"GEGEGB_02905","BlastRules:WP_000480208, BlastRules:WP_032491457, SO:0001217, UniRef:UniRef50_A0A0S2JGE1"
"iron/manganese ABC transporter substrate-binding protein SitA","sitA",9,"GEGEGB_02902","BlastRules:WP_000182930, BlastRules:WP_000949004, SO:0001217, UniRef:UniRef50_A0A376AHF0"
"isochorismate synthase",NA,9,"GEGEGB_00593","SO:0001217, UniRef:UniRef50_A0A377LYI4"
"leader peptidase HopD","hopD",9,"GEGEGB_04286","BlastRules:WP_000495848, SO:0001217, UniRef:UniRef50_O68932"
"lipid IV(A) palmitoyltransferase PagP","pagP",9,"GEGEGB_02354","BlastRules:WP_001103094, BlastRules:WP_001784638, EC:2.3.1.251, SO:0001217, UniRef:UniRef50_D4GM10"
"lipoate--protein ligase LplA","lplA",9,"GEGEGB_04862","BlastRules:WP_000209755, BlastRules:WP_000209756, EC:6.3.1.20, SO:0001217, UniRef:UniRef50_Q8FA49"
"lipopolysaccharide 1,2-glucosyltransferase RfaJ","rfaJ",9,"GEGEGB_04010","BlastRules:WP_000376841, BlastRules:WP_000376865, EC:2.4.1.58, SO:0001217, UniRef:UniRef50_P19817"
"lipopolysaccharide core heptose(II)-phosphate phosphatase","pmrG",9,"GEGEGB_00607","BlastRules:WP_000879248, EC:3.1.3.-, SO:0001217, UniRef:UniRef50_A8A2B9"
"long-chain acyl-CoA thioesterase FadM","fadM",9,"GEGEGB_02531","BlastRules:WP_001194534, EC:3.1.2.-, SO:0001217, UniRef:UniRef50_A0A085GI41"
"long-chain fatty acid transporter FadL","fadL",9,"GEGEGB_00512","BlastRules:WP_001766332, SO:0001217, UniRef:UniRef50_A0A4U9HPP5"
"lysine decarboxylase CadA","cadA",9,"GEGEGB_00321","BlastRules:WP_001295383, EC:4.1.1.18, SO:0001217, UniRef:UniRef50_P0A9H3"
"lysine decarboxylase LdcC","ldcC",9,"GEGEGB_00253","BlastRules:WP_001020954, EC:4.1.1.18, SO:0001217, UniRef:UniRef50_A0A2X3GUT2"
"lysine-specific permease","lysP",9,"GEGEGB_00696","BlastRules:WP_000253273, SO:0001217, UniRef:UniRef50_A2RNZ6"
"mRNA interferase HigB","higB",9,"GEGEGB_03778","SO:0001217, UniRef:UniRef50_Q8FEM8"
"macrodomain Ori organization protein MaoP","maoP",9,"GEGEGB_03624","BlastRules:WP_000841001, SO:0001217, UniRef:UniRef50_P0ADN2"
"mannitol operon repressor MtlR","mtlR",9,"GEGEGB_04043","BlastRules:WP_000228269"
"mannose-1-phosphate guanylyltransferase ManC","manC",9,"GEGEGB_00811","BlastRules:WP_000605938, SO:0001217, UniRef:UniRef50_A0A2X2VIW4"
"mannose-6-phosphate isomerase",NA,9,"GEGEGB_01408","SO:0001217, UniRef:UniRef50_G5LP50"
"membrane integrity lipid transport subunit YebS","yebS",9,"GEGEGB_01092","BlastRules:WP_001207282, SO:0001217, UniRef:UniRef50_P0AD03"
"methionine ABC transporter ATP-binding protein MetN","metN",9,"GEGEGB_00269","BlastRules:WP_000594016, BlastRules:WP_000594021, SO:0001217, UniRef:UniRef50_P30750"
"methionine ABC transporter substrate-binding lipoprotein MetQ","metQ",9,"GEGEGB_00267","BlastRules:WP_000874226, SO:0001217, UniRef:UniRef50_Q9KTJ7"
"methyl viologen efflux MFS transporter SmvA","smvA",9,"GEGEGB_01565","BlastRules:WP_114508864, SO:0001217, UniRef:UniRef50_A0A378B4C8"
"methyl-accepting chemotaxis citrate transducer",NA,9,"GEGEGB_04161","BlastRules:WP_000789683, SO:0001217, UniRef:UniRef50_Q02755"
"molybdopterin molybdotransferase MoeA","moeA",9,"GEGEGB_02147","BlastRules:WP_014343820, EC:2.10.1.1, SO:0001217, UniRef:UniRef50_U4KCU5"
"monothiol glutaredoxin 4","grxD",9,"GEGEGB_01376","BlastRules:WP_000108172, SO:0001217, UniRef:UniRef50_Q9CMN5"
"multidrug efflux MFS transporter EmrD","emrD",9,"GEGEGB_03918","BlastRules:WP_000828740, BlastRules:WP_000828746, BlastRules:WP_115740452, SO:0001217, UniRef:UniRef50_D2U3C7"
"multidrug efflux MFS transporter permease subunit EmrB","emrB",9,"GEGEGB_02853","BlastRules:WP_001295176, SO:0001217, UniRef:UniRef50_P0AEJ0"
"multidrug efflux RND transporter periplasmic adaptor subunit AcrA","acrA",9,"GEGEGB_02507","BlastRules:WP_001039202, BlastRules:WP_001295324, BlastRules:WP_002892072, BlastRules:WP_021241633, SO:0001217, UniRef:UniRef50_A0A1C0U3R9"
"multidrug efflux RND transporter permease subunit MdtB","mdtB",9,"GEGEGB_00786","BlastRules:WP_001197805, BlastRules:WP_001197875, SO:0001217, UniRef:UniRef50_Q8ZCW0"
"multidrug efflux RND transporter permease subunit MdtC","mdtC",9,"GEGEGB_00785","BlastRules:WP_000667481, BlastRules:WP_001210077, SO:0001217, UniRef:UniRef50_A0AAI9L9I1"
"multidrug efflux RND transporter subunit MdtA","mdtA",9,"GEGEGB_00787","BlastRules:WP_000678822, BlastRules:WP_000678989, SO:0001217, UniRef:UniRef50_A0A0J8VMS4"
"multidrug efflux transporter transcriptional repressor AcrR","acrR",9,"GEGEGB_02506","BlastRules:WP_000101745, BlastRules:WP_000101755, BlastRules:WP_002892080, SO:0001217, UniRef:UniRef50_A0A3P5DM12"
"murein lipoprotein Lpp","lpp",9,"GEGEGB_01317","BlastRules:WP_000648420"
"murein tripeptide/oligopeptide ABC transporter ATP-binding protein OppF","oppF",9,"GEGEGB_01745","BlastRules:WP_000994906, BlastRules:WP_010906164, EC:7.4.2.-, SO:0001217, UniRef:UniRef50_A0A0T2KXQ0"
"nicotinamidase",NA,9,"GEGEGB_01238","SO:0001217, UniRef:UniRef50_Q6D4P9"
"nicotinate-nucleotide diphosphorylase (carboxylating)",NA,9,"GEGEGB_00160","SO:0001217, UniRef:UniRef50_A0A269PUV1"
"nitrate transporter NarK","narK",9,"GEGEGB_01766","BlastRules:WP_000019827, BlastRules:WP_000841851, BlastRules:WP_003898992, BlastRules:WP_010886631, SO:0001217, UniRef:UniRef50_A0A379W7S3"
"nitroreductase NfsA","nfsA",9,"GEGEGB_02125","BlastRules:WP_000189159, BlastRules:WP_012068493, EC:1.5.1.38, SO:0001217, UniRef:UniRef50_Q9Z5Z2"
"non-specific acid phosphatase",NA,9,"GEGEGB_04453","BlastRules:WP_001785756, SO:0001217, UniRef:UniRef50_P26976"
"nucleoside permease NupC","nupC",9,"GEGEGB_00485","BlastRules:WP_000376337, BlastRules:WP_003244143, SO:0001217, UniRef:UniRef50_A0A376W8T0"
"nucleotide 5'-monophosphate nucleosidase","ppnN",9,"GEGEGB_03017","BlastRules:WP_000627995, EC:3.2.2.-, SO:0001217, UniRef:UniRef50_P0ADR8"
"o-succinylbenzoate synthase",NA,9,"GEGEGB_00597","SO:0001217, UniRef:UniRef50_H2IPR6"
"oligopeptidase A",NA,9,"GEGEGB_04136","SO:0001217, UniRef:UniRef50_A0A0A8VD67"
"omptin family outer membrane protease PgtE","pgtE",9,"GEGEGB_00503","BlastRules:WP_000716007, SO:0001217, UniRef:UniRef50_P17811"
"osmoprotectant ABC transporter ATP-binding protein OsmV","osmV",9,"GEGEGB_01484","BlastRules:WP_000593086, SO:0001217, UniRef:UniRef50_Q8ZPK4"
"osmoprotectant ABC transporter permease OsmW","osmW",9,"GEGEGB_01485","BlastRules:WP_000379677, SO:0001217, UniRef:UniRef50_Q8ZPK3"
"osmoprotectant ABC transporter permease OsmY","osmY",9,"GEGEGB_01487","BlastRules:WP_000557304, SO:0001217, UniRef:UniRef50_A8AGV5"
"outer membrane lipoprotein SlyB","slyB",9,"GEGEGB_01387","BlastRules:WP_000597179, SO:0001217, UniRef:UniRef50_A0A1B8HQ76"
"p-hydroxybenzoic acid efflux pump subunit AaeA","aaeA",9,"GEGEGB_03450","SO:0001217, UniRef:UniRef50_A0A378GDD9"
"p-hydroxybenzoic acid efflux pump subunit AaeB","aaeB",9,"GEGEGB_03449","SO:0001217, UniRef:UniRef50_P46481"
"peptidase Do",NA,9,"GEGEGB_03433","SO:0001217, UniRef:UniRef50_A0AAI9DJG3"
"peptide ABC transporter ATP-binding protein SapD","sapD",9,"GEGEGB_01694","BlastRules:WP_001128868, EC:7.6.2.-, SO:0001217, UniRef:UniRef50_A0A0F7D2Y9"
"peptide ABC transporter ATP-binding protein SapF","sapF",9,"GEGEGB_01695","BlastRules:WP_000230462, EC:7.6.2.-, SO:0001217, UniRef:UniRef50_P0AAH8"
"peptide ABC transporter permease SapB","sapB",9,"GEGEGB_01688","BlastRules:WP_000583298, SO:0001217, UniRef:UniRef50_P0AGH3"
"peptide ABC transporter permease SapC","sapC",9,"GEGEGB_01693","BlastRules:WP_001146150, SO:0001217, UniRef:UniRef50_P0AGH5"
"peptide ABC transporter substrate-binding protein SapA","sapA",9,"GEGEGB_01687","BlastRules:WP_001241629, SO:0001217, UniRef:UniRef50_A0A379S2B4"
"peptide chain release factor N(5)-glutamine methyltransferase",NA,9,"GEGEGB_01168","BlastRules:WP_000347310, SO:0001217, UniRef:UniRef50_A0A379WSK1"
"peptidoglycan glycosyltransferase",NA,9,"GEGEGB_00353","SO:0001217, UniRef:UniRef50_A0A379TXW1"
"peptidoglycan glycosyltransferase FtsI","ftsI",9,"GEGEGB_00133","BlastRules:WP_000642196, EC:3.4.16.4, SO:0001217, UniRef:UniRef50_P0AD68"
"peptidylprolyl isomerase PpiC","ppiC",9,"GEGEGB_03567","BlastRules:WP_001096806, EC:5.2.1.8, SO:0001217, UniRef:UniRef50_L0MBV3"
"phosphoglycerate kinase","pgk",9,"GEGEGB_03142","BlastRules:WP_000111274, EC:2.7.2.3, SO:0001217, UniRef:UniRef50_P59461"
"phosphoglycerate transporter PgtP","pgtP",9,"GEGEGB_00498","BlastRules:WP_000955748, SO:0001217, UniRef:UniRef50_P12681"
"porin OmpF","ompF",9,"GEGEGB_02038","BlastRules:WP_000977709, SO:0001217, UniRef:UniRef50_Q56113"
"porphyrinogen peroxidase","yfeX",9,"GEGEGB_00448","BlastRules:WP_001350538, EC:4.99.1.1, SO:0001217, UniRef:UniRef50_P76536"
"posphoenolpyruvate synthetase regulatory kinase/phosphorylase PpsR","ppsR",9,"GEGEGB_01298","BlastRules:WP_000368046, EC:2.7.11.33, EC:2.7.4.28, SO:0001217, UniRef:UniRef50_P0A8A4"
"potassium-transporting ATPase subunit KdpC","kdpC",9,"GEGEGB_02282","BlastRules:WP_014341418, SO:0001217, UniRef:UniRef50_Q6D7I5"
"propanediol dehydratase large subunit PduC","pduC",9,"GEGEGB_00883","BlastRules:WP_001256896, SO:0001217, UniRef:UniRef50_P45514"
"propanediol dehydratase medium subunit PduD","pduD",9,"GEGEGB_00882","BlastRules:WP_000405048, BlastRules:WP_008806302, SO:0001217, UniRef:UniRef50_A0A0T9THJ6"
"propanediol dehydratase reactivase alpha subunit PduG","pduG",9,"GEGEGB_00880","BlastRules:WP_014226638, SO:0001217, UniRef:UniRef50_O31043"
"propanediol dehydratase reactivase beta subunit PduH","pduH",9,"GEGEGB_00879","BlastRules:WP_000377971, SO:0001217, UniRef:UniRef50_O68196"
"propanediol diffusion facilitator PduF","pduF",9,"GEGEGB_00886","BlastRules:WP_001000023, SO:0001217, UniRef:UniRef50_P0AER0"
"propanediol utilization microcompartment protein PduA","pduA",9,"GEGEGB_00885","BlastRules:WP_001183618, SO:0001217, UniRef:UniRef50_H9L478"
"propanediol utilization microcompartment protein PduJ","pduJ",9,"GEGEGB_00878","BlastRules:WP_023226677, SO:0001217, UniRef:UniRef50_H9L478"
"propanediol utilization microcompartment protein PduK","pduK",9,"GEGEGB_00877","BlastRules:WP_001284390, SO:0001217, UniRef:UniRef50_Q9XDN6"
"propanediol utilization microcompartment protein PduT","pduT",9,"GEGEGB_00870","BlastRules:WP_000075772, SO:0001217, UniRef:UniRef50_Q9XDM8"
"propanediol utilization microcompartment protein PduU","pduU",9,"GEGEGB_00869","BlastRules:WP_000441103, SO:0001217, UniRef:UniRef50_R2RP96"
"propanediol utilization propionate kinase PduW","pduW",9,"GEGEGB_00867","BlastRules:WP_000120647, SO:0001217, UniRef:UniRef50_O52594"
"propanediol utilization protein PduV","pduV",9,"GEGEGB_00868","BlastRules:WP_000826277, BlastRules:WP_015958923, SO:0001217, UniRef:UniRef50_A9MLN7"
"protein kinase YeaG","yeaG",9,"GEGEGB_01229","BlastRules:WP_001019882, EC:2.7.11.-, SO:0001217, UniRef:UniRef50_D4I3Z4"
"protein lysine acetyltransferase","pat",9,"GEGEGB_00280","BlastRules:WP_000082639, SO:0001217, UniRef:UniRef50_P76594"
"protein-glutamate methylesterase/protein glutamine deamidase","cheB",9,"GEGEGB_01021","BlastRules:WP_000036361, EC:3.1.1.61, EC:3.5.1.44, SO:0001217, UniRef:UniRef50_Q6D6I7"
"protein-methionine-sulfoxide reductase heme-binding subunit MsrQ","msrQ",9,"GEGEGB_03463","BlastRules:WP_001241496, SO:0001217, UniRef:UniRef50_Q8ZAX0"
"protein/nucleic acid deglycase","yhbO",9,"GEGEGB_03352","BlastRules:WP_000037608, EC:3.5.1.124, SO:0001217, UniRef:UniRef50_A0A655E7F3"
"putative 2-(5''-triphosphoribosyl)-3'-dephosphocoenzyme-A synthase",NA,9,"GEGEGB_02363","SO:0001217, UniRef:UniRef50_A1JTI4"
"putative 4-amino-4-deoxy-L-arabinose-phosphoundecaprenol flippase subunit ArnF","arnF",9,"GEGEGB_00600","SO:0001217, UniRef:UniRef50_P76474"
"putative 4-deoxy-4-formamido-L-arabinose-phosphoundecaprenol deformylase ArnD","arnD",9,"GEGEGB_00603","SO:0001217, UniRef:UniRef50_P76472"
"putative ATP-dependent transporter SufC","sufC",9,"GEGEGB_01310","SO:0001217, UniRef:UniRef50_P77499"
"putative ECA polymerase",NA,9,"GEGEGB_03547","SO:0001217, UniRef:UniRef50_P27835"
"putative Fe(2+)-trafficking protein",NA,9,"GEGEGB_03178","SO:0001217, UniRef:UniRef50_P0A8P3"
"putative GTP-binding protein EngB","engB",9,"GEGEGB_03812","SO:0001217, UniRef:UniRef50_Q8E8J7"
"putative HTH-type transcriptional regulator LeuO","leuO",9,"GEGEGB_00126","SO:0001217, UniRef:UniRef50_P46924"
"putative HTH-type transcriptional regulator SinR","sinR",9,"GEGEGB_02685","SO:0001217, UniRef:UniRef50_P37459"
"putative L,D-transpeptidase YbiS","ybiS",9,"GEGEGB_02154","SO:0001217, UniRef:UniRef50_P0AAX8"
"putative L,D-transpeptidase YcfS","ycfS",9,"GEGEGB_01798","SO:0001217, UniRef:UniRef50_A0A3S4I552"
"putative L-ascorbate-6-phosphate lactonase UlaG","ulaG",9,"GEGEGB_04667","SO:0001217, UniRef:UniRef50_P39300"
"putative L-xylulose kinase",NA,9,"GEGEGB_04056","SO:0001217, UniRef:UniRef50_P44991"
"putative Ni/Fe-hydrogenase 2 b-type cytochrome subunit",NA,9,"GEGEGB_03218","SO:0001217, UniRef:UniRef50_P37180"
"putative Sec-independent protein translocase protein TatE","tatE",9,"GEGEGB_02350","SO:0001217, UniRef:UniRef50_A0A193QHL7"
"putative [Fe-S]-dependent transcriptional repressor FeoC","feoC",9,"GEGEGB_04218","SO:0001217, UniRef:UniRef50_P64638"
"putative acetate kinase EutP","eutP",9,"GEGEGB_00426","SO:0001217, UniRef:UniRef50_P0A208"
"putative acyl carrier protein","iacP",9,"GEGEGB_02921","SO:0001217, UniRef:UniRef50_Q8Z495, VFDB:VFC0086, VFDB:VFG000542"
"putative acyltransferase YihG","yihG",9,"GEGEGB_03815","SO:0001217, UniRef:UniRef50_P32129"
"putative alcohol dehydrogenase",NA,9,"GEGEGB_03762","SO:0001217, UniRef:UniRef50_C9Y4L8"
"putative alcohol dehydrogenase EutG","eutG",9,"GEGEGB_00433","SO:0001217, UniRef:UniRef50_P41795"
"putative cyclic di-GMP phosphodiesterase PdeC","pdeC",9,"GEGEGB_04396","SO:0001217, UniRef:UniRef50_P32701"
"putative cyclic di-GMP phosphodiesterase PdeD","pdeD",9,"GEGEGB_01112","SO:0001217, UniRef:UniRef50_P76261"
"putative cyclic di-GMP phosphodiesterase PdeK","pdeK",9,"GEGEGB_04116","SO:0001217, UniRef:UniRef50_P37649"
"putative cyclic di-GMP phosphodiesterase PdeN","pdeN",9,"GEGEGB_00682","SO:0001217, UniRef:UniRef50_P76446"
"putative cytosol aminopeptidase",NA,9,"GEGEGB_04748","SO:0001217, UniRef:UniRef50_Q2NR41"
"putative dehydratase YbiW","ybiW",9,"GEGEGB_02150","SO:0001217, UniRef:UniRef50_P75793"
"putative diguanylate cyclase DgcC","dgcC",9,"GEGEGB_02609","SO:0001217, UniRef:UniRef50_P0AAP1"
"putative diguanylate cyclase DgcQ","dgcQ",9,"GEGEGB_00955","SO:0001217, UniRef:UniRef50_P76330"
"putative endopeptidase NlpC","nlpC",9,"GEGEGB_01293","SO:0001217, UniRef:UniRef50_P23898"
"putative endopeptidase YafL","yafL",9,"GEGEGB_01375","SO:0001217, UniRef:UniRef50_A0A240BYM5"
"putative iron export ATP-binding protein FetA","fetA",9,"GEGEGB_02478","SO:0001217, UniRef:UniRef50_P77279"
"putative lipid II flippase MurJ","murJ",9,"GEGEGB_01846","SO:0001217, UniRef:UniRef50_A0A2P5SWZ1"
"putative lipoprotein YiaD","yiaD",9,"GEGEGB_04086","SO:0001217, UniRef:UniRef50_P37665"
"putative membrane transporter protein",NA,9,"GEGEGB_00521","SO:0001217, UniRef:UniRef50_I2B719"
"putative multidrug ABC transporter ATP-binding protein YbhF","ybhF",9,"GEGEGB_02180","SO:0001217, UniRef:UniRef50_P0A9U1"
"putative oxaloacetate decarboxylase gamma chain",NA,9,"GEGEGB_00061","SO:0001217, UniRef:UniRef50_A0A379UMS0"
"putative peptidoglycan glycosyltransferase FtsW","ftsW",9,"GEGEGB_00138","SO:0001217, UniRef:UniRef50_Q493Q2"
"putative phosphatase YcdX","ycdX",9,"GEGEGB_01881","SO:0001217, UniRef:UniRef50_P75914"
"putative phosphoglycerate mutase GpmB","gpmB",9,"GEGEGB_04871","SO:0001217, UniRef:UniRef50_P0A7A2"
"putative protease SohB","sohB",9,"GEGEGB_01718","SO:0001217, UniRef:UniRef50_P57370"
"putative protein adenylyltransferase Fic",NA,9,"GEGEGB_04256","SO:0001217, UniRef:UniRef50_P20605"
"putative protein kinase UbiB","ubiB",9,"GEGEGB_03500","SO:0001217, UniRef:UniRef50_P0A6A0"
"putative pyridine nucleotide-disulfide oxidoreductase RclA","rclA",9,"GEGEGB_02417","SO:0001217, UniRef:UniRef50_P77212"
"putative queuosine precursor transporter",NA,9,"GEGEGB_04159","SO:0001217, UniRef:UniRef50_A0A378NC70"
"putative quinol monooxygenase YgiN","ygiN",9,"GEGEGB_03255","SO:0001217, UniRef:UniRef50_P0ADU2"
"putative septum site-determining protein MinC","minC",9,"GEGEGB_01126","SO:0001217, UniRef:UniRef50_A0A2X4T9B7"
"putative succinate transporter subunit YjjB","yjjB",9,"GEGEGB_04835","SO:0001217, UniRef:UniRef50_A0A0H3FQN0"
"putative succinate transporter subunit YjjP","yjjP",9,"GEGEGB_04836","SO:0001217, UniRef:UniRef50_A0A0H3FRB6"
"putative transcriptional regulatory protein YebC","yebC",9,"GEGEGB_01041","SO:0001217, UniRef:UniRef50_P0A8A0"
"putrescine/proton symporter PlaP","plaP",9,"GEGEGB_00853","BlastRules:WP_000019197, SO:0001217, UniRef:UniRef50_P76037"
"pyruvate/proton symporter BtsT","btsT",9,"GEGEGB_04828","BlastRules:WP_001299714, SO:0001217, UniRef:UniRef50_A0A376K6P1"
"quaternary ammonium compound efflux SMR transporter SugE","sugE",9,"GEGEGB_04624","BlastRules:WP_000118520, SO:0001217, UniRef:UniRef50_P20928"
"radiation resistance protein YbgI","ybgI",9,"GEGEGB_02276","BlastRules:WP_000798871, SO:0001217, UniRef:UniRef50_P0AFP6"
"redox-sensitive transcriptional activator SoxR","soxR",9,"GEGEGB_04398","BlastRules:WP_000412686, SO:0001217, UniRef:UniRef50_A0A6G6IUC2"
"regulatory protein PocR","pocR",9,"GEGEGB_00888","BlastRules:WP_000622326, SO:0001217, UniRef:UniRef50_Q05587"
"replication-associated recombination protein RarA","rarA",9,"GEGEGB_02077","BlastRules:WP_000067755, SO:0001217, UniRef:UniRef50_P0AAZ4"
"response regulator PmrA","pmrA",9,"GEGEGB_04426","SO:0001217, UniRef:UniRef50_P36556, VFDB:VFC0301, VFDB:VFG052340"
"ribonucleotide monophosphatase NagD","nagD",9,"GEGEGB_02308","BlastRules:WP_000153129, EC:3.1.3.5, SO:0001217, UniRef:UniRef50_A0A376VZ96"
"ribose-phosphate diphosphokinase","prs",9,"GEGEGB_01163","BlastRules:WP_001298109, EC:2.7.6.1, SO:0001217, UniRef:UniRef50_P57266"
"rod shape-determining protein MreB","mreB",9,"GEGEGB_03459","BlastRules:WP_000466737, BlastRules:WP_000913396, BlastRules:WP_003094393, BlastRules:WP_003229650, SO:0001217, UniRef:UniRef50_P0A9X4"
"salmochelin biosynthesis C-glycosyltransferase IroB","iroB",9,"GEGEGB_02807","BlastRules:WP_015874980, BlastRules:WP_016242764, NCBIProtein:EOW04219.1, SO:0001217, UniRef:UniRef50_A0A0H2V630"
"salmochelin/enterobactin export ABC transporter IroC","iroC",9,"GEGEGB_02808","BlastRules:WP_001141250, BlastRules:WP_001318221, BlastRules:WP_017345711, NCBIProtein:AUH19662.1, SO:0001217, UniRef:UniRef50_A0A246NG23"
"secA regulator SecM","secM",9,"GEGEGB_00147","BlastRules:WP_000014335, SO:0001217, UniRef:UniRef50_A6T4P0"
"sensory kinase PmrB","pmrB",9,"GEGEGB_04425","SO:0001217, UniRef:UniRef50_P30844, VFDB:VFC0301, VFDB:VFG052339"
"serine-type D-Ala-D-Ala carboxypeptidase",NA,9,"GEGEGB_02137","SO:0001217, UniRef:UniRef50_A0A454CT89"
"sialic acid transporter NanT","nanT",9,"GEGEGB_03423","BlastRules:WP_000108454, SO:0001217, UniRef:UniRef50_P41036"
"single-stranded DNA-binding protein SSB1","ssb1",9,"GEGEGB_04387","BlastRules:WP_000168322, SO:0001217, UniRef:UniRef50_P25762"
"sn-glycerol-3-phosphate import ATP-binding protein UgpC","ugpC",9,"GEGEGB_04183","SO:0001217, UniRef:UniRef50_P10907"
"sn-glycerol-3-phosphate transport system permease protein UgpA","ugpA",9,"GEGEGB_04181","SO:0001217, UniRef:UniRef50_Q7CRU3"
"sn-glycerol-3-phosphate transport system permease protein UgpE","ugpE",9,"GEGEGB_04182","SO:0001217, UniRef:UniRef50_G0AJA1"
"sn-glycerol-3-phosphate-binding periplasmic protein UgpB","ugpB",9,"GEGEGB_04180","SO:0001217, UniRef:UniRef50_P0AG80"
"starvation-sensing protein RspA","rspA",9,"GEGEGB_01498","BlastRules:WP_001295394, SO:0001217, UniRef:UniRef50_C6D9S0"
"succinate dehydrogenase iron-sulfur subunit SdhB","sdhB",9,"GEGEGB_02252","BlastRules:WP_001235254, EC:1.3.5.1, SO:0001217, UniRef:UniRef50_A0A4R1J7U1"
"sulfofructosephosphate aldolase","yihT",9,"GEGEGB_03787","BlastRules:WP_001067413, BlastRules:WP_001067421, EC:4.1.2.57, SO:0001217, UniRef:UniRef50_P32141"
"sulfoquinovose isomerase","yihS",9,"GEGEGB_03788","BlastRules:WP_000870946, EC:5.3.1.31, SO:0001217, UniRef:UniRef50_A0A655DHS7"
"surface-exposed outer membrane lipoprotein YaiW","yaiW",9,"GEGEGB_02617","BlastRules:WP_000092067, BlastRules:WP_001271421, SO:0001217, UniRef:UniRef50_A0A2H9U6B9"
"tRNA (cytidine(34)-2'-O)-methyltransferase",NA,9,"GEGEGB_04034","SO:0001217, UniRef:UniRef50_A0A7G2IVK6"
"tRNA (guanine-N(1)-)-methyltransferase",NA,9,"GEGEGB_02762","SO:0001217, UniRef:UniRef50_P43912"
"tRNA (guanine-N(7)-)-methyltransferase",NA,9,"GEGEGB_03176","SO:0001217, UniRef:UniRef50_Q2NRB6"
"tRNA (guanosine(18)-2'-O)-methyltransferase",NA,9,"GEGEGB_03983","SO:0001217, UniRef:UniRef50_Q6DB63"
"tRNA 2-selenouridine synthase",NA,9,"GEGEGB_02466","SO:0001217, UniRef:UniRef50_P33667"
"tRNA 5-carboxymethoxyuridine methyltransferase",NA,9,"GEGEGB_02046","SO:0001217, UniRef:UniRef50_A0A2V4E3C2"
"tRNA 5-methylaminomethyl-2-thiouridine biosynthesis bifunctional protein MnmC","mnmC",9,"GEGEGB_00525","SO:0001217, UniRef:UniRef50_Q8ZD36"
"tRNA N6-adenosine threonylcarbamoyltransferase",NA,9,"GEGEGB_03283","SO:0001217, UniRef:UniRef50_A0A377C398"
"tRNA U34 carboxymethyltransferase",NA,9,"GEGEGB_01034","SO:0001217, UniRef:UniRef50_B8F571"
"tRNA cyclic N6-threonylcarbamoyladenosine(37) synthase TcdA","tcdA",9,"GEGEGB_03037","SO:0001217, UniRef:UniRef50_D2U281"
"tRNA dimethylallyltransferase",NA,9,"GEGEGB_04645","SO:0001217, UniRef:UniRef50_P16384"
"tRNA hydroxylation protein P",NA,9,"GEGEGB_00766","SO:0001217, UniRef:UniRef50_P76403"
"tRNA isopentenyl-2-thiomethyl-A-37 hydroxylase MiaE","miaE",9,"GEGEGB_04741","BlastRules:WP_000218459, SO:0001217, UniRef:UniRef50_U4JZI2"
"tRNA modification GTPase MnmE","mnmE",9,"GEGEGB_03875","SO:0001217, UniRef:UniRef50_Q5NFF3"
"tRNA pseudouridine synthase A",NA,9,"GEGEGB_00536","SO:0001217, UniRef:UniRef50_Q8ZD27"
"tRNA pseudouridine synthase B",NA,9,"GEGEGB_03367","SO:0001217, UniRef:UniRef50_C4K3E8"
"tRNA pseudouridine synthase C",NA,9,"GEGEGB_03012","SO:0001217, UniRef:UniRef50_P0AA41"
"tRNA pseudouridine synthase D",NA,9,"GEGEGB_02965","SO:0001217, UniRef:UniRef50_P44039"
"tRNA sulfurtransferase",NA,9,"GEGEGB_02564","SO:0001217, UniRef:UniRef50_P77718"
"tRNA threonylcarbamoyladenosine biosynthesis protein TsaB","tsaB",9,"GEGEGB_01119","SO:0001217, UniRef:UniRef50_Q87RD1"
"tRNA threonylcarbamoyladenosine biosynthesis protein TsaE","tsaE",9,"GEGEGB_04642","SO:0001217, UniRef:UniRef50_P0AF67"
"tRNA uridine 5-carboxymethylaminomethyl modification enzyme MnmG","mnmG",9,"GEGEGB_03841","SO:0001217, UniRef:UniRef50_P0A6U3"
"tRNA uridine(34) hydroxylase",NA,9,"GEGEGB_01860","SO:0001217, UniRef:UniRef50_A0A5B8UEZ1"
"tRNA(1)(Val) (adenine(37)-N(6))-methyltransferase TrmN","trmN",9,"GEGEGB_00289","BlastRules:WP_000083343, BlastRules:WP_000083348, EC:2.1.1.223, SO:0001217, UniRef:UniRef50_C6CNL2"
"tRNA(Ile)-lysidine synthase",NA,9,"GEGEGB_00255","SO:0001217, UniRef:UniRef50_A0A378BF75"
"tRNA-2-methylthio-N(6)-dimethylallyladenosine synthase",NA,9,"GEGEGB_02317","SO:0001217, UniRef:UniRef50_Q3SFF1"
"tRNA-acetylating toxin 1",NA,9,"GEGEGB_04080","SO:0001217, UniRef:UniRef50_Q8ZL98"
"tRNA-cytidine(32) 2-sulfurtransferase",NA,9,"GEGEGB_01644","SO:0001217, UniRef:UniRef50_A0A662ZGY8"
"tRNA-dihydrouridine synthase B",NA,9,"GEGEGB_03469","SO:0001217, UniRef:UniRef50_A0A2D8RB11"
"tRNA-dihydrouridine(16) synthase",NA,9,"GEGEGB_00726","SO:0001217, UniRef:UniRef50_P33371"
"tRNA-dihydrouridine(20/20a) synthase",NA,9,"GEGEGB_04375","SO:0001217, UniRef:UniRef50_P32695"
"tRNA-modifying protein YgfZ","ygfZ",9,"GEGEGB_03115","SO:0001217, UniRef:UniRef50_A1JPM8"
"tRNA-specific 2-thiouridylase MnmA","mnmA",9,"GEGEGB_01779","SO:0001217, UniRef:UniRef50_P25745"
"tRNA-specific adenosine deaminase",NA,9,"GEGEGB_00311","SO:0001217, UniRef:UniRef50_A0A143WTN5"
"tRNA-uridine aminocarboxypropyltransferase","tapT",9,"GEGEGB_00281","BlastRules:WP_001300438, EC:2.5.1.25, SO:0001217, UniRef:UniRef50_A0A024HE06"
"tRNA/tmRNA (uracil-C(5))-methyltransferase",NA,9,"GEGEGB_03678","SO:0001217, UniRef:UniRef50_G4QJS8"
"thiazole synthase","thiG",9,"GEGEGB_03648","BlastRules:WP_000944065, BlastRules:WP_000944073, EC:2.8.1.10, SO:0001217, UniRef:UniRef50_A7MQQ2"
"thioredoxin-dependent peroxiredoxin",NA,9,"GEGEGB_00401","SO:0001217, UniRef:UniRef50_A0A1B9JZ94"
"thiosulfate reductase electron transport protein PhsB","phsB",9,"GEGEGB_00859","BlastRules:WP_001016236, SO:0001217, UniRef:UniRef50_P0A1I1"
"thiosulfate/sulfate ABC transporter substrate-binding protein CysP","cysP",9,"GEGEGB_00450","BlastRules:WP_000290230, SO:0001217, UniRef:UniRef50_P16700"
"threonine-phosphate decarboxylase",NA,9,"GEGEGB_02338","SO:0001217, UniRef:UniRef50_C7C5A1"
"transaldolase B",NA,9,"GEGEGB_00007","BlastRules:WP_000130175, SO:0001217, UniRef:UniRef50_P45055"
"transcriptional regulator","sprB",9,"GEGEGB_02906","SO:0001217, UniRef:UniRef50_A9MFA8, VFDB:VFC0086, VFDB:VFG000530"
"transcriptional regulator HilA","hilA",9,"GEGEGB_02916","BlastRules:WP_001120085, SO:0001217, UniRef:UniRef50_P43015"
"transcriptional regulator NanR","nanR",9,"GEGEGB_03425","BlastRules:WP_000382926, SO:0001217, UniRef:UniRef50_P0A8W0"
"transcriptional regulator RcsB","rcsB",9,"GEGEGB_00638","SO:0001217, UniRef:UniRef50_A0A085U4S6, VFDB:VFC0301, VFDB:VFG049018"
"tricarballylate utilization protein TcuB","tcuB",9,"GEGEGB_02299","BlastRules:WP_000811134, SO:0001217, UniRef:UniRef50_A0A811GMX5"
"tricarballylate/proton symporter TcuC","tcuC",9,"GEGEGB_02300","BlastRules:WP_000057014, SO:0001217, UniRef:UniRef50_V2TCV3"
"tryptophan--tRNA ligase",NA,9,"GEGEGB_04801","SO:0001217, UniRef:UniRef50_A0A379VWS0"
"two component system sensor histidine kinase QseE/GlrK","qseE",9,"GEGEGB_00316","BlastRules:WP_001301750, SO:0001217, UniRef:UniRef50_A0A6I2IEW6"
"two-component system response regulator PgtA","pgtA",9,"GEGEGB_00501","BlastRules:WP_000930843, SO:0001217, UniRef:UniRef50_P06184"
"two-component system response regulator PhoP","phoP",9,"GEGEGB_01782","BlastRules:WP_000986522, BlastRules:WP_000986523, SO:0001217, UniRef:UniRef50_K1JN57"
"two-component system response regulator QseF/GlrR","qseF",9,"GEGEGB_00318","BlastRules:WP_001295369, SO:0001217, UniRef:UniRef50_P0AFU4"
"two-component system response regulator TtrR","ttrR",9,"GEGEGB_01328","BlastRules:WP_000190927, SO:0001217, UniRef:UniRef50_Q7CQM8"
"two-component system sensor histidine kinase PgtB","pgtB",9,"GEGEGB_00500","BlastRules:WP_000678496, SO:0001217, UniRef:UniRef50_D1NXK6"
"two-component system sensor histidine kinase PhoQ","phoQ",9,"GEGEGB_01783","BlastRules:WP_001031687, SO:0001217, UniRef:UniRef50_P0DM80"
"two-component system sensor histidine kinase TtrS","ttrS",9,"GEGEGB_01327","BlastRules:WP_001214413, SO:0001217, UniRef:UniRef50_Q8ZPP6"
"two-domain cob(I)yrinic acid a,c-diamide adenosyltransferase PduO","pduO",9,"GEGEGB_00874","BlastRules:WP_001029486, EC:2.5.1.17"
"type 1 fimbrial protein subunit FimA","fimA",9,"GEGEGB_02436","BlastRules:WP_000681030, BlastRules:WP_000681037, SO:0001217, UniRef:UniRef50_P0ABW5"
"type I DNA topoisomerase",NA,9,"GEGEGB_01716","BlastRules:WP_000513593, EC:5.6.2.1, SO:0001217, UniRef:UniRef50_A0A376RJU3"
"type I fimbriae adaptor protein FimF","fimF",9,"GEGEGB_02431","SO:0001217, UniRef:UniRef50_P38052, VFDB:VFC0001, VFDB:VFG000448"
"type I fimbriae minor fimbrial subunit FimH, adhesin","fimH",9,"GEGEGB_02432","SO:0001217, UniRef:UniRef50_A8AJR9, VFDB:VFC0001, VFDB:VFG000447"
"type III secretion system accessory cytosolic protein OrgA","orgA",9,"GEGEGB_02910","SO:0001217, UniRef:UniRef50_P0CL44, VFDB:VFC0086, VFDB:VFG003645"
"type III secretion system chaperone SigE","sigE",9,"GEGEGB_01928","BlastRules:WP_000444724, BlastRules:WP_000444726, SO:0001217, UniRef:UniRef50_A0A193QGK2"
"type III secretion system effector OrgC","orgC",9,"GEGEGB_02908","SO:0001217, UniRef:UniRef50_A0A0K0HDS2, VFDB:VFC0086, VFDB:VFG003635"
"type III secretion system effector SopF","sopF",9,"GEGEGB_01175","BlastRules:WP_000917257, SO:0001217, UniRef:UniRef50_A0A248K8J5"
"type III secretion system effector SseF","sseF",9,"GEGEGB_01345","SO:0001217, UniRef:UniRef50_H9L407, VFDB:VFC0086, VFDB:VFG000505"
"type III secretion system effector SseG","sseG",9,"GEGEGB_01346","SO:0001217, UniRef:UniRef50_H9L486, VFDB:VFC0086, VFDB:VFG000506"
"type III secretion system export apparatus protein InvA","invA",9,"GEGEGB_02936","BlastRules:WP_000927219, NCBIProtein:WXW86397.1, SO:0001217, UniRef:UniRef50_P0A1I3"
"type III secretion system gatekeeper InvE","invE",9,"GEGEGB_02937","BlastRules:WP_000612166, BlastRules:WP_000612171, SO:0001217, UniRef:UniRef50_P35671"
"type III secretion system inner membrane ring lipoprotein PrgK","prgK",9,"GEGEGB_02911","BlastRules:WP_000621238, SO:0001217, UniRef:UniRef50_A0A7U6M4M3"
"type III secretion system inner membrane ring protein PrgH","prgH",9,"GEGEGB_02914","BlastRules:WP_000450192, SO:0001217, UniRef:UniRef50_P41783"
"type III secretion system inner rod protein PrgJ","prgJ",9,"GEGEGB_02912","BlastRules:WP_000020431, SO:0001217, UniRef:UniRef50_P41785"
"type III secretion system needle filament protein SsaG","ssaG",9,"GEGEGB_01347","BlastRules:WP_000350226, SO:0001217, UniRef:UniRef50_H9L4C5"
"type III secretion system outer membrane ring protein InvG","invG",9,"GEGEGB_02938","BlastRules:WP_000848113, SO:0001217, UniRef:UniRef50_P35672"
"type III secretion system stator OrgB","orgB",9,"GEGEGB_02909","SO:0001217, UniRef:UniRef50_P0CL45, VFDB:VFC0086, VFDB:VFG000532"
"tyrosine recombinase XerC","xerC",9,"GEGEGB_03524","BlastRules:WP_000132874, BlastRules:WP_000141123, SO:0001217, UniRef:UniRef50_O31207"
"ubiquinone biosynthesis protein UbiJ","ubiJ",9,"GEGEGB_03502","BlastRules:WP_001116086, SO:0001217, UniRef:UniRef50_Q9L6M5"
"undecaprenyl-diphosphate phosphatase",NA,9,"GEGEGB_02135","SO:0001217, UniRef:UniRef50_A0A1S1HX87"
"usher protein FimD","fimD",9,"GEGEGB_02433","SO:0001217, UniRef:UniRef50_A0A750VLE3, VFDB:VFC0001, VFDB:VFG000446"
"virulence membrane protein PagC","pagC",9,"GEGEGB_01186","BlastRules:WP_000789471, SO:0001217, UniRef:UniRef50_A0A024J5Z1"
"virulence protein MsgA","msgA",9,"GEGEGB_01181","BlastRules:WP_000497451, SO:0001217, UniRef:UniRef50_A0A0E1NGK6"
"virulence-associated ABC transporter ATP-binding protein SfbB","sfbB",9,"GEGEGB_02468","BlastRules:WP_000569655, SO:0001217, UniRef:UniRef50_Q9S4Z0"
"xanthine/proton symporter XanP","xanP",9,"GEGEGB_03980","BlastRules:WP_001295238, SO:0001217, UniRef:UniRef50_G1VFK0"
"(S)-ureidoglycine aminohydrolase cupin domain-containing protein",NA,8,"LNHIMF_03166","SO:0001217, UniRef:UniRef50_Q5KQQ1"
"1.0e-144","406.0",8,"GEGEGB_02073","0.946"
"1.0e-176","486.0",8,"LNHIMF_00732","0.996"
"1.0e-183","512.0",8,"GEGEGB_04446","1.0"
"1.0e-189","530.0",8,"GEGEGB_00691","1.096"
"1.0e-190","522.0",8,"LNHIMF_01761","1.0"
"1.0e-237","647.0",8,"LNHIMF_01394","1.0"
"1.1e-132","378.0",8,"GEGEGB_01128","1.0"
"1.1e-134","382.0",8,"HFCAGB_01276","0.991"
"1.1e-135","384.0",8,"BEJGEH_03077","0.995"
"1.1e-15","69.7",8,"GEGEGB_00085","1.013"
"1.1e-150","432.0",8,"GEGEGB_03732","0.959"
"1.1e-151","429.0",8,"GEGEGB_03395","0.896"
"1.1e-162","457.0",8,"GEGEGB_01527","1.0"
"1.1e-163","459.0",8,"BEJGEH_00447","0.818"
"1.1e-203","585.0",8,"LNHIMF_04226","0.982"
"1.1e-225","629.0",8,"BEJGEH_02486","0.997"
"1.1e-236","666.0",8,"LNHIMF_00879","0.979"
"1.1e-244","690.0",8,"GEGEGB_01121","0.952"
"1.1e-267","738.0",8,"LNHIMF_02456","0.971"
"1.1e-268","742.0",8,"GEGEGB_00288","0.980"
"1.1e-27","99.4",8,"LNHIMF_03241","1.0"
"1.1e-28","102.0",8,"GEGEGB_00497","1.0"
"1.1e-289","798.0",8,"LNHIMF_00451","1.0"
"1.1e-29","107.0",8,"GEGEGB_01102","1.0"
"1.1e-47","152.0",8,"GEGEGB_02838","0.852"
"1.1e-76","234.0",8,"GEGEGB_02667","0.990"
"1.2e-124","357.0",8,"LNHIMF_01828","0.987"
"1.2e-164","461.0",8,"AJBGEP_00782","1.0"
"1.2e-203","573.0",8,"GEGEGB_00325","1.0"
"1.2e-221","612.0",8,"GEGEGB_00807","0.853"
"1.2e-233","642.0",8,"LNHIMF_04094","1.0"
"1.2e-47","150.0",8,"GEGEGB_01592","1.0"
"1.3e-102","298.0",8,"GEGEGB_01651","1.0"
"1.3e-103","300.0",8,"LNHIMF_03461","0.816"
"1.3e-111","327.0",8,"GEGEGB_01099","0.989"
"1.3e-126","358.0",8,"LNHIMF_00026","1.044"
"1.3e-150","427.0",8,"GEGEGB_03265","1.222"
"1.3e-19","79.0",8,"GEGEGB_00153","0.952"
"1.3e-198","563.0",8,"LNHIMF_00044","0.989"
"1.3e-244","672.0",8,"LNHIMF_04546","0.997"
"1.3e-252","687.0",8,"LNHIMF_02930","1.0"
"1.3e-269","749.0",8,"GEGEGB_01833","0.951"
"1.3e-280","768.0",8,"GEGEGB_04737","1.0"
"1.3e-93","281.0",8,"GEGEGB_03497","0.892"
"1.4e-115","334.0",8,"GEGEGB_02040","1.0"
"1.4e-126","369.0",8,"LNHIMF_00805","0.942"
"1.4e-147","426.0",8,"GEGEGB_00643","1.003"
"1.4e-176","492.0",8,"GEGEGB_03569","0.837"
"1.4e-201","573.0",8,"GEGEGB_00916","0.986"
"1.4e-265","737.0",8,"GEGEGB_01136","0.971"
"1.4e-290","801.0",8,"LNHIMF_02650","1.112"
"1.4e-38","128.0",8,"GEGEGB_04346","1.022"
"1.4e-45","149.0",8,"GEGEGB_04688","0.945"
"1.4e-47","154.0",8,"GEGEGB_00410","0.975"
"1.4e-82","243.0",8,"GEGEGB_03312","0.975"
"1.5e-119","348.0",8,"LNHIMF_00153","1.007"
"1.5e-124","361.0",8,"LNHIMF_02682","0.971"
"1.5e-163","459.0",8,"GEGEGB_01790","0.996"
"1.5e-164","460.0",8,"GEGEGB_04860","0.996"
"1.5e-174","486.0",8,"GEGEGB_00988","1.0"
"1.5e-176","507.0",8,"GEGEGB_03914","1.098"
"1.5e-220","613.0",8,"GEGEGB_03123","1.0"
"1.5e-250","690.0",8,"LNHIMF_01079","0.814"
"1.6e-107","310.0",8,"GEGEGB_00258","0.983"
"1.6e-113","328.0",8,"GEGEGB_01380","1.0"
"1.6e-115","333.0",8,"GEGEGB_03773","0.934"
"1.6e-116","337.0",8,"LNHIMF_02275","0.996"
"1.6e-130","371.0",8,"LNHIMF_03308","1.0"
"1.6e-15","68.9",8,"LNHIMF_03499","0.889"
"1.7e-286","778.0",8,"LNHIMF_03002","1.0"
"1.7e-46","153.0",8,"LNHIMF_01130","0.932"
"1.7e-49","159.0",8,"LNHIMF_03463","0.966"
"1.7e-64","199.0",8,"GEGEGB_01628","0.960"
"1.7e-80","239.0",8,"GEGEGB_02480","0.947"
"1.7e-90","272.0",8,"GEGEGB_04833","0.992"
"1.8e-123","359.0",8,"GEGEGB_00097","0.971"
"1.8e-127","372.0",8,"LNHIMF_04134","0.964"
"1.8e-164","461.0",8,"GEGEGB_01607","0.958"
"1.8e-165","462.0",8,"GEGEGB_03523","0.992"
"1.8e-173","487.0",8,"GEGEGB_01571","1.091"
"1.8e-32","110.0",8,"LNHIMF_01317","1.0"
"1.8e-39","129.0",8,"GEGEGB_02960","0.962"
"1.8e-47","157.0",8,"GEGEGB_00276","1.046"
"1.9e-112","334.0",8,"LNHIMF_02944","0.984"
"1.9e-118","341.0",8,"LNHIMF_02721","1.0"
"1.9e-121","349.0",8,"GEGEGB_00537","0.995"
"1.9e-124","360.0",8,"LNHIMF_02304","1.0"
"1.9e-163","449.0",8,"HFCAGB_03074","1.0"
"1.9e-170","486.0",8,"GEGEGB_01707","1.008"
"1.9e-189","527.0",8,"GEGEGB_03357","0.810"
"1.9e-195","535.0",8,"GEGEGB_01878","1.0"
"1.9e-219","607.0",8,"BEJGEH_02579","1.063"
"1.9e-272","754.0",8,"GEGEGB_00312","1.0"
"1.9e-296","801.0",8,"GEGEGB_00573","1.0"
"1.9e-35","122.0",8,"GEGEGB_00677","0.930"
"1.9e-40","132.0",8,"GEGEGB_01143","0.893"
"1.9e-89","263.0",8,"GEGEGB_00426","0.918"
"2,4-dienoyl-CoA reductase",NA,8,"LNHIMF_03264","SO:0001217, UniRef:UniRef50_A0AA91IQ12"
"2,5-diketo-D-gluconic acid reductase A",NA,8,"LNHIMF_03208","SO:0001217, UniRef:UniRef50_Q46857"
"2.0e-125","358.0",8,"GEGEGB_01210","1.0"
"2.0e-159","454.0",8,"GEGEGB_03535","1.134"
"2.0e-207","576.0",8,"GEGEGB_00559","1.0"
"2.0e-208","571.0",8,"GEGEGB_00177","1.0"
"2.0e-216","612.0",8,"LNHIMF_04118","0.982"
"2.0e-262","721.0",8,"GEGEGB_01417","0.822"
"2.0e-269","744.0",8,"LNHIMF_02725","0.980"
"2.0e-34","118.0",8,"GEGEGB_01237","0.859"
"2.0e-54","171.0",8,"GEGEGB_01169","0.946"
"2.0e-64","202.0",8,"GEGEGB_04158","0.995"
"2.0e-92","275.0",8,"BEJGEH_02918","1.0"
"2.0e-96","291.0",8,"LNHIMF_04638","0.910"
"2.1e-11","56.2",8,"GEGEGB_00496","0.973"
"2.1e-141","409.0",8,"GEGEGB_00248","0.994"
"2.1e-153","433.0",8,"GEGEGB_00554","0.808"
"2.1e-206","574.0",8,"LNHIMF_01518","0.813"
"2.1e-40","134.0",8,"GEGEGB_02107","0.991"
"2.1e-49","156.0",8,"GEGEGB_02294","0.979"
"2.1e-81","247.0",8,"BEJGEH_03209","1.013"
"2.2e-109","319.0",8,"GEGEGB_03826","0.970"
"2.2e-119","345.0",8,"GEGEGB_03183","1.013"
"2.2e-154","437.0",8,"GEGEGB_00452","1.0"
"2.2e-160","441.0",8,"LNHIMF_04370","1.0"
"2.2e-77","226.0",8,"GEGEGB_01387","1.0"
"2.3e-105","304.0",8,"GEGEGB_00569","1.171"
"2.3e-142","412.0",8,"GEGEGB_01046","0.929"
"2.3e-193","548.0",8,"LNHIMF_01863","0.995"
"2.3e-205","574.0",8,"GEGEGB_00610","0.947"
"2.3e-213","588.0",8,"LNHIMF_02461","0.984"
"2.3e-267","728.0",8,"GEGEGB_00787","1.0"
"2.3e-44","143.0",8,"GEGEGB_04279","1.0"
"2.3e-58","181.0",8,"LNHIMF_01362","1.0"
"2.3e-68","199.0",8,"GEGEGB_01338","1.0"
"2.3e-80","244.0",8,"GEGEGB_01722","0.995"
"2.3e-81","244.0",8,"GEGEGB_02370","0.957"
"2.4e-100","294.0",8,"LNHIMF_01369","0.985"
"2.4e-123","361.0",8,"GEGEGB_03992","1.003"
"2.4e-158","445.0",8,"BEJGEH_00605","0.807"
"2.4e-183","510.0",8,"LNHIMF_01133","1.0"
"2.4e-203","567.0",8,"LNHIMF_04036","1.210"
"2.4e-220","612.0",8,"GEGEGB_02882","1.042"
"2.4e-24","92.4",8,"GEGEGB_04026","0.952"
"2.4e-282","777.0",8,"LNHIMF_04135","1.178"
"2.4e-54","176.0",8,"LNHIMF_04086","0.973"
"2.5e-175","488.0",8,"GEGEGB_04713","1.089"
"2.5e-195","543.0",8,"GEGEGB_03866","0.993"
"2.5e-227","619.0",8,"GEGEGB_00007","1.0"
"2.5e-315","860.0",8,"GEGEGB_04708","0.980"
"2.5e-99","291.0",8,"GEGEGB_03272","0.981"
"2.6e-102","299.0",8,"GEGEGB_03257","0.995"
"2.6e-109","318.0",8,"LNHIMF_00941","0.806"
"2.6e-126","361.0",8,"LNHIMF_03386","0.986"
"2.6e-170","490.0",8,"GEGEGB_03204","0.961"
"2.6e-196","547.0",8,"GEGEGB_03385","1.087"
"2.6e-236","651.0",8,"GEGEGB_01404","0.997"
"2.6e-42","138.0",8,"GEGEGB_00649","0.977"
"2.6e-77","238.0",8,"GEGEGB_03262","1.130"
"2.7e-150","424.0",8,"GEGEGB_03741","0.988"
"2.7e-180","504.0",8,"LNHIMF_01812","0.800"
"2.7e-31","101.0",8,"GEGEGB_01101","1.0"
"2.7e-67","207.0",8,"GEGEGB_03298","0.970"
"2.7e-83","249.0",8,"GEGEGB_04197","0.989"
"2.8e-128","364.0",8,"GEGEGB_03282","1.0"
"2.8e-13","62.0",8,"GEGEGB_02503","0.945"
"2.8e-266","729.0",8,"GEGEGB_03687","1.0"
"2.8e-36","124.0",8,"LNHIMF_01774","0.922"
"2.8e-52","168.0",8,"GEGEGB_01040","0.960"
"2.8e-70","216.0",8,"GEGEGB_01009","0.973"
"2.9e-155","446.0",8,"LNHIMF_01006","0.970"
"2.9e-20","80.5",8,"GEGEGB_00257","1.0"
"2.9e-265","723.0",8,"LNHIMF_01585","0.994"
"2.9e-46","151.0",8,"GEGEGB_00600","1.0"
"2.9e-62","192.0",8,"GEGEGB_03464","0.891"
"3-oxo-tetronate kinase",NA,8,"LNHIMF_02947","BlastRules:WP_000912488, SO:0001217, UniRef:UniRef50_A0A0H3G0H0"
"3.0e-243","674.0",8,"LNHIMF_01243","0.998"
"3.1e-104","304.0",8,"GEGEGB_01374","0.995"
"3.1e-113","335.0",8,"GEGEGB_02896","1.169"
"3.1e-231","642.0",8,"LNHIMF_01007","1.186"
"3.1e-237","659.0",8,"LNHIMF_01259","0.940"
"3.1e-291","801.0",8,"LNHIMF_02693","0.963"
"3.1e-40","132.0",8,"LNHIMF_04464","0.989"
"3.1e-46","151.0",8,"GEGEGB_03251","1.023"
"3.1e-68","205.0",8,"GEGEGB_00192","0.849"
"3.2e-184","515.0",8,"GEGEGB_00404","0.840"
"3.2e-21","81.3",8,"GEGEGB_02632","1.0"
"3.2e-81","243.0",8,"GEGEGB_03195","0.989"
"3.3e-114","326.0",8,"GEGEGB_04303","0.932"
"3.3e-120","345.0",8,"BEJGEH_00453","1.0"
"3.3e-126","361.0",8,"GEGEGB_01396","0.939"
"3.3e-160","461.0",8,"GEGEGB_03263","1.109"
"3.3e-179","501.0",8,"GEGEGB_00238","1.0"
"3.3e-186","518.0",8,"GEGEGB_00849","1.0"
"3.3e-215","603.0",8,"LNHIMF_00473","0.972"
"3.3e-271","743.0",8,"LNHIMF_02409","1.0"
"3.3e-303","827.0",8,"GEGEGB_01391","1.0"
"3.3e-67","205.0",8,"LNHIMF_02047","1.139"
"3.4e-116","336.0",8,"GEGEGB_00570","0.982"
"3.4e-57","170.0",8,"GEGEGB_00885","1.0"
"3.4e-66","201.0",8,"LNHIMF_00376","1.0"
"3.5e-183","511.0",8,"GEGEGB_00510","0.952"
"3.5e-188","523.0",8,"GEGEGB_02064","0.996"
"3.5e-207","577.0",8,"LNHIMF_02966","0.951"
"3.5e-50","162.0",8,"GEGEGB_01236","0.985"
"3.5e-64","194.0",8,"GEGEGB_02093","0.943"
"3.5e-75","228.0",8,"GEGEGB_02162","1.012"
"3.5e-94","283.0",8,"GEGEGB_00884","0.844"
"3.6e-102","300.0",8,"GEGEGB_03278","1.010"
"3.6e-28","100.0",8,"GEGEGB_01329","0.971"
"3.6e-49","157.0",8,"GEGEGB_04701","0.974"
"3.7e-113","325.0",8,"LNHIMF_01083","1.0"
"3.7e-173","484.0",8,"GEGEGB_00095","0.972"
"3.7e-262","731.0",8,"GEGEGB_04617","0.976"
"3.7e-59","183.0",8,"BEJGEH_00180","0.975"
"3.8e-145","416.0",8,"GEGEGB_02154","1.010"
"3.8e-235","659.0",8,"GEGEGB_03247","1.155"
"3.8e-77","232.0",8,"GEGEGB_04329","1.0"
"3.8e-98","278.0",8,"LNHIMF_02823","1.0"
"3.9e-106","308.0",8,"GEGEGB_03399","1.0"
"3.9e-12","59.7",8,"LNHIMF_01414","1.032"
"3.9e-235","649.0",8,"GEGEGB_04859","0.845"
"3.9e-32","110.0",8,"LNHIMF_02559","0.972"
"4-nitrophenol 2-monooxygenase, oxygenase component",NA,8,"LNHIMF_01129","SO:0001217, UniRef:UniRef50_Q8RQQ0"
"4.0e-101","300.0",8,"GEGEGB_01914","0.966"
"4.0e-102","306.0",8,"LNHIMF_00528","1.013"
"4.0e-103","304.0",8,"LNHIMF_02407","0.938"
"4.0e-164","462.0",8,"GEGEGB_00444","1.003"
"4.0e-32","112.0",8,"GEGEGB_01937","1.0"
"4.1e-132","375.0",8,"GEGEGB_01141","1.0"
"4.1e-175","492.0",8,"GEGEGB_03468","1.171"
"4.1e-219","605.0",8,"GEGEGB_00468","1.081"
"4.1e-307","842.0",8,"LNHIMF_00133","1.0"
"4.1e-58","182.0",8,"LNHIMF_03853","0.958"
"4.2e-310","851.0",8,"GEGEGB_00565","0.925"
"4.2e-57","180.0",8,"LNHIMF_03488","0.981"
"4.3e-107","316.0",8,"GEGEGB_03506","0.967"
"4.3e-15","68.2",8,"LNHIMF_01770","0.944"
"4.3e-158","454.0",8,"LNHIMF_03347","0.886"
"4.3e-188","539.0",8,"LNHIMF_03570","1.059"
"4.3e-273","758.0",8,"GEGEGB_01725","0.992"
"4.3e-52","167.0",8,"GEGEGB_03162","0.957"
"4.3e-88","261.0",8,"GEGEGB_04344","1.0"
"4.4e-226","623.0",8,"GEGEGB_04431","1.0"
"4.4e-44","141.0",8,"GEGEGB_01514","1.0"
"4.4e-93","274.0",8,"LNHIMF_03222","0.984"
"4.5e-218","602.0",8,"GEGEGB_00129","1.0"
"4.5e-246","679.0",8,"GEGEGB_02990","0.840"
"4.6e-59","181.0",8,"LNHIMF_03363","1.0"
"4.6e-71","219.0",8,"LNHIMF_02105","0.958"
"4.6e-93","275.0",8,"GEGEGB_01401","1.0"
"4.6e-94","276.0",8,"GEGEGB_03287","1.0"
"4.7e-81","243.0",8,"GEGEGB_01737","0.922"
"4.7e-82","246.0",8,"GEGEGB_03394","0.934"
"4.8e-242","657.0",8,"GEGEGB_00331","1.0"
"4.8e-29","105.0",8,"LNHIMF_04509","0.950"
"4.8e-82","241.0",8,"LNHIMF_03391","0.985"
"4.9e-104","299.0",8,"LNHIMF_01046","1.0"
"4.9e-123","351.0",8,"LNHIMF_03782","1.0"
"4.9e-144","415.0",8,"GEGEGB_00049","0.981"
"4.9e-152","434.0",8,"LNHIMF_03664","0.972"
"4.9e-17","72.0",8,"GEGEGB_02050","0.950"
"4.9e-215","600.0",8,"LNHIMF_00432","0.992"
"4.9e-23","86.3",8,"GEGEGB_02217","0.980"
"4.9e-74","226.0",8,"LNHIMF_01998","0.875"
"5.0e-49","162.0",8,"GEGEGB_04707","0.858"
"5.1e-139","397.0",8,"GEGEGB_01709","0.984"
"5.1e-242","664.0",8,"LNHIMF_02046","1.0"
"5.1e-256","706.0",8,"LNHIMF_02042","1.0"
"5.1e-83","248.0",8,"GEGEGB_00541","0.994"
"5.1e-96","283.0",8,"GEGEGB_04863","0.860"
"5.2e-165","463.0",8,"GEGEGB_00538","0.803"
"5.2e-277","759.0",8,"GEGEGB_04361","1.0"
"5.2e-73","223.0",8,"GEGEGB_02645","1.023"
"5.3e-172","488.0",8,"GEGEGB_03143","0.971"
"5.3e-182","510.0",8,"GEGEGB_00761","0.814"
"5.3e-72","216.0",8,"GEGEGB_00285","0.969"
"5.3e-80","249.0",8,"GEGEGB_00717","0.895"
"5.4e-125","357.0",8,"GEGEGB_03765","0.995"
"5.4e-244","671.0",8,"GEGEGB_04751","0.997"
"5.4e-90","269.0",8,"GEGEGB_02347","0.939"
"5.5e-124","355.0",8,"LNHIMF_03338","1.240"
"5.5e-215","611.0",8,"GEGEGB_04206","0.974"
"5.5e-278","756.0",8,"LNHIMF_03649","1.0"
"5.6e-119","344.0",8,"LNHIMF_02302","0.987"
"5.6e-314","849.0",8,"LNHIMF_03001","0.998"
"5.7e-120","347.0",8,"GEGEGB_01494","0.987"
"5.7e-161","458.0",8,"GEGEGB_03171","0.851"
"5.7e-226","630.0",8,"GEGEGB_03390","1.002"
"5.7e-291","786.0",8,"GEGEGB_00567","1.0"
"5.8e-134","386.0",8,"LNHIMF_01641","0.911"
"5.8e-158","445.0",8,"LNHIMF_04067","0.966"
"6.0e-306","832.0",8,"LNHIMF_00074","1.0"
"6.0e-34","117.0",8,"GEGEGB_03366","1.0"
"6.0e-59","181.0",8,"GEGEGB_04618","0.906"
"6.1e-65","199.0",8,"GEGEGB_01304","0.993"
"6.2e-111","320.0",8,"GEGEGB_00417","0.995"
"6.2e-192","526.0",8,"GEGEGB_01298","1.0"
"6.3e-102","298.0",8,"BEJGEH_03217","0.981"
"6.3e-69","208.0",8,"LNHIMF_00883","0.836"
"6.3e-96","286.0",8,"LNHIMF_01873","0.983"
"6.3e-97","286.0",8,"LNHIMF_04037","1.010"
"6.4e-103","290.0",8,"LNHIMF_01451","1.0"
"6.4e-15","68.2",8,"LNHIMF_04132","1.0"
"6.4e-227","624.0",8,"GEGEGB_01562","0.940"
"6.4e-82","246.0",8,"GEGEGB_00582","0.939"
"6.4e-96","285.0",8,"GEGEGB_04294","0.953"
"6.5e-129","373.0",8,"GEGEGB_03108","1.0"
"6.5e-200","554.0",8,"LNHIMF_03742","0.827"
"6.5e-90","272.0",8,"LNHIMF_00369","1.016"
"6.5e-97","286.0",8,"GEGEGB_03812","0.957"
"6.6e-141","390.0",8,"LNHIMF_02884","1.0"
"6.6e-224","618.0",8,"LNHIMF_01591","0.807"
"6.6e-97","282.0",8,"GEGEGB_00094","1.0"
"6.7e-101","296.0",8,"LNHIMF_01103","1.109"
"6.7e-148","423.0",8,"LNHIMF_01997","0.993"
"6.7e-198","556.0",8,"GEGEGB_00690","0.997"
"6.8e-163","457.0",8,"LNHIMF_03200","0.816"
"6.8e-63","193.0",8,"GEGEGB_04404","0.882"
"7-methyl-GTP pyrophosphatase",NA,8,"GEGEGB_01827","SO:0001217, UniRef:UniRef50_P0A729"
"7.0e-154","447.0",8,"LNHIMF_03706","1.007"
"7.0e-98","292.0",8,"GEGEGB_02165","0.960"
"7.1e-26","95.5",8,"LNHIMF_03041","0.958"
"7.1e-98","291.0",8,"GEGEGB_01820","0.971"
"7.2e-67","202.0",8,"GEGEGB_01738","0.820"
"7.2e-71","214.0",8,"LNHIMF_00444","1.0"
"7.2e-94","273.0",8,"GEGEGB_02859","0.993"
"7.4e-61","189.0",8,"GEGEGB_02820","0.958"
"7.4e-84","246.0",8,"GEGEGB_03305","0.992"
"7.5e-133","383.0",8,"GEGEGB_03526","1.004"
"7.6e-162","457.0",8,"GEGEGB_04170","1.180"
"7.6e-207","565.0",8,"GEGEGB_01693","1.0"
"7.6e-56","174.0",8,"GEGEGB_04280","0.992"
"7.6e-64","187.0",8,"LNHIMF_02905","1.0"
"7.7e-86","255.0",8,"GEGEGB_02237","1.0"
"7.7e-97","292.0",8,"LNHIMF_03591","0.968"
"7.8e-105","305.0",8,"LNHIMF_02314","0.989"
"7.8e-154","441.0",8,"LNHIMF_02535","1.0"
"7.8e-63","192.0",8,"GEGEGB_00865","0.982"
"7.9e-124","363.0",8,"GEGEGB_02146","1.019"
"7.9e-140","402.0",8,"LNHIMF_01260","1.0"
"7.9e-221","612.0",8,"GEGEGB_02489","0.815"
"8.0e-189","527.0",8,"LNHIMF_02332","0.839"
"8.0e-194","539.0",8,"LNHIMF_03295","1.0"
"8.2e-125","365.0",8,"LNHIMF_01008","0.921"
"8.2e-145","409.0",8,"GEGEGB_03117","0.986"
"8.2e-208","574.0",8,"LNHIMF_04502","0.855"
"8.2e-79","234.0",8,"LNHIMF_01207","1.0"
"8.2e-81","249.0",8,"GEGEGB_02939","1.0"
"8.2e-86","253.0",8,"LNHIMF_02467","0.927"
"8.3e-187","528.0",8,"LNHIMF_03191","0.992"
"8.4e-196","555.0",8,"GEGEGB_00099","0.995"
"8.5e-231","636.0",8,"GEGEGB_02249","0.835"
"8.5e-52","166.0",8,"GEGEGB_03637","0.881"
"8.6e-131","372.0",8,"LNHIMF_04637","1.0"
"8.6e-42","140.0",8,"GEGEGB_03229","0.950"
"8.6e-62","187.0",8,"LNHIMF_00080","1.116"
"8.6e-89","264.0",8,"LNHIMF_01719","1.0"
"8.7e-116","331.0",8,"GEGEGB_02884","0.967"
"8.7e-132","374.0",8,"LNHIMF_02480","0.963"
"8.7e-175","489.0",8,"LNHIMF_03697","1.0"
"8.7e-233","653.0",8,"LNHIMF_04025","1.066"
"8.8e-117","337.0",8,"LNHIMF_01084","1.0"
"8.8e-94","276.0",8,"GEGEGB_00558","0.918"
"8.9e-217","608.0",8,"GEGEGB_02076","0.977"
"9.1e-54","169.0",8,"LNHIMF_01876","1.0"
"9.1e-63","193.0",8,"GEGEGB_02887","1.0"
"9.1e-92","272.0",8,"LNHIMF_02463","0.975"
"9.2e-182","505.0",8,"GEGEGB_01893","0.996"
"9.2e-76","226.0",8,"GEGEGB_02877","1.109"
"9.3e-12","57.0",8,"GEGEGB_00739","1.0"
"9.3e-69","211.0",8,"LNHIMF_00461","1.0"
"9.4e-195","543.0",8,"LNHIMF_03356","0.997"
"9.4e-23","85.1",8,"GEGEGB_00120","1.0"
"9.5e-126","358.0",8,"GEGEGB_03961","0.881"
"9.5e-158","435.0",8,"LNHIMF_00023","1.0"
"9.5e-305","837.0",8,"LNHIMF_01203","0.973"
"9.5e-89","261.0",8,"GEGEGB_01950","1.0"
"9.7e-116","331.0",8,"GEGEGB_01710","0.837"
"9.8e-174","486.0",8,"GEGEGB_02151","1.0"
"9.9e-115","330.0",8,"GEGEGB_03400","1.183"
"9.9e-144","405.0",8,"GEGEGB_00724","0.972"
"9.9e-98","283.0",8,"LNHIMF_02731","1.0"
"AAA+ ATPase domain-containing protein",NA,8,"LNHIMF_03940","SO:0001217, UniRef:UniRef50_A0A0H2VCK0"
"ABC transporter D-alanine-binding periplasmic protein",NA,8,"GEGEGB_01615","SO:0001217, UniRef:UniRef50_Q8ZPA3"
"ATP-dependent RNA helicase DbpA","dbpA",8,"LNHIMF_01715","SO:0001217, UniRef:UniRef50_A0A366I976"
"Acetylornithine aminotransferase",NA,8,"GEGEGB_04258","SO:0001217, UniRef:UniRef50_W5YGJ0"
"Alanine racemase, catabolic",NA,8,"GEGEGB_01138","SO:0001217, UniRef:UniRef50_P29012"
"Aldehyde reductase Ahr",NA,8,"LNHIMF_04552","SO:0001217, UniRef:UniRef50_P27250"
"Amidase",NA,8,"LNHIMF_00775","SO:0001217, UniRef:UniRef50_A0A376RM65"
"Amylovoran biosynthesis protein AmsJ","amsJ",8,"LNHIMF_02243","SO:0001217, UniRef:UniRef50_Q46637"
"Anhydro-N-acetylmuramic acid kinase",NA,8,"GEGEGB_01388","SO:0001217, UniRef:UniRef50_B8F4V0"
"Arginine N-succinyltransferase",NA,8,"LNHIMF_01351","SO:0001217, UniRef:UniRef50_P0AE37"
"Arginine exporter protein ArgO","argO",8,"GEGEGB_03136","SO:0001217, UniRef:UniRef50_P11667"
"Arylsulfotransferase N-terminal domain-containing protein",NA,8,"GEGEGB_00043","SO:0001217, UniRef:UniRef50_A9MR51"
"Ascorbate-specific PTS system EIIB component",NA,8,"LNHIMF_04470","SO:0001217, UniRef:UniRef50_Q8FAJ1"
"Asparaginase II",NA,8,"LNHIMF_03633","SO:0001217, UniRef:UniRef50_A7ZG80"
"Betaine aldehyde dehydrogenase",NA,8,"LNHIMF_01132","SO:0001217, UniRef:UniRef50_A0A379Y2E1"
"Branched-chain amino acid transport",NA,8,"LNHIMF_04084","SO:0001217, UniRef:UniRef50_F0KGR5"
"Cell division protein FtsZ","ftsZ",8,"GEGEGB_00145","SO:0001217, UniRef:UniRef50_Q9ZAW3"
"Cell envelope integrity protein TolA","tolA",8,"GEGEGB_02239","SO:0001217, UniRef:UniRef50_A0A4Q1J6T5"
"Cellulose synthase operon protein C",NA,8,"LNHIMF_03651","SO:0001217, UniRef:UniRef50_P37650"
"Cellulose synthase operon protein YhjQ","yhjQ",8,"GEGEGB_04109","SO:0001217, UniRef:UniRef50_I2B428"
"Chaperone SurA","surA",8,"GEGEGB_00099","SO:0001217, UniRef:UniRef50_P0ABZ6"
"Co-chaperone protein DjlA","djlA",8,"GEGEGB_00101","SO:0001217, UniRef:UniRef50_Q74Q30"
"CoA-acylating propionaldehyde dehydrogenase PduP","pduP",8,"GEGEGB_00873","BlastRules:WP_001097680, BlastRules:WP_002915818, BlastRules:WP_019252018, SO:0001217, UniRef:UniRef50_B1VB75"
"Cobalt transport protein CbiM","cbiM",8,"LNHIMF_02098","SO:0001217, UniRef:UniRef50_Q05594"
"Constitutive ornithine decarboxylase",NA,8,"LNHIMF_03152","SO:0001217, UniRef:UniRef50_P21169"
"Cytochrome b561-like protein",NA,8,"LNHIMF_01191","SO:0001217, UniRef:UniRef50_P75925"
"D-alanyl-D-alanine carboxypeptidase DacB","dacB",8,"GEGEGB_03383","SO:0001217, UniRef:UniRef50_P24228"
"DNA ligase B",NA,8,"LNHIMF_03783","SO:0001217, UniRef:UniRef50_A4W502"
"DNA polymerase II",NA,8,"GEGEGB_00104","SO:0001217, UniRef:UniRef50_P21189"
"DNA repair protein",NA,8,"LNHIMF_00718","SO:0001217, UniRef:UniRef50_A0A0U1HPR6"
"DUF1161 domain-containing protein",NA,8,"LNHIMF_01550","SO:0001217, UniRef:UniRef50_A0A0H2V8R2"
"DUF1398 domain-containing protein",NA,8,"GEGEGB_01083","SO:0001217, UniRef:UniRef50_V1GUM1"
"DUF4440 domain-containing protein",NA,8,"GEGEGB_02947","SO:0001217, UniRef:UniRef50_B5XV41"
"DUF808 domain-containing protein",NA,8,"LNHIMF_02059","SO:0001217, UniRef:UniRef50_A0A0U3TAT1"
"DoxX family protein","doxX",8,"GEGEGB_03310","SO:0001217, UniRef:UniRef50_Q6LHW2"
"Elongation factor P hydroxylase",NA,8,"LNHIMF_02511","SO:0001217, UniRef:UniRef50_L8Y0T5"
"Exported protein",NA,8,"LNHIMF_00370","SO:0001217, UniRef:UniRef50_D2TJN4"
"FKBP-type peptidyl-prolyl cis-trans isomerase SlyD","slyD",8,"LNHIMF_03500","SO:0001217, UniRef:UniRef50_P0A9K9"
"Fe/B12 periplasmic-binding domain-containing protein",NA,8,"GEGEGB_03212","SO:0001217, UniRef:UniRef50_A0A2I5T6B0"
"Ferric enterobactin transport protein FepE","fepE",8,"LNHIMF_00731","SO:0001217, UniRef:UniRef50_P26266"
"Ferric enterobactin transport system permease protein FepG","fepG",8,"GEGEGB_02394","SO:0001217, UniRef:UniRef50_P23877"
"Fructosamine deglycase",NA,8,"LNHIMF_03636","SO:0001217, UniRef:UniRef50_E3EIQ6"
"Galactarate dehydratase (L-threo-forming)",NA,8,"GEGEGB_03332","SO:0001217, UniRef:UniRef50_P39829"
"Glutarate 2-hydroxylase",NA,8,"GEGEGB_02822","SO:0001217, UniRef:UniRef50_A0A4D6X3P5"
"Glutaredoxin 2",NA,8,"GEGEGB_01851","SO:0001217, UniRef:UniRef50_P0AC59"
"Glycine betaine/proline betaine transport system ATP-binding protein ProV","proV",8,"LNHIMF_02838","SO:0001217, UniRef:UniRef50_P14175"
"GntR family regulatory protein","gntR",8,"GEGEGB_00629","SO:0001217, UniRef:UniRef50_A0A655EM41"
"HTH-type transcriptional regulator AdiY","adiY",8,"GEGEGB_04429","SO:0001217, UniRef:UniRef50_P33234"
"HTH-type transcriptional regulator YahB","yahB",8,"GEGEGB_01370","SO:0001217, UniRef:UniRef50_A0A486DFK8"
"HTH-type transcriptional repressor NemR","nemR",8,"GEGEGB_01380","SO:0001217, UniRef:UniRef50_P67430"
"Hydrolase or acyltransferase",NA,8,"LNHIMF_01428","SO:0001217, UniRef:UniRef50_Q8ZPP7"
"Hydroxamate siderophore receptor FhuE","fhuE",8,"LNHIMF_01244","SO:0001217, UniRef:UniRef50_P16869"
"Hydroxypyruvate isomerase",NA,8,"GEGEGB_02952","SO:0001217, UniRef:UniRef50_A0A376WAZ8"
"Inner membrane protein YjgN","yjgN",8,"GEGEGB_04745","SO:0001217, UniRef:UniRef50_Q08022"
"Inner membrane transport protein YdhC","ydhC",8,"GEGEGB_01369","SO:0001217, UniRef:UniRef50_P37597"
"InsA N-terminal domain-containing protein","insA",8,"GEGEGB_03700","SO:0001217, UniRef:UniRef50_A0A0H3GK84"
"Kinase inhibitor",NA,8,"LNHIMF_01112","SO:0001217, UniRef:UniRef50_A0A7X5YLX1"
"L-asparaginase 1",NA,8,"LNHIMF_01341","SO:0001217, UniRef:UniRef50_P0A962"
"L-threonate dehydrogenase",NA,8,"LNHIMF_02948","SO:0001217, UniRef:UniRef50_A0A4R6VKQ1"
"Lipid kinase YegS","yegS",8,"LNHIMF_02283","SO:0001217, UniRef:UniRef50_P76407"
"Lipoyl synthase",NA,8,"GEGEGB_02349","SO:0001217, UniRef:UniRef50_Q5E6V9"
"Membrane-bound lysozyme inhibitor of C-type lysozyme",NA,8,"LNHIMF_01497","SO:0001217, UniRef:UniRef50_A7MMK4"
"Multidrug efflux pump accessory protein AcrZ","acrZ",8,"GEGEGB_02217","SO:0001217, UniRef:UniRef50_A0A2D0IY22"
"Murein transpeptidase",NA,8,"LNHIMF_01423","SO:0001217, UniRef:UniRef50_A0A348DCR3"
"N-acylglucosamine-6-phosphate 2-epimerase",NA,8,"LNHIMF_03381","SO:0001217, UniRef:UniRef50_Q4ACH4"
"NAD(P)H quinone dehydrogenase MdaB","mdaB",8,"LNHIMF_03222","SO:0001217, UniRef:UniRef50_A0A828QT84"
"Nitrite reductase",NA,8,"GEGEGB_00055","SO:0001217, UniRef:UniRef50_M7RH86"
"Nuclease",NA,8,"LNHIMF_01378","SO:0001217, UniRef:UniRef50_P13717"
"O-acetyltransferase WecH","wecH",8,"LNHIMF_03691","SO:0001217, UniRef:UniRef50_P37669"
"Oligopeptide ABC transporter permease",NA,8,"LNHIMF_01813","SO:0001217, UniRef:UniRef50_A0A376L5W1"
"Outer membrane porin PhoE","phoE",8,"LNHIMF_01582","SO:0001217, UniRef:UniRef50_A0A348DJ11"
"PF03932 family protein CutC","cutC",8,"LNHIMF_01980","SO:0001217, UniRef:UniRef50_A0A2X3KED2"
"PTS systemgalactitol-specific IIC component",NA,8,"GEGEGB_03343","SO:0001217, UniRef:UniRef50_A0A090S1W7"
"Peptide chain release factor RF1",NA,8,"GEGEGB_01167","SO:0001217, UniRef:UniRef50_P0A7I0"
"Peptidoglycan D,D-transpeptidase MrdA","mrdA",8,"GEGEGB_02342","SO:0001217, UniRef:UniRef50_A0A2X4WA65"
"Periplasmic trehalase",NA,8,"LNHIMF_01864","SO:0001217, UniRef:UniRef50_W0HQK1"
"Phage shock protein A (PspA) family protein",NA,8,"LNHIMF_04457","SO:0001217, UniRef:UniRef50_A0A1C3ZVM4"
"Propionate catabolism operon regulatory protein",NA,8,"GEGEGB_02627","SO:0001217, UniRef:UniRef50_L8XYI4"
"Protein AroM","aroM",8,"LNHIMF_00417","SO:0001217, UniRef:UniRef50_P0AE28"
"Protein SlyX","slyX",8,"LNHIMF_03499","SO:0001217, UniRef:UniRef50_A7ME27"
"Putative colanic acid polymerase",NA,8,"LNHIMF_02254","SO:0001217, UniRef:UniRef50_P71238"
"Putative hydroxymethyltransferase",NA,8,"LNHIMF_00020","SO:0001217, UniRef:UniRef50_A0A3S4FS72"
"Putative signal transduction protein",NA,8,"GEGEGB_01701","SO:0001217, UniRef:UniRef50_A0A485JF83"
"Putative transporter AraJ","araJ",8,"LNHIMF_00421","SO:0001217, UniRef:UniRef50_P23910"
"Putative transporter protein",NA,8,"GEGEGB_00532","SO:0001217, UniRef:UniRef50_G5RYC1"
"Qercetin 2,3-dioxygenase",NA,8,"GEGEGB_04195","SO:0001217, UniRef:UniRef50_A0A377XB36"
"RCK C-terminal domain-containing protein",NA,8,"LNHIMF_02464","SO:0001217, UniRef:UniRef50_A3N2S5"
"RNA polymerase sigma factor RpoS","rpoS",8,"GEGEGB_02961","SO:0001217, UniRef:UniRef50_A0A2E5FDF7"
"RND efflux system, outer membrane lipoprotein, NodT family","nodT",8,"GEGEGB_00728","SO:0001217, UniRef:UniRef50_E3GC31"
"Response regulator",NA,8,"GEGEGB_02644","SO:0001217, UniRef:UniRef50_H9L417"
"Rhamnulose-1-phosphate aldolase",NA,8,"LNHIMF_04089","SO:0001217, UniRef:UniRef50_A4WG94"
"Ribonuclease I",NA,8,"GEGEGB_02365","SO:0001217, UniRef:UniRef50_P21338"
"Ribosomal RNA large subunit methyltransferase F",NA,8,"LNHIMF_00953","SO:0001217, UniRef:UniRef50_P75782"
"Ribosome-associated ATPase/putative transporter RbbA","rbbA",8,"GEGEGB_04151","SO:0001217, UniRef:UniRef50_A0A962MAS2"
"SPI-1 type III secretion system effector GTPase-activating protein SptP","sptP",8,"GEGEGB_02918","BlastRules:WP_000922300, SO:0001217, UniRef:UniRef50_P74873"
"SPI-2 type III secretion system translocon protein SseB","sseB",8,"GEGEGB_01339","BlastRules:WP_000094422"
"SPI-4 type I secretion system protein SiiD","siiD",8,"GEGEGB_04391","BlastRules:WP_001081935, SO:0001217, UniRef:UniRef50_A0A655ERP2"
"Serine transporter",NA,8,"LNHIMF_03285","SO:0001217, UniRef:UniRef50_A8AQ03"
"Serine/threonine protein phosphatase",NA,8,"GEGEGB_01087","SO:0001217, UniRef:UniRef50_A0A1B7IQI8"
"Succinate-semialdehyde dehydrogenase",NA,8,"GEGEGB_02824","SO:0001217, UniRef:UniRef50_A0A2X1KUK3"
"Superoxide oxidase CybB","cybB",8,"LNHIMF_01698","SO:0001217, UniRef:UniRef50_P0ABE5"
"Suppressor for copper-sensitivity B",NA,8,"GEGEGB_01906","SO:0001217, UniRef:UniRef50_A0A4R6EHQ2"
"Tetratricopeptide repeat protein",NA,8,"GEGEGB_01785","SO:0001217, UniRef:UniRef50_A0A750UCV3"
"Threonine/serine transporter TdcC","tdcC",8,"LNHIMF_03290","SO:0001217, UniRef:UniRef50_P0AAD8"
"Threonine/serine transporter ThrP","thrP",8,"GEGEGB_03545","SO:0001217, UniRef:UniRef50_P27837"
"Transcriptional activator CadC","cadC",8,"GEGEGB_00323","SO:0001217, UniRef:UniRef50_P23890"
"Transcriptional regulatory protein DpiA","dpiA",8,"GEGEGB_02356","SO:0001217, UniRef:UniRef50_P0AEF4"
"Transport protein",NA,8,"LNHIMF_01910","SO:0001217, UniRef:UniRef50_A0A377WK07"
"Trp operon repressor",NA,8,"GEGEGB_04869","SO:0001217, UniRef:UniRef50_P37444"
"Type III restriction-modification enzyme StyLTI Res subunit",NA,8,"LNHIMF_00385","SO:0001217, UniRef:UniRef50_P40815"
"UDP-3-O-(3-hydroxymyristoyl)glucosamine N-acyltransferase",NA,8,"GEGEGB_00242","SO:0001217, UniRef:UniRef50_P21645"
"UPF0225 protein YchJ","ychJ",8,"LNHIMF_01823","SO:0001217, UniRef:UniRef50_P37052"
"Uncharacterized HTH-type transcriptional regulator YfiE","yfiE",8,"LNHIMF_02726","SO:0001217, UniRef:UniRef50_P33634"
"Uncharacterized MFS-type transporter YdeE","ydeE",8,"GEGEGB_01512","SO:0001217, UniRef:UniRef50_P31126"
"Uncharacterized Na(+)/H(+) antiporter HI_1107",NA,8,"LNHIMF_01613","SO:0001217, UniRef:UniRef50_Q57007"
"Uncharacterized protein YbiB","ybiB",8,"LNHIMF_00950","SO:0001217, UniRef:UniRef50_P30177"
"Uncharacterized protein YcaQ","ycaQ",8,"LNHIMF_01073","SO:0001217, UniRef:UniRef50_P75843"
"Uncharacterized protein YchH","ychH",8,"LNHIMF_01849","SO:0001217, UniRef:UniRef50_P0AB49"
"Uncharacterized protein YciW","yciW",8,"LNHIMF_01765","SO:0001217, UniRef:UniRef50_P76035"
"Uncharacterized protein YdbH","ydbH",8,"LNHIMF_01705","SO:0001217, UniRef:UniRef50_P52645"
"Uncharacterized protein YiiZ","yiiZ",8,"LNHIMF_04099","SO:0001217, UniRef:UniRef50_P43020"
"Uncharacterized tRNA/rRNA methyltransferase YfiF","yfiF",8,"GEGEGB_00283","SO:0001217, UniRef:UniRef50_P0AGJ5"
"Uptake hydrogenase small subunit",NA,8,"LNHIMF_01854","SO:0001217, UniRef:UniRef50_P31892"
"Voltage-dependent anion channel-forming protein YneE","yneE",8,"GEGEGB_01523","SO:0001217, UniRef:UniRef50_P76146"
"YccS/YhfK family integral membrane protein",NA,8,"LNHIMF_03512","SO:0001217, UniRef:UniRef50_A0A919HXQ4"
"YcgL domain-containing protein CKO-01183","ycgL",8,"GEGEGB_01127","SO:0001217, UniRef:UniRef50_A8AFR0"
"adhesin/invasin protein PagN","pagN",8,"GEGEGB_02676","BlastRules:WP_000787603, SO:0001217, UniRef:UniRef50_Q8ZRJ9"
"alanine transaminase AlaA","alaA",8,"GEGEGB_00573","BlastRules:WP_000074527, EC:2.6.1.2, SO:0001217, UniRef:UniRef50_I7JWI2"
"alpha-galactosidase","melA",8,"GEGEGB_04432","BlastRules:WP_000986601, EC:3.2.1.22, SO:0001217, UniRef:UniRef50_P06720"
"bifunctional aspartate kinase/homoserine dehydrogenase II","metL",8,"GEGEGB_03702","BlastRules:WP_000110772, EC:1.1.1.3, EC:2.7.2.4, SO:0001217, UniRef:UniRef50_A0A379U5A8"
"branched chain amino acid ABC transporter substrate-binding protein LivJ","livJ",8,"LNHIMF_03601","BlastRules:WP_001021996, SO:0001217, UniRef:UniRef50_A0A919LVJ6"
"chitoporin","chiP",8,"GEGEGB_02302","BlastRules:WP_001258803, SO:0001217, UniRef:UniRef50_P75733"
"efflux RND transporter permease AcrB","acrB",8,"GEGEGB_02508","BlastRules:WP_001132469, SO:0001217, UniRef:UniRef50_A0A346ACE5"
"fimbrial chaperone BcfG","bcfG",8,"GEGEGB_00031","BlastRules:WP_001135039, SO:0001217, UniRef:UniRef50_A0A6D2GD24"
"fimbrial usher BcfC","bcfC",8,"LNHIMF_00024","BlastRules:WP_001245864, SO:0001217, UniRef:UniRef50_A0A5U2F4X5"
"intimin-like inverse autotransporter SinH","sinH",8,"LNHIMF_02648","NCBIProtein:AAL21411.1, SO:0001217, UniRef:UniRef50_A0A447N6D5, VFDB:VFC0001, VFDB:VFG002307"
"minor curlin subunit precursor, curli nucleator protein CsgB","csgB",8,"GEGEGB_01873","VFDB:VFC0001, VFDB:VFG000457"
"osmoprotectant ABC transporter substrate-binding protein OsmX","osmX",8,"GEGEGB_01486","BlastRules:WP_001211193, SO:0001217, UniRef:UniRef50_A0A379S770"
"potassium binding protein Kbp","kbp",8,"LNHIMF_02823","BlastRules:WP_000522415, SO:0001217, UniRef:UniRef50_A0A5E6VF71"
"putative 3-deoxy-manno-octulosonic acid transferase",NA,8,"GEGEGB_04012","SO:0001217, UniRef:UniRef50_P27241"
"putative autotransporter","misL",8,"LNHIMF_03797","SO:0001217, UniRef:UniRef50_A0A5I9EM74, VFDB:VFC0001, VFDB:VFG002304"
"putative transport protein HsrA","hsrA",8,"LNHIMF_03929","SO:0001217, UniRef:UniRef50_P31474"
"ribonuclease BN",NA,8,"GEGEGB_00590","BlastRules:WP_000419093, SO:0001217, UniRef:UniRef50_P0A8V0"
"sirohydrochlorin cobaltochelatase",NA,8,"LNHIMF_02100","BlastRules:WP_000709784, SO:0001217, UniRef:UniRef50_Q05592"
"tRNA (cytidine/uridine-2'-O-)-methyltransferase TrmJ","trmJ",8,"GEGEGB_00336","SO:0001217, UniRef:UniRef50_R8B1A0"
"tRNA cytosine(34) acetyltransferase TmcA","tmcA",8,"GEGEGB_00407","BlastRules:WP_000829360, BlastRules:WP_001279831, EC:2.3.1.193, SO:0001217, UniRef:UniRef50_I2B6N2"
"tricarballylate utilization LysR family transcriptional regulator TcuR","tcuR",8,"GEGEGB_02297","BlastRules:WP_000423363, SO:0001217, UniRef:UniRef50_A0A4U9D8U4"
"type 1 fimbrial protein subunit FimI","fimI",8,"GEGEGB_02435","BlastRules:WP_000619606, SO:0001217, UniRef:UniRef50_Q08456"
"type III secretion system needle filament protein PrgI","prgI",8,"GEGEGB_02913","BlastRules:WP_000235228"
"1.0e-121","357.0",7,"BEJGEH_02407","0.948"
"1.0e-135","385.0",7,"GEGEGB_02828","1.0"
"1.0e-149","420.0",7,"BEJGEH_03348","0.995"
"1.0e-154","438.0",7,"GEGEGB_03758","0.996"
"1.0e-158","439.0",7,"BEJGEH_00869","1.0"
"1.0e-159","447.0",7,"GEGEGB_00010","0.992"
"1.0e-167","478.0",7,"GEGEGB_01379","0.992"
"1.0e-191","543.0",7,"LNHIMF_03743","1.003"
"1.0e-200","563.0",7,"LNHIMF_02443","0.826"
"1.0e-219","615.0",7,"LNHIMF_02653","0.948"
"1.0e-69","203.0",7,"BEJGEH_01948","1.0"
"1.0e-95","280.0",7,"GEGEGB_01241","1.0"
"1.1e-104","314.0",7,"GEGEGB_04634","0.876"
"1.1e-105","308.0",7,"LNHIMF_01149","0.995"
"1.1e-133","380.0",7,"LNHIMF_04349","0.978"
"1.1e-187","536.0",7,"BEJGEH_03906","0.978"
"1.1e-215","610.0",7,"GEGEGB_03731","0.982"
"1.1e-288","781.0",7,"BEJGEH_02574","1.0"
"1.2e-121","352.0",7,"HFCAGB_00105","0.996"
"1.2e-139","394.0",7,"GEGEGB_01393","1.0"
"1.2e-153","440.0",7,"GEGEGB_02336","1.041"
"1.2e-160","459.0",7,"LNHIMF_04152","0.995"
"1.2e-187","526.0",7,"GEGEGB_01470","1.0"
"1.2e-209","583.0",7,"GEGEGB_04667","1.0"
"1.2e-227","627.0",7,"GEGEGB_03829","1.088"
"1.2e-282","779.0",7,"LNHIMF_01154","0.976"
"1.2e-38","127.0",7,"GEGEGB_02605","0.984"
"1.2e-39","131.0",7,"GEGEGB_04663","0.989"
"1.2e-58","180.0",7,"BEJGEH_03116","1.0"
"1.2e-75","224.0",7,"LNHIMF_02997","1.0"
"1.2e-86","259.0",7,"LNHIMF_04034","0.985"
"1.3e-137","389.0",7,"GEGEGB_04046","1.0"
"1.3e-156","431.0",7,"LNHIMF_01174","1.0"
"1.3e-172","496.0",7,"LNHIMF_04448","0.981"
"1.3e-180","504.0",7,"HFCAGB_00951","0.970"
"1.3e-183","527.0",7,"LNHIMF_04047","1.049"
"1.3e-237","659.0",7,"LNHIMF_00781","1.0"
"1.3e-238","659.0",7,"BEJGEH_02466","1.142"
"1.3e-44","142.0",7,"GEGEGB_01088","1.0"
"1.3e-47","151.0",7,"GEGEGB_01602","0.989"
"1.3e-84","251.0",7,"BEJGEH_04116","0.952"
"1.3e-85","253.0",7,"GEGEGB_03965","1.006"
"1.3e-99","297.0",7,"GEGEGB_00317","0.992"
"1.4e-121","347.0",7,"HFCAGB_03186","0.828"
"1.4e-139","387.0",7,"GEGEGB_01627","1.0"
"1.4e-144","412.0",7,"LNHIMF_00189","0.992"
"1.4e-209","590.0",7,"LNHIMF_03847","0.982"
"1.4e-228","649.0",7,"LNHIMF_03839","0.984"
"1.4e-23","89.7",7,"GEGEGB_04264","0.972"
"1.4e-52","169.0",7,"LNHIMF_01972","0.960"
"1.4e-57","179.0",7,"GEGEGB_01261","1.0"
"1.4e-87","258.0",7,"LNHIMF_02585","1.024"
"1.5e-10","53.5",7,"GEGEGB_03959","1.0"
"1.5e-144","408.0",7,"GEGEGB_00663","1.0"
"1.5e-172","496.0",7,"LNHIMF_02210","1.051"
"1.5e-179","499.0",7,"HFCAGB_02093","1.0"
"1.5e-200","562.0",7,"LNHIMF_03868","0.964"
"1.6e-09","50.8",7,"BEJGEH_01271","0.931"
"1.6e-117","334.0",7,"BEJGEH_00712","1.0"
"1.6e-120","350.0",7,"GEGEGB_04233","1.081"
"1.6e-134","390.0",7,"LNHIMF_04099","0.988"
"1.6e-135","402.0",7,"GEGEGB_01583","1.088"
"1.6e-150","432.0",7,"LNHIMF_00390","0.940"
"1.6e-303","834.0",7,"GEGEGB_01846","0.973"
"1.6e-77","237.0",7,"GEGEGB_00246","1.0"
"1.7e-126","352.0",7,"LNHIMF_00553","1.0"
"1.7e-199","560.0",7,"GEGEGB_03894","0.964"
"1.7e-212","586.0",7,"GEGEGB_00306","1.039"
"1.7e-260","710.0",7,"LNHIMF_02917","1.0"
"1.7e-89","254.0",7,"GEGEGB_01358","1.0"
"1.8e-117","345.0",7,"LNHIMF_01810","0.993"
"1.8e-160","449.0",7,"GEGEGB_00675","0.996"
"1.8e-161","458.0",7,"LNHIMF_01724","0.805"
"1.8e-178","496.0",7,"LNHIMF_00334","0.953"
"1.8e-180","510.0",7,"GEGEGB_00641","1.011"
"1.8e-201","557.0",7,"BEJGEH_02297","0.990"
"1.8e-221","611.0",7,"BEJGEH_03691","1.0"
"1.8e-239","661.0",7,"GEGEGB_03928","0.804"
"1.8e-276","763.0",7,"LNHIMF_02473","0.970"
"1.8e-41","135.0",7,"BEJGEH_01950","1.0"
"1.8e-74","224.0",7,"LNHIMF_02719","1.031"
"1.9e-134","387.0",7,"LNHIMF_02090","0.877"
"1.9e-142","419.0",7,"LNHIMF_00471","0.988"
"1.9e-165","472.0",7,"LNHIMF_00346","1.057"
"1.9e-220","622.0",7,"BEJGEH_00325","0.998"
"1.9e-243","671.0",7,"LNHIMF_01231","0.855"
"1.9e-74","227.0",7,"GEGEGB_02860","1.027"
"1.9e-79","235.0",7,"GEGEGB_00096","0.992"
"2.0e-122","360.0",7,"GEGEGB_01832","1.028"
"2.0e-181","508.0",7,"GEGEGB_02072","1.0"
"2.0e-27","100.0",7,"GEGEGB_03446","1.0"
"2.0e-282","764.0",7,"LNHIMF_01085","1.0"
"2.0e-310","865.0",7,"GEGEGB_03378","0.977"
"2.1e-108","318.0",7,"GEGEGB_02148","1.0"
"2.1e-130","382.0",7,"HFCAGB_03011","0.881"
"2.1e-158","454.0",7,"LNHIMF_00905","1.089"
"2.1e-194","545.0",7,"GEGEGB_03917","0.997"
"2.1e-37","124.0",7,"LNHIMF_03723","0.971"
"2.2e-184","524.0",7,"GEGEGB_01796","1.003"
"2.2e-193","541.0",7,"LNHIMF_03964","0.958"
"2.2e-206","575.0",7,"GEGEGB_00535","0.967"
"2.2e-39","130.0",7,"BEJGEH_01642","1.0"
"2.2e-70","220.0",7,"BEJGEH_00725","0.954"
"2.3e-131","376.0",7,"BEJGEH_01332","1.0"
"2.3e-138","394.0",7,"BEJGEH_03623","0.996"
"2.3e-161","458.0",7,"LNHIMF_01188","1.0"
"2.3e-179","502.0",7,"LNHIMF_01822","1.040"
"2.3e-252","691.0",7,"LNHIMF_04000","1.0"
"2.3e-61","186.0",7,"BEJGEH_00031","0.958"
"2.3e-82","250.0",7,"LNHIMF_01503","0.962"
"2.4e-105","303.0",7,"LNHIMF_04098","0.942"
"2.4e-137","387.0",7,"LNHIMF_01588","1.040"
"2.4e-153","443.0",7,"GEGEGB_00534","0.981"
"2.4e-164","467.0",7,"LNHIMF_03268","0.910"
"2.4e-179","492.0",7,"LNHIMF_02904","1.0"
"2.4e-181","506.0",7,"GEGEGB_03676","0.989"
"2.4e-191","534.0",7,"GEGEGB_00685","0.991"
"2.4e-240","668.0",7,"GEGEGB_02593","0.989"
"2.4e-64","202.0",7,"GEGEGB_04166","0.934"
"2.4e-74","221.0",7,"BEJGEH_03694","1.103"
"2.5e-116","343.0",7,"GEGEGB_03831","0.943"
"2.5e-145","419.0",7,"BEJGEH_00051","0.984"
"2.5e-172","480.0",7,"LNHIMF_03527","1.052"
"2.5e-176","497.0",7,"LNHIMF_04446","1.149"
"2.5e-243","674.0",7,"GEGEGB_04811","0.971"
"2.5e-280","768.0",7,"GEGEGB_00760","1.009"
"2.5e-49","157.0",7,"GEGEGB_01220","0.983"
"2.5e-84","255.0",7,"HFCAGB_01990","0.931"
"2.6e-103","307.0",7,"HFCAGB_03630","0.982"
"2.6e-111","321.0",7,"LNHIMF_01169","1.185"
"2.6e-144","416.0",7,"GEGEGB_02221","1.044"
"2.6e-160","449.0",7,"GEGEGB_02967","1.195"
"2.6e-167","485.0",7,"GEGEGB_00721","0.956"
"2.6e-248","698.0",7,"GEGEGB_02991","0.982"
"2.6e-278","766.0",7,"LNHIMF_01132","0.818"
"2.6e-54","174.0",7,"GEGEGB_02966","0.969"
"2.6e-72","216.0",7,"LNHIMF_04327","1.0"
"2.6e-84","258.0",7,"GEGEGB_00336","1.004"
"2.6e-90","264.0",7,"LNHIMF_03731","0.873"
"2.7e-140","389.0",7,"GEGEGB_02893","1.0"
"2.7e-147","422.0",7,"GEGEGB_01015","0.993"
"2.7e-171","482.0",7,"GEGEGB_00142","1.279"
"2.7e-258","712.0",7,"GEGEGB_02767","1.075"
"2.7e-68","208.0",7,"GEGEGB_01731","0.814"
"2.8e-103","302.0",7,"LNHIMF_03766","1.0"
"2.8e-144","410.0",7,"LNHIMF_02867","1.0"
"2.8e-154","432.0",7,"BEJGEH_00819","1.080"
"2.8e-73","225.0",7,"GEGEGB_01120","1.0"
"2.8e-82","250.0",7,"BEJGEH_04510","0.967"
"2.9e-139","387.0",7,"GEGEGB_04681","1.0"
"2.9e-40","125.0",7,"LNHIMF_00382","1.0"
"2.9e-73","224.0",7,"LNHIMF_02621","0.853"
"3.0e-102","298.0",7,"GEGEGB_03145","1.0"
"3.0e-111","326.0",7,"GEGEGB_01881","0.996"
"3.0e-155","428.0",7,"LNHIMF_04472","1.0"
"3.0e-60","186.0",7,"GEGEGB_02532","1.0"
"3.0e-91","275.0",7,"GEGEGB_01739","1.182"
"3.1e-119","346.0",7,"GEGEGB_01415","0.984"
"3.1e-183","503.0",7,"GEGEGB_01604","1.0"
"3.1e-287","789.0",7,"BEJGEH_01861","1.110"
"3.2e-09","50.4",7,"GEGEGB_04792","1.0"
"3.2e-114","325.0",7,"GEGEGB_03950","1.0"
"3.2e-210","588.0",7,"BEJGEH_02187","1.0"
"3.2e-212","586.0",7,"LNHIMF_01506","0.830"
"3.2e-281","774.0",7,"BEJGEH_02960","1.141"
"3.2e-71","215.0",7,"LNHIMF_01380","0.993"
"3.3e-182","499.0",7,"GEGEGB_03685","1.0"
"3.3e-274","754.0",7,"LNHIMF_00869","1.162"
"3.3e-309","853.0",7,"GEGEGB_00264","1.005"
"3.3e-96","282.0",7,"GEGEGB_02517","1.005"
"3.4e-211","593.0",7,"LNHIMF_03096","1.008"
"3.4e-241","678.0",7,"GEGEGB_01407","1.0"
"3.4e-58","179.0",7,"GEGEGB_01743","0.862"
"3.4e-65","200.0",7,"LNHIMF_02000","0.993"
"3.4e-78","232.0",7,"GEGEGB_00302","1.0"
"3.5e-107","310.0",7,"LNHIMF_02764","1.005"
"3.5e-203","566.0",7,"LNHIMF_00132","0.994"
"3.5e-220","606.0",7,"LNHIMF_01139","1.067"
"3.5e-98","292.0",7,"GEGEGB_03027","0.979"
"3.6e-149","432.0",7,"GEGEGB_01057","1.005"
"3.6e-171","480.0",7,"LNHIMF_02617","1.035"
"3.6e-189","528.0",7,"LNHIMF_02206","0.993"
"3.6e-193","542.0",7,"GEGEGB_01718","1.0"
"3.6e-206","563.0",7,"LNHIMF_03281","1.0"
"3.6e-230","631.0",7,"LNHIMF_00321","1.0"
"3.6e-306","829.0",7,"LNHIMF_04379","1.0"
"3.7e-103","305.0",7,"GEGEGB_04665","0.984"
"3.7e-130","377.0",7,"GEGEGB_01247","0.911"
"3.7e-208","587.0",7,"GEGEGB_02736","1.010"
"3.7e-86","258.0",7,"LNHIMF_03141","0.990"
"3.8e-132","379.0",7,"GEGEGB_01719","1.0"
"3.8e-139","396.0",7,"GEGEGB_03248","1.0"
"3.8e-99","293.0",7,"BEJGEH_00191","0.968"
"3.9e-103","306.0",7,"BEJGEH_02989","0.974"
"3.9e-134","386.0",7,"GEGEGB_00911","0.877"
"3.9e-277","753.0",7,"LNHIMF_03025","0.998"
"3.9e-92","268.0",7,"GEGEGB_03949","1.099"
"4.0e-118","344.0",7,"LNHIMF_03584","0.972"
"4.0e-190","528.0",7,"GEGEGB_01051","0.854"
"4.0e-69","210.0",7,"GEGEGB_03353","1.007"
"4.1e-123","353.0",7,"GEGEGB_04400","0.995"
"4.1e-171","484.0",7,"GEGEGB_02195","0.968"
"4.1e-186","520.0",7,"LNHIMF_03042","0.818"
"4.1e-312","854.0",7,"GEGEGB_00479","0.996"
"4.1e-95","277.0",7,"BEJGEH_00125","1.0"
"4.2e-176","485.0",7,"GEGEGB_02395","0.996"
"4.2e-183","511.0",7,"GEGEGB_03450","1.0"
"4.3e-186","533.0",7,"LNHIMF_02490","0.981"
"4.3e-197","558.0",7,"GEGEGB_01961","0.981"
"4.4e-112","324.0",7,"HFCAGB_01525","0.966"
"4.4e-50","160.0",7,"LNHIMF_02866","1.0"
"4.4e-99","296.0",7,"GEGEGB_00173","0.992"
"4.5e-107","308.0",7,"GEGEGB_02569","0.942"
"4.5e-190","530.0",7,"GEGEGB_02891","0.980"
"4.5e-230","648.0",7,"GEGEGB_02375","1.0"
"4.5e-61","190.0",7,"GEGEGB_01225","0.886"
"4.5e-88","258.0",7,"LNHIMF_03457","0.943"
"4.6e-130","380.0",7,"BEJGEH_00437","0.994"
"4.7e-122","351.0",7,"GEGEGB_00990","0.991"
"4.7e-166","472.0",7,"GEGEGB_02668","0.828"
"4.7e-225","612.0",7,"BEJGEH_02052","1.0"
"4.7e-63","194.0",7,"GEGEGB_00978","0.964"
"4.8e-120","349.0",7,"GEGEGB_01375","1.007"
"4.8e-123","363.0",7,"LNHIMF_02958","0.943"
"4.8e-136","394.0",7,"GEGEGB_04418","0.967"
"4.8e-178","499.0",7,"GEGEGB_00463","0.975"
"4.8e-193","535.0",7,"LNHIMF_04224","0.993"
"4.8e-245","665.0",7,"LNHIMF_00258","1.0"
"4.9e-131","376.0",7,"LNHIMF_02486","1.0"
"4.9e-132","377.0",7,"BEJGEH_03712","1.0"
"4.9e-24","88.6",7,"GEGEGB_03231","1.0"
"4.9e-78","231.0",7,"GEGEGB_03144","0.816"
"4.9e-89","268.0",7,"LNHIMF_03981","1.0"
"4.9e-90","271.0",7,"LNHIMF_04599","0.992"
"5.0e-147","422.0",7,"BEJGEH_02329","0.997"
"5.0e-150","433.0",7,"GEGEGB_01200","0.920"
"5.0e-155","436.0",7,"BEJGEH_04303","1.0"
"5.0e-214","590.0",7,"HFCAGB_04724","0.983"
"5.0e-308","852.0",7,"LNHIMF_04350","0.974"
"5.0e-42","138.0",7,"GEGEGB_03392","0.949"
"5.0e-85","251.0",7,"GEGEGB_03840","1.0"
"5.1e-151","418.0",7,"LNHIMF_02923","1.0"
"5.1e-160","447.0",7,"LNHIMF_01856","1.004"
"5.1e-296","810.0",7,"GEGEGB_03042","0.998"
"5.2e-122","354.0",7,"LNHIMF_02513","0.934"
"5.2e-127","377.0",7,"GEGEGB_03220","1.016"
"5.2e-128","367.0",7,"GEGEGB_02058","0.996"
"5.2e-202","558.0",7,"GEGEGB_00695","1.0"
"5.2e-25","94.0",7,"LNHIMF_01651","1.039"
"5.2e-315","852.0",7,"GEGEGB_03019","1.0"
"5.2e-91","270.0",7,"GEGEGB_00572","0.975"
"5.2e-93","273.0",7,"BEJGEH_00548","0.982"
"5.3e-143","402.0",7,"GEGEGB_03896","1.043"
"5.3e-186","509.0",7,"LNHIMF_02921","1.0"
"5.3e-23","85.9",7,"GEGEGB_01130","1.0"
"5.3e-235","640.0",7,"BEJGEH_00525","1.0"
"5.3e-97","282.0",7,"LNHIMF_00521","1.0"
"5.4e-58","180.0",7,"GEGEGB_01471","0.983"
"5.5e-160","449.0",7,"GEGEGB_02046","0.951"
"5.6e-127","362.0",7,"LNHIMF_00392","0.995"
"5.6e-43","140.0",7,"GEGEGB_04395","1.0"
"5.6e-71","216.0",7,"GEGEGB_03050","1.064"
"5.7e-172","488.0",7,"GEGEGB_01828","1.118"
"5.7e-221","608.0",7,"BEJGEH_00016","1.0"
"5.7e-269","740.0",7,"LNHIMF_02691","0.993"
"5.8e-213","589.0",7,"GEGEGB_03880","0.809"
"5.8e-53","159.0",7,"LNHIMF_01468","1.0"
"5.8e-54","169.0",7,"GEGEGB_00278","1.0"
"5.9e-110","325.0",7,"LNHIMF_04422","0.986"
"5.9e-112","324.0",7,"BEJGEH_01630","1.0"
"5.9e-127","368.0",7,"LNHIMF_03035","1.034"
"6.0e-132","382.0",7,"GEGEGB_00003","1.0"
"6.0e-141","399.0",7,"LNHIMF_02812","1.0"
"6.0e-171","495.0",7,"GEGEGB_00728","0.992"
"6.0e-95","268.0",7,"GEGEGB_01026","1.0"
"6.1e-132","377.0",7,"GEGEGB_03782","0.838"
"6.1e-224","618.0",7,"LNHIMF_02251","0.853"
"6.1e-291","797.0",7,"GEGEGB_04858","1.0"
"6.2e-130","368.0",7,"GEGEGB_02474","1.0"
"6.4e-176","490.0",7,"LNHIMF_00877","0.858"
"6.4e-189","528.0",7,"LNHIMF_02655","0.825"
"6.4e-40","134.0",7,"GEGEGB_00394","0.941"
"6.4e-62","191.0",7,"BEJGEH_03488","0.993"
"6.4e-79","236.0",7,"GEGEGB_03079","0.980"
"6.4e-84","252.0",7,"LNHIMF_04412","1.0"
"6.5e-103","305.0",7,"GEGEGB_03135","1.012"
"6.6e-101","291.0",7,"LNHIMF_04471","1.0"
"6.6e-120","347.0",7,"LNHIMF_01419","1.0"
"6.6e-48","153.0",7,"GEGEGB_03704","0.914"
"6.6e-58","179.0",7,"GEGEGB_02301","0.973"
"6.7e-281","782.0",7,"LNHIMF_03255","1.003"
"6.8e-19","76.6",7,"GEGEGB_01702","1.017"
"6.8e-299","814.0",7,"BEJGEH_00984","1.0"
"6.9e-164","452.0",7,"GEGEGB_00963","1.0"
"7.2e-229","644.0",7,"LNHIMF_03243","0.809"
"7.2e-295","809.0",7,"LNHIMF_03290","1.214"
"7.4e-78","224.0",7,"GEGEGB_00869","1.0"
"7.5e-191","535.0",7,"GEGEGB_04196","1.0"
"7.5e-226","616.0",7,"LNHIMF_01706","0.997"
"7.5e-72","218.0",7,"GEGEGB_04743","0.981"
"7.6e-178","488.0",7,"GEGEGB_02276","1.0"
"7.6e-236","642.0",7,"LNHIMF_03663","0.991"
"7.7e-144","398.0",7,"GEGEGB_01328","1.0"
"7.7e-71","216.0",7,"LNHIMF_04017","1.006"
"7.7e-87","265.0",7,"LNHIMF_01965","0.989"
"7.8e-190","535.0",7,"LNHIMF_00943","1.084"
"7.9e-165","454.0",7,"GEGEGB_00552","1.0"
"7.9e-265","746.0",7,"GEGEGB_01104","0.986"
"8.0e-54","160.0",7,"LNHIMF_02906","1.0"
"8.1e-182","513.0",7,"GEGEGB_01159","1.0"
"8.1e-190","532.0",7,"GEGEGB_00326","0.823"
"8.1e-64","193.0",7,"BEJGEH_01582","0.829"
"8.2e-218","607.0",7,"LNHIMF_01411","0.997"
"8.2e-65","200.0",7,"LNHIMF_02861","0.982"
"8.4e-136","388.0",7,"LNHIMF_01018","1.202"
"8.4e-193","542.0",7,"BEJGEH_02428","0.842"
"8.4e-61","191.0",7,"GEGEGB_02606","0.928"
"8.4e-92","268.0",7,"LNHIMF_04601","0.987"
"8.5e-265","748.0",7,"LNHIMF_03408","0.989"
"8.6e-130","371.0",7,"GEGEGB_01935","0.977"
"8.8e-169","476.0",7,"LNHIMF_02620","1.0"
"8.8e-53","158.0",7,"LNHIMF_01287","1.0"
"9.0e-217","600.0",7,"GEGEGB_02622","1.0"
"9.0e-222","624.0",7,"LNHIMF_02952","0.996"
"9.0e-82","259.0",7,"BEJGEH_00748","1.0"
"9.0e-99","291.0",7,"LNHIMF_03966","0.991"
"9.1e-161","456.0",7,"GEGEGB_03509","0.937"
"9.2e-133","385.0",7,"HFCAGB_02742","0.994"
"9.2e-168","464.0",7,"GEGEGB_01109","1.0"
"9.4e-105","310.0",7,"GEGEGB_00521","0.955"
"9.5e-101","295.0",7,"GEGEGB_02473","1.0"
"9.5e-233","642.0",7,"GEGEGB_03805","0.983"
"9.6e-122","360.0",7,"GEGEGB_04187","0.988"
"9.6e-45","143.0",7,"GEGEGB_04218","1.0"
"9.7e-91","264.0",7,"LNHIMF_03084","0.942"
"9.7e-98","276.0",7,"LNHIMF_01450","1.0"
"9.8e-205","573.0",7,"GEGEGB_03491","0.997"
"9.8e-278","775.0",7,"GEGEGB_01155","1.003"
"9.8e-55","172.0",7,"GEGEGB_03214","1.0"
"9.9e-93","270.0",7,"GEGEGB_04222","0.873"
"ATP-dependent RNA helicase-like protein",NA,7,"LNHIMF_03197","SO:0001217, UniRef:UniRef50_A0A4R8ETW0"
"Alternative ribosome-rescue factor A",NA,7,"BEJGEH_03434","SO:0001217, UniRef:UniRef50_A8AQI6"
"Dimethylsulfoxide (DMSO) reductase, A subunit DmsA","dmsA",7,"LNHIMF_04383","SO:0001217, UniRef:UniRef50_I0HQT6"
"DprA winged helix domain-containing protein","dprA",7,"LNHIMF_03450","SO:0001217, UniRef:UniRef50_A0A6N2WU06"
"HAD family phosphatase",NA,7,"GEGEGB_03801","SO:0001217, UniRef:UniRef50_A0A0U0WV38"
"Lead, cadmium, zinc and mercury-transporting ATPase",NA,7,"LNHIMF_03610","SO:0001217, UniRef:UniRef50_A0A068R6Z5"
"Luciferase-like domain-containing protein",NA,7,"GEGEGB_03359","SO:0001217, UniRef:UniRef50_A0A917WTW6"
"Multidrug efflux pump Tap",NA,7,"LNHIMF_00735","SO:0001217, UniRef:UniRef50_A0A379WDU5"
"Pyridoxal kinase PdxY","pdxY",7,"LNHIMF_01500","SO:0001217, UniRef:UniRef50_A0A4T0UYJ7"
"SPI-1 type III secretion system guanine nucleotide exchange factor SopE2","sopE2",7,"LNHIMF_01922","BlastRules:WP_000182072, SO:0001217, UniRef:UniRef50_O52623"
"SPI-2 type III secretion system apparatus lipoprotein SsaJ","ssaJ",7,"LNHIMF_01457","BlastRules:WP_000862874, SO:0001217, UniRef:UniRef50_P74852"
"SsrAB-activated protein",NA,7,"GEGEGB_01583","SO:0001217, UniRef:UniRef50_H5V7A0"
"UPF0509 protein YciZ","yciZ",7,"GEGEGB_01702","SO:0001217, UniRef:UniRef50_B7LRZ3"
"UPF0716 protein FxsA","fxsA",7,"LNHIMF_04417","SO:0001217, UniRef:UniRef50_P37147"
"YdcY family protein","ydcY",7,"LNHIMF_01651","SO:0001217, UniRef:UniRef50_B7LQS6"
"citrate/succinate antiporter CitT","citT",7,"LNHIMF_00761","BlastRules:WP_000050323, SO:0001217, UniRef:UniRef50_P0AE74"
"multidrug efflux transporter outer membrane subunit MdsC","mdsC",7,"LNHIMF_00377","BlastRules:WP_001521068, SO:0001217, UniRef:UniRef50_Q7VZD2"
"1.0e-133","378.0",6,"BEJGEH_02317","1.0"
"1.0e-142","402.0",6,"GEGEGB_01672","0.860"
"1.0e-188","541.0",6,"LNHIMF_04433","0.996"
"1.0e-213","592.0",6,"HFCAGB_04663","1.0"
"1.1e-111","324.0",6,"GEGEGB_02530","1.0"
"1.1e-128","364.0",6,"LNHIMF_01250","1.0"
"1.1e-157","451.0",6,"HFCAGB_00381","1.101"
"1.1e-206","574.0",6,"GEGEGB_04123","0.997"
"1.1e-212","605.0",6,"BEJGEH_00074","1.002"
"1.1e-221","629.0",6,"GEGEGB_03332","0.985"
"1.1e-241","666.0",6,"BEJGEH_02077","0.991"
"1.1e-269","737.0",6,"LNHIMF_03748","0.992"
"1.1e-58","184.0",6,"GEGEGB_04678","0.987"
"1.1e-60","187.0",6,"LNHIMF_04253","1.0"
"1.1e-88","263.0",6,"GEGEGB_01801","1.0"
"1.2e-137","389.0",6,"GEGEGB_00265","0.817"
"1.2e-162","458.0",6,"AJBGEP_03884","1.0"
"1.2e-176","491.0",6,"AJBGEP_01366","0.803"
"1.2e-234","650.0",6,"GEGEGB_00360","0.977"
"1.2e-261","726.0",6,"GEGEGB_00006","1.0"
"1.2e-30","108.0",6,"GEGEGB_03213","0.915"
"1.3e-101","287.0",6,"LNHIMF_02901","1.0"
"1.3e-105","306.0",6,"GEGEGB_01023","1.0"
"1.3e-115","330.0",6,"LNHIMF_04648","0.994"
"1.3e-132","385.0",6,"GEGEGB_04022","1.006"
"1.3e-147","420.0",6,"GEGEGB_00193","0.845"
"1.3e-162","471.0",6,"LNHIMF_02423","0.979"
"1.3e-167","471.0",6,"GEGEGB_01489","0.887"
"1.3e-173","484.0",6,"BEJGEH_03552","1.0"
"1.3e-193","536.0",6,"LNHIMF_00106","1.0"
"1.3e-240","662.0",6,"GEGEGB_02137","0.828"
"1.3e-279","778.0",6,"GEGEGB_04427","0.984"
"1.3e-309","847.0",6,"LNHIMF_03263","0.985"
"1.3e-94","284.0",6,"HFCAGB_03242","0.984"
"1.3e-97","276.0",6,"GEGEGB_02940","1.0"
"1.4e-108","310.0",6,"HFCAGB_00746","1.0"
"1.4e-132","391.0",6,"HFCAGB_03129","1.194"
"1.4e-145","410.0",6,"BEJGEH_04338","1.0"
"1.4e-146","421.0",6,"LNHIMF_02025","0.997"
"1.4e-196","546.0",6,"GEGEGB_03695","1.0"
"1.4e-219","606.0",6,"LNHIMF_00447","1.0"
"1.4e-239","651.0",6,"LNHIMF_02576","0.997"
"1.4e-89","272.0",6,"GEGEGB_00307","1.0"
"1.5e-111","327.0",6,"BEJGEH_04366","1.004"
"1.5e-125","367.0",6,"LNHIMF_00179","0.977"
"1.5e-206","574.0",6,"GEGEGB_04752","0.937"
"1.5e-228","631.0",6,"HFCAGB_01979","1.116"
"1.5e-46","154.0",6,"LNHIMF_00933","0.959"
"1.5e-67","208.0",6,"LNHIMF_02007","0.976"
"1.5e-76","230.0",6,"BEJGEH_03422","1.0"
"1.5e-79","238.0",6,"HFCAGB_00961","0.924"
"1.6e-146","422.0",6,"LNHIMF_02431","0.960"
"1.6e-148","423.0",6,"LNHIMF_01799","0.979"
"1.6e-177","507.0",6,"HFCAGB_00693","0.983"
"1.6e-197","555.0",6,"LNHIMF_04436","1.009"
"1.6e-46","150.0",6,"LNHIMF_01550","1.0"
"1.6e-61","192.0",6,"LNHIMF_03197","0.988"
"1.7e-154","443.0",6,"BEJGEH_04643","0.994"
"1.7e-156","441.0",6,"LNHIMF_01075","1.0"
"1.7e-165","471.0",6,"BEJGEH_03762","0.963"
"1.7e-181","513.0",6,"GEGEGB_03945","0.844"
"1.7e-226","640.0",6,"LNHIMF_01418","0.982"
"1.7e-231","639.0",6,"GEGEGB_04156","1.0"
"1.7e-244","678.0",6,"BEJGEH_03763","0.991"
"1.7e-316","855.0",6,"GEGEGB_02077","1.0"
"1.7e-94","282.0",6,"GEGEGB_01763","1.055"
"1.8e-126","357.0",6,"LNHIMF_02859","1.0"
"1.8e-130","374.0",6,"LNHIMF_00919","0.992"
"1.8e-138","398.0",6,"BEJGEH_01760","0.835"
"1.8e-145","422.0",6,"GEGEGB_03678","0.973"
"1.8e-156","442.0",6,"GEGEGB_02149","0.843"
"1.8e-187","527.0",6,"GEGEGB_03068","0.971"
"1.8e-194","542.0",6,"BEJGEH_03228","0.947"
"1.8e-207","580.0",6,"GEGEGB_03906","0.833"
"1.8e-223","619.0",6,"GEGEGB_02105","1.202"
"1.8e-225","622.0",6,"GEGEGB_04375","1.006"
"1.8e-31","110.0",6,"GEGEGB_00687","0.976"
"1.8e-56","178.0",6,"GEGEGB_01313","1.0"
"1.8e-97","281.0",6,"GEGEGB_02663","1.0"
"1.9e-146","414.0",6,"AJBGEP_00796","0.845"
"1.9e-281","764.0",6,"GEGEGB_04176","1.0"
"1.9e-42","139.0",6,"HFCAGB_02997","0.960"
"1.9e-87","255.0",6,"GEGEGB_01589","1.0"
"2.0e-113","327.0",6,"GEGEGB_00876","1.0"
"2.0e-154","434.0",6,"HFCAGB_00022","1.158"
"2.0e-188","537.0",6,"GEGEGB_03070","0.962"
"2.0e-206","573.0",6,"GEGEGB_01370","0.984"
"2.0e-241","663.0",6,"AJBGEP_04570","0.938"
"2.0e-292","812.0",6,"LNHIMF_01590","0.988"
"2.0e-301","815.0",6,"LNHIMF_02947","1.0"
"2.0e-39","130.0",6,"LNHIMF_02834","1.0"
"2.0e-48","153.0",6,"LNHIMF_03684","1.0"
"2.0e-51","160.0",6,"LNHIMF_01195","1.0"
"2.0e-70","216.0",6,"HFCAGB_01283","0.973"
"2.0e-75","231.0",6,"LNHIMF_03401","0.950"
"2.1e-143","412.0",6,"GEGEGB_00293","1.066"
"2.1e-186","525.0",6,"LNHIMF_03047","0.971"
"2.1e-92","271.0",6,"LNHIMF_00543","0.982"
"2.2e-110","324.0",6,"LNHIMF_00911","0.977"
"2.2e-117","337.0",6,"LNHIMF_01197","1.0"
"2.2e-145","409.0",6,"BEJGEH_04689","0.928"
"2.2e-146","422.0",6,"GEGEGB_00605","0.963"
"2.2e-155","444.0",6,"LNHIMF_01648","1.003"
"2.2e-217","593.0",6,"LNHIMF_01228","1.0"
"2.2e-241","662.0",6,"LNHIMF_00991","0.930"
"2.2e-301","813.0",6,"HFCAGB_01885","1.0"
"2.3e-107","309.0",6,"LNHIMF_02506","0.988"
"2.3e-112","325.0",6,"AJBGEP_02205","1.0"
"2.3e-183","502.0",6,"LNHIMF_02879","1.0"
"2.3e-45","144.0",6,"GEGEGB_01575","1.0"
"2.4e-134","384.0",6,"GEGEGB_02964","0.964"
"2.4e-136","390.0",6,"LNHIMF_03554","0.957"
"2.4e-151","439.0",6,"LNHIMF_00138","1.146"
"2.4e-202","565.0",6,"GEGEGB_03864","1.0"
"2.4e-216","591.0",6,"LNHIMF_01227","1.0"
"2.4e-248","700.0",6,"GEGEGB_04629","0.982"
"2.4e-59","183.0",6,"LNHIMF_04635","0.991"
"2.5e-109","324.0",6,"GEGEGB_01644","0.820"
"2.5e-134","380.0",6,"GEGEGB_04195","0.801"
"2.5e-149","429.0",6,"LNHIMF_03961","0.960"
"2.5e-245","665.0",6,"GEGEGB_01694","1.0"
"2.5e-44","142.0",6,"BEJGEH_03403","1.0"
"2.6e-119","349.0",6,"BEJGEH_00157","1.027"
"2.6e-122","359.0",6,"GEGEGB_02879","0.997"
"2.6e-195","553.0",6,"LNHIMF_02036","0.973"
"2.6e-213","588.0",6,"BEJGEH_03716","0.986"
"2.7e-101","293.0",6,"LNHIMF_03759","0.994"
"2.7e-113","327.0",6,"GEGEGB_01753","0.966"
"2.7e-120","345.0",6,"LNHIMF_03539","0.995"
"2.7e-123","362.0",6,"GEGEGB_01325","0.991"
"2.7e-164","469.0",6,"GEGEGB_01536","0.936"
"2.7e-205","582.0",6,"HFCAGB_01686","0.992"
"2.7e-268","726.0",6,"GEGEGB_02038","1.0"
"2.8e-193","529.0",6,"GEGEGB_02903","1.0"
"2.8e-35","119.0",6,"LNHIMF_00729","0.972"
"2.9e-115","334.0",6,"LNHIMF_00098","1.0"
"2.9e-132","390.0",6,"LNHIMF_02955","1.194"
"2.9e-141","405.0",6,"GEGEGB_00458","0.979"
"3.0e-238","668.0",6,"BEJGEH_04177","0.991"
"3.0e-260","734.0",6,"GEGEGB_03492","1.002"
"3.0e-279","773.0",6,"LNHIMF_00076","0.976"
"3.1e-142","401.0",6,"LNHIMF_01501","1.0"
"3.1e-186","521.0",6,"LNHIMF_00170","0.991"
"3.1e-250","690.0",6,"LNHIMF_00822","1.035"
"3.1e-70","210.0",6,"LNHIMF_04073","1.0"
"3.1e-94","282.0",6,"LNHIMF_03051","0.974"
"3.2e-128","367.0",6,"LNHIMF_04652","0.982"
"3.2e-186","532.0",6,"GEGEGB_00379","0.978"
"3.3e-133","382.0",6,"LNHIMF_03562","0.996"
"3.3e-163","472.0",6,"GEGEGB_02185","0.944"
"3.4e-217","603.0",6,"GEGEGB_00283","0.997"
"3.4e-315","860.0",6,"GEGEGB_01680","1.077"
"3.4e-80","238.0",6,"HFCAGB_04600","1.0"
"3.5e-136","393.0",6,"GEGEGB_00065","0.993"
"3.5e-95","281.0",6,"GEGEGB_03443","0.995"
"3.6e-237","654.0",6,"BEJGEH_02094","0.938"
"3.6e-33","116.0",6,"LNHIMF_02006","0.811"
"3.6e-71","218.0",6,"GEGEGB_01869","0.983"
"3.7e-154","431.0",6,"GEGEGB_01321","0.845"
"3.7e-182","513.0",6,"LNHIMF_02514","0.978"
"3.7e-32","111.0",6,"LNHIMF_02068","1.0"
"3.7e-50","160.0",6,"LNHIMF_01689","0.921"
"3.8e-141","390.0",6,"HFCAGB_03075","1.0"
"3.8e-156","456.0",6,"BEJGEH_01541","1.021"
"3.8e-263","725.0",6,"HFCAGB_04297","0.949"
"3.9e-164","464.0",6,"GEGEGB_03071","0.990"
"3.9e-21","80.5",6,"LNHIMF_04639","1.0"
"3.9e-210","588.0",6,"GEGEGB_03550","1.184"
"4.0e-153","444.0",6,"GEGEGB_02664","1.029"
"4.0e-163","457.0",6,"BEJGEH_04418","1.159"
"4.0e-97","293.0",6,"GEGEGB_04403","0.963"
"4.1e-210","585.0",6,"GEGEGB_03038","1.005"
"4.3e-127","364.0",6,"GEGEGB_02559","0.996"
"4.3e-85","251.0",6,"LNHIMF_01901","1.0"
"4.4e-100","291.0",6,"GEGEGB_01042","1.0"
"4.4e-131","386.0",6,"LNHIMF_01838","0.995"
"4.4e-154","445.0",6,"LNHIMF_03962","0.981"
"4.4e-176","501.0",6,"LNHIMF_01885","0.995"
"4.5e-217","592.0",6,"GEGEGB_01821","1.0"
"4.5e-59","184.0",6,"BEJGEH_01000","1.007"
"4.5e-79","241.0",6,"GEGEGB_01504","0.969"
"4.6e-174","499.0",6,"BEJGEH_01462","0.950"
"4.6e-304","832.0",6,"GEGEGB_03545","0.996"
"4.6e-98","293.0",6,"BEJGEH_02908","0.996"
"4.7e-147","420.0",6,"BEJGEH_03812","0.997"
"4.7e-153","447.0",6,"GEGEGB_01925","0.980"
"4.7e-156","441.0",6,"LNHIMF_02422","0.925"
"4.8e-103","298.0",6,"BEJGEH_01778","0.988"
"4.8e-144","411.0",6,"LNHIMF_04001","0.996"
"4.8e-41","132.0",6,"GEGEGB_03877","1.0"
"4.8e-91","273.0",6,"LNHIMF_04615","0.982"
"4.9e-118","343.0",6,"GEGEGB_00805","1.105"
"4.9e-165","472.0",6,"GEGEGB_02614","0.989"
"5-formyltetrahydrofolate cyclo-ligase",NA,6,"GEGEGB_03130","SO:0001217, UniRef:UniRef50_A6VM34"
"5.0e-135","386.0",6,"GEGEGB_00895","1.0"
"5.0e-136","393.0",6,"LNHIMF_00062","0.993"
"5.0e-189","527.0",6,"GEGEGB_00850","0.993"
"5.0e-238","660.0",6,"LNHIMF_02255","1.086"
"5.0e-51","164.0",6,"LNHIMF_02833","0.972"
"5.0e-97","280.0",6,"BEJGEH_00328","1.0"
"5.1e-145","410.0",6,"BEJGEH_04124","1.0"
"5.1e-269","735.0",6,"HFCAGB_02618","0.995"
"5.1e-293","794.0",6,"BEJGEH_04313","1.0"
"5.1e-59","186.0",6,"LNHIMF_02673","1.035"
"5.3e-135","384.0",6,"GEGEGB_02225","0.940"
"5.3e-304","832.0",6,"GEGEGB_02355","1.0"
"5.5e-317","861.0",6,"GEGEGB_03199","1.042"
"5.5e-56","175.0",6,"LNHIMF_02504","0.968"
"5.6e-214","590.0",6,"BEJGEH_02353","0.984"
"5.7e-101","292.0",6,"GEGEGB_04281","1.0"
"5.7e-179","506.0",6,"LNHIMF_01341","0.934"
"5.8e-66","204.0",6,"GEGEGB_00009","0.920"
"5.9e-105","302.0",6,"LNHIMF_03189","1.085"
"5.9e-283","772.0",6,"BEJGEH_03578","0.990"
"5.9e-85","250.0",6,"LNHIMF_03196","0.835"
"5.9e-95","277.0",6,"GEGEGB_00128","1.0"
"6.0e-89","270.0",6,"BEJGEH_00751","0.939"
"6.1e-264","728.0",6,"LNHIMF_01331","1.091"
"6.2e-19","75.1",6,"GEGEGB_04104","1.0"
"6.2e-263","716.0",6,"BEJGEH_02433","1.0"
"6.2e-38","127.0",6,"GEGEGB_04317","1.045"
"6.3e-27","99.8",6,"GEGEGB_01274","0.948"
"6.3e-282","762.0",6,"BEJGEH_00703","1.0"
"6.3e-48","155.0",6,"BEJGEH_01007","1.056"
"6.4e-116","324.0",6,"GEGEGB_00147","1.0"
"6.4e-120","345.0",6,"LNHIMF_00789","1.0"
"6.4e-137","387.0",6,"GEGEGB_03641","0.996"
"6.4e-157","450.0",6,"LNHIMF_00913","0.994"
"6.4e-97","291.0",6,"BEJGEH_01517","0.927"
"6.6e-246","682.0",6,"GEGEGB_01919","1.068"
"6.7e-135","388.0",6,"BEJGEH_02031","0.877"
"6.9e-179","500.0",6,"BEJGEH_04281","0.912"
"6.9e-192","535.0",6,"BEJGEH_03946","0.990"
"6.9e-52","170.0",6,"LNHIMF_00791","0.857"
"6.9e-56","173.0",6,"GEGEGB_02602","1.0"
"6.9e-75","226.0",6,"LNHIMF_01743","0.994"
"7.0e-144","403.0",6,"BEJGEH_04331","1.0"
"7.0e-201","563.0",6,"BEJGEH_02333","0.826"
"7.0e-90","266.0",6,"GEGEGB_03640","1.0"
"7.1e-141","390.0",6,"LNHIMF_03422","1.0"
"7.1e-219","622.0",6,"GEGEGB_00116","0.989"
"7.2e-216","588.0",6,"LNHIMF_02900","1.0"
"7.2e-73","218.0",6,"BEJGEH_04437","0.858"
"7.3e-229","629.0",6,"BEJGEH_00123","1.0"
"7.4e-118","336.0",6,"BEJGEH_00208","1.068"
"7.4e-131","373.0",6,"LNHIMF_01474","0.991"
"7.5e-154","436.0",6,"GEGEGB_00956","0.993"
"7.6e-158","444.0",6,"HFCAGB_03934","0.988"
"7.6e-202","551.0",6,"LNHIMF_02895","1.0"
"7.7e-142","399.0",6,"LNHIMF_03796","0.980"
"7.7e-212","588.0",6,"LNHIMF_01717","0.957"
"7.8e-106","318.0",6,"LNHIMF_00733","0.960"
"7.8e-146","402.0",6,"GEGEGB_00859","1.0"
"7.8e-318","890.0",6,"GEGEGB_03694","1.040"
"7.9e-155","427.0",6,"GEGEGB_01352","1.0"
"7.9e-81","243.0",6,"LNHIMF_00177","0.989"
"8.0e-202","558.0",6,"GEGEGB_02124","0.957"
"8.1e-177","486.0",6,"GEGEGB_04177","1.0"
"8.1e-303","829.0",6,"LNHIMF_00978","1.200"
"8.2e-211","586.0",6,"GEGEGB_02103","0.991"
"8.2e-300","814.0",6,"HFCAGB_01962","0.998"
"8.3e-293","816.0",6,"LNHIMF_02360","0.978"
"8.3e-87","254.0",6,"GEGEGB_03348","1.115"
"8.4e-111","320.0",6,"LNHIMF_03415","1.0"
"8.4e-35","120.0",6,"GEGEGB_03167","1.021"
"8.4e-60","184.0",6,"GEGEGB_01067","0.957"
"8.4e-89","261.0",6,"GEGEGB_02319","0.924"
"8.9e-70","217.0",6,"HFCAGB_03248","0.981"
"9.0e-164","459.0",6,"LNHIMF_02485","0.996"
"9.0e-197","553.0",6,"GEGEGB_04635","1.009"
"9.0e-36","123.0",6,"LNHIMF_03851","0.878"
"9.2e-98","291.0",6,"GEGEGB_01326","1.012"
"9.3e-105","308.0",6,"BEJGEH_02039","0.976"
"9.3e-188","525.0",6,"BEJGEH_01320","1.0"
"9.4e-193","554.0",6,"GEGEGB_00221","1.0"
"9.4e-248","674.0",6,"BEJGEH_04347","0.992"
"9.5e-93","270.0",6,"GEGEGB_01581","1.0"
"9.6e-234","645.0",6,"LNHIMF_03745","0.951"
"9.8e-231","637.0",6,"GEGEGB_00245","0.880"
"9.9e-88","259.0",6,"LNHIMF_02061","0.994"
"BaiN-like insert domain-containing protein",NA,6,"LNHIMF_03622","SO:0001217, UniRef:UniRef50_A0A090V3N6"
"Chitin-binding type-3 domain-containing protein",NA,6,"BEJGEH_00257","SO:0001217, UniRef:UniRef50_A0A1L3ERG7"
"DUF302 domain-containing protein",NA,6,"GEGEGB_04798","SO:0001217, UniRef:UniRef50_A0A0J1LMW4"
"Enterobactin biosynthesis protein YbdZ","ybdZ",6,"LNHIMF_00729","SO:0001217, UniRef:UniRef50_P18393"
"Glutathionyl-hydroquinone reductase YqjG","yqjG",6,"LNHIMF_03279","SO:0001217, UniRef:UniRef50_A0A1Y5TPG6"
"Integrase",NA,6,"GEGEGB_01070","SO:0001217, UniRef:UniRef50_A0A5H5K5L7"
"Ner family transcriptional regulator",NA,6,"GEGEGB_00530","SO:0001217, UniRef:UniRef50_F9RKE8"
"Nucleoside diphosphate hydrolase",NA,6,"LNHIMF_03539","SO:0001217, UniRef:UniRef50_A0A085G0V8"
"Protein GrpE","grpE",6,"LNHIMF_02764","SO:0001217, UniRef:UniRef50_A0A807LAV3"
"Protein UshA","ushA",6,"LNHIMF_00520","SO:0001217, UniRef:UniRef50_P07024"
"Putative dehydrogenase, NAD(P)-binding, starvation-sensing protein",NA,6,"LNHIMF_01556","SO:0001217, UniRef:UniRef50_A0A377YXR8"
"Regulatory protein soxS","soxS",6,"LNHIMF_00723","SO:0001217, UniRef:UniRef50_A0A447UY09"
"SPI-4 type I secretion system auxiliary protein SiiA","siiA",6,"LNHIMF_04332","BlastRules:WP_000389233, SO:0001217, UniRef:UniRef50_A0A248KE65"
"Secretion system apparatus protein SsaO","ssaO",6,"LNHIMF_01464","SO:0001217, UniRef:UniRef50_P74858"
"Uncharacterized protein YfhG","yfhG",6,"GEGEGB_00317","SO:0001217, UniRef:UniRef50_P0AD44"
"1.0e-116","325.0",5,"GEGEGB_04286","1.0"
"1.0e-125","365.0",5,"GEGEGB_03036","0.944"
"1.0e-180","505.0",5,"HFCAGB_01033","0.886"
"1.0e-187","514.0",5,"HFCAGB_04678","1.0"
"1.1e-107","317.0",5,"LNHIMF_02712","0.971"
"1.1e-131","384.0",5,"GEGEGB_02101","1.028"
"1.1e-179","503.0",5,"LNHIMF_00207","0.980"
"1.1e-186","528.0",5,"BEJGEH_02609","1.0"
"1.1e-199","557.0",5,"GEGEGB_00708","1.0"
"1.1e-204","564.0",5,"AJBGEP_01343","0.982"
"1.1e-220","619.0",5,"GEGEGB_04865","1.017"
"1.1e-306","837.0",5,"LNHIMF_03865","0.991"
"1.1e-62","194.0",5,"LNHIMF_04218","0.966"
"1.1e-69","218.0",5,"HFCAGB_01543","1.009"
"1.1e-94","285.0",5,"LNHIMF_01618","0.904"
"1.2e-177","499.0",5,"GEGEGB_00564","0.972"
"1.2e-178","502.0",5,"LNHIMF_03889","0.984"
"1.2e-205","572.0",5,"GEGEGB_01408","0.813"
"1.2e-214","598.0",5,"GEGEGB_01779","0.976"
"1.2e-230","649.0",5,"LNHIMF_00127","1.095"
"1.2e-241","673.0",5,"LNHIMF_01361","1.0"
"1.2e-278","771.0",5,"GEGEGB_01468","1.079"
"1.2e-49","161.0",5,"GEGEGB_02191","0.987"
"1.3e-119","347.0",5,"GEGEGB_01310","1.0"
"1.3e-123","358.0",5,"GEGEGB_00332","0.971"
"1.3e-171","479.0",5,"LNHIMF_04079","1.0"
"1.3e-194","542.0",5,"HFCAGB_01892","0.997"
"1.3e-203","566.0",5,"GEGEGB_03413","0.994"
"1.3e-211","592.0",5,"GEGEGB_04643","0.820"
"1.3e-215","604.0",5,"GEGEGB_01137","1.028"
"1.3e-236","664.0",5,"BEJGEH_00630","0.933"
"1.3e-260","721.0",5,"GEGEGB_02037","1.002"
"1.3e-31","110.0",5,"GEGEGB_01089","0.987"
"1.3e-57","181.0",5,"HFCAGB_01416","1.0"
"1.3e-65","204.0",5,"LNHIMF_00368","0.966"
"1.4e-140","398.0",5,"GEGEGB_00901","1.0"
"1.4e-149","420.0",5,"GEGEGB_01618","0.991"
"1.4e-188","535.0",5,"GEGEGB_04363","1.002"
"1.4e-203","568.0",5,"LNHIMF_01478","1.0"
"1.4e-214","603.0",5,"AJBGEP_01241","1.135"
"1.4e-229","637.0",5,"GEGEGB_02121","1.186"
"1.4e-275","764.0",5,"BEJGEH_02602","0.957"
"1.4e-317","863.0",5,"BEJGEH_03138","1.042"
"1.4e-86","254.0",5,"LNHIMF_04070","0.966"
"1.5e-106","305.0",5,"GEGEGB_02894","1.0"
"1.5e-115","331.0",5,"GEGEGB_00548","1.0"
"1.5e-136","393.0",5,"BEJGEH_02444","0.990"
"1.5e-137","395.0",5,"GEGEGB_01275","0.835"
"1.5e-154","441.0",5,"GEGEGB_02822","0.972"
"1.5e-157","448.0",5,"GEGEGB_02081","0.978"
"1.5e-169","488.0",5,"GEGEGB_02519","0.939"
"1.5e-195","554.0",5,"LNHIMF_01682","1.0"
"1.5e-199","566.0",5,"GEGEGB_00621","1.051"
"1.5e-231","642.0",5,"BEJGEH_03262","0.802"
"1.5e-265","729.0",5,"GEGEGB_01481","1.0"
"1.5e-267","726.0",5,"LNHIMF_00217","1.0"
"1.6e-101","294.0",5,"LNHIMF_01356","0.988"
"1.6e-123","354.0",5,"GEGEGB_03379","1.240"
"1.6e-164","474.0",5,"LNHIMF_04441","1.243"
"1.6e-208","579.0",5,"LNHIMF_03702","1.0"
"1.6e-299","818.0",5,"BEJGEH_01707","1.036"
"1.7e-128","365.0",5,"GEGEGB_03513","1.0"
"1.7e-162","458.0",5,"GEGEGB_04029","1.0"
"1.7e-166","469.0",5,"LNHIMF_02665","0.996"
"1.7e-183","514.0",5,"GEGEGB_02196","1.166"
"1.7e-208","580.0",5,"LNHIMF_00734","0.955"
"1.7e-253","703.0",5,"LNHIMF_02241","0.983"
"1.7e-37","124.0",5,"BEJGEH_03966","1.068"
"1.7e-76","228.0",5,"LNHIMF_03923","1.0"
"1.7e-97","283.0",5,"GEGEGB_02512","0.904"
"1.8e-137","389.0",5,"LNHIMF_02598","1.0"
"1.8e-141","393.0",5,"GEGEGB_01056","0.995"
"1.8e-148","427.0",5,"BEJGEH_02337","0.973"
"1.8e-151","419.0",5,"LNHIMF_01459","1.0"
"1.8e-216","596.0",5,"LNHIMF_04565","0.983"
"1.8e-240","660.0",5,"HFCAGB_04694","1.088"
"1.8e-83","248.0",5,"HFCAGB_03049","0.936"
"1.9e-155","435.0",5,"GEGEGB_04838","1.0"
"1.9e-235","650.0",5,"GEGEGB_02403","1.0"
"1.9e-264","716.0",5,"BEJGEH_00386","1.0"
"1.9e-49","157.0",5,"LNHIMF_01497","0.892"
"2.0e-134","382.0",5,"BEJGEH_01469","0.995"
"2.0e-147","415.0",5,"GEGEGB_01350","1.0"
"2.0e-160","448.0",5,"BEJGEH_04065","1.0"
"2.0e-209","581.0",5,"AJBGEP_03852","1.0"
"2.0e-221","622.0",5,"GEGEGB_00949","0.929"
"2.1e-103","303.0",5,"AJBGEP_03508","0.991"
"2.1e-107","307.0",5,"GEGEGB_02688","0.994"
"2.1e-176","492.0",5,"LNHIMF_02051","1.0"
"2.1e-269","758.0",5,"LNHIMF_04051","0.992"
"2.1e-56","174.0",5,"BEJGEH_04451","0.990"
"2.2e-108","322.0",5,"GEGEGB_00308","0.993"
"2.2e-116","333.0",5,"LNHIMF_01981","0.995"
"2.2e-122","355.0",5,"AJBGEP_01209","0.971"
"2.2e-136","395.0",5,"HFCAGB_03539","1.003"
"2.2e-138","402.0",5,"GEGEGB_03462","0.976"
"2.2e-169","485.0",5,"GEGEGB_04258","0.995"
"2.2e-246","675.0",5,"LNHIMF_04112","0.991"
"2.2e-88","265.0",5,"LNHIMF_03228","0.971"
"2.3e-150","415.0",5,"GEGEGB_01875","1.0"
"2.3e-277","758.0",5,"LNHIMF_01430","1.017"
"2.3e-311","842.0",5,"GEGEGB_00062","1.0"
"2.3e-77","236.0",5,"LNHIMF_00240","1.0"
"2.4e-133","371.0",5,"GEGEGB_01339","1.0"
"2.4e-146","419.0",5,"GEGEGB_02230","0.974"
"2.4e-156","448.0",5,"AJBGEP_04338","0.991"
"2.4e-192","535.0",5,"GEGEGB_01239","0.802"
"2.4e-215","597.0",5,"GEGEGB_01034","1.0"
"2.4e-285","773.0",5,"GEGEGB_00486","1.0"
"2.4e-305","830.0",5,"GEGEGB_00076","1.0"
"2.4e-45","150.0",5,"GEGEGB_02386","0.978"
"2.4e-87","260.0",5,"BEJGEH_04335","0.927"
"2.5e-128","369.0",5,"HFCAGB_00005","0.996"
"2.5e-174","489.0",5,"GEGEGB_00432","0.986"
"2.5e-203","567.0",5,"BEJGEH_02100","0.884"
"2.5e-234","639.0",5,"GEGEGB_01021","1.0"
"2.5e-295","816.0",5,"HFCAGB_04316","0.977"
"2.5e-86","255.0",5,"GEGEGB_04798","0.980"
"2.5e-92","273.0",5,"LNHIMF_00259","1.0"
"2.6e-123","355.0",5,"LNHIMF_03673","0.987"
"2.6e-191","543.0",5,"GEGEGB_03997","0.993"
"2.6e-279","773.0",5,"AJBGEP_01709","0.982"
"2.7e-155","439.0",5,"GEGEGB_00614","0.925"
"2.7e-187","533.0",5,"GEGEGB_03441","1.0"
"2.7e-226","642.0",5,"GEGEGB_00955","0.991"
"2.7e-303","841.0",5,"BEJGEH_01301","1.002"
"2.7e-97","288.0",5,"GEGEGB_03158","0.889"
"2.8e-129","366.0",5,"GEGEGB_01804","1.0"
"2.8e-134","382.0",5,"GEGEGB_00057","0.996"
"2.8e-140","403.0",5,"LNHIMF_03710","0.983"
"2.8e-153","429.0",5,"GEGEGB_04658","1.0"
"2.8e-168","482.0",5,"LNHIMF_02260","1.174"
"2.8e-196","546.0",5,"BEJGEH_01146","1.0"
"2.8e-207","584.0",5,"BEJGEH_04396","0.976"
"2.8e-218","603.0",5,"BEJGEH_00501","0.997"
"2.8e-249","696.0",5,"LNHIMF_03426","0.971"
"2.9e-149","420.0",5,"LNHIMF_00770","1.146"
"2.9e-210","585.0",5,"BEJGEH_02990","1.005"
"2.9e-219","604.0",5,"GEGEGB_01910","1.067"
"2.9e-240","667.0",5,"GEGEGB_02411","0.995"
"2.9e-94","275.0",5,"LNHIMF_00121","0.964"
"2.9e-99","292.0",5,"BEJGEH_03172","0.982"
"3.0e-137","380.0",5,"BEJGEH_02130","1.0"
"3.0e-174","496.0",5,"LNHIMF_04148","0.979"
"3.0e-205","592.0",5,"BEJGEH_02356","0.998"
"3.0e-229","642.0",5,"LNHIMF_01346","0.987"
"3.0e-84","250.0",5,"GEGEGB_03644","1.198"
"3.0e-88","259.0",5,"GEGEGB_00591","1.0"
"3.1e-101","300.0",5,"LNHIMF_01375","0.996"
"3.1e-118","342.0",5,"LNHIMF_01551","0.991"
"3.1e-171","481.0",5,"GEGEGB_00704","0.968"
"3.1e-176","493.0",5,"LNHIMF_00452","0.996"
"3.1e-256","706.0",5,"GEGEGB_02134","0.983"
"3.2e-147","407.0",5,"BEJGEH_00563","1.0"
"3.2e-237","665.0",5,"LNHIMF_00468","0.923"
"3.2e-272","751.0",5,"GEGEGB_04706","0.991"
"3.3e-137","404.0",5,"BEJGEH_04619","0.944"
"3.3e-146","412.0",5,"LNHIMF_01206","1.0"
"3.3e-43","139.0",5,"HFCAGB_00884","1.0"
"3.3e-97","285.0",5,"LNHIMF_01388","1.0"
"3.4e-104","305.0",5,"GEGEGB_01734","0.972"
"3.4e-112","328.0",5,"GEGEGB_03345","1.004"
"3.4e-190","529.0",5,"GEGEGB_03424","0.997"
"3.5e-106","308.0",5,"LNHIMF_03134","1.0"
"3.5e-219","623.0",5,"AJBGEP_00111","0.989"
"3.6e-177","494.0",5,"GEGEGB_00611","0.981"
"3.6e-205","566.0",5,"LNHIMF_04392","1.0"
"3.6e-245","678.0",5,"LNHIMF_00409","0.995"
"3.7e-210","580.0",5,"GEGEGB_00574","0.984"
"3.7e-31","108.0",5,"BEJGEH_01214","0.987"
"3.7e-66","197.0",5,"LNHIMF_00437","1.0"
"3.7e-90","266.0",5,"GEGEGB_04365","1.0"
"3.8e-192","525.0",5,"AJBGEP_02309","1.0"
"3.8e-250","691.0",5,"LNHIMF_02254","1.099"
"3.9e-11","55.1",5,"LNHIMF_01695","0.935"
"3.9e-120","343.0",5,"GEGEGB_01204","0.801"
"3.9e-151","424.0",5,"LNHIMF_01949","1.170"
"3.9e-158","449.0",5,"GEGEGB_03510","0.973"
"3.9e-205","576.0",5,"BEJGEH_03224","0.985"
"3.9e-208","592.0",5,"GEGEGB_03561","0.996"
"3.9e-223","616.0",5,"BEJGEH_01353","1.0"
"4.0e-91","273.0",5,"LNHIMF_03528","1.062"
"4.1e-111","322.0",5,"GEGEGB_03408","1.0"
"4.1e-169","473.0",5,"GEGEGB_04805","1.0"
"4.1e-295","808.0",5,"HFCAGB_03206","0.998"
"4.1e-83","252.0",5,"GEGEGB_01238","0.931"
"4.2e-144","424.0",5,"LNHIMF_01137","0.934"
"4.2e-30","109.0",5,"GEGEGB_01642","0.946"
"4.2e-66","205.0",5,"BEJGEH_02687","0.977"
"4.3e-101","300.0",5,"GEGEGB_01032","0.903"
"4.3e-192","548.0",5,"GEGEGB_01052","1.008"
"4.3e-224","634.0",5,"LNHIMF_03165","0.958"
"4.3e-306","838.0",5,"LNHIMF_00155","1.0"
"4.4e-104","311.0",5,"LNHIMF_03592","0.983"
"4.4e-221","618.0",5,"GEGEGB_01518","1.182"
"4.5e-100","295.0",5,"GEGEGB_04808","0.946"
"4.5e-113","335.0",5,"GEGEGB_02810","0.974"
"4.5e-118","340.0",5,"GEGEGB_03842","0.976"
"4.5e-152","437.0",5,"GEGEGB_00679","0.994"
"4.5e-164","468.0",5,"BEJGEH_04530","0.979"
"4.5e-231","641.0",5,"GEGEGB_00366","1.102"
"4.6e-135","382.0",5,"LNHIMF_01038","0.884"
"4.6e-155","439.0",5,"LNHIMF_01500","1.0"
"4.6e-166","468.0",5,"HFCAGB_00195","0.907"
"4.6e-211","589.0",5,"GEGEGB_03028","1.137"
"4.7e-111","327.0",5,"GEGEGB_04001","0.996"
"4.7e-146","420.0",5,"HFCAGB_04759","0.975"
"4.7e-308","842.0",5,"GEGEGB_03808","0.972"
"4.8e-128","367.0",5,"GEGEGB_00651","0.935"
"4.8e-197","548.0",5,"AJBGEP_02016","1.0"
"4.8e-315","870.0",5,"GEGEGB_00461","0.995"
"4.9e-149","421.0",5,"LNHIMF_03136","1.0"
"4.9e-21","82.8",5,"LNHIMF_00848","0.882"
"4.9e-246","680.0",5,"GEGEGB_03080","0.978"
"4.9e-268","734.0",5,"GEGEGB_03762","1.0"
"4.9e-81","246.0",5,"GEGEGB_01815","0.972"
"5.0e-196","536.0",5,"LNHIMF_02894","1.0"
"5.0e-269","743.0",5,"GEGEGB_02440","1.002"
"5.0e-43","140.0",5,"GEGEGB_03270","1.133"
"5.0e-86","258.0",5,"HFCAGB_04563","1.021"
"5.1e-146","421.0",5,"GEGEGB_00533","1.096"
"5.1e-217","602.0",5,"LNHIMF_04535","1.0"
"5.1e-220","616.0",5,"AJBGEP_02693","0.948"
"5.1e-47","153.0",5,"LNHIMF_02436","1.0"
"5.1e-51","164.0",5,"GEGEGB_03227","1.0"
"5.2e-190","526.0",5,"BEJGEH_04101","0.989"
"5.3e-102","301.0",5,"BEJGEH_00606","0.980"
"5.3e-104","308.0",5,"GEGEGB_00841","1.109"
"5.3e-185","518.0",5,"GEGEGB_03552","1.0"
"5.3e-199","560.0",5,"LNHIMF_00718","0.974"
"5.3e-205","567.0",5,"GEGEGB_01151","0.996"
"5.3e-240","665.0",5,"GEGEGB_00802","1.086"
"5.3e-79","244.0",5,"BEJGEH_02205","0.957"
"5.4e-166","471.0",5,"LNHIMF_00924","0.994"
"5.4e-209","587.0",5,"AJBGEP_04117","1.048"
"5.4e-39","131.0",5,"BEJGEH_00589","0.965"
"5.4e-96","287.0",5,"LNHIMF_03646","0.906"
"5.5e-213","587.0",5,"GEGEGB_01256","1.0"
"5.5e-219","608.0",5,"LNHIMF_01344","1.228"
"5.5e-35","119.0",5,"GEGEGB_02416","1.179"
"5.5e-60","185.0",5,"LNHIMF_03850","0.933"
"5.6e-101","290.0",5,"BEJGEH_01254","0.993"
"5.6e-222","615.0",5,"BEJGEH_00633","0.980"
"5.6e-70","209.0",5,"GEGEGB_01219","1.0"
"5.7e-106","312.0",5,"BEJGEH_02448","0.925"
"5.7e-138","406.0",5,"GEGEGB_04809","0.944"
"5.7e-208","570.0",5,"LNHIMF_00168","1.0"
"5.7e-292","802.0",5,"GEGEGB_04224","1.171"
"5.7e-308","831.0",5,"LNHIMF_02527","0.998"
"5.7e-48","154.0",5,"GEGEGB_04251","0.981"
"5.7e-82","248.0",5,"HFCAGB_02033","0.974"
"5.8e-114","337.0",5,"LNHIMF_02257","0.947"
"5.9e-106","311.0",5,"LNHIMF_00273","0.992"
"5.9e-121","355.0",5,"GEGEGB_00518","0.948"
"5.9e-157","438.0",5,"BEJGEH_04466","1.055"
"5.9e-232","652.0",5,"LNHIMF_00063","0.964"
"5.9e-254","697.0",5,"GEGEGB_00136","0.994"
"5.9e-74","226.0",5,"BEJGEH_04472","0.984"
"6.0e-128","367.0",5,"LNHIMF_04019","1.0"
"6.0e-148","421.0",5,"LNHIMF_00206","0.996"
"6.0e-162","464.0",5,"LNHIMF_01582","0.984"
"6.0e-266","735.0",5,"GEGEGB_04696","0.989"
"6.1e-115","330.0",5,"LNHIMF_01894","0.995"
"6.1e-246","686.0",5,"BEJGEH_03320","1.0"
"6.1e-253","697.0",5,"GEGEGB_04351","0.829"
"6.2e-108","311.0",5,"LNHIMF_01128","1.212"
"6.2e-155","433.0",5,"GEGEGB_03755","0.996"
"6.3e-211","575.0",5,"LNHIMF_03106","1.0"
"6.3e-23","89.0",5,"LNHIMF_02710","0.942"
"6.3e-252","691.0",5,"HFCAGB_02772","1.0"
"6.4e-151","436.0",5,"BEJGEH_00153","1.020"
"6.5e-136","385.0",5,"LNHIMF_02661","1.0"
"6.5e-23","89.0",5,"GEGEGB_00303","1.0"
"6.5e-310","850.0",5,"BEJGEH_00839","0.847"
"6.6e-160","450.0",5,"BEJGEH_00245","0.984"
"6.7e-130","372.0",5,"GEGEGB_00991","0.992"
"6.7e-147","422.0",5,"GEGEGB_01814","1.003"
"6.7e-93","275.0",5,"GEGEGB_00073","1.0"
"6.8e-154","430.0",5,"AJBGEP_04571","1.0"
"6.8e-179","497.0",5,"AJBGEP_04249","0.855"
"6.8e-48","154.0",5,"BEJGEH_02508","0.975"
"6.9e-201","559.0",5,"GEGEGB_03668","0.997"
"7.0e-100","294.0",5,"GEGEGB_03233","0.982"
"7.0e-169","477.0",5,"GEGEGB_04119","0.994"
"7.0e-178","496.0",5,"GEGEGB_01729","1.123"
"7.1e-108","303.0",5,"HFCAGB_02313","1.0"
"7.1e-147","416.0",5,"GEGEGB_00300","1.116"
"7.1e-82","246.0",5,"HFCAGB_03632","0.983"
"7.2e-93","279.0",5,"BEJGEH_02646","0.984"
"7.3e-201","568.0",5,"HFCAGB_03450","0.978"
"7.3e-239","676.0",5,"GEGEGB_00669","1.032"
"7.4e-41","138.0",5,"BEJGEH_03523","0.932"
"7.5e-170","477.0",5,"GEGEGB_00451","0.960"
"7.6e-142","405.0",5,"HFCAGB_00192","1.0"
"7.6e-197","561.0",5,"LNHIMF_01893","0.991"
"7.6e-90","271.0",5,"AJBGEP_01719","0.893"
"7.7e-122","350.0",5,"GEGEGB_03299","1.0"
"7.7e-164","466.0",5,"LNHIMF_04321","1.0"
"7.7e-21","82.8",5,"GEGEGB_01771","0.947"
"7.7e-290","795.0",5,"HFCAGB_02733","1.017"
"7.8e-151","432.0",5,"GEGEGB_02631","0.949"
"7.8e-206","586.0",5,"HFCAGB_00380","1.002"
"7.9e-120","342.0",5,"HFCAGB_02028","0.801"
"7.9e-176","496.0",5,"LNHIMF_03291","0.982"
"8.0e-56","173.0",5,"GEGEGB_04664","1.0"
"8.2e-42","139.0",5,"LNHIMF_01947","0.968"
"8.4e-128","363.0",5,"GEGEGB_03304","0.841"
"8.5e-215","603.0",5,"GEGEGB_03560","1.036"
"8.6e-102","300.0",5,"HFCAGB_04187","0.940"
"8.6e-116","338.0",5,"HFCAGB_02229","0.966"
"8.6e-122","353.0",5,"GEGEGB_03012","0.977"
"8.6e-223","621.0",5,"GEGEGB_03205","0.985"
"8.6e-259","726.0",5,"BEJGEH_00693","1.103"
"8.7e-240","661.0",5,"GEGEGB_02757","0.928"
"8.7e-247","671.0",5,"GEGEGB_02228","1.0"
"8.8e-114","336.0",5,"GEGEGB_02363","0.963"
"8.8e-202","562.0",5,"LNHIMF_00402","0.808"
"8.8e-46","148.0",5,"LNHIMF_02435","0.946"
"8.9e-145","416.0",5,"LNHIMF_00065","0.977"
"8.9e-166","471.0",5,"GEGEGB_02899","0.991"
"8.9e-200","546.0",5,"LNHIMF_04473","1.0"
"8.9e-237","658.0",5,"GEGEGB_01794","0.940"
"9.0e-155","433.0",5,"BEJGEH_01705","0.845"
"9.1e-157","433.0",5,"LNHIMF_00554","1.0"
"9.1e-69","213.0",5,"GEGEGB_01400","1.005"
"9.3e-170","490.0",5,"GEGEGB_04198","1.065"
"9.3e-81","251.0",5,"AJBGEP_02347","0.895"
"9.5e-282","769.0",5,"BEJGEH_00244","1.0"
"9.5e-94","278.0",5,"LNHIMF_01675","1.062"
"9.6e-153","430.0",5,"LNHIMF_00274","0.971"
"9.6e-265","726.0",5,"LNHIMF_01664","1.0"
"9.6e-48","155.0",5,"GEGEGB_01634","1.066"
"9.7e-201","569.0",5,"LNHIMF_02519","0.977"
"9.8e-134","383.0",5,"GEGEGB_00154","0.972"
"9.8e-93","274.0",5,"GEGEGB_00161","0.973"
"9.9e-116","338.0",5,"GEGEGB_01035","0.996"
"DNA topoisomerase (ATP-hydrolyzing)",NA,5,"LNHIMF_03218","SO:0001217, UniRef:UniRef50_A0A6H2FB01"
"L-lactate dehydrogenase",NA,5,"GEGEGB_04035","SO:0001217, UniRef:UniRef50_P33232"
"Nitrite transporter NirC","nirC",5,"GEGEGB_04250","SO:0001217, UniRef:UniRef50_A0A7H0FDE5"
"Peptidyl-dipeptidase Dcp",NA,5,"GEGEGB_01506","SO:0001217, UniRef:UniRef50_A0AAI9DPQ1"
"Potassium channel domain-containing protein",NA,5,"HFCAGB_04598","SO:0001217, UniRef:UniRef50_A0A659R823"
"Quinol dehydrogenase ferredoxin subunit NapH","napH",5,"HFCAGB_02514","SO:0001217, UniRef:UniRef50_A0A963MVW4"
"Ribosomal protein uL16 3-hydroxylase",NA,5,"GEGEGB_01784","SO:0001217, UniRef:UniRef50_P27431"
"Uncharacterized protease ydcP","ydcP",5,"GEGEGB_01593","SO:0001217, UniRef:UniRef50_C9Y603"
"Uncharacterized protein YfeK","yfeK",5,"GEGEGB_00455","SO:0001217, UniRef:UniRef50_Q47702"
"glucose-1-phosphate thymidylyltransferase",NA,5,"BEJGEH_03966","SO:0001217, UniRef:UniRef50_A0A743X1B7"
"1.0e-113","331.0",4,"GEGEGB_04654","0.996"
"1.0e-120","337.0",4,"AJBGEP_00571","1.0"
"1.0e-143","411.0",4,"GEGEGB_03955","0.997"
"1.0e-157","447.0",4,"HFCAGB_01601","0.980"
"1.0e-171","485.0",4,"GEGEGB_00581","1.003"
"1.0e-178","507.0",4,"LNHIMF_00925","1.044"
"1.0e-179","509.0",4,"GEGEGB_00606","0.992"
"1.0e-208","575.0",4,"HFCAGB_01284","1.003"
"1.0e-234","644.0",4,"GEGEGB_00028","1.024"
"1.0e-239","661.0",4,"BEJGEH_01596","0.839"
"1.0e-281","788.0",4,"GEGEGB_03515","0.990"
"1.0e-295","799.0",4,"BEJGEH_02074","1.0"
"1.0e-78","239.0",4,"LNHIMF_00114","0.985"
"1.0e-96","290.0",4,"GEGEGB_03926","1.008"
"1.1e-102","303.0",4,"GEGEGB_00628","0.938"
"1.1e-110","322.0",4,"GEGEGB_01657","0.991"
"1.1e-112","335.0",4,"LNHIMF_04481","0.981"
"1.1e-113","325.0",4,"GEGEGB_01904","0.988"
"1.1e-117","334.0",4,"GEGEGB_02290","1.0"
"1.1e-126","358.0",4,"GEGEGB_02646","1.0"
"1.1e-152","422.0",4,"GEGEGB_00882","1.0"
"1.1e-154","433.0",4,"GEGEGB_03852","1.017"
"1.1e-160","457.0",4,"LNHIMF_03144","0.851"
"1.1e-161","462.0",4,"GEGEGB_00896","1.048"
"1.1e-166","481.0",4,"BEJGEH_00472","0.939"
"1.1e-182","516.0",4,"LNHIMF_00116","0.983"
"1.1e-193","537.0",4,"LNHIMF_01584","0.997"
"1.1e-197","555.0",4,"LNHIMF_02107","0.974"
"1.1e-208","578.0",4,"GEGEGB_00131","1.0"
"1.1e-213","601.0",4,"GEGEGB_01775","1.135"
"1.1e-255","715.0",4,"GEGEGB_00381","1.032"
"1.1e-54","169.0",4,"AJBGEP_04502","0.966"
"1.1e-78","244.0",4,"LNHIMF_02315","0.957"
"1.1e-97","283.0",4,"GEGEGB_00018","0.993"
"1.2e-100","290.0",4,"BEJGEH_04307","1.0"
"1.2e-117","332.0",4,"LNHIMF_01253","0.995"
"1.2e-119","341.0",4,"GEGEGB_01209","1.0"
"1.2e-126","367.0",4,"GEGEGB_03053","1.034"
"1.2e-128","368.0",4,"HFCAGB_02058","0.922"
"1.2e-154","439.0",4,"GEGEGB_01411","1.0"
"1.2e-173","477.0",4,"HFCAGB_01871","1.0"
"1.2e-184","516.0",4,"LNHIMF_03919","0.800"
"1.2e-199","556.0",4,"GEGEGB_04321","1.0"
"1.2e-231","631.0",4,"LNHIMF_01460","1.0"
"1.2e-236","652.0",4,"BEJGEH_00413","1.0"
"1.2e-269","746.0",4,"BEJGEH_00132","0.993"
"1.2e-270","739.0",4,"BEJGEH_00965","1.089"
"1.2e-279","765.0",4,"GEGEGB_03360","1.0"
"1.2e-288","813.0",4,"AJBGEP_03790","1.128"
"1.2e-46","150.0",4,"AJBGEP_03156","0.981"
"1.2e-51","164.0",4,"HFCAGB_01912","1.008"
"1.2e-68","211.0",4,"AJBGEP_04440","0.942"
"1.2e-91","266.0",4,"GEGEGB_00150","0.985"
"1.3e-118","333.0",4,"LNHIMF_00552","1.0"
"1.3e-121","352.0",4,"GEGEGB_02369","1.024"
"1.3e-136","394.0",4,"LNHIMF_04532","0.961"
"1.3e-145","417.0",4,"LNHIMF_00965","1.010"
"1.3e-152","430.0",4,"LNHIMF_02985","0.857"
"1.3e-185","520.0",4,"GEGEGB_01749","1.0"
"1.3e-190","538.0",4,"BEJGEH_02986","1.0"
"1.3e-200","575.0",4,"GEGEGB_04127","1.068"
"1.3e-204","566.0",4,"GEGEGB_03929","0.819"
"1.3e-206","572.0",4,"GEGEGB_04836","0.955"
"1.3e-210","599.0",4,"BEJGEH_04282","0.988"
"1.3e-24","92.0",4,"BEJGEH_02545","1.014"
"1.3e-243","660.0",4,"GEGEGB_01359","1.0"
"1.3e-247","690.0",4,"GEGEGB_03383","1.0"
"1.3e-284","780.0",4,"AJBGEP_03407","1.087"
"1.3e-286","785.0",4,"AJBGEP_01360","0.803"
"1.3e-55","171.0",4,"LNHIMF_04380","0.966"
"1.3e-88","268.0",4,"BEJGEH_01393","0.987"
"1.3e-96","282.0",4,"GEGEGB_04081","1.0"
"1.4e-103","299.0",4,"GEGEGB_03216","1.085"
"1.4e-120","337.0",4,"BEJGEH_00562","1.0"
"1.4e-122","361.0",4,"LNHIMF_01217","1.028"
"1.4e-128","372.0",4,"LNHIMF_00714","0.944"
"1.4e-129","369.0",4,"GEGEGB_04871","1.0"
"1.4e-138","398.0",4,"HFCAGB_03320","0.847"
"1.4e-152","441.0",4,"LNHIMF_02501","0.981"
"1.4e-153","439.0",4,"HFCAGB_02710","1.050"
"1.4e-211","583.0",4,"AJBGEP_02749","1.039"
"1.4e-217","598.0",4,"LNHIMF_03642","1.0"
"1.4e-224","644.0",4,"BEJGEH_01472","0.942"
"1.4e-248","691.0",4,"BEJGEH_01238","0.971"
"1.4e-292","817.0",4,"LNHIMF_02450","0.993"
"1.4e-296","813.0",4,"LNHIMF_00130","0.975"
"1.4e-40","132.0",4,"AJBGEP_00398","0.915"
"1.5e-146","413.0",4,"GEGEGB_02047","0.818"
"1.5e-161","452.0",4,"BEJGEH_03372","1.099"
"1.5e-182","516.0",4,"BEJGEH_00120","0.983"
"1.5e-193","537.0",4,"HFCAGB_04194","0.993"
"1.5e-202","575.0",4,"LNHIMF_03009","1.015"
"1.5e-213","591.0",4,"LNHIMF_04522","1.0"
"1.5e-216","603.0",4,"HFCAGB_00390","0.961"
"1.5e-217","616.0",4,"AJBGEP_04247","1.002"
"1.5e-260","734.0",4,"HFCAGB_04220","1.003"
"1.5e-276","783.0",4,"GEGEGB_01585","1.015"
"1.5e-278","788.0",4,"LNHIMF_01654","1.014"
"1.5e-279","765.0",4,"LNHIMF_04533","1.0"
"1.5e-280","770.0",4,"LNHIMF_03522","0.998"
"1.5e-301","814.0",4,"LNHIMF_00972","1.0"
"1.5e-68","205.0",4,"LNHIMF_01155","1.0"
"1.5e-72","220.0",4,"GEGEGB_01191","1.0"
"1.6e-114","333.0",4,"GEGEGB_00905","0.982"
"1.6e-121","349.0",4,"LNHIMF_00992","0.802"
"1.6e-143","409.0",4,"BEJGEH_00228","0.921"
"1.6e-145","419.0",4,"BEJGEH_01892","1.003"
"1.6e-154","433.0",4,"AJBGEP_04751","1.0"
"1.6e-169","474.0",4,"GEGEGB_02984","1.0"
"1.6e-193","537.0",4,"BEJGEH_01552","0.997"
"1.6e-201","567.0",4,"LNHIMF_02755","1.049"
"1.6e-209","589.0",4,"GEGEGB_03124","1.008"
"1.6e-246","683.0",4,"AJBGEP_01098","1.068"
"1.6e-255","706.0",4,"LNHIMF_04632","1.168"
"1.6e-260","738.0",4,"AJBGEP_00473","0.994"
"1.6e-32","114.0",4,"GEGEGB_00947","0.893"
"1.6e-42","141.0",4,"LNHIMF_03495","0.949"
"1.6e-69","217.0",4,"GEGEGB_03646","0.910"
"1.6e-98","295.0",4,"GEGEGB_02106","0.964"
"1.7e-115","329.0",4,"LNHIMF_01146","0.988"
"1.7e-135","392.0",4,"BEJGEH_04073","0.980"
"1.7e-158","451.0",4,"LNHIMF_02656","1.030"
"1.7e-17","71.2",4,"LNHIMF_00536","1.0"
"1.7e-186","511.0",4,"GEGEGB_00267","1.0"
"1.7e-194","543.0",4,"LNHIMF_01255","0.991"
"1.7e-198","549.0",4,"GEGEGB_00471","1.0"
"1.7e-205","572.0",4,"AJBGEP_01695","0.988"
"1.7e-21","84.0",4,"GEGEGB_02279","0.882"
"1.7e-256","706.0",4,"ODDLKH_03062","1.0"
"1.7e-269","745.0",4,"LNHIMF_02964","0.979"
"1.7e-84","249.0",4,"GEGEGB_03224","0.835"
"1.8e-107","313.0",4,"BEJGEH_02387","1.058"
"1.8e-140","398.0",4,"AJBGEP_03874","1.123"
"1.8e-150","438.0",4,"GEGEGB_00434","0.983"
"1.8e-265","734.0",4,"AJBGEP_02746","1.004"
"1.8e-34","118.0",4,"GEGEGB_02171","1.0"
"1.9e-136","402.0",4,"LNHIMF_04577","0.944"
"1.9e-166","472.0",4,"AJBGEP_00819","0.994"
"1.9e-203","561.0",4,"GEGEGB_01207","0.982"
"1.9e-226","629.0",4,"GEGEGB_03061","1.042"
"1.9e-246","678.0",4,"GEGEGB_04044","1.034"
"1.9e-59","182.0",4,"GEGEGB_04074","0.940"
"1.9e-80","239.0",4,"GEGEGB_00743","1.0"
"2.0e-110","325.0",4,"BEJGEH_02690","0.945"
"2.0e-115","344.0",4,"HFCAGB_00331","1.011"
"2.0e-118","336.0",4,"LNHIMF_00839","1.0"
"2.0e-136","385.0",4,"LNHIMF_00997","0.956"
"2.0e-16","68.6",4,"BEJGEH_00522","1.0"
"2.0e-166","479.0",4,"ODDLKH_03059","0.991"
"2.0e-178","506.0",4,"GEGEGB_02202","1.044"
"2.0e-189","529.0",4,"BEJGEH_03267","1.093"
"2.0e-193","539.0",4,"AJBGEP_00412","0.993"
"2.0e-201","560.0",4,"HFCAGB_01906","1.048"
"2.0e-213","591.0",4,"GEGEGB_00726","0.997"
"2.0e-226","637.0",4,"LNHIMF_02274","1.137"
"2.0e-265","737.0",4,"GEGEGB_00588","1.144"
"2.0e-314","858.0",4,"LNHIMF_01746","1.077"
"2.0e-61","193.0",4,"GEGEGB_00311","0.913"
"2.0e-78","238.0",4,"LNHIMF_00459","1.005"
"2.0e-80","243.0",4,"LNHIMF_03674","0.979"
"2.0e-81","245.0",4,"BEJGEH_03426","0.983"
"2.1e-102","306.0",4,"GEGEGB_00032","0.954"
"2.1e-172","491.0",4,"BEJGEH_00648","1.109"
"2.1e-204","571.0",4,"AJBGEP_00933","1.032"
"2.1e-205","595.0",4,"GEGEGB_00571","1.003"
"2.1e-224","634.0",4,"GEGEGB_03196","0.958"
"2.1e-231","642.0",4,"IKCLMC_03600","0.802"
"2.1e-240","679.0",4,"HFCAGB_03933","1.045"
"2.1e-265","735.0",4,"GEGEGB_02553","0.993"
"2.1e-71","219.0",4,"BEJGEH_00619","1.0"
"2.2e-130","377.0",4,"LNHIMF_00270","0.992"
"2.2e-157","441.0",4,"LNHIMF_00726","1.056"
"2.2e-161","452.0",4,"GEGEGB_03435","1.095"
"2.2e-168","469.0",4,"LNHIMF_03589","1.0"
"2.3e-211","591.0",4,"HFCAGB_04422","1.0"
"2.3e-287","790.0",4,"LNHIMF_03924","0.932"
"2.3e-42","140.0",4,"AJBGEP_03623","0.949"
"2.3e-60","184.0",4,"AJBGEP_03841","0.940"
"2.4e-112","321.0",4,"HFCAGB_02050","1.0"
"2.4e-150","431.0",4,"LNHIMF_02810","0.985"
"2.4e-166","469.0",4,"BEJGEH_02561","0.996"
"2.4e-212","588.0",4,"BEJGEH_04521","1.0"
"2.4e-246","686.0",4,"GEGEGB_04047","0.987"
"2.4e-261","718.0",4,"LNHIMF_03007","0.895"
"2.5e-114","333.0",4,"LNHIMF_04455","0.996"
"2.5e-130","374.0",4,"BEJGEH_00709","0.984"
"2.5e-147","419.0",4,"HFCAGB_00191","0.845"
"2.5e-158","448.0",4,"BEJGEH_02627","0.950"
"2.5e-179","507.0",4,"GEGEGB_03720","1.208"
"2.5e-229","638.0",4,"BEJGEH_02795","0.970"
"2.5e-236","641.0",4,"BEJGEH_02417","1.0"
"2.5e-239","683.0",4,"GEGEGB_01551","0.995"
"2.5e-275","758.0",4,"BEJGEH_02151","1.006"
"2.6e-127","372.0",4,"GEGEGB_03715","0.964"
"2.6e-132","392.0",4,"BEJGEH_00282","0.985"
"2.6e-215","603.0",4,"HFCAGB_01472","0.993"
"2.6e-274","761.0",4,"LNHIMF_01791","1.0"
"2.6e-34","119.0",4,"GEGEGB_03943","0.963"
"2.6e-38","127.0",4,"LNHIMF_00724","1.0"
"2.6e-65","203.0",4,"GEGEGB_02652","0.966"
"2.6e-86","256.0",4,"LNHIMF_01298","0.994"
"2.7e-194","543.0",4,"GEGEGB_03728","0.985"
"2.7e-281","788.0",4,"LNHIMF_01144","1.072"
"2.7e-57","176.0",4,"LNHIMF_01002","1.0"
"2.7e-70","211.0",4,"LNHIMF_03166","0.960"
"2.7e-79","241.0",4,"GEGEGB_01165","0.966"
"2.7e-93","276.0",4,"BEJGEH_01459","1.062"
"2.8e-136","387.0",4,"AJBGEP_03405","1.0"
"2.8e-158","447.0",4,"LNHIMF_04077","0.858"
"2.8e-172","496.0",4,"LNHIMF_03302","0.961"
"2.8e-18","76.3",4,"GEGEGB_01682","0.986"
"2.8e-181","503.0",4,"BEJGEH_03499","0.996"
"2.8e-183","523.0",4,"GEGEGB_03554","0.998"
"2.8e-205","577.0",4,"GEGEGB_00706","1.155"
"2.8e-224","632.0",4,"AJBGEP_03976","0.986"
"2.8e-303","828.0",4,"BEJGEH_02773","0.880"
"2.8e-39","129.0",4,"BEJGEH_00388","1.028"
"2.8e-57","177.0",4,"AJBGEP_04240","0.981"
"2.8e-98","292.0",4,"GEGEGB_04129","0.979"
"2.9e-146","416.0",4,"GEGEGB_00212","0.996"
"2.9e-158","454.0",4,"GEGEGB_02222","1.089"
"2.9e-241","665.0",4,"GEGEGB_04194","1.0"
"2.9e-268","743.0",4,"GEGEGB_00135","0.993"
"2.9e-286","783.0",4,"GEGEGB_02823","0.929"
"2.9e-78","238.0",4,"BEJGEH_03492","1.016"
"3.0e-153","429.0",4,"LNHIMF_01429","0.845"
"3.0e-167","471.0",4,"GEGEGB_00351","0.996"
"3.0e-183","501.0",4,"LNHIMF_02724","1.0"
"3.0e-208","583.0",4,"BEJGEH_03981","0.954"
"3.0e-233","649.0",4,"AJBGEP_00609","0.983"
"3.0e-49","149.0",4,"HFCAGB_01884","1.0"
"3.0e-95","281.0",4,"LNHIMF_00787","1.0"
"3.1e-116","344.0",4,"GEGEGB_02053","0.985"
"3.1e-121","349.0",4,"LNHIMF_03267","1.0"
"3.1e-127","361.0",4,"LNHIMF_02727","1.082"
"3.1e-137","388.0",4,"HFCAGB_03346","0.903"
"3.1e-143","397.0",4,"LNHIMF_01435","1.0"
"3.1e-177","486.0",4,"BEJGEH_00724","1.0"
"3.1e-239","662.0",4,"BEJGEH_02120","1.059"
"3.1e-276","761.0",4,"LNHIMF_02273","1.006"
"3.1e-313","878.0",4,"LNHIMF_02141","1.0"
"3.1e-73","222.0",4,"HFCAGB_03561","1.168"
"3.1e-91","274.0",4,"GEGEGB_03546","0.976"
"3.2e-179","501.0",4,"HFCAGB_00203","0.980"
"3.2e-214","591.0",4,"GEGEGB_04049","0.986"
"3.2e-230","636.0",4,"GEGEGB_01601","1.0"
"3.2e-235","640.0",4,"GEGEGB_00874","1.0"
"3.3e-105","305.0",4,"AJBGEP_02175","1.116"
"3.3e-108","317.0",4,"BEJGEH_03755","0.996"
"3.3e-119","352.0",4,"HFCAGB_00681","0.997"
"3.3e-159","445.0",4,"LNHIMF_04058","1.0"
"3.3e-170","476.0",4,"GEGEGB_03264","1.0"
"3.3e-201","565.0",4,"BEJGEH_00926","0.997"
"3.3e-226","630.0",4,"BEJGEH_02308","1.025"
"3.3e-261","722.0",4,"BEJGEH_00957","1.002"
"3.3e-34","119.0",4,"LNHIMF_02038","1.0"
"3.4e-111","321.0",4,"LNHIMF_01969","0.970"
"3.4e-129","369.0",4,"HFCAGB_02336","0.812"
"3.4e-150","434.0",4,"AJBGEP_00448","0.957"
"3.4e-230","648.0",4,"GEGEGB_00134","1.095"
"3.4e-295","806.0",4,"HFCAGB_03905","1.0"
"3.4e-64","198.0",4,"BEJGEH_02473","0.973"
"3.5e-126","370.0",4,"GEGEGB_00418","0.942"
"3.5e-132","378.0",4,"GEGEGB_04053","1.0"
"3.5e-142","394.0",4,"GEGEGB_00607","1.0"
"3.5e-147","426.0",4,"GEGEGB_04715","0.997"
"3.5e-154","425.0",4,"GEGEGB_04671","1.0"
"3.5e-184","509.0",4,"BEJGEH_04135","1.0"
"3.5e-270","738.0",4,"AJBGEP_01059","1.089"
"3.5e-287","792.0",4,"GEGEGB_03453","1.0"
"3.6e-120","350.0",4,"LNHIMF_03498","1.033"
"3.6e-195","548.0",4,"LNHIMF_03148","0.983"
"3.6e-232","632.0",4,"LNHIMF_02126","1.0"
"3.6e-57","178.0",4,"BEJGEH_01571","0.862"
"3.7e-124","360.0",4,"HFCAGB_03438","0.996"
"3.7e-156","452.0",4,"HFCAGB_02921","1.0"
"3.7e-158","448.0",4,"AJBGEP_01765","0.980"
"3.7e-166","471.0",4,"HFCAGB_00891","0.994"
"3.7e-19","75.5",4,"GEGEGB_02577","1.0"
"3.7e-218","604.0",4,"GEGEGB_03686","1.0"
"3.7e-238","659.0",4,"LNHIMF_02750","0.997"
"3.7e-266","751.0",4,"LNHIMF_00824","1.040"
"3.7e-276","759.0",4,"GEGEGB_03568","1.0"
"3.7e-60","188.0",4,"BEJGEH_01806","0.943"
"3.7e-82","243.0",4,"LNHIMF_02475","1.0"
"3.7e-92","279.0",4,"GEGEGB_01053","0.962"
"3.8e-105","313.0",4,"GEGEGB_00652","1.073"
"3.8e-158","449.0",4,"GEGEGB_02874","1.0"
"3.8e-271","736.0",4,"BEJGEH_03732","1.0"
"3.9e-155","440.0",4,"AJBGEP_04392","1.003"
"3.9e-172","473.0",4,"HFCAGB_01419","1.0"
"3.9e-74","223.0",4,"GEGEGB_03839","0.980"
"4.0e-108","311.0",4,"LNHIMF_03170","0.975"
"4.0e-130","370.0",4,"HFCAGB_01647","0.981"
"4.0e-177","507.0",4,"BEJGEH_00004","1.051"
"4.0e-89","271.0",4,"BEJGEH_02607","1.0"
"4.1e-121","352.0",4,"GEGEGB_02988","0.992"
"4.1e-158","446.0",4,"GEGEGB_03784","0.966"
"4.1e-168","462.0",4,"AJBGEP_01423","1.0"
"4.1e-197","548.0",4,"GEGEGB_00080","1.102"
"4.1e-235","651.0",4,"BEJGEH_02553","0.979"
"4.1e-91","270.0",4,"HFCAGB_00262","1.0"
"4.2e-189","519.0",4,"BEJGEH_00517","1.0"
"4.2e-224","628.0",4,"HFCAGB_00656","1.095"
"4.2e-77","233.0",4,"AJBGEP_02949","0.994"
"4.3e-126","360.0",4,"BEJGEH_01085","1.0"
"4.3e-153","432.0",4,"BEJGEH_02373","0.808"
"4.3e-159","444.0",4,"GEGEGB_02135","1.058"
"4.3e-189","528.0",4,"BEJGEH_01078","1.0"
"4.3e-204","575.0",4,"AJBGEP_03222","1.0"
"4.3e-227","634.0",4,"LNHIMF_00425","0.988"
"4.3e-231","655.0",4,"BEJGEH_01080","0.986"
"4.3e-238","667.0",4,"GEGEGB_03681","0.991"
"4.3e-294","804.0",4,"BEJGEH_00820","1.0"
"4.3e-308","833.0",4,"LNHIMF_04334","1.0"
"4.3e-55","175.0",4,"LNHIMF_02259","0.960"
"4.4e-253","705.0",4,"BEJGEH_00204","1.108"
"4.4e-88","264.0",4,"GEGEGB_03260","0.971"
"4.5e-101","297.0",4,"GEGEGB_03152","1.0"
"4.5e-122","352.0",4,"GEGEGB_00330","0.996"
"4.5e-145","418.0",4,"GEGEGB_00098","1.009"
"4.5e-267","723.0",4,"AJBGEP_00991","1.0"
"4.5e-280","765.0",4,"LNHIMF_00230","1.0"
"4.5e-64","196.0",4,"HFCAGB_01168","1.0"
"4.5e-76","234.0",4,"BEJGEH_01212","1.019"
"4.6e-116","332.0",4,"IKCLMC_03203","0.994"
"4.6e-136","387.0",4,"AJBGEP_04256","0.983"
"4.6e-167","471.0",4,"LNHIMF_01492","1.0"
"4.6e-177","502.0",4,"LNHIMF_03265","0.989"
"4.6e-190","526.0",4,"LNHIMF_01325","1.049"
"4.6e-203","554.0",4,"GEGEGB_01168","1.0"
"4.6e-227","619.0",4,"GEGEGB_01353","1.0"
"4.6e-258","709.0",4,"GEGEGB_00689","1.0"
"4.7e-131","364.0",4,"GEGEGB_02873","1.0"
"4.7e-78","238.0",4,"GEGEGB_01621","0.977"
"4.8e-150","430.0",4,"HFCAGB_02980","0.985"
"4.8e-153","444.0",4,"LNHIMF_02590","0.983"
"4.8e-227","631.0",4,"BEJGEH_03011","1.042"
"4.8e-64","201.0",4,"HFCAGB_03805","0.934"
"4.8e-87","256.0",4,"GEGEGB_02205","0.994"
"4.9e-125","369.0",4,"GEGEGB_02179","1.006"
"4.9e-137","387.0",4,"AJBGEP_00257","0.817"
"5.0e-104","299.0",4,"GEGEGB_04059","1.0"
"5.0e-138","399.0",4,"HFCAGB_03496","1.229"
"5.0e-206","576.0",4,"BEJGEH_03881","0.994"
"5.0e-259","715.0",4,"LNHIMF_02832","0.998"
"5.0e-93","274.0",4,"GEGEGB_03820","0.983"
"5.1e-104","305.0",4,"BEJGEH_03359","0.991"
"5.1e-147","422.0",4,"GEGEGB_00495","0.980"
"5.2e-208","596.0",4,"BEJGEH_00257","0.949"
"5.2e-85","252.0",4,"BEJGEH_04215","1.198"
"5.3e-117","346.0",4,"AJBGEP_00977","0.985"
"5.3e-171","478.0",4,"HFCAGB_04279","1.0"
"5.3e-231","638.0",4,"GEGEGB_04016","0.951"
"5.4e-115","328.0",4,"GEGEGB_00744","1.0"
"5.4e-117","334.0",4,"LNHIMF_04600","0.939"
"5.4e-124","367.0",4,"HFCAGB_00850","0.950"
"5.4e-151","432.0",4,"LNHIMF_02572","1.050"
"5.4e-199","558.0",4,"LNHIMF_01854","0.925"
"5.5e-161","444.0",4,"LNHIMF_01544","1.0"
"5.5e-62","188.0",4,"GEGEGB_03947","1.031"
"5.5e-79","242.0",4,"LNHIMF_02063","0.961"
"5.6e-137","389.0",4,"GEGEGB_03749","0.983"
"5.6e-158","448.0",4,"LNHIMF_04002","0.973"
"5.6e-202","552.0",4,"HFCAGB_03562","1.0"
"5.7e-165","471.0",4,"HFCAGB_03572","0.992"
"5.7e-227","619.0",4,"BEJGEH_04131","1.0"
"5.7e-84","253.0",4,"BEJGEH_04031","0.990"
"5.9e-113","331.0",4,"BEJGEH_01832","1.0"
"5.9e-167","475.0",4,"GEGEGB_00622","0.935"
"5.9e-177","488.0",4,"GEGEGB_04063","0.981"
"5.9e-208","581.0",4,"GEGEGB_01856","0.997"
"5.9e-221","613.0",4,"ODDLKH_03258","1.042"
"5.9e-279","768.0",4,"LNHIMF_02488","0.983"
"6.0e-184","515.0",4,"BEJGEH_00801","1.166"
"6.0e-70","215.0",4,"GEGEGB_00067","0.956"
"6.1e-247","671.0",4,"LNHIMF_00899","1.0"
"6.1e-55","175.0",4,"BEJGEH_02137","0.960"
"6.1e-80","229.0",4,"LNHIMF_01121","1.0"
"6.2e-107","319.0",4,"LNHIMF_00395","0.990"
"6.2e-233","653.0",4,"GEGEGB_03487","1.066"
"6.2e-237","653.0",4,"HFCAGB_00427","1.0"
"6.3e-142","406.0",4,"LNHIMF_03305","1.0"
"6.3e-160","461.0",4,"HFCAGB_03988","1.020"
"6.3e-193","550.0",4,"BEJGEH_03887","1.015"
"6.3e-76","228.0",4,"LNHIMF_04518","1.0"
"6.4e-141","408.0",4,"AJBGEP_00510","0.966"
"6.4e-210","588.0",4,"LNHIMF_02297","1.0"
"6.4e-214","593.0",4,"GEGEGB_01405","0.997"
"6.4e-65","196.0",4,"GEGEGB_01530","0.990"
"6.4e-69","213.0",4,"HFCAGB_01819","1.005"
"6.5e-163","471.0",4,"GEGEGB_00613","0.979"
"6.5e-253","695.0",4,"AJBGEP_00532","1.008"
"6.6e-156","447.0",4,"AJBGEP_03309","0.920"
"6.6e-178","515.0",4,"BEJGEH_03139","1.004"
"6.6e-86","256.0",4,"BEJGEH_00089","1.040"
"6.7e-226","629.0",4,"LNHIMF_02418","1.025"
"6.7e-304","830.0",4,"AJBGEP_03408","1.0"
"6.7e-78","238.0",4,"AJBGEP_01725","0.977"
"6.8e-121","350.0",4,"BEJGEH_00111","0.996"
"6.8e-192","535.0",4,"HFCAGB_04238","1.0"
"6.8e-283","800.0",4,"BEJGEH_01889","1.003"
"6.8e-295","812.0",4,"AJBGEP_03384","1.002"
"6.8e-69","206.0",4,"HFCAGB_04824","1.0"
"6.9e-143","403.0",4,"GEGEGB_01930","1.0"
"6.9e-189","536.0",4,"HFCAGB_04461","1.002"
"6.9e-218","618.0",4,"GEGEGB_02206","1.012"
"6.9e-268","740.0",4,"LNHIMF_00427","0.974"
"6.9e-93","274.0",4,"AJBGEP_00154","0.973"
"7.0e-81","246.0",4,"BEJGEH_01893","0.972"
"7.1e-104","298.0",4,"LNHIMF_03705","1.0"
"7.1e-120","349.0",4,"AJBGEP_03626","1.033"
"7.1e-43","137.0",4,"GEGEGB_02438","1.0"
"7.2e-134","385.0",4,"BEJGEH_00524","0.953"
"7.2e-145","414.0",4,"LNHIMF_03543","0.959"
"7.3e-160","447.0",4,"BEJGEH_01277","1.004"
"7.3e-190","525.0",4,"GEGEGB_00443","0.809"
"7.3e-240","653.0",4,"GEGEGB_01363","1.0"
"7.4e-274","755.0",4,"BEJGEH_04484","0.987"
"7.4e-73","224.0",4,"HFCAGB_01783","0.966"
"7.5e-102","287.0",4,"GEGEGB_01344","1.0"
"7.5e-155","432.0",4,"GEGEGB_00310","1.0"
"7.5e-178","498.0",4,"LNHIMF_01358","1.0"
"7.6e-180","501.0",4,"AJBGEP_00359","1.0"
"7.6e-242","673.0",4,"GEGEGB_01726","0.821"
"7.6e-290","803.0",4,"GEGEGB_04644","0.838"
"7.7e-193","549.0",4,"GEGEGB_03875","1.044"
"7.7e-199","562.0",4,"BEJGEH_02209","0.997"
"7.8e-160","448.0",4,"HFCAGB_02273","1.057"
"7.8e-205","575.0",4,"LNHIMF_03249","0.985"
"7.9e-217","613.0",4,"LNHIMF_03329","1.016"
"7.9e-310","838.0",4,"ODDLKH_00977","0.967"
"8.1e-132","368.0",4,"LNHIMF_04332","1.0"
"8.1e-164","462.0",4,"HFCAGB_02720","1.003"
"8.1e-57","176.0",4,"LNHIMF_04084","0.981"
"8.1e-99","296.0",4,"AJBGEP_00923","0.964"
"8.2e-111","327.0",4,"BEJGEH_01230","1.108"
"8.2e-275","759.0",4,"HFCAGB_00127","0.993"
"8.3e-158","436.0",4,"GEGEGB_02125","1.0"
"8.3e-243","675.0",4,"BEJGEH_00935","0.993"
"8.3e-247","686.0",4,"BEJGEH_01222","0.993"
"8.3e-270","739.0",4,"GEGEGB_00316","0.952"
"8.3e-307","841.0",4,"GEGEGB_00140","1.0"
"8.5e-38","126.0",4,"BEJGEH_03602","0.955"
"8.5e-50","162.0",4,"BEJGEH_00806","0.987"
"8.6e-267","724.0",4,"GEGEGB_00223","1.0"
"8.6e-302","819.0",4,"AJBGEP_01398","0.998"
"8.6e-67","204.0",4,"HFCAGB_02420","0.967"
"8.7e-120","342.0",4,"GEGEGB_04234","1.0"
"8.7e-210","579.0",4,"BEJGEH_01706","1.013"
"8.7e-260","716.0",4,"GEGEGB_04648","0.986"
"8.7e-49","148.0",4,"GEGEGB_01337","1.0"
"8.8e-107","319.0",4,"GEGEGB_02626","0.990"
"8.8e-206","571.0",4,"GEGEGB_01523","0.987"
"8.9e-188","513.0",4,"AJBGEP_03022","1.0"
"8.9e-272","740.0",4,"HFCAGB_01427","1.0"
"8.9e-313","877.0",4,"HFCAGB_02322","1.0"
"8.9e-69","206.0",4,"GEGEGB_03726","0.917"
"9.0e-139","400.0",4,"BEJGEH_00789","1.086"
"9.0e-159","447.0",4,"LNHIMF_00532","1.156"
"9.0e-198","561.0",4,"BEJGEH_04529","1.0"
"9.0e-199","564.0",4,"BEJGEH_00045","0.989"
"9.1e-112","332.0",4,"AJBGEP_02926","0.923"
"9.1e-192","531.0",4,"LNHIMF_00914","1.0"
"9.3e-192","524.0",4,"AJBGEP_02182","1.0"
"9.3e-230","642.0",4,"GEGEGB_04651","1.0"
"9.4e-148","419.0",4,"GEGEGB_03496","0.992"
"9.4e-315","866.0",4,"BEJGEH_01319","1.079"
"9.4e-70","219.0",4,"LNHIMF_00108","0.928"
"9.5e-106","306.0",4,"HFCAGB_01297","1.0"
"9.5e-130","361.0",4,"AJBGEP_01322","1.0"
"9.6e-12","56.6",4,"GEGEGB_01620","0.968"
"9.6e-26","98.6",4,"AJBGEP_01110","0.908"
"9.9e-154","447.0",4,"BEJGEH_03707","1.007"
"9.9e-86","259.0",4,"LNHIMF_00231","0.974"
"DNA topoisomerase 4 subunit A",NA,4,"GEGEGB_03249","SO:0001217, UniRef:UniRef50_A0A097ENS8"
"Fibronectin-binding autotransporter adhesin ShdA","shdA",4,"LNHIMF_02643","SO:0001217, UniRef:UniRef50_A0A4Z8Z0B5"
"Glucose-1-phosphate thymidylyltransferase 1",NA,4,"GEGEGB_03552","SO:0001217, UniRef:UniRef50_P37744"
"Nitrite transporter",NA,4,"BEJGEH_03499","SO:0001217, UniRef:UniRef50_A0A085G1A2"
"Putative glycyl-radical enzyme activating enzyme YjjW","yjjW",4,"GEGEGB_04855","SO:0001217, UniRef:UniRef50_P39409"
"Putative peptidase",NA,4,"LNHIMF_01662","SO:0001217, UniRef:UniRef50_A0A377DSL6"
"[50S ribosomal protein L16]-arginine 3-hydroxylase","roxA",4,"BEJGEH_01864","BlastRules:WP_000456506, EC:1.14.11.47, SO:0001217, UniRef:UniRef50_P27431"
"quinone-dependent L-lactate dehydrogenase","lldD",4,"BEJGEH_03732","BlastRules:WP_000586962, BlastRules:WP_003899057, BlastRules:WP_011015490, SO:0001217, UniRef:UniRef50_P33232"
"1.0e-105","306.0",3,"BEJGEH_03104","1.0"
"1.0e-130","379.0",3,"AJBGEP_02467","0.977"
"1.0e-145","422.0",3,"HFCAGB_01594","1.0"
"1.0e-168","464.0",3,"GEGEGB_01294","1.0"
"1.0e-17","72.0",3,"HFCAGB_03861","1.0"
"1.0e-174","497.0",3,"AJBGEP_04304","0.979"
"1.0e-204","565.0",3,"GEGEGB_04450","1.0"
"1.0e-206","573.0",3,"LNHIMF_01477","0.984"
"1.0e-227","633.0",3,"GEGEGB_04035","0.947"
"1.0e-259","710.0",3,"BEJGEH_00610","0.994"
"1.0e-266","730.0",3,"GEGEGB_01867","1.070"
"1.0e-304","822.0",3,"HFCAGB_01773","1.0"
"1.0e-79","238.0",3,"LNHIMF_01005","0.924"
"1.0e-83","251.0",3,"AJBGEP_00008","0.974"
"1.0e-92","273.0",3,"BEJGEH_04040","0.983"
"1.0e-99","295.0",3,"GEGEGB_02200","1.022"
"1.1e-114","328.0",3,"GEGEGB_04883","0.994"
"1.1e-115","332.0",3,"BEJGEH_01239","0.995"
"1.1e-142","407.0",3,"HFCAGB_00483","0.901"
"1.1e-145","403.0",3,"GEGEGB_02430","1.0"
"1.1e-146","414.0",3,"IKCLMC_00712","1.0"
"1.1e-153","436.0",3,"ODDLKH_02475","0.993"
"1.1e-156","447.0",3,"LNHIMF_01556","0.891"
"1.1e-171","483.0",3,"LNHIMF_02557","0.997"
"1.1e-192","548.0",3,"LNHIMF_03887","1.044"
"1.1e-195","544.0",3,"GEGEGB_01020","1.0"
"1.1e-211","588.0",3,"GEGEGB_02238","1.0"
"1.1e-224","647.0",3,"GEGEGB_01593","1.067"
"1.1e-230","640.0",3,"AJBGEP_02539","0.857"
"1.1e-234","639.0",3,"GEGEGB_01745","1.0"
"1.1e-251","699.0",3,"GEGEGB_00818","0.983"
"1.1e-276","756.0",3,"LNHIMF_04540","1.0"
"1.1e-307","839.0",3,"BEJGEH_01770","0.998"
"1.1e-313","856.0",3,"AJBGEP_01775","1.077"
"1.1e-56","179.0",3,"BEJGEH_04080","0.973"
"1.1e-59","184.0",3,"ODDLKH_04253","0.933"
"1.1e-73","227.0",3,"LNHIMF_03613","0.923"
"1.1e-84","259.0",3,"LNHIMF_02678","1.029"
"1.1e-93","273.0",3,"LNHIMF_03703","1.0"
"1.2e-106","317.0",3,"HFCAGB_02601","0.996"
"1.2e-122","352.0",3,"BEJGEH_04321","0.995"
"1.2e-135","391.0",3,"AJBGEP_02589","0.990"
"1.2e-136","393.0",3,"BEJGEH_03292","1.0"
"1.2e-138","395.0",3,"AJBGEP_04753","0.985"
"1.2e-142","395.0",3,"LNHIMF_02429","1.0"
"1.2e-150","424.0",3,"GEGEGB_02356","1.146"
"1.2e-156","444.0",3,"GEGEGB_01669","0.980"
"1.2e-158","437.0",3,"GEGEGB_01782","1.0"
"1.2e-159","455.0",3,"HFCAGB_02339","0.994"
"1.2e-183","514.0",3,"LNHIMF_00930","1.166"
"1.2e-198","554.0",3,"LNHIMF_01742","1.0"
"1.2e-208","592.0",3,"HFCAGB_02981","0.987"
"1.2e-222","620.0",3,"HFCAGB_03357","0.985"
"1.2e-226","618.0",3,"HFCAGB_04320","1.0"
"1.2e-239","677.0",3,"GEGEGB_04037","1.045"
"1.2e-244","684.0",3,"GEGEGB_01090","0.949"
"1.2e-256","706.0",3,"HFCAGB_02835","1.0"
"1.2e-277","779.0",3,"GEGEGB_02095","1.0"
"1.2e-35","121.0",3,"GEGEGB_01245","0.945"
"1.2e-92","275.0",3,"GEGEGB_02339","1.0"
"1.3e-135","393.0",3,"BEJGEH_03335","1.003"
"1.3e-149","422.0",3,"GEGEGB_03176","1.0"
"1.3e-158","447.0",3,"GEGEGB_02475","1.156"
"1.3e-164","459.0",3,"GEGEGB_01696","0.970"
"1.3e-175","498.0",3,"LNHIMF_03450","1.0"
"1.3e-179","503.0",3,"BEJGEH_00925","1.0"
"1.3e-191","534.0",3,"BEJGEH_00402","0.993"
"1.3e-230","641.0",3,"GEGEGB_03703","0.997"
"1.3e-231","642.0",3,"IKCLMC_01619","0.857"
"1.3e-256","706.0",3,"BEJGEH_03174","1.0"
"1.3e-271","757.0",3,"GEGEGB_00645","1.084"
"1.3e-291","818.0",3,"AJBGEP_04424","1.010"
"1.3e-307","840.0",3,"HFCAGB_04245","0.972"
"1.3e-317","866.0",3,"BEJGEH_02706","1.030"
"1.3e-51","165.0",3,"LNHIMF_02835","0.993"
"1.3e-60","187.0",3,"ODDLKH_03717","1.023"
"1.3e-77","234.0",3,"LNHIMF_02702","0.971"
"1.4e-134","390.0",3,"GEGEGB_03786","0.980"
"1.4e-141","408.0",3,"AJBGEP_02829","1.066"
"1.4e-160","451.0",3,"LNHIMF_02095","1.004"
"1.4e-167","478.0",3,"GEGEGB_03548","1.003"
"1.4e-172","474.0",3,"BEJGEH_01677","1.0"
"1.4e-175","491.0",3,"GEGEGB_03849","1.0"
"1.4e-177","508.0",3,"LNHIMF_00004","1.051"
"1.4e-185","525.0",3,"BEJGEH_02959","1.068"
"1.4e-187","520.0",3,"BEJGEH_01824","1.0"
"1.4e-205","577.0",3,"BEJGEH_02226","1.155"
"1.4e-207","566.0",3,"AJBGEP_04219","1.0"
"1.4e-208","576.0",3,"LNHIMF_01428","1.013"
"1.4e-212","590.0",3,"BEJGEH_01894","0.994"
"1.4e-218","622.0",3,"LNHIMF_00109","0.989"
"1.4e-221","613.0",3,"AJBGEP_02624","0.997"
"1.4e-240","677.0",3,"LNHIMF_01517","1.0"
"1.4e-242","668.0",3,"AJBGEP_02218","0.991"
"1.4e-258","714.0",3,"HFCAGB_03004","0.998"
"1.4e-281","765.0",3,"BEJGEH_03592","1.0"
"1.4e-287","778.0",3,"GEGEGB_04380","1.0"
"1.4e-294","805.0",3,"GEGEGB_04065","1.0"
"1.4e-70","220.0",3,"LNHIMF_01800","1.009"
"1.4e-78","238.0",3,"GEGEGB_00121","0.985"
"1.5e-103","307.0",3,"GEGEGB_01588","0.980"
"1.5e-116","339.0",3,"LNHIMF_02022","1.0"
"1.5e-122","354.0",3,"HFCAGB_00703","1.024"
"1.5e-140","396.0",3,"ODDLKH_00169","0.995"
"1.5e-141","404.0",3,"GEGEGB_00219","0.921"
"1.5e-143","419.0",3,"HFCAGB_00680","0.944"
"1.5e-149","422.0",3,"GEGEGB_02437","0.854"
"1.5e-156","440.0",3,"GEGEGB_04381","1.0"
"1.5e-183","514.0",3,"AJBGEP_04478","1.104"
"1.5e-219","614.0",3,"BEJGEH_00862","0.980"
"1.5e-242","681.0",3,"BEJGEH_01286","0.801"
"1.5e-263","724.0",3,"LNHIMF_03332","0.841"
"1.5e-264","729.0",3,"HFCAGB_03168","1.0"
"1.5e-295","798.0",3,"LNHIMF_02133","1.0"
"1.5e-296","819.0",3,"GEGEGB_03733","0.977"
"1.5e-55","176.0",3,"HFCAGB_01907","1.0"
"1.5e-60","187.0",3,"GEGEGB_04368","1.0"
"1.5e-83","251.0",3,"HFCAGB_02338","1.025"
"1.6e-100","299.0",3,"BEJGEH_01008","0.963"
"1.6e-105","307.0",3,"AJBGEP_01116","0.995"
"1.6e-118","337.0",3,"LNHIMF_04427","0.921"
"1.6e-136","392.0",3,"GEGEGB_01834","0.804"
"1.6e-187","514.0",3,"GEGEGB_01695","1.0"
"1.6e-221","629.0",3,"AJBGEP_03420","0.985"
"1.6e-270","733.0",3,"BEJGEH_01853","1.0"
"1.6e-274","749.0",3,"BEJGEH_04481","1.018"
"1.6e-286","790.0",3,"AJBGEP_02170","0.996"
"1.6e-312","853.0",3,"BEJGEH_00677","0.803"
"1.6e-315","850.0",3,"BEJGEH_04071","1.0"
"1.6e-317","888.0",3,"HFCAGB_02649","1.018"
"1.6e-54","174.0",3,"BEJGEH_00351","0.958"
"1.6e-66","203.0",3,"GEGEGB_01386","0.979"
"1.7e-111","323.0",3,"LNHIMF_01505","1.0"
"1.7e-112","322.0",3,"GEGEGB_02439","0.945"
"1.7e-124","355.0",3,"BEJGEH_03493","1.0"
"1.7e-134","384.0",3,"IKCLMC_03927","0.964"
"1.7e-150","422.0",3,"AJBGEP_01086","1.0"
"1.7e-182","509.0",3,"LNHIMF_04388","1.0"
"1.7e-193","545.0",3,"LNHIMF_00731","0.987"
"1.7e-214","591.0",3,"BEJGEH_04607","0.983"
"1.7e-215","597.0",3,"BEJGEH_01159","1.0"
"1.7e-240","668.0",3,"BEJGEH_00408","0.989"
"1.7e-285","794.0",3,"LNHIMF_00520","0.955"
"1.7e-30","107.0",3,"LNHIMF_03186","0.915"
"1.7e-45","150.0",3,"BEJGEH_00607","0.978"
"1.7e-63","199.0",3,"AJBGEP_01753","0.910"
"1.7e-68","208.0",3,"LNHIMF_01494","0.979"
"1.7e-98","296.0",3,"AJBGEP_04469","0.963"
"1.8e-115","341.0",3,"ONMMKP_01530","0.954"
"1.8e-176","491.0",3,"HFCAGB_02002","0.803"
"1.8e-205","561.0",3,"HFCAGB_01584","1.0"
"1.8e-210","599.0",3,"AJBGEP_04427","0.988"
"1.8e-220","624.0",3,"LNHIMF_00921","1.012"
"1.8e-228","644.0",3,"GEGEGB_00066","0.964"
"1.8e-236","643.0",3,"GEGEGB_02432","1.0"
"1.8e-258","718.0",3,"LNHIMF_01014","0.998"
"1.8e-275","747.0",3,"GEGEGB_03918","1.0"
"1.8e-281","773.0",3,"GEGEGB_04249","0.998"
"1.8e-293","804.0",3,"AJBGEP_03975","1.0"
"1.8e-300","822.0",3,"BEJGEH_04174","0.998"
"1.8e-43","140.0",3,"BEJGEH_01879","1.0"
"1.8e-51","165.0",3,"GEGEGB_02843","0.949"
"1.8e-58","185.0",3,"GEGEGB_02372","1.0"
"1.8e-96","285.0",3,"GEGEGB_03816","1.010"
"1.9e-111","326.0",3,"BEJGEH_04468","0.986"
"1.9e-113","323.0",3,"LNHIMF_03811","1.0"
"1.9e-117","343.0",3,"LNHIMF_00267","1.0"
"1.9e-123","359.0",3,"GEGEGB_02518","0.997"
"1.9e-128","364.0",3,"GEGEGB_00286","1.082"
"1.9e-143","403.0",3,"GEGEGB_04444","0.995"
"1.9e-145","409.0",3,"GEGEGB_04055","1.0"
"1.9e-158","443.0",3,"GEGEGB_02402","1.056"
"1.9e-176","496.0",3,"AJBGEP_02507","0.972"
"1.9e-178","489.0",3,"GEGEGB_03087","1.0"
"1.9e-200","568.0",3,"GEGEGB_00514","0.977"
"1.9e-218","618.0",3,"BEJGEH_04103","1.002"
"1.9e-257","707.0",3,"AJBGEP_02372","1.0"
"1.9e-277","758.0",3,"ODDLKH_00342","1.0"
"1.9e-50","161.0",3,"GEGEGB_01308","1.008"
"1.9e-63","195.0",3,"BEJGEH_01670","0.979"
"1.9e-71","223.0",3,"GEGEGB_02275","0.954"
"1.9e-83","245.0",3,"GEGEGB_03048","1.0"
"1.9e-86","259.0",3,"IKCLMC_03742","0.990"
"1.9e-95","280.0",3,"AJBGEP_00486","1.005"
"1.9e-96","281.0",3,"LNHIMF_03682","1.0"
"1.9e-98","293.0",3,"BEJGEH_03021","1.055"
"2.0e-104","306.0",3,"LNHIMF_04141","1.005"
"2.0e-108","311.0",3,"LNHIMF_03063","0.970"
"2.0e-132","375.0",3,"LNHIMF_01857","1.096"
"2.0e-143","402.0",3,"GEGEGB_04410","1.0"
"2.0e-165","468.0",3,"AJBGEP_01384","0.997"
"2.0e-172","483.0",3,"AJBGEP_00752","0.996"
"2.0e-219","605.0",3,"AJBGEP_00441","1.0"
"2.0e-234","657.0",3,"AJBGEP_01670","0.938"
"2.0e-238","657.0",3,"HFCAGB_02897","0.928"
"2.0e-239","663.0",3,"GEGEGB_03232","0.997"
"2.0e-249","697.0",3,"HFCAGB_03608","0.971"
"2.0e-275","767.0",3,"BEJGEH_03669","1.009"
"2.0e-317","875.0",3,"BEJGEH_01145","1.0"
"2.0e-40","125.0",3,"GEGEGB_02641","1.0"
"2.0e-42","139.0",3,"LNHIMF_03240","1.133"
"2.0e-82","250.0",3,"GEGEGB_04714","0.972"
"2.1e-106","315.0",3,"LNHIMF_00171","1.0"
"2.1e-114","329.0",3,"AJBGEP_04586","0.807"
"2.1e-127","365.0",3,"AJBGEP_00972","0.996"
"2.1e-129","370.0",3,"BEJGEH_01856","0.922"
"2.1e-140","402.0",3,"GEGEGB_00181","0.989"
"2.1e-149","434.0",3,"GEGEGB_01369","0.963"
"2.1e-155","437.0",3,"GEGEGB_00909","1.057"
"2.1e-170","476.0",3,"GEGEGB_03772","1.0"
"2.1e-178","496.0",3,"AJBGEP_02221","0.980"
"2.1e-189","525.0",3,"LNHIMF_04089","0.989"
"2.1e-191","541.0",3,"LNHIMF_02403","1.0"
"2.1e-308","856.0",3,"GEGEGB_03645","0.990"
"2.1e-310","852.0",3,"LNHIMF_03261","1.0"
"2.1e-89","261.0",3,"GEGEGB_04034","0.873"
"2.2e-134","382.0",3,"GEGEGB_01003","0.991"
"2.2e-174","495.0",3,"BEJGEH_03428","1.0"
"2.2e-191","523.0",3,"GEGEGB_00756","1.0"
"2.2e-196","545.0",3,"HFCAGB_04096","0.993"
"2.2e-225","625.0",3,"LNHIMF_04574","1.0"
"2.2e-234","638.0",3,"LNHIMF_00539","1.0"
"2.2e-276","785.0",3,"HFCAGB_03809","0.992"
"2.2e-45","147.0",3,"BEJGEH_03059","1.087"
"2.2e-55","172.0",3,"LNHIMF_04470","0.990"
"2.2e-63","195.0",3,"GEGEGB_00608","0.986"
"2.2e-83","251.0",3,"BEJGEH_02098","1.025"
"2.2e-92","274.0",3,"HFCAGB_01666","1.062"
"2.3e-109","320.0",3,"GEGEGB_04215","1.0"
"2.3e-123","352.0",3,"LNHIMF_03641","1.0"
"2.3e-127","365.0",3,"AJBGEP_03071","0.837"
"2.3e-160","442.0",3,"GEGEGB_04882","1.0"
"2.3e-163","465.0",3,"AJBGEP_02575","0.994"
"2.3e-167","471.0",3,"GEGEGB_01384","1.0"
"2.3e-172","479.0",3,"LNHIMF_00372","1.0"
"2.3e-192","545.0",3,"LNHIMF_03979","1.168"
"2.3e-198","563.0",3,"HFCAGB_00873","0.970"
"2.3e-227","646.0",3,"GEGEGB_03924","0.984"
"2.3e-237","645.0",3,"GEGEGB_04101","0.991"
"2.3e-239","672.0",3,"GEGEGB_01162","0.801"
"2.3e-241","675.0",3,"AJBGEP_03385","1.0"
"2.3e-255","706.0",3,"GEGEGB_04866","1.168"
"2.3e-291","814.0",3,"GEGEGB_00585","0.993"
"2.3e-69","214.0",3,"HFCAGB_00426","1.0"
"2.3e-88","258.0",3,"AJBGEP_01686","1.0"
"2.4e-170","484.0",3,"AJBGEP_03173","0.997"
"2.4e-176","486.0",3,"AJBGEP_03851","0.981"
"2.4e-187","514.0",3,"LNHIMF_02896","1.0"
"2.4e-195","555.0",3,"HFCAGB_04487","1.002"
"2.4e-238","666.0",3,"GEGEGB_01727","1.150"
"2.4e-278","762.0",3,"BEJGEH_04532","1.0"
"2.4e-300","811.0",3,"GEGEGB_00810","1.0"
"2.4e-79","241.0",3,"IKCLMC_02187","1.005"
"2.4e-83","238.0",3,"AJBGEP_02202","1.0"
"2.4e-92","278.0",3,"GEGEGB_00357","1.022"
"2.5e-125","360.0",3,"LNHIMF_00843","1.156"
"2.5e-141","391.0",3,"GEGEGB_03463","1.0"
"2.5e-161","458.0",3,"GEGEGB_01655","0.805"
"2.5e-168","474.0",3,"GEGEGB_00403","1.0"
"2.5e-221","602.0",3,"BEJGEH_02847","1.0"
"2.5e-282","790.0",3,"AJBGEP_04152","0.990"
"2.5e-317","865.0",3,"LNHIMF_02773","1.030"
"2.5e-58","182.0",3,"LNHIMF_03198","0.985"
"2.6e-140","406.0",3,"GEGEGB_02493","0.966"
"2.6e-158","446.0",3,"GEGEGB_04036","0.988"
"2.6e-182","499.0",3,"LNHIMF_04410","1.0"
"2.6e-207","576.0",3,"BEJGEH_04546","0.937"
"2.6e-210","579.0",3,"ODDLKH_02157","1.0"
"2.6e-229","641.0",3,"BEJGEH_04433","1.0"
"2.6e-277","769.0",3,"HFCAGB_02985","1.119"
"2.6e-79","245.0",3,"GEGEGB_00729","0.960"
"2.6e-95","285.0",3,"AJBGEP_04750","0.959"
"2.6e-98","288.0",3,"GEGEGB_04796","1.0"
"2.7e-126","357.0",3,"AJBGEP_03194","1.0"
"2.7e-135","388.0",3,"GEGEGB_01625","0.989"
"2.7e-143","409.0",3,"BEJGEH_03280","1.0"
"2.7e-146","405.0",3,"LNHIMF_00558","1.0"
"2.7e-156","444.0",3,"LNHIMF_02837","0.984"
"2.7e-162","470.0",3,"HFCAGB_00892","0.944"
"2.7e-193","548.0",3,"BEJGEH_03769","0.993"
"2.7e-62","189.0",3,"HFCAGB_04023","1.031"
"2.7e-71","216.0",3,"LNHIMF_03034","1.064"
"2.7e-77","234.0",3,"HFCAGB_04632","0.984"
"2.8e-124","355.0",3,"AJBGEP_03785","1.0"
"2.8e-133","382.0",3,"ODDLKH_00620","0.972"
"2.8e-147","405.0",3,"BEJGEH_00638","1.0"
"2.8e-149","432.0",3,"HFCAGB_00452","0.957"
"2.8e-177","487.0",3,"HFCAGB_03795","1.0"
"2.8e-187","514.0",3,"HFCAGB_00531","1.0"
"2.8e-202","562.0",3,"BEJGEH_00897","0.902"
"2.8e-204","576.0",3,"LNHIMF_01421","1.170"
"2.8e-232","653.0",3,"AJBGEP_00489","1.0"
"2.8e-240","661.0",3,"LNHIMF_02584","0.997"
"2.8e-278","780.0",3,"LNHIMF_01033","1.0"
"2.8e-292","816.0",3,"HFCAGB_02578","0.993"
"2.9e-104","305.0",3,"ODDLKH_00246","0.991"
"2.9e-107","321.0",3,"GEGEGB_02504","0.980"
"2.9e-134","384.0",3,"BEJGEH_02045","1.0"
"2.9e-191","534.0",3,"LNHIMF_03253","0.947"
"2.9e-206","585.0",3,"HFCAGB_01798","1.106"
"2.9e-232","653.0",3,"BEJGEH_00064","0.964"
"2.9e-257","711.0",3,"LNHIMF_00967","0.967"
"2.9e-291","789.0",3,"HFCAGB_00172","1.0"
"2.9e-66","199.0",3,"BEJGEH_01027","1.0"
"2.9e-75","223.0",3,"GEGEGB_04071","1.103"
"2.9e-77","233.0",3,"BEJGEH_02780","0.994"
"3.0e-142","401.0",3,"AJBGEP_01768","0.860"
"3.0e-149","430.0",3,"BEJGEH_02287","1.003"
"3.0e-176","494.0",3,"GEGEGB_03377","1.174"
"3.0e-217","613.0",3,"IKCLMC_04604","0.965"
"3.0e-236","662.0",3,"HFCAGB_00801","0.821"
"3.0e-71","213.0",3,"HFCAGB_04481","1.0"
"3.0e-72","219.0",3,"HFCAGB_02042","1.0"
"3.0e-80","241.0",3,"BEJGEH_02282","1.0"
"3.0e-89","271.0",3,"GEGEGB_02236","0.939"
"3.1e-109","319.0",3,"HFCAGB_04131","0.970"
"3.1e-112","332.0",3,"GEGEGB_00735","0.931"
"3.1e-123","358.0",3,"HFCAGB_04337","0.983"
"3.1e-155","454.0",3,"GEGEGB_01539","1.021"
"3.1e-157","450.0",3,"HFCAGB_03898","1.0"
"3.1e-159","446.0",3,"HFCAGB_04439","0.957"
"3.1e-187","529.0",3,"GEGEGB_03007","1.068"
"3.1e-193","541.0",3,"LNHIMF_04121","0.985"
"3.1e-219","613.0",3,"GEGEGB_02132","0.980"
"3.1e-305","835.0",3,"AJBGEP_03755","1.0"
"3.1e-95","285.0",3,"HFCAGB_03847","0.906"
"3.2e-113","331.0",3,"GEGEGB_01706","0.943"
"3.2e-138","399.0",3,"AJBGEP_03451","0.978"
"3.2e-143","418.0",3,"LNHIMF_03005","0.995"
"3.2e-145","421.0",3,"GEGEGB_01024","0.992"
"3.2e-217","600.0",3,"ODDLKH_02672","0.997"
"3.2e-225","636.0",3,"BEJGEH_02250","0.983"
"3.2e-251","696.0",3,"LNHIMF_02417","1.0"
"3.2e-270","745.0",3,"LNHIMF_03453","1.0"
"3.2e-288","798.0",3,"GEGEGB_04402","1.0"
"3.2e-63","194.0",3,"HFCAGB_02554","0.986"
"3.3e-100","290.0",3,"LNHIMF_00373","0.932"
"3.3e-113","328.0",3,"LNHIMF_04207","1.052"
"3.3e-128","365.0",3,"GEGEGB_03146","0.898"
"3.3e-134","389.0",3,"BEJGEH_03056","0.982"
"3.3e-138","394.0",3,"GEGEGB_04137","0.996"
"3.3e-143","407.0",3,"GEGEGB_02876","1.0"
"3.3e-148","421.0",3,"BEJGEH_04023","0.992"
"3.3e-156","437.0",3,"HFCAGB_04777","1.0"
"3.3e-171","483.0",3,"HFCAGB_02128","1.121"
"3.3e-205","577.0",3,"GEGEGB_04157","0.940"
"3.3e-227","626.0",3,"BEJGEH_03931","1.088"
"3.3e-234","648.0",3,"HFCAGB_02066","0.930"
"3.3e-45","147.0",3,"LNHIMF_01703","1.0"
"3.3e-73","224.0",3,"GEGEGB_04231","0.952"
"3.3e-93","280.0",3,"AJBGEP_01829","1.182"
"3.3e-95","276.0",3,"HFCAGB_02402","1.0"
"3.4e-173","484.0",3,"LNHIMF_00867","0.996"
"3.4e-180","501.0",3,"HFCAGB_03705","0.996"
"3.4e-208","579.0",3,"GEGEGB_02393","0.955"
"3.4e-290","794.0",3,"LNHIMF_03151","1.127"
"3.4e-297","811.0",3,"LNHIMF_03662","1.0"
"3.4e-49","155.0",3,"GEGEGB_04079","1.0"
"3.4e-79","240.0",3,"GEGEGB_02556","1.005"
"3.4e-83","244.0",3,"BEJGEH_02899","1.016"
"3.4e-87","256.0",3,"HFCAGB_04270","0.966"
"3.5e-114","330.0",3,"LNHIMF_03132","0.815"
"3.5e-119","340.0",3,"LNHIMF_01314","1.0"
"3.5e-127","354.0",3,"ODDLKH_02545","1.0"
"3.5e-138","399.0",3,"GEGEGB_02816","0.997"
"3.5e-194","541.0",3,"LNHIMF_00420","0.993"
"3.5e-201","564.0",3,"HFCAGB_02569","0.826"
"3.5e-206","577.0",3,"AJBGEP_04026","0.994"
"3.5e-212","595.0",3,"BEJGEH_01499","0.848"
"3.5e-242","671.0",3,"GEGEGB_01812","0.998"
"3.5e-246","680.0",3,"ODDLKH_03447","0.978"
"3.5e-89","265.0",3,"GEGEGB_00893","1.020"
"3.6e-100","295.0",3,"BEJGEH_01185","1.041"
"3.6e-117","340.0",3,"ODDLKH_02440","1.0"
"3.6e-130","384.0",3,"GEGEGB_01772","0.995"
"3.6e-138","393.0",3,"LNHIMF_04335","0.831"
"3.6e-225","630.0",3,"LNHIMF_00715","1.095"
"3.6e-252","706.0",3,"LNHIMF_01124","0.963"
"3.6e-278","753.0",3,"GEGEGB_01484","1.0"
"3.6e-279","787.0",3,"AJBGEP_01523","0.968"
"3.6e-89","268.0",3,"LNHIMF_00214","1.065"
"3.7e-101","299.0",3,"AJBGEP_00821","1.0"
"3.7e-102","299.0",3,"BEJGEH_03199","0.995"
"3.7e-160","447.0",3,"BEJGEH_00859","1.058"
"3.7e-179","498.0",3,"BEJGEH_02080","0.980"
"3.7e-192","538.0",3,"PKJKAM_00580","0.997"
"3.7e-204","567.0",3,"GEGEGB_04217","1.013"
"3.7e-206","595.0",3,"LNHIMF_02464","0.998"
"3.7e-305","830.0",3,"BEJGEH_00787","1.026"
"3.7e-41","139.0",3,"LNHIMF_03542","0.932"
"3.7e-89","260.0",3,"AJBGEP_04257","1.0"
"3.7e-94","277.0",3,"AJBGEP_02617","1.084"
"3.8e-126","357.0",3,"GEGEGB_03091","1.0"
"3.8e-150","423.0",3,"GEGEGB_02173","0.992"
"3.8e-152","429.0",3,"AJBGEP_03110","0.857"
"3.8e-171","471.0",3,"HFCAGB_04408","1.0"
"3.8e-180","501.0",3,"GEGEGB_02653","1.0"
"3.8e-247","696.0",3,"HFCAGB_01247","1.023"
"3.8e-57","180.0",3,"GEGEGB_03779","0.973"
"3.8e-74","224.0",3,"GEGEGB_03419","1.168"
"3.8e-91","265.0",3,"GEGEGB_03748","1.0"
"3.9e-128","366.0",3,"LNHIMF_02214","0.812"
"3.9e-135","392.0",3,"AJBGEP_04254","0.988"
"3.9e-183","512.0",3,"AJBGEP_04072","0.800"
"3.9e-188","538.0",3,"GEGEGB_03854","0.978"
"3.9e-222","616.0",3,"LNHIMF_00767","0.980"
"3.9e-244","673.0",3,"AJBGEP_02234","1.228"
"3.9e-249","706.0",3,"LNHIMF_03717","1.081"
"3.9e-296","820.0",3,"AJBGEP_00179","1.187"
"3.9e-302","825.0",3,"ODDLKH_00033","1.121"
"3.9e-58","182.0",3,"BEJGEH_01786","0.942"
"4.0e-136","384.0",3,"LNHIMF_01311","1.0"
"4.0e-166","478.0",3,"LNHIMF_02686","0.991"
"4.0e-230","635.0",3,"AJBGEP_00243","0.880"
"4.0e-239","662.0",3,"AJBGEP_03328","0.997"
"4.0e-252","696.0",3,"BEJGEH_01939","0.985"
"4.0e-66","207.0",3,"ODDLKH_04295","0.989"
"4.0e-77","234.0",3,"HFCAGB_03213","1.0"
"4.0e-87","257.0",3,"GEGEGB_00950","0.994"
"4.0e-90","270.0",3,"LNHIMF_00529","1.0"
"4.0e-93","276.0",3,"AJBGEP_01780","0.986"
"4.1e-106","310.0",3,"AJBGEP_04477","0.973"
"4.1e-127","353.0",3,"BEJGEH_00558","1.0"
"4.1e-141","404.0",3,"BEJGEH_02460","0.979"
"4.1e-146","419.0",3,"AJBGEP_02050","0.997"
"4.1e-157","454.0",3,"GEGEGB_01921","0.980"
"4.1e-173","481.0",3,"GEGEGB_03801","1.0"
"4.1e-203","567.0",3,"HFCAGB_04098","1.0"
"4.1e-207","571.0",3,"HFCAGB_01607","1.0"
"4.1e-239","662.0",3,"GEGEGB_00191","1.015"
"4.1e-289","825.0",3,"AJBGEP_00320","1.047"
"4.1e-296","811.0",3,"HFCAGB_00129","0.975"
"4.1e-42","135.0",3,"LNHIMF_00550","1.0"
"4.1e-92","271.0",3,"ODDLKH_04438","0.983"
"4.2e-109","322.0",3,"GEGEGB_01473","0.963"
"4.2e-191","542.0",3,"GEGEGB_04018","1.003"
"4.2e-193","535.0",3,"HFCAGB_01952","0.944"
"4.2e-198","562.0",3,"ODDLKH_01285","0.977"
"4.2e-215","603.0",3,"ODDLKH_04356","1.036"
"4.2e-219","611.0",3,"LNHIMF_00421","1.041"
"4.2e-288","794.0",3,"BEJGEH_03390","1.0"
"4.2e-52","167.0",3,"GEGEGB_04420","0.980"
"4.2e-92","270.0",3,"LNHIMF_02392","1.0"
"4.3e-102","301.0",3,"GEGEGB_03525","0.940"
"4.3e-134","387.0",3,"AJBGEP_04236","0.996"
"4.3e-157","447.0",3,"LNHIMF_01045","0.978"
"4.3e-17","70.9",3,"AJBGEP_02427","1.023"
"4.3e-174","494.0",3,"PKJKAM_00119","1.0"
"4.3e-184","523.0",3,"BEJGEH_00877","1.176"
"4.3e-230","644.0",3,"AJBGEP_02528","1.008"
"4.3e-53","165.0",3,"BEJGEH_03494","1.0"
"4.3e-61","194.0",3,"LNHIMF_01663","1.039"
"4.4e-125","355.0",3,"HFCAGB_00367","1.069"
"4.4e-161","466.0",3,"GEGEGB_03077","1.0"
"4.4e-214","601.0",3,"IKCLMC_04690","0.889"
"4.4e-227","640.0",3,"BEJGEH_03709","0.974"
"4.4e-238","660.0",3,"LNHIMF_01199","0.980"
"4.4e-55","170.0",3,"AJBGEP_03644","1.0"
"4.4e-78","231.0",3,"BEJGEH_03636","0.966"
"4.5e-130","376.0",3,"AJBGEP_00273","0.992"
"4.5e-154","426.0",3,"HFCAGB_02298","1.0"
"4.5e-180","500.0",3,"GEGEGB_00860","0.980"
"4.5e-63","194.0",3,"LNHIMF_02428","0.986"
"4.5e-84","251.0",3,"GEGEGB_00092","1.040"
"4.6e-125","365.0",3,"LNHIMF_04155","1.011"
"4.6e-160","464.0",3,"BEJGEH_00365","0.947"
"4.6e-288","797.0",3,"LNHIMF_04346","1.0"
"4.6e-32","111.0",3,"AJBGEP_00058","0.949"
"4.7e-123","355.0",3,"AJBGEP_00274","0.996"
"4.7e-149","426.0",3,"LNHIMF_03183","0.993"
"4.7e-173","476.0",3,"IKCLMC_04754","1.0"
"4.7e-200","565.0",3,"GEGEGB_00725","0.997"
"4.7e-233","640.0",3,"AJBGEP_03269","1.048"
"4.7e-304","830.0",3,"LNHIMF_03285","1.0"
"4.8e-143","395.0",3,"GEGEGB_02427","1.0"
"4.8e-158","452.0",3,"GEGEGB_04846","0.994"
"4.8e-203","564.0",3,"AJBGEP_00932","0.902"
"4.8e-205","578.0",3,"GEGEGB_01312","1.170"
"4.8e-213","612.0",3,"AJBGEP_03730","0.938"
"4.8e-232","645.0",3,"BEJGEH_03617","1.0"
"4.9e-172","494.0",3,"LNHIMF_00220","0.991"
"4.9e-92","278.0",3,"AJBGEP_02700","1.022"
"5.0e-164","459.0",3,"BEJGEH_00758","1.0"
"5.0e-174","483.0",3,"AJBGEP_04207","1.0"
"5.0e-198","555.0",3,"AJBGEP_00404","0.995"
"5.0e-215","600.0",3,"BEJGEH_00378","0.961"
"5.0e-303","835.0",3,"GEGEGB_01134","0.996"
"5.0e-34","116.0",3,"HFCAGB_04722","1.0"
"5.1e-175","500.0",3,"GEGEGB_02852","1.105"
"5.1e-232","635.0",3,"LNHIMF_02751","0.997"
"5.1e-246","688.0",3,"HFCAGB_01425","0.949"
"5.1e-254","690.0",3,"HFCAGB_03800","1.0"
"5.1e-288","794.0",3,"HFCAGB_00449","1.0"
"5.1e-98","294.0",3,"GEGEGB_01798","0.958"
"5.2e-158","446.0",3,"ODDLKH_00993","1.156"
"5.2e-200","564.0",3,"LNHIMF_01267","0.995"
"5.2e-218","615.0",3,"LNHIMF_01613","0.965"
"5.2e-255","707.0",3,"BEJGEH_02254","0.807"
"5.2e-273","748.0",3,"GEGEGB_00598","0.809"
"5.2e-43","140.0",3,"AJBGEP_03363","1.121"
"5.3e-132","383.0",3,"IKCLMC_01304","0.994"
"5.3e-170","478.0",3,"AJBGEP_02613","0.960"
"5.3e-250","693.0",3,"BEJGEH_02307","1.0"
"5.3e-93","276.0",3,"GEGEGB_02953","0.991"
"5.4e-111","321.0",3,"LNHIMF_01145","0.913"
"5.4e-112","333.0",3,"HFCAGB_03118","0.984"
"5.4e-177","494.0",3,"BEJGEH_00434","0.996"
"5.4e-85","258.0",3,"BEJGEH_00207","1.111"
"5.4e-93","280.0",3,"BEJGEH_02565","0.984"
"5.5e-123","358.0",3,"GEGEGB_00069","0.971"
"5.5e-126","357.0",3,"AJBGEP_00026","1.044"
"5.5e-134","389.0",3,"LNHIMF_03739","1.006"
"5.5e-158","449.0",3,"AJBGEP_02988","1.0"
"5.5e-164","468.0",3,"AJBGEP_01623","0.936"
"5.5e-174","478.0",3,"BEJGEH_01267","1.0"
"5.5e-222","630.0",3,"LNHIMF_03297","0.985"
"5.5e-257","706.0",3,"LNHIMF_03098","0.806"
"5.5e-97","275.0",3,"LNHIMF_02933","1.0"
"5.6e-114","330.0",3,"GEGEGB_03351","1.175"
"5.6e-134","381.0",3,"HFCAGB_00056","0.996"
"5.6e-161","452.0",3,"HFCAGB_03237","0.836"
"5.6e-165","475.0",3,"AJBGEP_04553","1.243"
"5.6e-167","474.0",3,"GEGEGB_04021","0.974"
"5.6e-292","799.0",3,"LNHIMF_03378","1.150"
"5.7e-122","350.0",3,"GEGEGB_02136","0.802"
"5.7e-129","368.0",3,"HFCAGB_00098","1.0"
"5.7e-169","477.0",3,"GEGEGB_01140","1.164"
"5.7e-177","498.0",3,"AJBGEP_02306","0.997"
"5.9e-36","122.0",3,"HFCAGB_01983","0.989"
"6.0e-109","322.0",3,"HFCAGB_01794","0.963"
"6.0e-111","325.0",3,"LNHIMF_01168","0.996"
"6.0e-127","359.0",3,"HFCAGB_01128","1.071"
"6.0e-204","570.0",3,"LNHIMF_01032","1.032"
"6.0e-233","635.0",3,"IKCLMC_04219","1.0"
"6.0e-236","654.0",3,"BEJGEH_00069","1.183"
"6.0e-297","815.0",3,"LNHIMF_04018","0.990"
"6.0e-30","108.0",3,"HFCAGB_01626","0.946"
"6.0e-305","828.0",3,"AJBGEP_00674","1.0"
"6.1e-175","495.0",3,"GEGEGB_03642","0.997"
"6.1e-227","633.0",3,"AJBGEP_00417","0.988"
"6.1e-277","766.0",3,"HFCAGB_02576","0.988"
"6.1e-47","150.0",3,"LNHIMF_03031","0.981"
"6.1e-61","193.0",3,"BEJGEH_01471","1.039"
"6.2e-122","351.0",3,"GEGEGB_04090","0.987"
"6.2e-131","375.0",3,"AJBGEP_00721","0.984"
"6.2e-255","713.0",3,"AJBGEP_02680","1.032"
"6.2e-280","766.0",3,"LNHIMF_03319","1.0"
"6.2e-289","801.0",3,"HFCAGB_04585","0.838"
"6.2e-40","132.0",3,"GEGEGB_01218","1.0"
"6.2e-83","250.0",3,"HFCAGB_01675","0.995"
"6.3e-140","387.0",3,"GEGEGB_02910","1.0"
"6.3e-146","417.0",3,"IKCLMC_03775","0.983"
"6.3e-166","471.0",3,"BEJGEH_02844","0.991"
"6.3e-286","801.0",3,"GEGEGB_04868","0.988"
"6.4e-108","321.0",3,"LNHIMF_02705","0.993"
"6.4e-143","407.0",3,"GEGEGB_02365","0.937"
"6.4e-175","486.0",3,"BEJGEH_03508","1.052"
"6.4e-220","617.0",3,"LNHIMF_04631","1.017"
"6.4e-244","670.0",3,"BEJGEH_04401","0.994"
"6.4e-277","761.0",3,"AJBGEP_04102","1.0"
"6.5e-139","400.0",3,"LNHIMF_02283","0.987"
"6.5e-179","501.0",3,"AJBGEP_01846","1.040"
"6.5e-233","646.0",3,"LNHIMF_03287","0.802"
"6.5e-84","246.0",3,"LNHIMF_03032","1.0"
"6.5e-98","292.0",3,"LNHIMF_02949","0.996"
"6.6e-105","304.0",3,"HFCAGB_02274","1.116"
"6.6e-185","518.0",3,"LNHIMF_00457","0.834"
"6.6e-243","683.0",3,"GEGEGB_01960","1.002"
"6.6e-90","265.0",3,"AJBGEP_00048","0.952"
"6.6e-92","267.0",3,"LNHIMF_04102","1.0"
"6.6e-96","271.0",3,"BEJGEH_01684","1.0"
"6.7e-146","410.0",3,"HFCAGB_03915","1.0"
"6.7e-175","489.0",3,"AJBGEP_01575","0.884"
"6.7e-208","590.0",3,"BEJGEH_02766","0.987"
"6.7e-311","841.0",3,"BEJGEH_00060","1.0"
"6.8e-124","360.0",3,"AJBGEP_00485","0.997"
"6.8e-168","470.0",3,"HFCAGB_04732","1.0"
"6.8e-193","535.0",3,"GEGEGB_04340","0.993"
"6.8e-229","632.0",3,"BEJGEH_03278","0.991"
"6.8e-79","243.0",3,"HFCAGB_04328","1.020"
"6.9e-127","364.0",3,"AJBGEP_04174","1.0"
"6.9e-206","578.0",3,"ODDLKH_02690","1.155"
"6.9e-216","589.0",3,"BEJGEH_00705","1.0"
"7.0e-136","394.0",3,"AJBGEP_03212","0.982"
"7.0e-164","451.0",3,"HFCAGB_04821","1.0"
"7.0e-212","588.0",3,"LNHIMF_01025","0.991"
"7.0e-37","124.0",3,"HFCAGB_03806","0.955"
"7.1e-150","433.0",3,"LNHIMF_01305","0.920"
"7.1e-173","482.0",3,"BEJGEH_01112","1.0"
"7.1e-221","611.0",3,"LNHIMF_04619","0.981"
"7.1e-235","659.0",3,"LNHIMF_01643","0.938"
"7.1e-303","835.0",3,"HFCAGB_01469","0.996"
"7.1e-90","263.0",3,"HFCAGB_03909","1.0"
"7.2e-161","452.0",3,"BEJGEH_02036","1.004"
"7.2e-79","239.0",3,"BEJGEH_00118","0.985"
"7.3e-146","421.0",3,"AJBGEP_03402","0.997"
"7.3e-155","441.0",3,"BEJGEH_02771","0.972"
"7.3e-278","751.0",3,"BEJGEH_01864","1.0"
"7.3e-43","139.0",3,"GEGEGB_01799","1.0"
"7.4e-122","358.0",3,"HFCAGB_03042","0.997"
"7.4e-148","425.0",3,"LNHIMF_02447","0.949"
"7.4e-290","799.0",3,"LNHIMF_00105","0.810"
"7.4e-71","219.0",3,"HFCAGB_01708","0.990"
"7.4e-87","259.0",3,"LNHIMF_01222","0.990"
"7.5e-147","416.0",3,"LNHIMF_01365","0.972"
"7.5e-230","638.0",3,"LNHIMF_02651","1.102"
"7.5e-56","177.0",3,"IKCLMC_03241","0.986"
"7.6e-111","325.0",3,"GEGEGB_02216","0.977"
"7.6e-155","434.0",3,"BEJGEH_03908","1.017"
"7.6e-184","515.0",3,"BEJGEH_03751","0.927"
"7.6e-191","530.0",3,"GEGEGB_01911","0.987"
"7.7e-184","516.0",3,"GEGEGB_02558","0.834"
"7.7e-237","650.0",3,"AJBGEP_00025","1.024"
"7.7e-91","258.0",3,"GEGEGB_01334","1.0"
"7.8e-139","404.0",3,"AJBGEP_01893","0.986"
"7.8e-141","406.0",3,"HFCAGB_03886","0.997"
"7.8e-246","703.0",3,"AJBGEP_00019","1.082"
"7.8e-273","760.0",3,"BEJGEH_02285","1.084"
"7.8e-99","287.0",3,"BEJGEH_00354","0.932"
"7.9e-123","351.0",3,"AJBGEP_00891","1.0"
"7.9e-183","509.0",3,"BEJGEH_00435","1.024"
"7.9e-191","533.0",3,"LNHIMF_04038","1.0"
"7.9e-270","750.0",3,"GEGEGB_03261","1.002"
"7.9e-296","819.0",3,"GEGEGB_00184","1.187"
"8.0e-111","317.0",3,"BEJGEH_00490","1.0"
"8.0e-114","330.0",3,"LNHIMF_03310","1.175"
"8.0e-186","511.0",3,"ODDLKH_03281","1.0"
"8.0e-245","690.0",3,"AJBGEP_02066","1.014"
"8.0e-306","842.0",3,"BEJGEH_02825","1.034"
"8.1e-135","391.0",3,"GEGEGB_03115","0.982"
"8.1e-170","474.0",3,"AJBGEP_03102","1.0"
"8.1e-214","601.0",3,"HFCAGB_02057","1.135"
"8.1e-299","817.0",3,"AJBGEP_02176","0.816"
"8.2e-163","456.0",3,"ODDLKH_01249","1.0"
"8.3e-160","449.0",3,"AJBGEP_02177","1.004"
"8.3e-36","122.0",3,"LNHIMF_01347","0.945"
"8.3e-46","150.0",3,"BEJGEH_02326","1.0"
"8.4e-114","328.0",3,"HFCAGB_04614","0.807"
"8.4e-157","433.0",3,"LNHIMF_03804","1.0"
"8.4e-169","483.0",3,"GEGEGB_02223","0.969"
"8.4e-250","704.0",3,"AJBGEP_01066","1.002"
"8.5e-137","391.0",3,"HFCAGB_03738","0.957"
"8.5e-159","456.0",3,"LNHIMF_03652","0.967"
"8.5e-266","734.0",3,"IKCLMC_03392","0.989"
"8.6e-134","386.0",3,"GEGEGB_03770","0.996"
"8.6e-189","516.0",3,"AJBGEP_04669","1.0"
"8.7e-173","486.0",3,"LNHIMF_00976","1.0"
"8.7e-189","534.0",3,"BEJGEH_03514","0.990"
"8.7e-215","585.0",3,"GEGEGB_01723","1.0"
"8.7e-253","696.0",3,"AJBGEP_04418","0.829"
"8.7e-277","765.0",3,"AJBGEP_02484","0.988"
"8.8e-130","372.0",3,"GEGEGB_00684","0.962"
"8.8e-157","442.0",3,"BEJGEH_03731","0.988"
"8.8e-190","540.0",3,"BEJGEH_03017","0.962"
"8.9e-100","291.0",3,"HFCAGB_01315","1.0"
"8.9e-162","454.0",3,"AJBGEP_02232","0.823"
"8.9e-230","633.0",3,"GEGEGB_02849","0.985"
"8.9e-44","140.0",3,"LNHIMF_01570","1.0"
"8.9e-83","249.0",3,"LNHIMF_01666","0.990"
"9.0e-179","500.0",3,"GEGEGB_00213","0.980"
"9.0e-229","636.0",3,"IKCLMC_02679","0.947"
"9.0e-259","719.0",3,"BEJGEH_00880","0.998"
"9.1e-214","592.0",3,"AJBGEP_01545","0.994"
"9.2e-110","315.0",3,"HFCAGB_00568","0.934"
"9.2e-250","688.0",3,"BEJGEH_03496","1.0"
"9.2e-91","267.0",3,"AJBGEP_04432","1.0"
"9.4e-134","379.0",3,"BEJGEH_01764","1.0"
"9.4e-178","499.0",3,"GEGEGB_04099","0.990"
"9.4e-307","837.0",3,"AJBGEP_01394","0.998"
"9.4e-34","117.0",3,"AJBGEP_02065","1.0"
"9.5e-205","573.0",3,"AJBGEP_02460","0.947"
"9.5e-259","712.0",3,"HFCAGB_02538","0.941"
"9.6e-145","416.0",3,"ODDLKH_01205","1.068"
"9.6e-236","641.0",3,"BEJGEH_01323","1.0"
"9.6e-52","168.0",3,"LNHIMF_03801","1.094"
"9.6e-63","197.0",3,"LNHIMF_01725","0.910"
"9.7e-158","443.0",3,"LNHIMF_00739","0.807"
"9.7e-208","567.0",3,"GEGEGB_03787","1.0"
"9.7e-211","582.0",3,"IKCLMC_04115","1.0"
"9.7e-86","251.0",3,"BEJGEH_01209","0.954"
"9.8e-190","528.0",3,"HFCAGB_03565","0.997"
"9.8e-192","535.0",3,"GEGEGB_03574","0.990"
"9.8e-75","233.0",3,"LNHIMF_01805","1.198"
"9.9e-125","368.0",3,"BEJGEH_00818","1.006"
"ADP-ribose diphosphatase",NA,3,"GEGEGB_04231","SO:0001217, UniRef:UniRef50_Q5E1Y8"
"Bifunctional UDP-sugar hydrolase/5'-nucleotidase",NA,3,"GEGEGB_02487","SO:0001217, UniRef:UniRef50_A0A659R558"
"Dienelactone hydrolase domain-containing protein",NA,3,"LNHIMF_04567","SO:0001217, UniRef:UniRef50_A9MS09"
"Dipeptidyl carboxypeptidase Dcp",NA,3,"IKCLMC_04649","SO:0001217, UniRef:UniRef50_A0A377X8M5"
"Ferredoxin-type protein NapH","napH",3,"GEGEGB_00652","SO:0001217, UniRef:UniRef50_P33934"
"GST C-terminal domain-containing protein",NA,3,"GEGEGB_03311","SO:0001217, UniRef:UniRef50_Q2CA95"
"SPI-2 type III secretion system apparatus protein SsaO","ssaO",3,"GEGEGB_01357","BlastRules:WP_000449089, SO:0001217, UniRef:UniRef50_P74858"
"Signal recognition particle receptor FtsY","ftsY",3,"LNHIMF_03605","SO:0001217, UniRef:UniRef50_A0A4R1F4U0"
"1.0e-100","298.0",2,"LNHIMF_00926","1.0"
"1.0e-111","320.0",2,"GEGEGB_03356","1.0"
"1.0e-114","335.0",2,"GEGEGB_00939","0.966"
"1.0e-118","339.0",2,"LNHIMF_03536","1.0"
"1.0e-119","349.0",2,"BEJGEH_00280","1.0"
"1.0e-141","410.0",2,"IKCLMC_03285","1.0"
"1.0e-153","431.0",2,"AJBGEP_00607","1.056"
"1.0e-155","429.0",2,"IKCLMC_00783","1.0"
"1.0e-160","451.0",2,"LNHIMF_04202","1.0"
"1.0e-169","488.0",2,"LNHIMF_00488","0.939"
"1.0e-173","492.0",2,"LNHIMF_04203","0.997"
"1.0e-184","518.0",2,"BEJGEH_00183","0.991"
"1.0e-193","536.0",2,"BEJGEH_01756","0.944"
"1.0e-194","547.0",2,"BEJGEH_03118","0.983"
"1.0e-195","554.0",2,"IKCLMC_00558","0.981"
"1.0e-197","550.0",2,"ODDLKH_00553","1.102"
"1.0e-199","556.0",2,"HFCAGB_00754","1.0"
"1.0e-205","580.0",2,"AJBGEP_02262","0.998"
"1.0e-207","595.0",2,"IKCLMC_02953","0.949"
"1.0e-210","600.0",2,"PKJKAM_04373","0.975"
"1.0e-214","599.0",2,"GEGEGB_02585","0.992"
"1.0e-220","611.0",2,"IKCLMC_03236","0.981"
"1.0e-222","618.0",2,"HFCAGB_03035","0.992"
"1.0e-236","664.0",2,"AJBGEP_00732","0.821"
"1.0e-241","666.0",2,"LNHIMF_00442","0.997"
"1.0e-246","677.0",2,"LNHIMF_03753","0.912"
"1.0e-251","691.0",2,"GEGEGB_01231","0.991"
"1.0e-269","738.0",2,"AJBGEP_04244","1.0"
"1.0e-270","738.0",2,"GEGEGB_01092","1.0"
"1.0e-280","767.0",2,"ODDLKH_01859","1.017"
"1.0e-289","798.0",2,"AJBGEP_00107","0.810"
"1.0e-294","819.0",2,"GEGEGB_02281","1.100"
"1.0e-299","809.0",2,"BEJGEH_02126","1.0"
"1.0e-308","847.0",2,"GEGEGB_03291","1.0"
"1.0e-319","867.0",2,"LNHIMF_01633","1.002"
"1.0e-32","115.0",2,"GEGEGB_01007","0.811"
"1.0e-67","210.0",2,"GEGEGB_01610","0.851"
"1.0e-84","254.0",2,"GEGEGB_01827","0.990"
"1.0e-87","264.0",2,"LNHIMF_03131","0.889"
"1.0e-94","283.0",2,"GEGEGB_01135","0.983"
"1.1e-108","323.0",2,"BEJGEH_02606","0.993"
"1.1e-109","323.0",2,"LNHIMF_00458","0.996"
"1.1e-118","343.0",2,"GEGEGB_00742","0.987"
"1.1e-121","350.0",2,"HFCAGB_03446","1.0"
"1.1e-122","354.0",2,"AJBGEP_00637","1.024"
"1.1e-123","353.0",2,"GEGEGB_04125","1.0"
"1.1e-124","357.0",2,"HFCAGB_04286","0.995"
"1.1e-155","451.0",2,"GEGEGB_02780","1.0"
"1.1e-164","470.0",2,"GEGEGB_02662","1.057"
"1.1e-165","470.0",2,"GEGEGB_02203","0.994"
"1.1e-175","489.0",2,"HFCAGB_04294","0.855"
"1.1e-176","506.0",2,"HFCAGB_00004","1.051"
"1.1e-201","560.0",2,"LNHIMF_01031","0.902"
"1.1e-202","576.0",2,"GEGEGB_03025","1.015"
"1.1e-218","608.0",2,"GEGEGB_01242","1.228"
"1.1e-231","652.0",2,"GEGEGB_02514","1.0"
"1.1e-237","658.0",2,"GEGEGB_02755","0.997"
"1.1e-243","677.0",2,"BEJGEH_03943","0.824"
"1.1e-247","688.0",2,"GEGEGB_01113","0.971"
"1.1e-254","704.0",2,"IKCLMC_02428","0.983"
"1.1e-256","707.0",2,"HFCAGB_00950","0.985"
"1.1e-270","746.0",2,"GEGEGB_04320","1.0"
"1.1e-272","760.0",2,"LNHIMF_02393","1.084"
"1.1e-300","852.0",2,"HFCAGB_04536","1.001"
"1.1e-303","824.0",2,"BEJGEH_00053","1.0"
"1.1e-304","830.0",2,"AJBGEP_04441","1.030"
"1.1e-309","851.0",2,"AJBGEP_02061","1.0"
"1.1e-316","860.0",2,"GEGEGB_01565","1.002"
"1.1e-318","865.0",2,"BEJGEH_01501","1.002"
"1.1e-34","118.0",2,"BEJGEH_00579","1.179"
"1.1e-43","140.0",2,"LNHIMF_00934","1.0"
"1.1e-48","157.0",2,"GEGEGB_01915","1.056"
"1.1e-50","159.0",2,"IKCLMC_00804","1.0"
"1.1e-66","203.0",2,"HFCAGB_01834","0.979"
"1.1e-86","262.0",2,"GEGEGB_00206","1.111"
"1.1e-87","265.0",2,"LNHIMF_00854","0.996"
"1.1e-92","275.0",2,"AJBGEP_01703","1.062"
"1.1e-98","295.0",2,"ODDLKH_03069","0.992"
"1.2e-102","305.0",2,"BEJGEH_02097","1.109"
"1.2e-110","325.0",2,"LNHIMF_04514","0.984"
"1.2e-112","325.0",2,"HFCAGB_02304","1.0"
"1.2e-114","330.0",2,"BEJGEH_02064","1.0"
"1.2e-116","347.0",2,"LNHIMF_00339","1.011"
"1.2e-130","375.0",2,"AJBGEP_00814","0.992"
"1.2e-148","428.0",2,"LNHIMF_02395","1.003"
"1.2e-149","430.0",2,"BEJGEH_03962","0.960"
"1.2e-152","436.0",2,"GEGEGB_04100","0.972"
"1.2e-168","478.0",2,"BEJGEH_00323","0.828"
"1.2e-169","472.0",2,"GEGEGB_01617","1.033"
"1.2e-174","493.0",2,"GEGEGB_04645","1.149"
"1.2e-175","505.0",2,"LNHIMF_03848","1.105"
"1.2e-188","527.0",2,"LNHIMF_02059","1.0"
"1.2e-193","536.0",2,"AJBGEP_00518","1.0"
"1.2e-194","551.0",2,"GEGEGB_00457","0.998"
"1.2e-207","582.0",2,"LNHIMF_03980","0.954"
"1.2e-211","592.0",2,"BEJGEH_04224","1.0"
"1.2e-225","626.0",2,"GEGEGB_02382","0.987"
"1.2e-232","635.0",2,"LNHIMF_01991","1.0"
"1.2e-235","653.0",2,"GEGEGB_00070","1.183"
"1.2e-249","677.0",2,"LNHIMF_04628","1.0"
"1.2e-268","734.0",2,"GEGEGB_01964","1.089"
"1.2e-272","740.0",2,"GEGEGB_02507","1.0"
"1.2e-273","754.0",2,"GEGEGB_00784","1.006"
"1.2e-290","788.0",2,"BEJGEH_00182","1.0"
"1.2e-292","816.0",2,"GEGEGB_00681","0.978"
"1.2e-50","166.0",2,"LNHIMF_01490","0.896"
"1.2e-60","192.0",2,"HFCAGB_01678","1.039"
"1.2e-61","187.0",2,"GEGEGB_00082","1.116"
"1.2e-65","204.0",2,"ODDLKH_03126","0.977"
"1.2e-73","222.0",2,"LNHIMF_00150","1.124"
"1.2e-89","266.0",2,"GEGEGB_00654","0.960"
"1.2e-90","265.0",2,"BEJGEH_03704","1.0"
"1.2e-93","275.0",2,"LNHIMF_02477","0.918"
"1.2e-97","283.0",2,"LNHIMF_04363","1.0"
"1.3e-127","377.0",2,"ODDLKH_02144","0.930"
"1.3e-129","369.0",2,"GEGEGB_03349","1.0"
"1.3e-133","379.0",2,"BEJGEH_02696","0.975"
"1.3e-148","424.0",2,"HFCAGB_03362","0.993"
"1.3e-155","436.0",2,"ODDLKH_04309","1.017"
"1.3e-163","467.0",2,"GEGEGB_04735","0.979"
"1.3e-166","478.0",2,"GEGEGB_00797","1.174"
"1.3e-169","472.0",2,"PKJKAM_03802","1.0"
"1.3e-176","491.0",2,"LNHIMF_04093","0.855"
"1.3e-192","537.0",2,"IKCLMC_02701","0.942"
"1.3e-197","561.0",2,"LNHIMF_04529","1.0"
"1.3e-202","564.0",2,"GEGEGB_01290","0.991"
"1.3e-212","587.0",2,"GEGEGB_00146","1.141"
"1.3e-217","605.0",2,"BEJGEH_02827","1.042"
"1.3e-224","635.0",2,"GEGEGB_00682","0.983"
"1.3e-226","655.0",2,"HFCAGB_03063","1.027"
"1.3e-235","650.0",2,"AJBGEP_00606","1.0"
"1.3e-245","673.0",2,"GEGEGB_03737","0.991"
"1.3e-248","683.0",2,"IKCLMC_03372","1.0"
"1.3e-272","754.0",2,"GEGEGB_04118","1.057"
"1.3e-273","749.0",2,"AJBGEP_02472","0.809"
"1.3e-275","759.0",2,"ODDLKH_02626","1.006"
"1.3e-315","853.0",2,"AJBGEP_03128","1.0"
"1.3e-35","123.0",2,"IKCLMC_02574","0.878"
"1.3e-39","133.0",2,"AJBGEP_02668","0.941"
"1.3e-80","242.0",2,"LNHIMF_03164","0.989"
"1.3e-98","285.0",2,"GEGEGB_03259","1.0"
"1.4e-106","312.0",2,"LNHIMF_01108","1.0"
"1.4e-110","321.0",2,"AJBGEP_01349","0.991"
"1.4e-113","318.0",2,"LNHIMF_02249","1.0"
"1.4e-131","375.0",2,"HFCAGB_01020","1.109"
"1.4e-164","452.0",2,"HFCAGB_01875","1.0"
"1.4e-17","74.3",2,"HFCAGB_01591","0.903"
"1.4e-173","483.0",2,"BEJGEH_02331","1.079"
"1.4e-178","496.0",2,"GEGEGB_03757","0.855"
"1.4e-183","513.0",2,"BEJGEH_03922","0.800"
"1.4e-192","540.0",2,"HFCAGB_04044","0.997"
"1.4e-200","557.0",2,"HFCAGB_00155","0.968"
"1.4e-220","610.0",2,"AJBGEP_04766","0.981"
"1.4e-226","631.0",2,"LNHIMF_02841","0.970"
"1.4e-227","620.0",2,"GEGEGB_03729","1.0"
"1.4e-241","665.0",2,"GEGEGB_02573","0.997"
"1.4e-278","786.0",2,"HFCAGB_01837","0.968"
"1.4e-289","793.0",2,"GEGEGB_03180","1.127"
"1.4e-306","844.0",2,"LNHIMF_02871","1.034"
"1.4e-315","872.0",2,"GEGEGB_04662","1.293"
"1.4e-39","130.0",2,"HFCAGB_03006","1.0"
"1.4e-48","155.0",2,"LNHIMF_03520","0.981"
"1.4e-51","169.0",2,"AJBGEP_00671","0.857"
"1.4e-71","217.0",2,"HFCAGB_03368","0.963"
"1.4e-72","219.0",2,"LNHIMF_04242","1.0"
"1.4e-77","235.0",2,"LNHIMF_03033","1.0"
"1.4e-81","240.0",2,"GEGEGB_03432","0.985"
"1.4e-92","270.0",2,"GEGEGB_04730","1.0"
"1.5e-101","295.0",2,"LNHIMF_01720","1.0"
"1.5e-109","323.0",2,"GEGEGB_02557","0.996"
"1.5e-110","324.0",2,"BEJGEH_00782","0.977"
"1.5e-114","330.0",2,"GEGEGB_04673","0.807"
"1.5e-118","342.0",2,"ONMMKP_01507","1.0"
"1.5e-142","401.0",2,"PKJKAM_03529","1.043"
"1.5e-148","430.0",2,"LNHIMF_04512","0.997"
"1.5e-155","451.0",2,"LNHIMF_02775","1.0"
"1.5e-159","449.0",2,"GEGEGB_00553","0.977"
"1.5e-160","451.0",2,"GEGEGB_03643","1.0"
"1.5e-166","483.0",2,"IKCLMC_01804","0.956"
"1.5e-175","482.0",2,"BEJGEH_03036","1.0"
"1.5e-180","494.0",2,"GEGEGB_04628","1.0"
"1.5e-181","524.0",2,"HFCAGB_04623","0.985"
"1.5e-187","525.0",2,"GEGEGB_00362","0.825"
"1.5e-188","525.0",2,"LNHIMF_04569","0.810"
"1.5e-189","525.0",2,"LNHIMF_02583","0.809"
"1.5e-196","558.0",2,"GEGEGB_04734","1.0"
"1.5e-201","570.0",2,"ODDLKH_03231","1.007"
"1.5e-204","572.0",2,"BEJGEH_00898","1.032"
"1.5e-208","598.0",2,"GEGEGB_01413","0.945"
"1.5e-209","577.0",2,"GEGEGB_01663","1.0"
"1.5e-212","587.0",2,"PKJKAM_03549","0.997"
"1.5e-218","605.0",2,"GEGEGB_00333","1.063"
"1.5e-222","614.0",2,"GEGEGB_01535","0.807"
"1.5e-239","678.0",2,"AJBGEP_00948","1.0"
"1.5e-247","696.0",2,"LNHIMF_02984","0.982"
"1.5e-248","686.0",2,"HFCAGB_02451","1.0"
"1.5e-251","691.0",2,"HFCAGB_00537","1.008"
"1.5e-255","703.0",2,"GEGEGB_03235","1.0"
"1.5e-274","767.0",2,"LNHIMF_02434","0.967"
"1.5e-289","783.0",2,"IKCLMC_01053","1.0"
"1.5e-297","813.0",2,"GEGEGB_01319","1.036"
"1.5e-299","815.0",2,"GEGEGB_01664","1.0"
"1.5e-81","242.0",2,"GEGEGB_00560","1.0"
"1.5e-84","252.0",2,"BEJGEH_00422","0.983"
"1.5e-85","254.0",2,"GEGEGB_01193","0.994"
"1.5e-91","275.0",2,"IKCLMC_00509","0.976"
"1.5e-93","271.0",2,"AJBGEP_01881","1.0"
"1.6e-111","318.0",2,"ODDLKH_00790","1.0"
"1.6e-128","365.0",2,"BEJGEH_00950","0.808"
"1.6e-138","392.0",2,"GEGEGB_02818","1.0"
"1.6e-141","392.0",2,"HFCAGB_00580","1.0"
"1.6e-144","408.0",2,"ODDLKH_00143","1.0"
"1.6e-153","440.0",2,"GEGEGB_00491","1.0"
"1.6e-155","442.0",2,"IKCLMC_04047","0.984"
"1.6e-157","451.0",2,"GEGEGB_03388","1.0"
"1.6e-159","448.0",2,"BEJGEH_00948","0.951"
"1.6e-162","456.0",2,"LNHIMF_04438","1.159"
"1.6e-166","468.0",2,"LNHIMF_02679","1.0"
"1.6e-170","475.0",2,"IKCLMC_02097","1.0"
"1.6e-172","484.0",2,"ODDLKH_02966","0.986"
"1.6e-176","496.0",2,"BEJGEH_03705","0.984"
"1.6e-180","503.0",2,"AJBGEP_01789","1.0"
"1.6e-184","529.0",2,"HFCAGB_01273","0.983"
"1.6e-186","539.0",2,"LNHIMF_00394","0.985"
"1.6e-195","552.0",2,"IKCLMC_01377","1.0"
"1.6e-198","565.0",2,"GEGEGB_01115","0.991"
"1.6e-203","564.0",2,"LNHIMF_02109","1.0"
"1.6e-204","570.0",2,"LNHIMF_00964","1.0"
"1.6e-205","575.0",2,"BEJGEH_02316","0.947"
"1.6e-206","564.0",2,"IKCLMC_00663","1.0"
"1.6e-210","580.0",2,"BEJGEH_02231","1.0"
"1.6e-213","589.0",2,"IKCLMC_01661","0.984"
"1.6e-214","610.0",2,"ODDLKH_03966","0.974"
"1.6e-217","592.0",2,"LNHIMF_03990","1.0"
"1.6e-222","615.0",2,"LNHIMF_01780","1.0"
"1.6e-227","617.0",2,"GEGEGB_02814","1.0"
"1.6e-229","637.0",2,"AJBGEP_01643","0.990"
"1.6e-234","649.0",2,"GEGEGB_01784","0.930"
"1.6e-251","694.0",2,"IKCLMC_00796","0.985"
"1.6e-266","734.0",2,"BEJGEH_02957","1.0"
"1.6e-273","751.0",2,"ODDLKH_02866","1.0"
"1.6e-304","830.0",2,"BEJGEH_04296","1.030"
"1.6e-306","830.0",2,"GEGEGB_00318","0.998"
"1.6e-313","863.0",2,"LNHIMF_01815","1.079"
"1.6e-35","122.0",2,"AJBGEP_03965","0.963"
"1.6e-41","137.0",2,"GEGEGB_02832","0.960"
"1.6e-47","153.0",2,"BEJGEH_03498","0.981"
"1.6e-63","192.0",2,"LNHIMF_01554","0.829"
"1.6e-79","243.0",2,"LNHIMF_01560","0.982"
"1.6e-87","249.0",2,"BEJGEH_01669","1.0"
"1.7e-110","324.0",2,"GEGEGB_04717","0.984"
"1.7e-119","341.0",2,"IKCLMC_04897","1.0"
"1.7e-120","350.0",2,"HFCAGB_04325","1.110"
"1.7e-127","361.0",2,"GEGEGB_02295","1.0"
"1.7e-133","379.0",2,"LNHIMF_01665","0.995"
"1.7e-136","393.0",2,"LNHIMF_03781","0.986"
"1.7e-141","400.0",2,"LNHIMF_02099","1.0"
"1.7e-159","446.0",2,"ONMMKP_02768","1.0"
"1.7e-164","459.0",2,"AJBGEP_04390","0.996"
"1.7e-168","482.0",2,"BEJGEH_00775","0.969"
"1.7e-171","483.0",2,"LNHIMF_01202","1.121"
"1.7e-172","478.0",2,"LNHIMF_01589","1.0"
"1.7e-177","511.0",2,"GEGEGB_03277","1.0"
"1.7e-211","591.0",2,"LNHIMF_04210","1.0"
"1.7e-24","92.0",2,"HFCAGB_03691","0.972"
"1.7e-246","687.0",2,"HFCAGB_03923","0.987"
"1.7e-263","726.0",2,"GEGEGB_01228","1.091"
"1.7e-264","747.0",2,"BEJGEH_03386","0.989"
"1.7e-265","727.0",2,"AJBGEP_01149","1.070"
"1.7e-267","731.0",2,"BEJGEH_02381","0.995"
"1.7e-288","813.0",2,"PKJKAM_03744","1.128"
"1.7e-299","826.0",2,"GEGEGB_03572","0.953"
"1.7e-318","859.0",2,"LNHIMF_01463","1.0"
"1.7e-66","203.0",2,"GEGEGB_04652","1.0"
"1.7e-70","216.0",2,"HFCAGB_04048","1.0"
"1.7e-71","215.0",2,"IKCLMC_01481","1.0"
"1.7e-85","256.0",2,"HFCAGB_02107","0.990"
"1.7e-87","257.0",2,"LNHIMF_00922","0.994"
"1.7e-91","269.0",2,"GEGEGB_00646","1.0"
"1.8e-102","305.0",2,"AJBGEP_01685","0.980"
"1.8e-109","314.0",2,"LNHIMF_00549","0.934"
"1.8e-113","325.0",2,"GEGEGB_02041","1.0"
"1.8e-119","346.0",2,"BEJGEH_00641","0.908"
"1.8e-121","353.0",2,"GEGEGB_01806","0.971"
"1.8e-135","377.0",2,"AJBGEP_04455","1.0"
"1.8e-159","449.0",2,"GEGEGB_01125","0.996"
"1.8e-166","476.0",2,"HFCAGB_00541","1.003"
"1.8e-167","468.0",2,"HFCAGB_02027","1.0"
"1.8e-182","499.0",2,"BEJGEH_04377","1.0"
"1.8e-200","565.0",2,"AJBGEP_01228","0.995"
"1.8e-203","573.0",2,"GEGEGB_03125","1.0"
"1.8e-206","572.0",2,"HFCAGB_04775","0.955"
"1.8e-211","583.0",2,"GEGEGB_00304","1.0"
"1.8e-229","632.0",2,"AJBGEP_02963","0.985"
"1.8e-230","640.0",2,"AJBGEP_02691","1.102"
"1.8e-234","653.0",2,"AJBGEP_00214","1.0"
"1.8e-246","677.0",2,"IKCLMC_02653","0.922"
"1.8e-262","714.0",2,"LNHIMF_02541","1.0"
"1.8e-271","739.0",2,"LNHIMF_01915","1.0"
"1.8e-297","828.0",2,"BEJGEH_04391","1.231"
"1.8e-311","849.0",2,"HFCAGB_02364","1.0"
"1.8e-35","118.0",2,"LNHIMF_02505","0.983"
"1.8e-50","164.0",2,"GEGEGB_01018","0.862"
"1.9e-107","315.0",2,"IKCLMC_02656","0.996"
"1.9e-115","330.0",2,"HFCAGB_04822","0.994"
"1.9e-119","339.0",2,"HFCAGB_04565","0.921"
"1.9e-120","337.0",2,"BEJGEH_00557","1.0"
"1.9e-138","399.0",2,"ODDLKH_02637","0.987"
"1.9e-164","468.0",2,"ODDLKH_00105","1.0"
"1.9e-167","475.0",2,"LNHIMF_03740","0.974"
"1.9e-184","517.0",2,"GEGEGB_04412","1.104"
"1.9e-204","569.0",2,"GEGEGB_01787","0.847"
"1.9e-21","84.3",2,"PKJKAM_04395","0.947"
"1.9e-215","594.0",2,"AJBGEP_03865","0.986"
"1.9e-227","620.0",2,"IKCLMC_03962","1.0"
"1.9e-228","631.0",2,"AJBGEP_03426","0.983"
"1.9e-237","646.0",2,"GEGEGB_02468","1.0"
"1.9e-245","692.0",2,"BEJGEH_01246","0.952"
"1.9e-268","733.0",2,"PKJKAM_04372","1.024"
"1.9e-280","781.0",2,"HFCAGB_03434","1.003"
"1.9e-284","780.0",2,"HFCAGB_03463","1.087"
"1.9e-302","816.0",2,"AJBGEP_01475","1.0"
"1.9e-310","850.0",2,"HFCAGB_02684","0.996"
"1.9e-55","177.0",2,"AJBGEP_00362","0.958"
"1.9e-70","212.0",2,"HFCAGB_03349","0.960"
"1.9e-88","267.0",2,"IKCLMC_00415","0.996"
"2,5-diketocamphane 1,2-monooxygenase",NA,2,"AJBGEP_03441","SO:0001217, UniRef:UniRef50_A0A1B2A9S8"
"2.0e-121","348.0",2,"GEGEGB_04355","0.906"
"2.0e-126","352.0",2,"LNHIMF_02130","1.0"
"2.0e-131","375.0",2,"BEJGEH_00933","1.109"
"2.0e-137","396.0",2,"GEGEGB_01793","1.003"
"2.0e-146","420.0",2,"GEGEGB_00989","0.997"
"2.0e-163","457.0",2,"GEGEGB_02231","1.0"
"2.0e-177","508.0",2,"GEGEGB_00004","1.051"
"2.0e-180","511.0",2,"GEGEGB_00123","0.983"
"2.0e-195","550.0",2,"GEGEGB_00892","0.974"
"2.0e-204","573.0",2,"BEJGEH_04028","0.997"
"2.0e-205","575.0",2,"GEGEGB_03881","0.994"
"2.0e-217","617.0",2,"BEJGEH_00792","1.012"
"2.0e-218","621.0",2,"BEJGEH_00113","0.989"
"2.0e-228","629.0",2,"AJBGEP_04081","1.088"
"2.0e-243","675.0",2,"ODDLKH_04170","0.991"
"2.0e-247","709.0",2,"BEJGEH_02434","0.985"
"2.0e-299","820.0",2,"GEGEGB_03684","0.998"
"2.0e-62","193.0",2,"LNHIMF_03423","0.891"
"2.0e-68","205.0",2,"PKJKAM_02105","1.0"
"2.0e-86","263.0",2,"GEGEGB_02651","1.016"
"2.0e-93","277.0",2,"GEGEGB_01685","0.986"
"2.0e-99","292.0",2,"GEGEGB_01270","0.985"
"2.1e-100","284.0",2,"BEJGEH_02855","1.0"
"2.1e-112","324.0",2,"AJBGEP_01994","0.970"
"2.1e-120","343.0",2,"PKJKAM_00478","1.0"
"2.1e-125","366.0",2,"BEJGEH_00192","0.977"
"2.1e-133","384.0",2,"GEGEGB_02469","0.953"
"2.1e-142","411.0",2,"LNHIMF_02819","0.997"
"2.1e-146","414.0",2,"AJBGEP_04268","1.0"
"2.1e-159","450.0",2,"AJBGEP_03862","1.144"
"2.1e-164","461.0",2,"IKCLMC_01625","0.803"
"2.1e-167","477.0",2,"LNHIMF_01486","0.992"
"2.1e-174","485.0",2,"LNHIMF_04572","1.0"
"2.1e-184","517.0",2,"GEGEGB_00179","0.991"
"2.1e-201","570.0",2,"GEGEGB_02854","1.007"
"2.1e-203","561.0",2,"GEGEGB_01668","1.0"
"2.1e-209","577.0",2,"IKCLMC_04486","1.0"
"2.1e-217","602.0",2,"AJBGEP_04321","1.0"
"2.1e-241","663.0",2,"GEGEGB_00966","1.0"
"2.1e-245","686.0",2,"AJBGEP_01942","0.949"
"2.1e-267","729.0",2,"AJBGEP_01615","0.994"
"2.1e-274","751.0",2,"AJBGEP_02925","1.0"
"2.1e-284","781.0",2,"HFCAGB_02729","0.979"
"2.1e-46","150.0",2,"HFCAGB_04648","1.018"
"2.1e-55","176.0",2,"LNHIMF_04614","0.986"
"2.1e-70","216.0",2,"BEJGEH_00065","0.956"
"2.1e-93","281.0",2,"BEJGEH_03030","0.984"
"2.2e-114","327.0",2,"AJBGEP_02320","1.0"
"2.2e-125","355.0",2,"LNHIMF_03069","1.0"
"2.2e-127","363.0",2,"GEGEGB_01616","0.981"
"2.2e-131","387.0",2,"BEJGEH_01296","0.995"
"2.2e-133","387.0",2,"IKCLMC_02667","1.006"
"2.2e-142","408.0",2,"AJBGEP_03922","0.993"
"2.2e-143","398.0",2,"GEGEGB_01485","1.0"
"2.2e-148","423.0",2,"BEJGEH_01334","0.979"
"2.2e-149","435.0",2,"BEJGEH_01568","0.990"
"2.2e-177","496.0",2,"BEJGEH_01776","1.0"
"2.2e-186","538.0",2,"BEJGEH_00376","0.985"
"2.2e-208","597.0",2,"BEJGEH_01613","0.945"
"2.2e-218","606.0",2,"BEJGEH_00837","1.0"
"2.2e-224","634.0",2,"GEGEGB_01309","0.982"
"2.2e-239","672.0",2,"LNHIMF_01352","1.183"
"2.2e-248","684.0",2,"AJBGEP_03646","1.0"
"2.2e-250","679.0",2,"BEJGEH_04668","1.0"
"2.2e-254","703.0",2,"BEJGEH_00624","0.983"
"2.2e-266","736.0",2,"BEJGEH_02605","1.004"
"2.2e-274","761.0",2,"LNHIMF_02701","0.957"
"2.2e-280","767.0",2,"PKJKAM_01750","1.0"
"2.2e-313","879.0",2,"BEJGEH_02082","1.0"
"2.2e-96","288.0",2,"HFCAGB_02034","1.008"
"2.3e-111","323.0",2,"PKJKAM_03276","1.0"
"2.3e-124","361.0",2,"LNHIMF_00066","0.971"
"2.3e-153","448.0",2,"LNHIMF_01125","0.980"
"2.3e-155","443.0",2,"GEGEGB_03742","0.979"
"2.3e-156","441.0",2,"IKCLMC_01703","0.925"
"2.3e-164","453.0",2,"ODDLKH_01039","1.0"
"2.3e-168","476.0",2,"ODDLKH_02288","1.164"
"2.3e-176","496.0",2,"PKJKAM_03976","0.997"
"2.3e-187","532.0",2,"AJBGEP_04430","1.002"
"2.3e-199","556.0",2,"GEGEGB_03208","0.994"
"2.3e-203","563.0",2,"IKCLMC_04150","0.984"
"2.3e-215","599.0",2,"BEJGEH_00547","0.944"
"2.3e-223","620.0",2,"GEGEGB_04183","1.003"
"2.3e-251","694.0",2,"LNHIMF_01187","0.985"
"2.3e-269","749.0",2,"LNHIMF_03229","1.002"
"2.3e-270","745.0",2,"AJBGEP_03581","1.0"
"2.3e-272","748.0",2,"HFCAGB_02770","0.991"
"2.3e-290","796.0",2,"HFCAGB_01913","0.996"
"2.3e-292","820.0",2,"BEJGEH_04279","1.010"
"2.3e-34","117.0",2,"HFCAGB_00657","1.179"
"2.3e-36","124.0",2,"IKCLMC_01763","0.930"
"2.3e-78","232.0",2,"GEGEGB_00703","0.953"
"2.3e-97","295.0",2,"AJBGEP_00333","0.873"
"2.4e-107","314.0",2,"HFCAGB_01124","1.0"
"2.4e-111","326.0",2,"AJBGEP_01103","0.954"
"2.4e-114","338.0",2,"LNHIMF_02803","0.923"
"2.4e-119","352.0",2,"BEJGEH_00602","0.969"
"2.4e-132","374.0",2,"LNHIMF_02427","1.0"
"2.4e-135","392.0",2,"AJBGEP_04220","0.980"
"2.4e-142","405.0",2,"HFCAGB_00078","1.0"
"2.4e-143","422.0",2,"AJBGEP_01104","0.934"
"2.4e-144","419.0",2,"GEGEGB_01679","1.0"
"2.4e-148","421.0",2,"AJBGEP_00322","0.974"
"2.4e-160","459.0",2,"BEJGEH_04165","0.995"
"2.4e-165","456.0",2,"LNHIMF_03807","1.0"
"2.4e-168","471.0",2,"LNHIMF_02965","1.0"
"2.4e-180","495.0",2,"LNHIMF_01469","1.0"
"2.4e-186","534.0",2,"BEJGEH_01125","0.983"
"2.4e-198","552.0",2,"GEGEGB_02327","1.0"
"2.4e-218","609.0",2,"HFCAGB_00416","1.041"
"2.4e-227","625.0",2,"GEGEGB_00126","1.0"
"2.4e-228","620.0",2,"BEJGEH_02762","1.0"
"2.4e-231","641.0",2,"LNHIMF_01614","0.990"
"2.4e-234","636.0",2,"GEGEGB_00503","1.0"
"2.4e-242","674.0",2,"ODDLKH_01433","0.993"
"2.4e-244","678.0",2,"GEGEGB_03417","0.976"
"2.4e-250","709.0",2,"GEGEGB_04048","1.081"
"2.4e-253","703.0",2,"ODDLKH_02593","0.983"
"2.4e-274","755.0",2,"ODDLKH_01221","1.162"
"2.4e-289","801.0",2,"AJBGEP_04468","0.980"
"2.4e-78","232.0",2,"LNHIMF_03113","0.816"
"2.4e-86","258.0",2,"GEGEGB_03819","0.985"
"2.5e-102","300.0",2,"HFCAGB_03427","1.010"
"2.5e-117","332.0",2,"GEGEGB_01800","0.995"
"2.5e-120","346.0",2,"HFCAGB_04597","0.991"
"2.5e-139","402.0",2,"AJBGEP_02756","0.993"
"2.5e-162","456.0",2,"AJBGEP_02285","0.806"
"2.5e-165","481.0",2,"GEGEGB_01520","0.974"
"2.5e-166","476.0",2,"GEGEGB_02466","1.003"
"2.5e-177","505.0",2,"ODDLKH_01163","1.0"
"2.5e-180","521.0",2,"GEGEGB_03200","1.004"
"2.5e-181","496.0",2,"GEGEGB_00031","1.0"
"2.5e-182","501.0",2,"BEJGEH_01461","1.0"
"2.5e-183","526.0",2,"IKCLMC_00645","1.049"
"2.5e-186","526.0",2,"AJBGEP_03116","1.068"
"2.5e-188","526.0",2,"AJBGEP_02086","1.0"
"2.5e-194","538.0",2,"LNHIMF_01378","0.944"
"2.5e-201","560.0",2,"LNHIMF_04432","1.0"
"2.5e-238","660.0",2,"BEJGEH_02133","1.086"
"2.5e-246","676.0",2,"GEGEGB_04008","0.922"
"2.5e-254","711.0",2,"LNHIMF_02640","1.032"
"2.5e-278","771.0",2,"LNHIMF_01529","1.079"
"2.5e-281","768.0",2,"IKCLMC_04781","1.017"
"2.5e-70","215.0",2,"GEGEGB_03913","1.0"
"2.6e-108","317.0",2,"AJBGEP_03685","1.0"
"2.6e-117","349.0",2,"LNHIMF_03633","0.942"
"2.6e-149","433.0",2,"HFCAGB_01331","1.005"
"2.6e-152","446.0",2,"GEGEGB_01251","1.0"
"2.6e-154","449.0",2,"AJBGEP_02649","0.954"
"2.6e-166","471.0",2,"GEGEGB_02186","0.994"
"2.6e-169","487.0",2,"IKCLMC_04791","0.974"
"2.6e-172","473.0",2,"ODDLKH_02286","1.0"
"2.6e-175","498.0",2,"BEJGEH_04160","0.979"
"2.6e-178","499.0",2,"GEGEGB_01257","1.0"
"2.6e-185","514.0",2,"GEGEGB_01205","1.0"
"2.6e-200","574.0",2,"BEJGEH_03635","1.068"
"2.6e-205","570.0",2,"HFCAGB_03555","0.994"
"2.6e-233","644.0",2,"LNHIMF_01843","1.0"
"2.6e-239","677.0",2,"LNHIMF_02371","1.032"
"2.6e-24","91.3",2,"GEGEGB_00368","1.014"
"2.6e-245","665.0",2,"AJBGEP_00570","1.0"
"2.6e-259","735.0",2,"HFCAGB_00477","0.994"
"2.6e-280","779.0",2,"BEJGEH_02699","1.0"
"2.6e-285","786.0",2,"GEGEGB_00913","0.996"
"2.6e-50","152.0",2,"GEGEGB_02913","1.0"
"2.6e-60","187.0",2,"GEGEGB_03368","1.023"
"2.6e-96","282.0",2,"LNHIMF_04026","0.967"
"2.7e-134","380.0",2,"GEGEGB_02088","0.884"
"2.7e-144","421.0",2,"ODDLKH_01081","0.944"
"2.7e-154","437.0",2,"BEJGEH_01635","1.0"
"2.7e-175","500.0",2,"GEGEGB_01226","0.831"
"2.7e-192","553.0",2,"ODDLKH_00692","1.0"
"2.7e-236","657.0",2,"GEGEGB_00215","1.0"
"2.7e-273","752.0",2,"GEGEGB_02256","1.162"
"2.7e-290","785.0",2,"AJBGEP_03030","0.954"
"2.7e-313","855.0",2,"IKCLMC_02480","0.803"
"2.7e-317","862.0",2,"LNHIMF_03167","1.042"
"2.7e-88","267.0",2,"GEGEGB_02273","0.996"
"2.7e-98","293.0",2,"AJBGEP_03178","1.055"
"2.8e-100","296.0",2,"LNHIMF_01016","1.131"
"2.8e-104","301.0",2,"HFCAGB_04298","0.942"
"2.8e-121","348.0",2,"LNHIMF_04239","0.906"
"2.8e-126","362.0",2,"GEGEGB_03493","1.0"
"2.8e-132","392.0",2,"IKCLMC_03943","1.132"
"2.8e-148","419.0",2,"BEJGEH_03106","1.0"
"2.8e-164","468.0",2,"IKCLMC_01583","0.994"
"2.8e-165","468.0",2,"GEGEGB_01253","0.997"
"2.8e-175","482.0",2,"AJBGEP_01484","1.0"
"2.8e-257","699.0",2,"BEJGEH_03814","1.0"
"2.8e-274","753.0",2,"HFCAGB_02625","1.0"
"2.8e-275","767.0",2,"LNHIMF_03672","1.009"
"2.8e-277","774.0",2,"BEJGEH_01278","1.003"
"2.8e-288","789.0",2,"IKCLMC_04882","0.803"
"2.8e-301","853.0",2,"BEJGEH_04364","1.001"
"2.8e-47","149.0",2,"GEGEGB_01254","1.0"
"2.8e-72","216.0",2,"AJBGEP_03122","1.0"
"2.8e-79","236.0",2,"HFCAGB_00527","0.947"
"2.8e-80","242.0",2,"GEGEGB_04089","0.979"
"2.8e-85","258.0",2,"GEGEGB_00237","0.969"
"2.9e-110","321.0",2,"LNHIMF_00408","0.996"
"2.9e-113","323.0",2,"GEGEGB_01182","1.0"
"2.9e-121","348.0",2,"GEGEGB_02541","1.0"
"2.9e-122","356.0",2,"IKCLMC_03106","0.971"
"2.9e-137","394.0",2,"GEGEGB_03396","0.989"
"2.9e-159","452.0",2,"LNHIMF_02561","0.933"
"2.9e-167","470.0",2,"GEGEGB_00755","1.211"
"2.9e-172","485.0",2,"BEJGEH_01924","1.121"
"2.9e-178","501.0",2,"BEJGEH_02363","0.972"
"2.9e-188","517.0",2,"BEJGEH_02850","1.0"
"2.9e-190","530.0",2,"AJBGEP_04768","1.202"
"2.9e-222","605.0",2,"GEGEGB_02915","1.0"
"2.9e-228","634.0",2,"GEGEGB_00532","0.855"
"2.9e-239","650.0",2,"HFCAGB_02714","0.997"
"2.9e-242","677.0",2,"GEGEGB_03292","1.0"
"2.9e-282","764.0",2,"IKCLMC_01558","1.0"
"2.9e-299","808.0",2,"ODDLKH_02600","1.0"
"2.9e-76","231.0",2,"BEJGEH_01431","1.0"
"2.9e-83","249.0",2,"GEGEGB_00008","0.974"
"2.9e-84","240.0",2,"GEGEGB_00879","1.0"
"3.0e-100","297.0",2,"BEJGEH_00797","1.0"
"3.0e-107","320.0",2,"HFCAGB_00504","1.058"
"3.0e-127","363.0",2,"LNHIMF_01315","1.0"
"3.0e-129","380.0",2,"LNHIMF_00483","0.989"
"3.0e-135","383.0",2,"BEJGEH_03134","0.903"
"3.0e-136","392.0",2,"GEGEGB_00474","0.990"
"3.0e-163","461.0",2,"GEGEGB_01480","0.993"
"3.0e-173","498.0",2,"BEJGEH_00234","0.991"
"3.0e-188","524.0",2,"HFCAGB_04728","0.810"
"3.0e-197","554.0",2,"HFCAGB_02288","0.974"
"3.0e-204","571.0",2,"GEGEGB_02096","1.032"
"3.0e-209","582.0",2,"GEGEGB_04093","1.0"
"3.0e-231","655.0",2,"LNHIMF_02057","0.996"
"3.0e-246","667.0",2,"AJBGEP_01785","1.0"
"3.0e-248","686.0",2,"LNHIMF_02330","1.0"
"3.0e-254","706.0",2,"HFCAGB_02485","0.807"
"3.0e-259","728.0",2,"AJBGEP_00705","1.103"
"3.0e-274","766.0",2,"AJBGEP_02468","0.967"
"3.0e-284","781.0",2,"IKCLMC_01317","0.979"
"3.0e-288","795.0",2,"HFCAGB_03594","1.0"
"3.0e-297","802.0",2,"GEGEGB_03788","1.0"
"3.0e-70","218.0",2,"HFCAGB_02434","0.979"
"3.0e-74","229.0",2,"IKCLMC_04301","1.019"
"3.0e-75","223.0",2,"AJBGEP_01977","1.0"
"3.1e-105","317.0",2,"GEGEGB_02394","0.960"
"3.1e-115","334.0",2,"IKCLMC_04230","0.802"
"3.1e-122","360.0",2,"HFCAGB_01897","0.991"
"3.1e-138","401.0",2,"LNHIMF_03421","0.976"
"3.1e-154","446.0",2,"BEJGEH_03963","0.981"
"3.1e-196","558.0",2,"BEJGEH_02961","1.150"
"3.1e-201","550.0",2,"BEJGEH_02849","1.0"
"3.1e-202","563.0",2,"AJBGEP_00394","0.808"
"3.1e-221","602.0",2,"HFCAGB_03096","1.0"
"3.1e-241","672.0",2,"AJBGEP_01816","0.821"
"3.1e-249","684.0",2,"GEGEGB_04716","1.0"
"3.1e-253","705.0",2,"AJBGEP_00195","1.108"
"3.1e-261","714.0",2,"IKCLMC_02414","0.994"
"3.1e-266","736.0",2,"LNHIMF_02704","1.004"
"3.1e-272","759.0",2,"AJBGEP_02429","1.084"
"3.1e-282","775.0",2,"AJBGEP_03650","0.998"
"3.1e-286","802.0",2,"AJBGEP_04785","0.988"
"3.1e-289","782.0",2,"GEGEGB_02914","0.954"
"3.1e-294","806.0",2,"LNHIMF_03831","1.0"
"3.1e-296","810.0",2,"LNHIMF_02094","0.816"
"3.1e-298","830.0",2,"IKCLMC_01129","1.231"
"3.1e-32","114.0",2,"GEGEGB_00974","1.0"
"3.1e-55","171.0",2,"AJBGEP_04473","0.990"
"3.1e-76","229.0",2,"AJBGEP_04648","1.0"
"3.1e-77","235.0",2,"IKCLMC_03084","0.940"
"3.1e-89","270.0",2,"BEJGEH_01439","0.893"
"3.2e-103","296.0",2,"ODDLKH_00113","1.0"
"3.2e-120","345.0",2,"AJBGEP_03241","1.0"
"3.2e-122","349.0",2,"BEJGEH_00856","1.0"
"3.2e-130","376.0",2,"HFCAGB_00273","0.992"
"3.2e-136","397.0",2,"AJBGEP_03904","1.088"
"3.2e-139","401.0",2,"HFCAGB_02404","0.987"
"3.2e-142","406.0",2,"GEGEGB_02528","0.901"
"3.2e-153","429.0",2,"LNHIMF_00947","1.080"
"3.2e-157","451.0",2,"GEGEGB_02214","0.994"
"3.2e-160","464.0",2,"LNHIMF_00383","0.947"
"3.2e-161","449.0",2,"HFCAGB_00949","1.058"
"3.2e-166","468.0",2,"GEGEGB_00204","0.907"
"3.2e-173","476.0",2,"HFCAGB_01477","1.0"
"3.2e-174","500.0",2,"LNHIMF_01672","0.950"
"3.2e-177","502.0",2,"HFCAGB_03444","0.989"
"3.2e-201","559.0",2,"GEGEGB_02097","0.902"
"3.2e-203","563.0",2,"AJBGEP_02191","1.0"
"3.2e-204","566.0",2,"LNHIMF_02948","1.0"
"3.2e-223","607.0",2,"GEGEGB_02931","1.0"
"3.2e-243","671.0",2,"AJBGEP_00250","0.840"
"3.2e-295","806.0",2,"PKJKAM_03727","1.0"
"3.2e-301","825.0",2,"GEGEGB_00164","1.0"
"3.2e-305","828.0",2,"GEGEGB_00055","1.0"
"3.2e-309","836.0",2,"HFCAGB_00516","0.967"
"3.2e-35","120.0",2,"AJBGEP_00851","1.0"
"3.2e-69","207.0",2,"BEJGEH_01812","1.0"
"3.3e-111","327.0",2,"AJBGEP_03912","0.996"
"3.3e-131","375.0",2,"LNHIMF_03655","0.968"
"3.3e-150","433.0",2,"HFCAGB_02141","0.991"
"3.3e-167","460.0",2,"HFCAGB_01938","1.0"
"3.3e-172","473.0",2,"IKCLMC_02609","1.0"
"3.3e-175","490.0",2,"LNHIMF_01546","0.884"
"3.3e-206","584.0",2,"BEJGEH_01478","0.992"
"3.3e-208","590.0",2,"LNHIMF_02811","0.987"
"3.3e-241","665.0",2,"LNHIMF_02136","0.991"
"3.3e-48","152.0",2,"AJBGEP_01761","1.0"
"3.4e-105","308.0",2,"HFCAGB_04341","1.005"
"3.4e-125","371.0",2,"LNHIMF_01765","1.011"
"3.4e-136","392.0",2,"BEJGEH_03776","0.986"
"3.4e-139","401.0",2,"GEGEGB_01467","1.022"
"3.4e-142","404.0",2,"BEJGEH_00078","1.0"
"3.4e-156","436.0",2,"LNHIMF_04485","1.055"
"3.4e-160","458.0",2,"GEGEGB_03693","0.995"
"3.4e-177","510.0",2,"BEJGEH_03222","1.0"
"3.4e-178","500.0",2,"AJBGEP_03854","0.984"
"3.4e-181","496.0",2,"HFCAGB_03245","1.0"
"3.4e-182","509.0",2,"LNHIMF_03409","1.0"
"3.4e-196","563.0",2,"LNHIMF_03179","0.998"
"3.4e-214","583.0",2,"GEGEGB_02907","1.0"
"3.4e-215","591.0",2,"ODDLKH_04206","1.0"
"3.4e-227","631.0",2,"AJBGEP_03168","1.042"
"3.4e-244","677.0",2,"BEJGEH_03355","0.976"
"3.4e-253","699.0",2,"AJBGEP_01154","0.985"
"3.4e-268","734.0",2,"LNHIMF_04088","1.0"
"3.4e-69","208.0",2,"IKCLMC_04387","1.0"
"3.4e-88","268.0",2,"LNHIMF_00889","0.939"
"3.5e-105","314.0",2,"BEJGEH_01567","1.057"
"3.5e-118","343.0",2,"ODDLKH_02605","1.105"
"3.5e-121","350.0",2,"BEJGEH_04278","1.0"
"3.5e-128","368.0",2,"GEGEGB_00005","0.996"
"3.5e-129","374.0",2,"AJBGEP_00585","0.944"
"3.5e-131","375.0",2,"AJBGEP_04224","0.838"
"3.5e-141","399.0",2,"BEJGEH_02040","1.0"
"3.5e-155","436.0",2,"BEJGEH_00022","1.158"
"3.5e-164","459.0",2,"LNHIMF_00896","1.0"
"3.5e-169","472.0",2,"BEJGEH_03627","0.825"
"3.5e-172","488.0",2,"IKCLMC_01792","1.0"
"3.5e-175","489.0",2,"GEGEGB_00961","1.0"
"3.5e-180","508.0",2,"GEGEGB_00519","0.978"
"3.5e-200","553.0",2,"AJBGEP_02592","1.0"
"3.5e-303","818.0",2,"ODDLKH_01982","1.0"
"3.5e-316","888.0",2,"LNHIMF_03792","0.942"
"3.5e-87","260.0",2,"HFCAGB_04511","0.927"
"3.6e-105","307.0",2,"BEJGEH_04442","0.991"
"3.6e-108","313.0",2,"PKJKAM_04253","0.934"
"3.6e-119","345.0",2,"IKCLMC_02444","0.908"
"3.6e-129","369.0",2,"LNHIMF_00252","0.996"
"3.6e-131","372.0",2,"HFCAGB_02842","0.846"
"3.6e-183","520.0",2,"IKCLMC_01482","1.173"
"3.6e-190","528.0",2,"AJBGEP_02637","1.0"
"3.6e-203","567.0",2,"AJBGEP_02241","0.884"
"3.6e-209","582.0",2,"ODDLKH_00253","1.0"
"3.6e-220","616.0",2,"GEGEGB_00364","0.948"
"3.6e-231","630.0",2,"IKCLMC_04751","1.0"
"3.6e-238","649.0",2,"GEGEGB_01297","1.0"
"3.6e-300","811.0",2,"HFCAGB_00927","1.0"
"3.6e-311","862.0",2,"LNHIMF_03337","0.951"
"3.6e-51","164.0",2,"IKCLMC_03688","1.0"
"3.6e-53","169.0",2,"AJBGEP_04486","0.980"
"3.6e-58","181.0",2,"AJBGEP_03322","0.985"
"3.7e-108","315.0",2,"LNHIMF_01318","0.991"
"3.7e-115","322.0",2,"HFCAGB_00139","1.0"
"3.7e-119","349.0",2,"GEGEGB_00160","1.027"
"3.7e-129","374.0",2,"GEGEGB_02738","0.992"
"3.7e-132","391.0",2,"HFCAGB_00272","0.985"
"3.7e-140","399.0",2,"LNHIMF_04606","0.985"
"3.7e-141","405.0",2,"BEJGEH_03775","0.993"
"3.7e-145","411.0",2,"AJBGEP_03201","1.0"
"3.7e-172","488.0",2,"LNHIMF_03112","0.971"
"3.7e-174","484.0",2,"HFCAGB_03711","1.052"
"3.7e-175","488.0",2,"GEGEGB_02248","0.858"
"3.7e-181","506.0",2,"LNHIMF_01076","0.886"
"3.7e-185","535.0",2,"ODDLKH_00852","0.985"
"3.7e-219","615.0",2,"AJBGEP_04782","1.017"
"3.7e-270","738.0",2,"IKCLMC_02658","0.992"
"3.7e-277","768.0",2,"LNHIMF_02815","1.119"
"3.7e-279","777.0",2,"AJBGEP_04493","0.984"
"3.7e-95","297.0",2,"BEJGEH_03511","1.068"
"3.8e-100","294.0",2,"GEGEGB_01952","1.109"
"3.8e-111","323.0",2,"BEJGEH_01403","0.991"
"3.8e-119","345.0",2,"HFCAGB_01777","0.991"
"3.8e-128","363.0",2,"HFCAGB_02873","1.082"
"3.8e-134","389.0",2,"BEJGEH_03744","1.006"
"3.8e-135","383.0",2,"GEGEGB_00356","1.0"
"3.8e-137","398.0",2,"LNHIMF_01752","1.135"
"3.8e-140","396.0",2,"HFCAGB_01135","1.0"
"3.8e-163","458.0",2,"PKJKAM_04074","0.823"
"3.8e-166","462.0",2,"ODDLKH_02183","0.970"
"3.8e-198","550.0",2,"LNHIMF_00803","1.013"
"3.8e-240","680.0",2,"HFCAGB_01000","1.0"
"3.8e-245","664.0",2,"ODDLKH_01896","1.0"
"3.8e-282","776.0",2,"LNHIMF_02992","1.141"
"3.8e-284","779.0",2,"GEGEGB_03316","1.087"
"3.8e-62","194.0",2,"AJBGEP_03850","0.994"
"3.8e-70","219.0",2,"GEGEGB_00115","0.902"
"3.8e-88","257.0",2,"LNHIMF_03169","1.0"
"3.8e-93","278.0",2,"LNHIMF_03145","0.962"
"3.8e-96","281.0",2,"AJBGEP_03834","1.0"
"3.9e-121","348.0",2,"HFCAGB_04497","0.995"
"3.9e-139","405.0",2,"HFCAGB_01473","0.986"
"3.9e-140","404.0",2,"ODDLKH_01280","1.086"
"3.9e-144","410.0",2,"LNHIMF_00760","0.955"
"3.9e-146","413.0",2,"HFCAGB_00851","0.845"
"3.9e-160","455.0",2,"GEGEGB_01861","1.0"
"3.9e-170","480.0",2,"GEGEGB_01847","1.121"
"3.9e-177","498.0",2,"GEGEGB_04060","0.984"
"3.9e-196","554.0",2,"ODDLKH_01279","1.0"
"3.9e-197","550.0",2,"AJBGEP_01769","1.0"
"3.9e-202","562.0",2,"GEGEGB_02949","0.997"
"3.9e-218","594.0",2,"BEJGEH_03995","1.0"
"3.9e-219","609.0",2,"BEJGEH_01790","1.228"
"3.9e-226","629.0",2,"IKCLMC_03842","1.042"
"3.9e-47","149.0",2,"HFCAGB_01605","1.0"
"3.9e-57","180.0",2,"GEGEGB_04382","1.007"
"3.9e-85","249.0",2,"GEGEGB_01083","0.954"
"4.0e-104","305.0",2,"GEGEGB_03708","1.005"
"4.0e-115","329.0",2,"LNHIMF_01776","0.837"
"4.0e-150","436.0",2,"GEGEGB_00145","1.146"
"4.0e-159","452.0",2,"GEGEGB_00361","1.046"
"4.0e-165","472.0",2,"AJBGEP_03517","0.992"
"4.0e-180","514.0",2,"HFCAGB_03468","0.983"
"4.0e-186","518.0",2,"HFCAGB_00451","1.024"
"4.0e-187","522.0",2,"LNHIMF_02412","0.911"
"4.0e-192","539.0",2,"LNHIMF_03845","0.997"
"4.0e-199","566.0",2,"AJBGEP_01918","0.991"
"4.0e-211","587.0",2,"PKJKAM_00993","0.991"
"4.0e-221","622.0",2,"HFCAGB_01224","0.929"
"4.0e-257","704.0",2,"LNHIMF_00744","0.994"
"4.0e-286","783.0",2,"BEJGEH_02772","0.929"
"4.0e-83","249.0",2,"LNHIMF_01191","0.953"
"4.0e-92","275.0",2,"GEGEGB_02963","1.0"
"4.0e-98","291.0",2,"AJBGEP_03781","0.979"
"4.0e-99","281.0",2,"GEGEGB_00877","1.0"
"4.1e-107","306.0",2,"LNHIMF_00319","0.994"
"4.1e-113","332.0",2,"LNHIMF_01302","1.0"
"4.1e-133","384.0",2,"LNHIMF_00538","0.953"
"4.1e-134","380.0",2,"BEJGEH_03719","1.0"
"4.1e-137","394.0",2,"LNHIMF_03317","1.0"
"4.1e-149","421.0",2,"GEGEGB_01838","0.976"
"4.1e-166","480.0",2,"LNHIMF_02554","1.127"
"4.1e-191","531.0",2,"BEJGEH_04001","0.997"
"4.1e-199","550.0",2,"BEJGEH_02447","1.0"
"4.1e-200","556.0",2,"AJBGEP_00156","0.968"
"4.1e-238","662.0",2,"ODDLKH_00686","1.0"
"4.1e-245","680.0",2,"LNHIMF_03377","0.976"
"4.1e-251","703.0",2,"HFCAGB_01140","0.963"
"4.1e-281","786.0",2,"BEJGEH_04004","0.990"
"4.1e-40","130.0",2,"GEGEGB_02615","0.915"
"4.1e-59","183.0",2,"LNHIMF_02571","1.0"
"4.2e-111","327.0",2,"GEGEGB_04854","1.004"
"4.2e-169","486.0",2,"LNHIMF_03513","0.993"
"4.2e-170","476.0",2,"HFCAGB_00073","0.981"
"4.2e-175","486.0",2,"GEGEGB_02647","1.0"
"4.2e-213","600.0",2,"LNHIMF_03221","0.991"
"4.2e-231","650.0",2,"BEJGEH_00131","1.095"
"4.2e-274","755.0",2,"AJBGEP_02292","1.006"
"4.2e-278","758.0",2,"GEGEGB_00077","1.029"
"4.2e-279","764.0",2,"AJBGEP_04665","1.0"
"4.2e-293","803.0",2,"AJBGEP_01448","0.996"
"4.2e-311","850.0",2,"LNHIMF_02110","0.913"
"4.2e-67","203.0",2,"GEGEGB_02242","0.836"
"4.2e-88","265.0",2,"BEJGEH_02376","1.048"
"4.2e-95","278.0",2,"LNHIMF_01343","1.0"
"4.2e-99","292.0",2,"GEGEGB_01060","1.041"
"4.3e-122","346.0",2,"LNHIMF_01728","1.0"
"4.3e-148","421.0",2,"BEJGEH_00212","0.996"
"4.3e-175","496.0",2,"ODDLKH_00025","0.997"
"4.3e-177","502.0",2,"GEGEGB_02257","0.971"
"4.3e-182","499.0",2,"LNHIMF_03384","1.0"
"4.3e-191","535.0",2,"AJBGEP_01163","0.997"
"4.3e-21","83.6",2,"PKJKAM_02888","0.841"
"4.3e-210","586.0",2,"BEJGEH_01933","0.997"
"4.3e-217","615.0",2,"GEGEGB_03759","1.002"
"4.3e-241","667.0",2,"ODDLKH_00662","1.015"
"4.3e-89","261.0",2,"HFCAGB_03936","0.873"
"4.4e-184","503.0",2,"BEJGEH_00029","1.0"
"4.4e-195","540.0",2,"IKCLMC_04833","0.944"
"4.4e-198","556.0",2,"BEJGEH_01279","0.925"
"4.4e-202","563.0",2,"GEGEGB_02619","0.808"
"4.4e-62","193.0",2,"GEGEGB_04335","0.966"
"4.4e-63","195.0",2,"HFCAGB_03175","0.966"
"4.4e-67","205.0",2,"LNHIMF_01797","0.802"
"4.4e-68","205.0",2,"GEGEGB_01070","1.0"
"4.4e-90","256.0",2,"ODDLKH_01870","1.0"
"4.5e-116","332.0",2,"GEGEGB_01031","0.995"
"4.5e-120","346.0",2,"ODDLKH_02442","0.991"
"4.5e-124","355.0",2,"HFCAGB_00999","0.880"
"4.5e-149","434.0",2,"LNHIMF_01568","0.990"
"4.5e-155","444.0",2,"GEGEGB_01579","1.003"
"4.5e-186","520.0",2,"AJBGEP_04431","0.997"
"4.5e-193","540.0",2,"GEGEGB_03553","0.958"
"4.5e-223","607.0",2,"IKCLMC_03963","1.0"
"4.5e-225","636.0",2,"HFCAGB_02481","0.983"
"4.5e-248","682.0",2,"AJBGEP_01760","1.0"
"4.5e-279","768.0",2,"HFCAGB_01148","0.818"
"4.5e-291","786.0",2,"LNHIMF_04324","1.0"
"4.5e-294","805.0",2,"BEJGEH_03834","1.0"
"4.5e-295","817.0",2,"LNHIMF_00175","1.187"
"4.5e-48","155.0",2,"LNHIMF_01134","1.056"
"4.5e-57","179.0",2,"AJBGEP_01378","0.942"
"4.6e-113","323.0",2,"BEJGEH_01018","0.988"
"4.6e-133","382.0",2,"IKCLMC_02856","0.996"
"4.6e-140","407.0",2,"BEJGEH_03293","0.973"
"4.6e-148","419.0",2,"BEJGEH_01769","0.972"
"4.6e-161","444.0",2,"BEJGEH_01681","1.0"
"4.6e-176","493.0",2,"HFCAGB_00403","1.0"
"4.6e-180","506.0",2,"AJBGEP_00849","1.0"
"4.6e-216","613.0",2,"ODDLKH_03063","1.064"
"4.6e-228","637.0",2,"LNHIMF_04221","0.998"
"4.6e-236","652.0",2,"LNHIMF_00725","1.0"
"4.6e-243","671.0",2,"HFCAGB_00250","0.840"
"4.6e-247","680.0",2,"IKCLMC_02688","1.034"
"4.6e-310","848.0",2,"GEGEGB_03293","0.985"
"4.6e-319","860.0",2,"BEJGEH_01671","1.0"
"4.6e-46","149.0",2,"HFCAGB_01778","1.0"
"4.6e-58","182.0",2,"IKCLMC_04289","0.971"
"4.7e-105","310.0",2,"GEGEGB_00470","0.925"
"4.7e-112","324.0",2,"LNHIMF_02123","1.0"
"4.7e-120","348.0",2,"LNHIMF_03537","1.081"
"4.7e-127","364.0",2,"LNHIMF_02945","0.837"
"4.7e-170","483.0",2,"GEGEGB_03069","1.0"
"4.7e-193","538.0",2,"GEGEGB_04057","0.942"
"4.7e-198","563.0",2,"IKCLMC_03892","1.150"
"4.7e-205","570.0",2,"GEGEGB_01598","0.988"
"4.7e-236","652.0",2,"GEGEGB_00453","1.146"
"4.7e-240","667.0",2,"BEJGEH_03565","0.958"
"4.7e-270","740.0",2,"LNHIMF_02737","0.882"
"4.7e-277","777.0",2,"HFCAGB_00989","1.0"
"4.7e-280","792.0",2,"BEJGEH_01480","1.015"
"4.7e-298","815.0",2,"BEJGEH_02035","0.816"
"4.7e-51","163.0",2,"LNHIMF_01417","1.008"
"4.7e-76","226.0",2,"AJBGEP_03238","0.816"
"4.7e-93","275.0",2,"AJBGEP_00073","1.0"
"4.8e-129","368.0",2,"GEGEGB_00842","0.812"
"4.8e-162","454.0",2,"LNHIMF_03057","0.836"
"4.8e-166","467.0",2,"LNHIMF_02290","1.211"
"4.8e-167","473.0",2,"GEGEGB_00808","0.991"
"4.8e-188","535.0",2,"HFCAGB_03582","1.0"
"4.8e-216","589.0",2,"AJBGEP_00717","1.0"
"4.8e-217","603.0",2,"LNHIMF_02730","0.997"
"4.8e-231","640.0",2,"IKCLMC_04603","0.990"
"4.8e-257","711.0",2,"HFCAGB_04468","0.889"
"4.8e-274","752.0",2,"IKCLMC_01276","0.991"
"4.8e-303","827.0",2,"GEGEGB_03634","1.121"
"4.8e-58","178.0",2,"AJBGEP_01833","0.862"
"4.8e-80","254.0",2,"GEGEGB_02239","1.003"
"4.8e-86","258.0",2,"GEGEGB_00556","0.986"
"4.9e-116","342.0",2,"HFCAGB_04127","0.943"
"4.9e-150","434.0",2,"BEJGEH_00436","0.957"
"4.9e-166","457.0",2,"BEJGEH_00564","1.0"
"4.9e-188","522.0",2,"LNHIMF_02597","1.0"
"4.9e-195","541.0",2,"AJBGEP_03952","1.0"
"4.9e-230","625.0",2,"AJBGEP_02930","1.0"
"4.9e-240","665.0",2,"HFCAGB_03384","0.997"
"4.9e-258","706.0",2,"GEGEGB_02383","0.994"
"4.9e-261","724.0",2,"BEJGEH_00006","1.0"
"4.9e-269","744.0",2,"AJBGEP_03090","0.979"
"4.9e-301","817.0",2,"LNHIMF_01368","0.998"
"4.9e-304","826.0",2,"IKCLMC_02463","1.0"
"4.9e-61","191.0",2,"GEGEGB_03225","1.012"
"4.9e-99","286.0",2,"GEGEGB_04419","1.0"
"5.0e-102","288.0",2,"AJBGEP_02204","1.0"
"5.0e-105","303.0",2,"LNHIMF_00937","1.0"
"5.0e-165","454.0",2,"AJBGEP_01485","1.0"
"5.0e-169","466.0",2,"HFCAGB_01876","1.0"
"5.0e-227","638.0",2,"PKJKAM_03989","1.137"
"5.0e-231","629.0",2,"HFCAGB_01868","1.0"
"5.0e-236","640.0",2,"ODDLKH_02896","1.0"
"5.0e-242","667.0",2,"AJBGEP_00436","0.997"
"5.0e-299","823.0",2,"LNHIMF_03921","1.0"
"5.0e-311","851.0",2,"LNHIMF_04469","1.144"
"5.0e-316","887.0",2,"AJBGEP_03935","0.942"
"5.0e-70","214.0",2,"AJBGEP_03993","1.0"
"5.0e-88","265.0",2,"HFCAGB_03314","0.889"
"5.0e-90","264.0",2,"AJBGEP_03853","1.0"
"5.1e-106","310.0",2,"LNHIMF_02495","1.049"
"5.1e-129","369.0",2,"GEGEGB_00260","0.996"
"5.1e-150","412.0",2,"GEGEGB_02354","1.0"
"5.1e-159","463.0",2,"GEGEGB_01252","0.973"
"5.1e-180","501.0",2,"LNHIMF_01242","1.0"
"5.1e-190","520.0",2,"LNHIMF_02289","1.0"
"5.1e-204","563.0",2,"LNHIMF_01737","1.0"
"5.1e-214","602.0",2,"GEGEGB_03253","0.991"
"5.1e-223","619.0",2,"GEGEGB_02872","0.992"
"5.1e-237","654.0",2,"LNHIMF_02212","0.938"
"5.1e-279","787.0",2,"GEGEGB_01383","0.968"
"5.1e-38","124.0",2,"GEGEGB_00346","1.0"
"5.1e-53","169.0",2,"HFCAGB_04517","0.980"
"5.1e-67","201.0",2,"HFCAGB_01171","1.0"
"5.2e-131","384.0",2,"GEGEGB_02848","0.881"
"5.2e-137","387.0",2,"AJBGEP_03868","1.0"
"5.2e-146","423.0",2,"BEJGEH_01384","1.0"
"5.2e-154","431.0",2,"HFCAGB_01900","0.845"
"5.2e-187","511.0",2,"GEGEGB_02906","1.0"
"5.2e-188","526.0",2,"BEJGEH_02551","0.825"
"5.2e-203","571.0",2,"GEGEGB_03279","0.985"
"5.2e-247","689.0",2,"LNHIMF_03342","1.0"
"5.2e-274","761.0",2,"BEJGEH_01342","0.992"
"5.2e-297","827.0",2,"LNHIMF_04413","1.231"
"5.2e-303","848.0",2,"LNHIMF_04061","0.979"
"5.2e-40","134.0",2,"AJBGEP_00604","1.0"
"5.2e-71","218.0",2,"LNHIMF_01180","0.983"
"5.2e-90","267.0",2,"BEJGEH_02095","1.092"
"5.3e-111","325.0",2,"HFCAGB_04628","0.986"
"5.3e-116","331.0",2,"LNHIMF_01564","0.966"
"5.3e-131","378.0",2,"BEJGEH_01191","0.997"
"5.3e-147","414.0",2,"HFCAGB_01034","0.818"
"5.3e-169","486.0",2,"BEJGEH_01714","0.974"
"5.3e-178","488.0",2,"LNHIMF_03065","1.0"
"5.3e-191","529.0",2,"GEGEGB_02213","1.0"
"5.3e-200","556.0",2,"BEJGEH_02901","0.997"
"5.3e-204","558.0",2,"HFCAGB_02315","0.960"
"5.3e-226","616.0",2,"GEGEGB_01633","0.997"
"5.3e-228","642.0",2,"PKJKAM_03676","0.974"
"5.3e-265","730.0",2,"GEGEGB_03005","1.0"
"5.3e-94","277.0",2,"HFCAGB_02717","1.084"
"5.3e-95","284.0",2,"GEGEGB_04837","0.959"
"5.4e-118","339.0",2,"GEGEGB_04698","0.976"
"5.4e-121","353.0",2,"GEGEGB_03886","1.0"
"5.4e-136","393.0",2,"HFCAGB_04673","0.961"
"5.4e-163","457.0",2,"LNHIMF_02209","0.823"
"5.4e-180","502.0",2,"LNHIMF_00995","0.970"
"5.4e-184","516.0",2,"IKCLMC_02185","0.834"
"5.4e-218","626.0",2,"ODDLKH_03415","1.077"
"5.4e-238","645.0",2,"AJBGEP_03101","1.0"
"5.4e-301","818.0",2,"PKJKAM_00459","1.0"
"5.5e-10","52.0",2,"GEGEGB_01148","0.931"
"5.5e-103","306.0",2,"GEGEGB_03037","0.974"
"5.5e-115","334.0",2,"LNHIMF_02096","0.982"
"5.5e-128","365.0",2,"AJBGEP_01720","0.981"
"5.5e-132","385.0",2,"IKCLMC_00059","0.931"
"5.5e-187","522.0",2,"HFCAGB_04462","0.997"
"5.5e-224","609.0",2,"AJBGEP_03047","1.0"
"5.5e-236","657.0",2,"LNHIMF_00209","1.0"
"5.5e-255","704.0",2,"LNHIMF_00758","0.983"
"5.5e-99","292.0",2,"GEGEGB_00187","0.968"
"5.6e-120","341.0",2,"GEGEGB_03085","1.0"
"5.6e-204","575.0",2,"BEJGEH_01713","1.170"
"5.6e-205","576.0",2,"LNHIMF_02336","1.155"
"5.6e-223","616.0",2,"GEGEGB_01714","1.0"
"5.6e-249","686.0",2,"AJBGEP_01380","0.824"
"5.6e-56","174.0",2,"HFCAGB_04605","1.0"
"5.7e-100","289.0",2,"ODDLKH_03927","1.038"
"5.7e-158","446.0",2,"GEGEGB_03774","0.858"
"5.7e-167","474.0",2,"IKCLMC_02068","0.828"
"5.7e-204","568.0",2,"IKCLMC_04824","0.991"
"5.7e-214","588.0",2,"LNHIMF_03799","1.0"
"5.7e-240","674.0",2,"LNHIMF_01848","0.801"
"5.7e-247","708.0",2,"AJBGEP_02579","0.985"
"5.7e-47","148.0",2,"AJBGEP_01385","1.0"
"5.7e-52","165.0",2,"AJBGEP_04328","0.966"
"5.7e-55","176.0",2,"GEGEGB_01382","0.861"
"5.7e-97","290.0",2,"HFCAGB_00909","0.960"
"5.8e-127","361.0",2,"AJBGEP_04154","1.0"
"5.8e-136","384.0",2,"BEJGEH_01548","1.040"
"5.8e-163","467.0",2,"AJBGEP_02328","0.974"
"5.8e-168","476.0",2,"BEJGEH_02128","0.991"
"5.8e-171","483.0",2,"IKCLMC_02920","0.938"
"5.8e-200","556.0",2,"LNHIMF_00154","0.968"
"5.8e-206","574.0",2,"GEGEGB_02973","0.951"
"5.8e-211","586.0",2,"HFCAGB_00981","0.991"
"5.8e-239","659.0",2,"HFCAGB_01788","0.839"
"5.8e-296","811.0",2,"GEGEGB_00137","0.975"
"5.8e-42","139.0",2,"HFCAGB_01339","0.968"
"5.8e-78","237.0",2,"GEGEGB_04257","1.016"
"5.9e-138","395.0",2,"GEGEGB_04012","0.974"
"5.9e-145","408.0",2,"HFCAGB_02475","1.032"
"5.9e-171","481.0",2,"HFCAGB_01600","0.994"
"5.9e-199","555.0",2,"IKCLMC_04476","1.0"
"5.9e-219","602.0",2,"AJBGEP_03217","1.0"
"5.9e-228","635.0",2,"IKCLMC_04043","0.970"
"5.9e-270","739.0",2,"AJBGEP_02739","0.952"
"5.9e-35","120.0",2,"AJBGEP_03266","1.021"
"5.9e-64","201.0",2,"BEJGEH_01404","0.910"
"5.9e-72","215.0",2,"LNHIMF_04456","0.858"
"6.0e-110","315.0",2,"ODDLKH_03451","0.970"
"6.0e-115","332.0",2,"BEJGEH_03102","0.815"
"6.0e-129","369.0",2,"IKCLMC_00880","0.922"
"6.0e-153","430.0",2,"LNHIMF_00021","1.160"
"6.0e-167","472.0",2,"LNHIMF_01354","0.997"
"6.0e-175","498.0",2,"GEGEGB_04323","0.928"
"6.0e-194","545.0",2,"ODDLKH_03536","0.983"
"6.0e-205","578.0",2,"IKCLMC_01893","0.993"
"6.0e-25","90.9",2,"PKJKAM_01910","1.0"
"6.0e-280","757.0",2,"GEGEGB_02299","1.0"
"6.1e-130","371.0",2,"GEGEGB_01367","0.991"
"6.1e-166","479.0",2,"BEJGEH_00405","0.995"
"6.1e-168","484.0",2,"GEGEGB_01311","0.974"
"6.1e-174","485.0",2,"AJBGEP_02051","1.0"
"6.1e-185","511.0",2,"HFCAGB_04324","1.0"
"6.1e-190","533.0",2,"LNHIMF_01814","0.896"
"6.1e-192","545.0",2,"LNHIMF_04090","0.998"
"6.1e-206","573.0",2,"HFCAGB_04689","0.937"
"6.1e-217","601.0",2,"ODDLKH_04571","1.0"
"6.1e-229","641.0",2,"AJBGEP_01376","0.987"
"6.1e-244","682.0",2,"BEJGEH_03237","1.0"
"6.1e-300","825.0",2,"AJBGEP_04074","1.0"
"6.1e-301","823.0",2,"AJBGEP_04323","0.998"
"6.1e-88","265.0",2,"GEGEGB_04437","0.983"
"6.1e-95","277.0",2,"LNHIMF_03582","1.0"
"6.2e-102","298.0",2,"LNHIMF_03114","1.0"
"6.2e-114","337.0",2,"LNHIMF_00762","0.963"
"6.2e-120","351.0",2,"HFCAGB_01839","1.013"
"6.2e-127","364.0",2,"HFCAGB_00454","0.996"
"6.2e-145","408.0",2,"LNHIMF_04649","0.928"
"6.2e-151","423.0",2,"AJBGEP_03497","0.995"
"6.2e-157","449.0",2,"LNHIMF_03691","1.0"
"6.2e-168","468.0",2,"GEGEGB_04184","1.0"
"6.2e-194","537.0",2,"BEJGEH_00110","1.0"
"6.2e-206","572.0",2,"LNHIMF_01579","0.987"
"6.2e-21","83.2",2,"GEGEGB_00530","0.841"
"6.3e-112","333.0",2,"ODDLKH_00265","0.981"
"6.3e-118","342.0",2,"GEGEGB_00992","1.0"
"6.3e-131","382.0",2,"BEJGEH_00757","0.928"
"6.3e-149","434.0",2,"ODDLKH_01995","0.990"
"6.3e-162","455.0",2,"GEGEGB_00847","0.823"
"6.3e-164","459.0",2,"BEJGEH_02377","0.996"
"6.3e-203","573.0",2,"BEJGEH_02799","1.007"
"6.3e-214","601.0",2,"BEJGEH_01614","0.889"
"6.3e-219","613.0",2,"IKCLMC_01467","0.980"
"6.3e-231","637.0",2,"GEGEGB_04143","0.812"
"6.3e-243","661.0",2,"GEGEGB_02927","1.0"
"6.3e-259","719.0",2,"AJBGEP_00915","0.998"
"6.3e-272","741.0",2,"ODDLKH_02335","1.0"
"6.3e-312","850.0",2,"LNHIMF_02245","1.0"
"6.3e-89","269.0",2,"HFCAGB_01603","0.987"
"6.3e-99","290.0",2,"HFCAGB_00534","0.996"
"6.4e-113","333.0",2,"GEGEGB_02487","0.986"
"6.4e-142","405.0",2,"IKCLMC_02212","0.901"
"6.4e-153","441.0",2,"GEGEGB_00642","1.151"
"6.4e-179","511.0",2,"ODDLKH_00554","1.035"
"6.4e-211","586.0",2,"HFCAGB_03871","1.0"
"6.4e-226","617.0",2,"GEGEGB_02932","1.0"
"6.4e-230","647.0",2,"PKJKAM_03065","1.0"
"6.4e-238","667.0",2,"IKCLMC_00422","0.821"
"6.4e-269","748.0",2,"AJBGEP_03354","1.002"
"6.4e-306","832.0",2,"GEGEGB_02211","1.026"
"6.4e-61","185.0",2,"LNHIMF_00030","0.958"
"6.4e-64","196.0",2,"LNHIMF_01152","1.0"
"6.5e-102","300.0",2,"BEJGEH_03772","1.0"
"6.5e-110","315.0",2,"AJBGEP_00501","1.0"
"6.5e-140","407.0",2,"LNHIMF_03318","0.973"
"6.5e-160","463.0",2,"AJBGEP_00375","0.950"
"6.5e-161","443.0",2,"LNHIMF_02902","0.996"
"6.5e-164","472.0",2,"GEGEGB_04640","1.243"
"6.5e-176","490.0",2,"LNHIMF_03561","1.0"
"6.5e-177","501.0",2,"BEJGEH_03240","0.989"
"6.5e-182","507.0",2,"PKJKAM_03305","1.024"
"6.5e-185","518.0",2,"ODDLKH_04158","0.927"
"6.5e-201","576.0",2,"HFCAGB_03839","1.068"
"6.5e-216","605.0",2,"PKJKAM_04362","1.028"
"6.5e-223","629.0",2,"IKCLMC_02593","0.986"
"6.5e-272","746.0",2,"ODDLKH_00465","0.823"
"6.5e-278","753.0",2,"IKCLMC_02581","1.0"
"6.5e-302","820.0",2,"AJBGEP_01364","1.0"
"6.5e-87","258.0",2,"HFCAGB_01672","0.989"
"6.5e-95","283.0",2,"LNHIMF_03184","0.953"
"6.6e-125","370.0",2,"GEGEGB_02227","0.969"
"6.6e-134","380.0",2,"IKCLMC_04841","1.0"
"6.6e-142","411.0",2,"IKCLMC_04245","0.929"
"6.6e-170","490.0",2,"HFCAGB_03773","1.065"
"6.6e-201","564.0",2,"LNHIMF_01055","0.997"
"6.6e-228","637.0",2,"BEJGEH_04235","0.998"
"6.6e-257","704.0",2,"LNHIMF_03669","0.989"
"6.6e-282","780.0",2,"AJBGEP_00860","0.994"
"6.6e-59","184.0",2,"HFCAGB_01636","0.872"
"6.6e-81","245.0",2,"GEGEGB_01199","0.974"
"6.7e-105","307.0",2,"GEGEGB_04411","0.973"
"6.7e-113","328.0",2,"GEGEGB_03638","1.052"
"6.7e-114","320.0",2,"BEJGEH_02834","0.989"
"6.7e-126","360.0",2,"PKJKAM_00975","0.880"
"6.7e-152","426.0",2,"AJBGEP_01973","1.170"
"6.7e-156","437.0",2,"IKCLMC_03488","1.099"
"6.7e-170","480.0",2,"AJBGEP_03635","0.938"
"6.7e-254","687.0",2,"AJBGEP_04779","1.0"
"6.7e-291","801.0",2,"LNHIMF_00908","0.992"
"6.8e-106","313.0",2,"GEGEGB_02770","1.0"
"6.8e-118","344.0",2,"AJBGEP_00270","1.0"
"6.8e-126","350.0",2,"PKJKAM_03184","1.0"
"6.8e-137","388.0",2,"GEGEGB_03314","1.0"
"6.8e-139","393.0",2,"LNHIMF_04567","0.978"
"6.8e-177","484.0",2,"LNHIMF_00332","1.0"
"6.8e-188","535.0",2,"AJBGEP_03527","1.0"
"6.8e-208","578.0",2,"BEJGEH_00600","0.955"
"6.8e-211","582.0",2,"AJBGEP_02873","1.0"
"6.8e-225","624.0",2,"AJBGEP_03733","1.003"
"6.8e-244","676.0",2,"GEGEGB_04003","0.991"
"6.8e-26","99.0",2,"GEGEGB_01907","0.908"
"6.8e-305","829.0",2,"HFCAGB_01163","1.0"
"6.8e-41","132.0",2,"AJBGEP_04030","1.0"
"6.8e-91","273.0",2,"IKCLMC_03240","0.982"
"6.9e-104","300.0",2,"PKJKAM_04106","1.0"
"6.9e-183","509.0",2,"GEGEGB_01916","1.0"
"6.9e-203","566.0",2,"GEGEGB_03817","1.210"
"6.9e-259","709.0",2,"HFCAGB_03870","0.989"
"6.9e-264","725.0",2,"GEGEGB_02412","0.808"
"6.9e-278","775.0",2,"AJBGEP_01878","1.003"
"6.9e-290","786.0",2,"GEGEGB_00178","1.0"
"6.9e-71","220.0",2,"LNHIMF_02685","0.906"
"6.9e-88","259.0",2,"HFCAGB_00762","0.924"
"7.0e-137","386.0",2,"GEGEGB_01531","1.040"
"7.0e-156","440.0",2,"GEGEGB_02049","1.0"
"7.0e-158","454.0",2,"GEGEGB_04112","0.967"
"7.0e-173","490.0",2,"IKCLMC_00828","1.121"
"7.0e-243","679.0",2,"IKCLMC_03625","1.0"
"7.1e-126","370.0",2,"AJBGEP_02647","0.942"
"7.1e-136","392.0",2,"IKCLMC_03137","0.993"
"7.1e-168","472.0",2,"HFCAGB_00271","0.964"
"7.1e-188","514.0",2,"GEGEGB_04741","1.0"
"7.1e-207","593.0",2,"LNHIMF_01523","0.945"
"7.1e-286","776.0",2,"GEGEGB_03018","1.0"
"7.1e-50","161.0",2,"LNHIMF_04613","0.986"
"7.1e-51","166.0",2,"BEJGEH_03807","1.048"
"7.1e-54","172.0",2,"GEGEGB_00798","0.960"
"7.1e-66","206.0",2,"HFCAGB_04091","0.938"
"7.1e-94","278.0",2,"IKCLMC_02456","1.0"
"7.2e-102","303.0",2,"IKCLMC_04561","0.980"
"7.2e-162","471.0",2,"IKCLMC_04503","1.004"
"7.2e-177","504.0",2,"LNHIMF_03533","0.938"
"7.2e-190","536.0",2,"GEGEGB_03034","1.0"
"7.2e-220","598.0",2,"LNHIMF_02924","1.0"
"7.2e-223","607.0",2,"HFCAGB_03080","1.0"
"7.2e-254","690.0",2,"AJBGEP_03745","1.0"
"7.2e-280","764.0",2,"LNHIMF_02632","0.995"
"7.2e-287","798.0",2,"BEJGEH_00506","0.955"
"7.2e-307","830.0",2,"PKJKAM_01259","1.0"
"7.2e-309","857.0",2,"HFCAGB_04412","0.990"
"7.2e-57","176.0",2,"HFCAGB_04610","0.990"
"7.2e-58","182.0",2,"GEGEGB_04614","0.962"
"7.3e-09","49.3",2,"LNHIMF_03802","0.967"
"7.3e-118","337.0",2,"GEGEGB_01849","1.0"
"7.3e-255","707.0",2,"GEGEGB_00678","0.807"
"7.3e-296","803.0",2,"IKCLMC_01073","1.0"
"7.3e-302","815.0",2,"HFCAGB_02367","1.0"
"7.3e-303","852.0",2,"AJBGEP_03342","0.979"
"7.3e-31","108.0",2,"LNHIMF_02354","0.976"
"7.3e-44","140.0",2,"AJBGEP_01944","1.0"
"7.3e-91","269.0",2,"GEGEGB_02511","1.0"
"7.4e-130","379.0",2,"IKCLMC_01498","1.028"
"7.4e-143","403.0",2,"BEJGEH_01388","0.860"
"7.4e-150","431.0",2,"ODDLKH_02765","1.003"
"7.4e-180","509.0",2,"BEJGEH_02320","0.992"
"7.4e-181","517.0",2,"AJBGEP_04112","1.0"
"7.4e-202","557.0",2,"AJBGEP_02365","1.0"
"7.4e-82","243.0",2,"ODDLKH_02845","1.0"
"7.5e-118","338.0",2,"PKJKAM_00579","1.0"
"7.5e-130","382.0",2,"IKCLMC_02213","0.989"
"7.5e-156","452.0",2,"AJBGEP_02883","1.0"
"7.5e-182","509.0",2,"LNHIMF_02284","0.814"
"7.5e-189","523.0",2,"PKJKAM_00467","1.049"
"7.5e-211","583.0",2,"GEGEGB_01398","0.830"
"7.5e-238","658.0",2,"PKJKAM_02636","0.997"
"7.5e-276","758.0",2,"BEJGEH_03951","1.0"
"7.5e-40","133.0",2,"GEGEGB_04869","0.926"
"7.5e-77","234.0",2,"HFCAGB_01604","0.954"
"7.5e-84","249.0",2,"GEGEGB_03745","0.952"
"7.5e-94","276.0",2,"LNHIMF_02579","1.084"
"7.6e-123","361.0",2,"BEJGEH_01702","0.991"
"7.6e-124","367.0",2,"BEJGEH_00771","0.950"
"7.6e-135","387.0",2,"BEJGEH_01430","0.989"
"7.6e-166","462.0",2,"PKJKAM_04471","0.970"
"7.6e-219","607.0",2,"GEGEGB_02155","1.0"
"7.6e-263","724.0",2,"LNHIMF_04097","0.949"
"7.6e-277","758.0",2,"HFCAGB_02973","1.0"
"7.6e-39","129.0",2,"AJBGEP_03584","1.022"
"7.6e-92","275.0",2,"LNHIMF_03971","0.976"
"7.7e-112","325.0",2,"AJBGEP_04370","1.052"
"7.7e-118","339.0",2,"BEJGEH_04476","0.976"
"7.7e-125","359.0",2,"AJBGEP_04423","1.0"
"7.7e-126","356.0",2,"BEJGEH_03040","1.0"
"7.7e-148","422.0",2,"GEGEGB_03210","0.993"
"7.7e-158","451.0",2,"GEGEGB_02633","1.101"
"7.7e-192","535.0",2,"AJBGEP_03857","0.942"
"7.7e-222","615.0",2,"BEJGEH_04301","0.955"
"7.8e-147","425.0",2,"IKCLMC_00773","0.973"
"7.8e-194","551.0",2,"GEGEGB_04389","1.002"
"7.8e-57","175.0",2,"BEJGEH_00868","1.0"
"7.8e-79","242.0",2,"BEJGEH_01074","0.961"
"7.9e-129","369.0",2,"GEGEGB_04887","0.982"
"7.9e-154","443.0",2,"AJBGEP_02432","1.151"
"7.9e-180","513.0",2,"BEJGEH_00080","1.035"
"7.9e-287","790.0",2,"BEJGEH_02013","0.996"
"8.0e-100","295.0",2,"AJBGEP_00917","1.131"
"8.0e-121","347.0",2,"BEJGEH_04277","0.906"
"8.0e-139","385.0",2,"LNHIMF_04010","1.0"
"8.0e-161","450.0",2,"IKCLMC_03096","1.0"
"8.0e-187","510.0",2,"AJBGEP_00028","1.0"
"8.0e-215","586.0",2,"LNHIMF_00831","1.0"
"8.0e-248","682.0",2,"LNHIMF_03721","1.034"
"8.0e-256","707.0",2,"HFCAGB_04805","1.168"
"8.1e-106","311.0",2,"HFCAGB_02693","0.925"
"8.1e-158","446.0",2,"IKCLMC_02696","1.092"
"8.1e-229","624.0",2,"AJBGEP_03048","1.0"
"8.1e-305","830.0",2,"HFCAGB_04472","1.030"
"8.1e-39","128.0",2,"HFCAGB_00400","1.028"
"8.1e-90","269.0",2,"BEJGEH_00515","1.0"
"8.2e-105","312.0",2,"PKJKAM_02921","0.996"
"8.2e-136","384.0",2,"GEGEGB_02131","0.956"
"8.2e-175","486.0",2,"AJBGEP_02475","1.079"
"8.2e-189","523.0",2,"AJBGEP_01341","1.0"
"8.2e-255","696.0",2,"GEGEGB_02392","0.998"
"8.2e-82","254.0",2,"LNHIMF_02327","0.895"
"8.2e-87","262.0",2,"AJBGEP_03257","0.889"
"8.3e-114","337.0",2,"GEGEGB_00800","0.947"
"8.3e-146","422.0",2,"AJBGEP_00969","0.994"
"8.3e-149","422.0",2,"BEJGEH_00310","0.974"
"8.3e-166","475.0",2,"HFCAGB_03818","1.0"
"8.3e-189","527.0",2,"GEGEGB_03327","1.093"
"8.3e-194","546.0",2,"ODDLKH_01077","0.987"
"8.3e-198","550.0",2,"LNHIMF_01992","1.0"
"8.3e-251","690.0",2,"HFCAGB_01980","0.824"
"8.3e-257","707.0",2,"GEGEGB_00324","1.0"
"8.4e-121","355.0",2,"LNHIMF_02515","0.948"
"8.4e-172","490.0",2,"PKJKAM_00387","1.109"
"8.4e-194","537.0",2,"IKCLMC_02253","1.0"
"8.4e-198","561.0",2,"GEGEGB_02204","0.977"
"8.4e-215","607.0",2,"AJBGEP_04475","0.946"
"8.4e-216","592.0",2,"AJBGEP_03946","1.0"
"8.4e-235","647.0",2,"PKJKAM_03329","1.0"
"8.4e-265","728.0",2,"LNHIMF_00719","0.808"
"8.4e-80","242.0",2,"BEJGEH_00441","1.005"
"8.4e-97","282.0",2,"AJBGEP_04721","1.023"
"8.5e-109","321.0",2,"LNHIMF_01534","0.963"
"8.5e-130","375.0",2,"HFCAGB_00655","0.944"
"8.5e-143","410.0",2,"GEGEGB_02555","0.977"
"8.5e-148","428.0",2,"BEJGEH_04511","0.997"
"8.5e-157","449.0",2,"HFCAGB_04387","0.991"
"8.5e-302","827.0",2,"HFCAGB_04169","0.998"
"8.5e-51","166.0",2,"AJBGEP_01522","0.896"
"8.6e-111","325.0",2,"AJBGEP_04644","0.984"
"8.6e-164","458.0",2,"AJBGEP_04773","0.996"
"8.6e-183","500.0",2,"GEGEGB_00289","1.0"
"8.6e-212","585.0",2,"LNHIMF_03846","0.997"
"8.6e-38","128.0",2,"LNHIMF_02962","1.215"
"8.6e-70","215.0",2,"HFCAGB_03458","1.0"
"8.6e-86","257.0",2,"BEJGEH_01905","0.990"
"8.7e-101","298.0",2,"LNHIMF_00740","0.980"
"8.7e-102","301.0",2,"LNHIMF_04466","0.984"
"8.7e-122","345.0",2,"GEGEGB_01659","1.0"
"8.7e-129","379.0",2,"HFCAGB_00484","0.989"
"8.7e-138","390.0",2,"HFCAGB_02738","1.0"
"8.7e-148","419.0",2,"HFCAGB_03964","0.921"
"8.7e-170","483.0",2,"HFCAGB_03965","0.995"
"8.7e-204","564.0",2,"LNHIMF_01859","0.996"
"8.7e-229","631.0",2,"HFCAGB_01522","0.964"
"8.7e-284","780.0",2,"LNHIMF_02589","0.979"
"8.7e-59","181.0",2,"GEGEGB_03175","1.0"
"8.7e-67","203.0",2,"AJBGEP_03076","1.0"
"8.7e-76","224.0",2,"GEGEGB_03013","1.0"
"8.7e-88","258.0",2,"PKJKAM_02948","1.0"
"8.8e-132","382.0",2,"HFCAGB_02559","0.977"
"8.8e-171","480.0",2,"ODDLKH_02692","0.968"
"8.8e-188","520.0",2,"BEJGEH_01809","1.049"
"8.8e-191","529.0",2,"HFCAGB_02737","1.0"
"8.8e-205","566.0",2,"PKJKAM_03561","0.819"
"8.8e-21","82.8",2,"AJBGEP_02541","0.841"
"8.8e-210","585.0",2,"AJBGEP_01160","0.997"
"8.8e-233","649.0",2,"HFCAGB_04737","0.955"
"8.8e-235","659.0",2,"PKJKAM_03288","0.923"
"8.8e-239","676.0",2,"GEGEGB_02083","1.0"
"8.8e-289","796.0",2,"GEGEGB_02564","1.0"
"8.9e-122","358.0",2,"GEGEGB_02120","0.921"
"8.9e-167","477.0",2,"AJBGEP_00536","1.003"
"8.9e-176","502.0",2,"AJBGEP_02966","1.179"
"8.9e-177","484.0",2,"ODDLKH_01226","1.0"
"8.9e-191","539.0",2,"LNHIMF_03018","1.0"
"8.9e-228","629.0",2,"LNHIMF_01351","1.116"
"8.9e-270","738.0",2,"BEJGEH_01944","1.070"
"8.9e-301","811.0",2,"GEGEGB_01336","1.0"
"8.9e-92","275.0",2,"AJBGEP_03271","0.958"
"9.0e-122","355.0",2,"AJBGEP_00066","0.971"
"9.0e-203","573.0",2,"PKJKAM_02562","1.007"
"9.0e-211","585.0",2,"HFCAGB_01622","0.957"
"9.0e-249","683.0",2,"HFCAGB_04654","1.0"
"9.0e-267","742.0",2,"HFCAGB_01595","1.008"
"9.0e-275","763.0",2,"HFCAGB_01552","0.992"
"9.0e-89","268.0",2,"AJBGEP_01763","0.987"
"9.1e-104","308.0",2,"GEGEGB_04327","0.982"
"9.1e-118","350.0",2,"HFCAGB_03833","0.942"
"9.1e-160","441.0",2,"GEGEGB_01487","1.0"
"9.1e-177","505.0",2,"GEGEGB_02380","0.983"
"9.1e-186","537.0",2,"GEGEGB_02627","0.985"
"9.1e-277","753.0",2,"GEGEGB_04117","1.0"
"9.1e-295","816.0",2,"ODDLKH_00651","1.187"
"9.1e-59","179.0",2,"GEGEGB_00599","0.988"
"9.1e-64","196.0",2,"IKCLMC_00615","1.0"
"9.2e-123","357.0",2,"LNHIMF_04137","0.983"
"9.2e-140","406.0",2,"IKCLMC_03564","0.973"
"9.2e-166","471.0",2,"IKCLMC_02666","0.974"
"9.2e-181","503.0",2,"HFCAGB_00359","1.0"
"9.2e-63","196.0",2,"GEGEGB_04064","1.051"
"9.2e-87","257.0",2,"HFCAGB_02039","0.994"
"9.2e-95","283.0",2,"BEJGEH_03151","0.953"
"9.3e-167","464.0",2,"HFCAGB_01581","0.970"
"9.3e-228","636.0",2,"GEGEGB_04338","0.998"
"9.4e-128","364.0",2,"LNHIMF_03115","0.898"
"9.4e-156","440.0",2,"HFCAGB_02548","0.925"
"9.4e-48","153.0",2,"AJBGEP_04299","0.914"
"9.5e-135","381.0",2,"AJBGEP_00898","0.956"
"9.5e-142","408.0",2,"GEGEGB_04085","0.997"
"9.5e-197","547.0",2,"AJBGEP_01469","0.997"
"9.5e-201","560.0",2,"BEJGEH_02224","1.0"
"9.5e-212","592.0",2,"BEJGEH_04425","0.818"
"9.5e-214","589.0",2,"AJBGEP_01387","1.0"
"9.5e-269","734.0",2,"LNHIMF_01861","1.024"
"9.5e-43","140.0",2,"GEGEGB_03530","1.019"
"9.6e-124","353.0",2,"AJBGEP_03643","1.0"
"9.6e-156","430.0",2,"IKCLMC_04752","1.0"
"9.6e-177","502.0",2,"BEJGEH_00796","1.044"
"9.6e-179","490.0",2,"BEJGEH_02858","1.0"
"9.6e-191","533.0",2,"LNHIMF_02356","0.988"
"9.6e-193","543.0",2,"BEJGEH_00597","0.987"
"9.6e-274","748.0",2,"LNHIMF_04500","1.018"
"9.6e-80","241.0",2,"LNHIMF_03448","0.983"
"9.6e-95","275.0",2,"AJBGEP_02301","1.0"
"9.7e-168","478.0",2,"HFCAGB_04166","1.003"
"9.7e-202","574.0",2,"BEJGEH_02009","0.986"
"9.7e-223","624.0",2,"GEGEGB_02417","1.095"
"9.7e-241","654.0",2,"BEJGEH_00561","1.0"
"9.7e-274","751.0",2,"GEGEGB_00392","0.991"
"9.7e-79","242.0",2,"AJBGEP_04283","1.020"
"9.7e-84","251.0",2,"AJBGEP_01158","0.953"
"9.8e-172","490.0",2,"AJBGEP_00662","1.097"
"9.8e-178","508.0",2,"PKJKAM_02099","1.051"
"9.8e-179","499.0",2,"GEGEGB_04359","0.902"
"9.8e-201","558.0",2,"AJBGEP_04339","0.997"
"9.8e-253","701.0",2,"HFCAGB_02360","0.989"
"9.9e-156","446.0",2,"GEGEGB_03669","0.991"
"9.9e-196","554.0",2,"BEJGEH_02461","0.998"
"9.9e-229","620.0",2,"AJBGEP_02931","1.0"
"9.9e-89","267.0",2,"AJBGEP_04130","1.0"
"9.9e-90","266.0",2,"IKCLMC_00232","1.0"
"9.9e-95","280.0",2,"BEJGEH_03380","0.995"
"AIDA autotransporter-like protein","shdA",2,"AJBGEP_02683","SO:0001217, UniRef:UniRef50_A0A6C6YYM7, VFDB:VFC0001, VFDB:VFG002305"
"Alternative ribosome-rescue factor ArfA","arfA",2,"GEGEGB_04317","SO:0001217, UniRef:UniRef50_B7LRQ8"
"FxsA","fxsA",2,"GEGEGB_04614","SO:0001217, UniRef:UniRef50_A0A0H2Z5P7"
"Guanine nucleotide exchange factor sopE","sopE",2,"GEGEGB_01084","SO:0001217, UniRef:UniRef50_A0A447R385"
"MbtH-like domain-containing protein",NA,2,"HFCAGB_00674","SO:0001217, UniRef:UniRef50_A0A090VU59"
"Protein Smf",NA,2,"GEGEGB_04323","SO:0001217, UniRef:UniRef50_P30852"
"RNA helicase",NA,2,"GEGEGB_03225","SO:0001217, UniRef:UniRef50_A0A6N2YLQ2"
"Secretion system apparatus lipoprotein SsaJ","ssaJ",2,"GEGEGB_01350","SO:0001217, UniRef:UniRef50_P74852"
"Uncharacterized protein YhhM","yhhM",2,"IKCLMC_02806","SO:0001217, UniRef:UniRef50_P37615"
"Zinc/cadmium/lead-transporting P-type ATPase",NA,2,"GEGEGB_04162","SO:0001217, UniRef:UniRef50_P37617"
"enterobactin exporter, iron-regulated","entS",2,"GEGEGB_02392","SO:0001217, UniRef:UniRef50_A0A379WDU5, VFDB:VFC0272, VFDB:VFG044165"
"1.0e-103","306.0",1,"LNHIMF_01389","1.0"
"1.0e-104","306.0",1,"PKJKAM_01144","0.991"
"1.0e-106","312.0",1,"ONMMKP_02507","0.973"
"1.0e-107","322.0",1,"ONMMKP_01675","0.980"
"1.0e-115","323.0",1,"BEJGEH_02127","1.0"
"1.0e-117","339.0",1,"ONMMKP_01616","0.850"
"1.0e-122","352.0",1,"LNHIMF_00101","1.0"
"1.0e-126","376.0",1,"HFCAGB_03373","1.016"
"1.0e-132","384.0",1,"HFCAGB_00003","1.0"
"1.0e-140","396.0",1,"IKCLMC_01114","0.995"
"1.0e-15","67.4",1,"BEJGEH_02283","1.023"
"1.0e-164","480.0",1,"ODDLKH_02003","0.974"
"1.0e-175","489.0",1,"LNHIMF_01336","0.803"
"1.0e-181","524.0",1,"GEGEGB_04682","0.985"
"1.0e-198","543.0",1,"BEJGEH_04454","1.0"
"1.0e-202","563.0",1,"AJBGEP_03683","1.026"
"1.0e-203","563.0",1,"LNHIMF_03834","0.819"
"1.0e-211","599.0",1,"LNHIMF_01024","1.0"
"1.0e-217","610.0",1,"HFCAGB_00952","0.980"
"1.0e-224","624.0",1,"LNHIMF_00745","0.987"
"1.0e-229","624.0",1,"GEGEGB_02813","1.0"
"1.0e-231","639.0",1,"HFCAGB_03822","0.817"
"1.0e-238","676.0",1,"PKJKAM_03024","1.032"
"1.0e-25","95.1",1,"GEGEGB_03059","0.958"
"1.0e-263","725.0",1,"GEGEGB_03373","0.841"
"1.0e-264","732.0",1,"ONMMKP_04256","1.004"
"1.0e-268","743.0",1,"ODDLKH_01026","1.002"
"1.0e-275","761.0",1,"LNHIMF_00128","0.993"
"1.0e-277","751.0",1,"PKJKAM_00520","1.0"
"1.0e-286","797.0",1,"ODDLKH_00981","0.955"
"1.0e-291","790.0",1,"AJBGEP_00173","1.0"
"1.0e-298","822.0",1,"ONMMKP_02899","1.0"
"1.0e-306","830.0",1,"BEJGEH_04312","1.0"
"1.0e-31","108.0",1,"GEGEGB_01212","1.0"
"1.0e-313","865.0",1,"AJBGEP_02017","1.0"
"1.0e-315","861.0",1,"IKCLMC_04107","1.030"
"1.0e-37","124.0",1,"HFCAGB_02814","1.0"
"1.0e-42","137.0",1,"ONMMKP_01610","1.0"
"1.0e-43","140.0",1,"GEGEGB_03466","1.0"
"1.0e-49","159.0",1,"HFCAGB_01650","0.921"
"1.0e-50","163.0",1,"BEJGEH_03166","1.0"
"1.0e-63","193.0",1,"HFCAGB_00969","0.943"
"1.0e-77","234.0",1,"GEGEGB_02833","0.994"
"1.0e-88","260.0",1,"GEGEGB_04140","1.0"
"1.0e-90","275.0",1,"GEGEGB_00347","0.984"
"1.0e-91","268.0",1,"GEGEGB_04061","1.0"
"1.0e-93","281.0",1,"GEGEGB_04120","0.906"
"1.1e-101","295.0",1,"HFCAGB_01619","1.0"
"1.1e-119","347.0",1,"HFCAGB_00242","1.0"
"1.1e-120","357.0",1,"BEJGEH_03581","0.988"
"1.1e-137","397.0",1,"LNHIMF_01528","1.022"
"1.1e-138","385.0",1,"PKJKAM_04527","1.0"
"1.1e-139","395.0",1,"BEJGEH_00992","1.0"
"1.1e-141","404.0",1,"IKCLMC_01101","0.988"
"1.1e-147","425.0",1,"LNHIMF_03279","0.997"
"1.1e-148","419.0",1,"GEGEGB_00716","0.916"
"1.1e-149","422.0",1,"GEGEGB_00022","1.158"
"1.1e-159","449.0",1,"IKCLMC_01551","0.951"
"1.1e-168","486.0",1,"LNHIMF_01420","0.974"
"1.1e-173","483.0",1,"AJBGEP_03657","1.052"
"1.1e-178","503.0",1,"HFCAGB_00902","1.0"
"1.1e-184","524.0",1,"GEGEGB_02117","1.176"
"1.1e-200","563.0",1,"IKCLMC_02556","0.964"
"1.1e-207","585.0",1,"BEJGEH_00285","1.010"
"1.1e-210","584.0",1,"GEGEGB_04726","1.0"
"1.1e-216","610.0",1,"IKCLMC_02090","0.993"
"1.1e-219","620.0",1,"GEGEGB_02666","0.998"
"1.1e-22","85.1",1,"BEJGEH_01255","1.0"
"1.1e-223","608.0",1,"LNHIMF_02808","1.0"
"1.1e-226","619.0",1,"PKJKAM_02482","1.0"
"1.1e-227","657.0",1,"BEJGEH_02845","1.026"
"1.1e-229","634.0",1,"HFCAGB_03815","1.0"
"1.1e-235","649.0",1,"IKCLMC_04699","0.997"
"1.1e-238","664.0",1,"HFCAGB_03769","0.958"
"1.1e-239","658.0",1,"ONMMKP_02302","1.088"
"1.1e-240","680.0",1,"ONMMKP_03138","1.045"
"1.1e-242","669.0",1,"ODDLKH_01602","0.855"
"1.1e-248","684.0",1,"BEJGEH_01396","1.0"
"1.1e-249","686.0",1,"ONMMKP_02341","1.0"
"1.1e-253","699.0",1,"LNHIMF_04235","0.829"
"1.1e-257","711.0",1,"LNHIMF_02762","1.075"
"1.1e-259","705.0",1,"PKJKAM_04096","1.0"
"1.1e-263","723.0",1,"HFCAGB_01677","1.0"
"1.1e-265","728.0",1,"AJBGEP_04320","1.0"
"1.1e-266","734.0",1,"IKCLMC_03896","1.0"
"1.1e-275","768.0",1,"ODDLKH_00154","0.984"
"1.1e-278","789.0",1,"HFCAGB_01688","1.015"
"1.1e-279","770.0",1,"GEGEGB_03008","1.141"
"1.1e-291","832.0",1,"IKCLMC_02056","1.048"
"1.1e-302","839.0",1,"PKJKAM_04399","1.002"
"1.1e-305","842.0",1,"GEGEGB_02880","1.034"
"1.1e-315","870.0",1,"ODDLKH_02411","1.0"
"1.1e-32","115.0",1,"IKCLMC_04172","1.0"
"1.1e-37","125.0",1,"GEGEGB_02404","1.0"
"1.1e-57","181.0",1,"HFCAGB_01982","0.942"
"1.1e-70","221.0",1,"IKCLMC_00417","0.954"
"1.1e-71","216.0",1,"HFCAGB_02874","0.969"
"1.1e-72","224.0",1,"LNHIMF_01888","1.0"
"1.1e-80","240.0",1,"GEGEGB_04733","0.988"
"1.1e-81","247.0",1,"LNHIMF_01786","0.985"
"1.1e-82","248.0",1,"BEJGEH_03571","0.989"
"1.1e-83","252.0",1,"IKCLMC_01919","1.025"
"1.1e-89","271.0",1,"GEGEGB_01667","0.987"
"1.1e-90","274.0",1,"ONMMKP_04302","1.022"
"1.1e-95","282.0",1,"HFCAGB_01493","0.985"
"1.1e-96","289.0",1,"GEGEGB_01198","1.008"
"1.2e-101","293.0",1,"ONMMKP_03341","1.038"
"1.2e-107","310.0",1,"AJBGEP_03297","0.975"
"1.2e-108","312.0",1,"PKJKAM_00090","1.0"
"1.2e-123","350.0",1,"AJBGEP_03188","1.0"
"1.2e-131","374.0",1,"ONMMKP_00237","0.995"
"1.2e-140","405.0",1,"HFCAGB_02866","1.066"
"1.2e-147","427.0",1,"HFCAGB_04653","0.997"
"1.2e-166","471.0",1,"BEJGEH_01780","0.997"
"1.2e-167","475.0",1,"HFCAGB_02369","0.991"
"1.2e-171","483.0",1,"HFCAGB_01702","1.091"
"1.2e-180","511.0",1,"GEGEGB_00910","0.963"
"1.2e-185","518.0",1,"AJBGEP_03167","0.818"
"1.2e-186","535.0",1,"ONMMKP_00087","0.983"
"1.2e-195","557.0",1,"PKJKAM_00384","0.948"
"1.2e-197","561.0",1,"AJBGEP_00818","0.977"
"1.2e-206","585.0",1,"IKCLMC_04563","0.992"
"1.2e-213","587.0",1,"IKCLMC_02617","1.0"
"1.2e-217","619.0",1,"ONMMKP_02071","0.989"
"1.2e-218","604.0",1,"HFCAGB_02695","1.081"
"1.2e-220","613.0",1,"HFCAGB_03045","1.042"
"1.2e-238","661.0",1,"ONMMKP_04724","1.086"
"1.2e-240","663.0",1,"BEJGEH_03574","1.0"
"1.2e-242","668.0",1,"HFCAGB_03777","1.0"
"1.2e-243","671.0",1,"ONMMKP_00366","1.0"
"1.2e-245","679.0",1,"BEJGEH_00391","0.995"
"1.2e-246","689.0",1,"LNHIMF_01917","0.949"
"1.2e-247","684.0",1,"IKCLMC_01797","1.0"
"1.2e-257","712.0",1,"AJBGEP_04437","0.889"
"1.2e-258","726.0",1,"LNHIMF_00819","1.103"
"1.2e-259","714.0",1,"IKCLMC_01713","0.941"
"1.2e-26","98.6",1,"LNHIMF_03405","1.0"
"1.2e-264","735.0",1,"HFCAGB_02575","1.144"
"1.2e-271","739.0",1,"HFCAGB_02391","1.0"
"1.2e-281","784.0",1,"GEGEGB_03285","1.003"
"1.2e-286","789.0",1,"HFCAGB_04125","0.905"
"1.2e-287","786.0",1,"PKJKAM_02589","0.929"
"1.2e-291","803.0",1,"PKJKAM_01115","0.992"
"1.2e-293","837.0",1,"ONMMKP_01864","1.044"
"1.2e-296","808.0",1,"PKJKAM_04496","1.0"
"1.2e-298","816.0",1,"GEGEGB_00907","0.816"
"1.2e-301","844.0",1,"GEGEGB_03790","0.979"
"1.2e-302","828.0",1,"LNHIMF_03611","1.0"
"1.2e-304","828.0",1,"BEJGEH_00660","1.0"
"1.2e-305","837.0",1,"AJBGEP_00157","1.0"
"1.2e-306","841.0",1,"PKJKAM_01969","1.0"
"1.2e-311","852.0",1,"GEGEGB_04668","1.144"
"1.2e-316","855.0",1,"LNHIMF_01049","1.0"
"1.2e-317","870.0",1,"ODDLKH_03396","0.824"
"1.2e-36","122.0",1,"IKCLMC_02686","0.971"
"1.2e-48","153.0",1,"ONMMKP_00376","1.0"
"1.2e-52","158.0",1,"HFCAGB_01860","1.0"
"1.2e-54","174.0",1,"HFCAGB_04787","0.986"
"1.2e-56","179.0",1,"GEGEGB_04285","0.981"
"1.2e-64","199.0",1,"ONMMKP_04383","0.973"
"1.2e-67","211.0",1,"GEGEGB_03871","0.979"
"1.2e-80","239.0",1,"BEJGEH_04441","1.0"
"1.2e-94","276.0",1,"AJBGEP_03725","1.0"
"1.2e-96","283.0",1,"AJBGEP_04796","0.941"
"1.2e-99","295.0",1,"GEGEGB_02201","1.0"
"1.3e-113","330.0",1,"HFCAGB_02277","0.982"
"1.3e-116","333.0",1,"BEJGEH_02379","1.0"
"1.3e-117","338.0",1,"BEJGEH_03918","0.976"
"1.3e-128","368.0",1,"PKJKAM_00158","0.971"
"1.3e-130","384.0",1,"PKJKAM_03273","0.989"
"1.3e-134","387.0",1,"AJBGEP_02172","0.877"
"1.3e-138","399.0",1,"PKJKAM_03979","0.987"
"1.3e-146","425.0",1,"LNHIMF_01745","1.0"
"1.3e-154","432.0",1,"ONMMKP_00668","0.845"
"1.3e-165","466.0",1,"GEGEGB_02163","0.997"
"1.3e-168","483.0",1,"AJBGEP_03641","0.995"
"1.3e-184","518.0",1,"HFCAGB_00455","0.834"
"1.3e-186","520.0",1,"GEGEGB_00437","0.903"
"1.3e-189","528.0",1,"AJBGEP_03005","0.980"
"1.3e-195","550.0",1,"LNHIMF_01784","0.978"
"1.3e-196","547.0",1,"LNHIMF_01437","0.997"
"1.3e-199","560.0",1,"PKJKAM_04379","0.925"
"1.3e-205","571.0",1,"LNHIMF_03373","0.994"
"1.3e-208","590.0",1,"LNHIMF_03392","1.118"
"1.3e-209","592.0",1,"ODDLKH_03782","1.110"
"1.3e-213","600.0",1,"ODDLKH_01949","0.889"
"1.3e-214","606.0",1,"IKCLMC_01495","1.0"
"1.3e-220","617.0",1,"PKJKAM_04652","1.182"
"1.3e-225","623.0",1,"BEJGEH_04297","1.006"
"1.3e-228","644.0",1,"GEGEGB_04056","0.974"
"1.3e-233","655.0",1,"HFCAGB_03396","1.155"
"1.3e-249","687.0",1,"GEGEGB_04253","1.0"
"1.3e-257","708.0",1,"ODDLKH_02706","1.0"
"1.3e-258","702.0",1,"ONMMKP_04780","1.0"
"1.3e-266","738.0",1,"GEGEGB_02971","0.985"
"1.3e-267","737.0",1,"GEGEGB_00322","0.993"
"1.3e-270","739.0",1,"ONMMKP_03115","0.992"
"1.3e-274","748.0",1,"GEGEGB_04612","1.0"
"1.3e-277","759.0",1,"LNHIMF_02802","1.0"
"1.3e-278","754.0",1,"ONMMKP_00559","1.0"
"1.3e-281","793.0",1,"ONMMKP_00606","0.968"
"1.3e-290","801.0",1,"GEGEGB_00112","0.810"
"1.3e-293","804.0",1,"IKCLMC_02594","1.0"
"1.3e-301","819.0",1,"IKCLMC_04877","1.0"
"1.3e-302","835.0",1,"GEGEGB_00124","1.0"
"1.3e-311","851.0",1,"PKJKAM_00357","0.803"
"1.3e-313","848.0",1,"BEJGEH_02070","1.0"
"1.3e-42","138.0",1,"PKJKAM_01089","1.0"
"1.3e-62","192.0",1,"AJBGEP_03001","1.0"
"1.3e-66","203.0",1,"GEGEGB_00965","1.139"
"1.3e-67","217.0",1,"ONMMKP_00368","1.075"
"1.3e-73","226.0",1,"GEGEGB_01488","0.966"
"1.3e-79","242.0",1,"IKCLMC_04378","0.966"
"1.3e-81","259.0",1,"ODDLKH_01239","1.0"
"1.3e-90","264.0",1,"ODDLKH_04219","1.099"
"1.3e-91","266.0",1,"GEGEGB_04083","1.0"
"1.4e-100","284.0",1,"GEGEGB_02836","1.0"
"1.4e-101","293.0",1,"AJBGEP_01705","1.0"
"1.4e-104","306.0",1,"AJBGEP_04296","1.005"
"1.4e-111","323.0",1,"HFCAGB_03550","1.0"
"1.4e-114","327.0",1,"IKCLMC_00609","0.988"
"1.4e-117","342.0",1,"ONMMKP_04726","1.105"
"1.4e-125","358.0",1,"GEGEGB_04256","1.0"
"1.4e-135","392.0",1,"AJBGEP_00062","0.993"
"1.4e-136","385.0",1,"PKJKAM_00481","1.0"
"1.4e-143","404.0",1,"GEGEGB_00688","1.032"
"1.4e-155","435.0",1,"GEGEGB_04685","1.055"
"1.4e-156","457.0",1,"LNHIMF_01595","1.021"
"1.4e-157","445.0",1,"HFCAGB_03918","1.144"
"1.4e-159","452.0",1,"LNHIMF_03938","1.252"
"1.4e-161","452.0",1,"ONMMKP_02077","1.0"
"1.4e-162","459.0",1,"LNHIMF_02413","0.986"
"1.4e-163","468.0",1,"GEGEGB_00736","0.974"
"1.4e-165","466.0",1,"ODDLKH_02644","1.211"
"1.4e-169","476.0",1,"ONMMKP_00554","0.887"
"1.4e-179","519.0",1,"LNHIMF_03168","1.004"
"1.4e-182","515.0",1,"AJBGEP_01875","1.0"
"1.4e-186","513.0",1,"GEGEGB_02905","1.0"
"1.4e-189","529.0",1,"AJBGEP_03415","1.093"
"1.4e-191","541.0",1,"HFCAGB_02531","1.0"
"1.4e-193","539.0",1,"HFCAGB_00415","0.993"
"1.4e-194","553.0",1,"ONMMKP_02528","1.002"
"1.4e-195","545.0",1,"HFCAGB_03585","0.994"
"1.4e-198","555.0",1,"AJBGEP_01696","0.988"
"1.4e-202","565.0",1,"GEGEGB_00838","0.884"
"1.4e-204","566.0",1,"GEGEGB_00890","1.0"
"1.4e-206","570.0",1,"GEGEGB_01010","1.003"
"1.4e-210","583.0",1,"GEGEGB_00063","0.839"
"1.4e-213","604.0",1,"GEGEGB_04409","0.946"
"1.4e-231","640.0",1,"GEGEGB_03294","0.970"
"1.4e-232","654.0",1,"IKCLMC_02223","1.0"
"1.4e-234","637.0",1,"IKCLMC_00710","1.0"
"1.4e-237","664.0",1,"BEJGEH_01340","1.150"
"1.4e-245","679.0",1,"LNHIMF_03059","0.978"
"1.4e-246","705.0",1,"IKCLMC_03180","1.082"
"1.4e-249","697.0",1,"ONMMKP_03450","0.971"
"1.4e-25","98.2",1,"HFCAGB_01159","0.908"
"1.4e-26","97.1",1,"PKJKAM_03088","0.875"
"1.4e-260","716.0",1,"GEGEGB_03023","0.895"
"1.4e-263","730.0",1,"HFCAGB_00460","0.993"
"1.4e-269","739.0",1,"AJBGEP_02845","0.882"
"1.4e-27","100.0",1,"HFCAGB_03587","1.0"
"1.4e-270","741.0",1,"LNHIMF_02697","0.952"
"1.4e-273","751.0",1,"BEJGEH_04682","0.823"
"1.4e-277","758.0",1,"GEGEGB_04745","1.0"
"1.4e-279","764.0",1,"ONMMKP_04093","1.0"
"1.4e-282","799.0",1,"ODDLKH_01609","1.004"
"1.4e-286","784.0",1,"ONMMKP_04078","0.929"
"1.4e-300","816.0",1,"IKCLMC_04843","0.998"
"1.4e-301","848.0",1,"BEJGEH_03191","0.979"
"1.4e-302","834.0",1,"ONMMKP_00230","0.996"
"1.4e-307","842.0",1,"ODDLKH_02558","1.0"
"1.4e-308","842.0",1,"LNHIMF_01364","0.998"
"1.4e-310","840.0",1,"LNHIMF_00059","1.0"
"1.4e-316","867.0",1,"HFCAGB_04102","0.982"
"1.4e-35","120.0",1,"LNHIMF_00716","1.179"
"1.4e-49","160.0",1,"GEGEGB_04847","0.986"
"1.4e-55","177.0",1,"LNHIMF_00370","0.958"
"1.4e-63","197.0",1,"GEGEGB_00446","0.973"
"1.4e-68","206.0",1,"LNHIMF_04650","1.0"
"1.4e-69","202.0",1,"GEGEGB_01871","1.0"
"1.4e-74","227.0",1,"HFCAGB_01640","1.0"
"1.4e-88","267.0",1,"IKCLMC_00499","1.0"
"1.4e-90","272.0",1,"PKJKAM_00283","0.958"
"1.4e-98","293.0",1,"PKJKAM_03753","0.979"
"1.4e-99","298.0",1,"ODDLKH_01388","0.964"
"1.5e-107","321.0",1,"IKCLMC_02234","1.058"
"1.5e-108","313.0",1,"GEGEGB_01495","1.005"
"1.5e-117","338.0",1,"BEJGEH_00549","0.850"
"1.5e-120","352.0",1,"BEJGEH_03878","1.0"
"1.5e-121","353.0",1,"IKCLMC_01608","0.934"
"1.5e-126","352.0",1,"GEGEGB_01580","1.0"
"1.5e-127","370.0",1,"PKJKAM_02378","0.944"
"1.5e-129","379.0",1,"HFCAGB_00983","1.028"
"1.5e-131","382.0",1,"GEGEGB_00421","0.994"
"1.5e-133","378.0",1,"ONMMKP_03295","0.801"
"1.5e-138","402.0",1,"IKCLMC_03461","0.976"
"1.5e-139","394.0",1,"BEJGEH_04609","0.991"
"1.5e-150","417.0",1,"IKCLMC_03964","1.0"
"1.5e-152","433.0",1,"LNHIMF_02574","1.0"
"1.5e-165","467.0",1,"ONMMKP_00605","0.993"
"1.5e-170","478.0",1,"HFCAGB_02757","1.035"
"1.5e-173","498.0",1,"IKCLMC_02976","0.991"
"1.5e-18","73.9",1,"IKCLMC_03212","1.0"
"1.5e-184","523.0",1,"GEGEGB_00305","1.0"
"1.5e-19","77.0",1,"PKJKAM_03000","1.023"
"1.5e-197","555.0",1,"BEJGEH_02048","0.974"
"1.5e-198","551.0",1,"GEGEGB_04019","0.827"
"1.5e-203","566.0",1,"PKJKAM_03840","1.013"
"1.5e-205","562.0",1,"HFCAGB_03460","1.0"
"1.5e-214","615.0",1,"BEJGEH_03582","0.938"
"1.5e-215","596.0",1,"LNHIMF_02318","0.997"
"1.5e-225","615.0",1,"ONMMKP_00392","0.997"
"1.5e-226","617.0",1,"LNHIMF_00007","1.0"
"1.5e-227","641.0",1,"LNHIMF_03708","0.974"
"1.5e-230","645.0",1,"HFCAGB_02621","1.008"
"1.5e-236","653.0",1,"GEGEGB_00844","0.938"
"1.5e-257","708.0",1,"PKJKAM_01906","1.0"
"1.5e-268","734.0",1,"GEGEGB_04703","1.018"
"1.5e-272","741.0",1,"IKCLMC_01865","1.0"
"1.5e-273","759.0",1,"IKCLMC_04432","0.992"
"1.5e-275","757.0",1,"LNHIMF_03950","1.0"
"1.5e-282","763.0",1,"ODDLKH_01711","1.0"
"1.5e-283","778.0",1,"LNHIMF_03284","1.087"
"1.5e-287","789.0",1,"PKJKAM_00521","1.104"
"1.5e-291","790.0",1,"ODDLKH_00645","1.0"
"1.5e-302","847.0",1,"HFCAGB_04261","0.979"
"1.5e-304","821.0",1,"LNHIMF_01555","1.0"
"1.5e-310","847.0",1,"IKCLMC_01891","1.0"
"1.5e-35","121.0",1,"GEGEGB_02243","0.968"
"1.5e-40","132.0",1,"GEGEGB_01873","1.0"
"1.5e-44","145.0",1,"HFCAGB_02561","0.946"
"1.5e-48","154.0",1,"IKCLMC_04341","0.938"
"1.5e-54","169.0",1,"GEGEGB_02126","1.0"
"1.5e-61","192.0",1,"ONMMKP_03167","1.051"
"1.5e-63","196.0",1,"IKCLMC_03890","0.966"
"1.5e-66","200.0",1,"GEGEGB_01895","1.0"
"1.5e-73","223.0",1,"LNHIMF_03379","1.168"
"1.5e-88","261.0",1,"PKJKAM_02054","0.952"
"1.5e-97","284.0",1,"IKCLMC_01397","1.0"
"1.5e-99","291.0",1,"LNHIMF_04564","1.0"
"1.6e-103","306.0",1,"ONMMKP_03780","1.012"
"1.6e-109","315.0",1,"IKCLMC_03782","0.995"
"1.6e-112","328.0",1,"IKCLMC_01982","0.982"
"1.6e-122","357.0",1,"IKCLMC_02219","0.997"
"1.6e-124","366.0",1,"HFCAGB_02745","0.942"
"1.6e-125","360.0",1,"GEGEGB_02952","0.837"
"1.6e-126","360.0",1,"GEGEGB_02545","1.015"
"1.6e-129","367.0",1,"HFCAGB_01486","1.096"
"1.6e-131","376.0",1,"BEJGEH_03652","0.968"
"1.6e-132","378.0",1,"ONMMKP_00224","1.0"
"1.6e-133","394.0",1,"ONMMKP_00958","1.067"
"1.6e-137","405.0",1,"AJBGEP_04718","0.944"
"1.6e-140","405.0",1,"ONMMKP_03189","0.997"
"1.6e-151","437.0",1,"GEGEGB_00156","1.020"
"1.6e-158","445.0",1,"GEGEGB_04637","1.163"
"1.6e-165","464.0",1,"BEJGEH_02916","0.918"
"1.6e-167","472.0",1,"PKJKAM_00086","1.0"
"1.6e-181","513.0",1,"LNHIMF_02430","0.992"
"1.6e-189","527.0",1,"BEJGEH_01176","0.854"
"1.6e-199","562.0",1,"GEGEGB_02760","1.049"
"1.6e-211","577.0",1,"BEJGEH_02937","0.997"
"1.6e-212","593.0",1,"LNHIMF_03110","1.192"
"1.6e-218","604.0",1,"ODDLKH_04156","1.0"
"1.6e-219","630.0",1,"HFCAGB_03207","1.077"
"1.6e-223","608.0",1,"LNHIMF_02111","1.0"
"1.6e-225","629.0",1,"LNHIMF_03349","1.002"
"1.6e-230","637.0",1,"ONMMKP_00433","1.0"
"1.6e-238","664.0",1,"GEGEGB_04203","0.958"
"1.6e-242","668.0",1,"GEGEGB_01818","0.855"
"1.6e-243","672.0",1,"GEGEGB_00255","0.840"
"1.6e-244","672.0",1,"HFCAGB_04561","0.994"
"1.6e-248","704.0",1,"ONMMKP_03151","1.081"
"1.6e-254","701.0",1,"PKJKAM_02699","1.0"
"1.6e-256","704.0",1,"GEGEGB_03126","0.806"
"1.6e-257","721.0",1,"GEGEGB_04091","1.046"
"1.6e-259","704.0",1,"LNHIMF_02128","1.0"
"1.6e-271","741.0",1,"ODDLKH_04160","0.992"
"1.6e-276","751.0",1,"GEGEGB_03041","0.998"
"1.6e-277","778.0",1,"BEJGEH_00899","1.0"
"1.6e-282","781.0",1,"HFCAGB_00913","0.994"
"1.6e-288","824.0",1,"GEGEGB_02689","1.047"
"1.6e-289","794.0",1,"LNHIMF_02593","1.017"
"1.6e-291","788.0",1,"PKJKAM_01269","1.0"
"1.6e-302","828.0",1,"ODDLKH_01343","1.200"
"1.6e-305","834.0",1,"GEGEGB_01263","0.998"
"1.6e-49","157.0",1,"BEJGEH_02785","0.852"
"1.6e-62","195.0",1,"BEJGEH_02409","0.969"
"1.6e-64","197.0",1,"GEGEGB_01898","1.0"
"1.6e-65","204.0",1,"BEJGEH_04538","0.994"
"1.6e-67","208.0",1,"HFCAGB_03014","0.960"
"1.6e-70","220.0",1,"LNHIMF_00852","0.954"
"1.6e-72","223.0",1,"GEGEGB_01014","0.875"
"1.6e-78","241.0",1,"GEGEGB_00948","0.961"
"1.6e-80","243.0",1,"ONMMKP_01369","0.979"
"1.6e-86","255.0",1,"GEGEGB_03310","1.0"
"1.6e-89","268.0",1,"HFCAGB_00529","1.0"
"1.6e-92","275.0",1,"LNHIMF_01751","0.986"
"1.6e-93","272.0",1,"LNHIMF_01650","1.0"
"1.6e-94","283.0",1,"ONMMKP_03836","0.974"
"1.6e-97","290.0",1,"BEJGEH_03633","0.979"
"1.7e-100","285.0",1,"ONMMKP_04786","1.0"
"1.7e-104","311.0",1,"AJBGEP_02508","0.996"
"1.7e-107","313.0",1,"GEGEGB_02184","0.806"
"1.7e-117","341.0",1,"AJBGEP_00655","0.908"
"1.7e-122","356.0",1,"ONMMKP_02688","0.983"
"1.7e-125","360.0",1,"ONMMKP_01450","1.156"
"1.7e-129","374.0",1,"IKCLMC_02381","0.944"
"1.7e-130","374.0",1,"BEJGEH_01115","0.992"
"1.7e-131","374.0",1,"ODDLKH_01299","1.0"
"1.7e-138","397.0",1,"LNHIMF_01215","0.804"
"1.7e-139","393.0",1,"HFCAGB_04539","0.995"
"1.7e-143","405.0",1,"GEGEGB_03983","1.0"
"1.7e-144","412.0",1,"BEJGEH_04008","0.996"
"1.7e-146","413.0",1,"GEGEGB_04416","1.0"
"1.7e-153","443.0",1,"AJBGEP_02537","0.981"
"1.7e-157","452.0",1,"IKCLMC_01365","1.089"
"1.7e-170","494.0",1,"ODDLKH_02670","0.992"
"1.7e-174","486.0",1,"GEGEGB_01045","1.0"
"1.7e-176","491.0",1,"GEGEGB_02674","0.953"
"1.7e-197","540.0",1,"PKJKAM_01132","1.0"
"1.7e-200","554.0",1,"PKJKAM_03916","1.0"
"1.7e-201","561.0",1,"IKCLMC_01793","1.0"
"1.7e-202","559.0",1,"ODDLKH_02162","1.0"
"1.7e-218","610.0",1,"ODDLKH_00879","1.041"
"1.7e-219","608.0",1,"HFCAGB_04792","0.981"
"1.7e-220","608.0",1,"ODDLKH_00907","1.0"
"1.7e-223","626.0",1,"BEJGEH_00578","1.095"
"1.7e-225","634.0",1,"GEGEGB_00783","1.137"
"1.7e-227","634.0",1,"ODDLKH_01228","1.182"
"1.7e-228","640.0",1,"PKJKAM_01235","0.972"
"1.7e-232","642.0",1,"AJBGEP_01698","1.0"
"1.7e-235","653.0",1,"HFCAGB_00069","1.183"
"1.7e-236","655.0",1,"ODDLKH_03122","0.997"
"1.7e-238","650.0",1,"ONMMKP_00627","1.0"
"1.7e-241","672.0",1,"PKJKAM_00904","1.0"
"1.7e-243","681.0",1,"LNHIMF_03262","1.0"
"1.7e-248","700.0",1,"BEJGEH_04410","0.982"
"1.7e-258","702.0",1,"IKCLMC_02608","1.0"
"1.7e-259","732.0",1,"AJBGEP_04175","1.003"
"1.7e-272","752.0",1,"PKJKAM_02283","0.987"
"1.7e-275","756.0",1,"BEJGEH_04283","1.0"
"1.7e-276","764.0",1,"GEGEGB_00587","0.988"
"1.7e-277","768.0",1,"LNHIMF_01681","0.982"
"1.7e-282","771.0",1,"GEGEGB_04190","0.990"
"1.7e-289","801.0",1,"IKCLMC_01074","0.980"
"1.7e-298","806.0",1,"GEGEGB_02147","1.0"
"1.7e-300","812.0",1,"AJBGEP_03073","1.0"
"1.7e-306","840.0",1,"ONMMKP_04764","1.0"
"1.7e-307","854.0",1,"AJBGEP_04363","0.990"
"1.7e-309","844.0",1,"ODDLKH_01633","1.104"
"1.7e-311","843.0",1,"LNHIMF_02129","1.0"
"1.7e-36","121.0",1,"GEGEGB_04042","0.971"
"1.7e-53","166.0",1,"HFCAGB_04533","0.966"
"1.7e-58","181.0",1,"HFCAGB_02708","0.992"
"1.7e-59","184.0",1,"LNHIMF_00478","1.0"
"1.7e-73","222.0",1,"ONMMKP_02320","0.987"
"1.7e-75","228.0",1,"ONMMKP_02229","1.0"
"1.7e-83","238.0",1,"PKJKAM_04104","1.0"
"1.7e-95","276.0",1,"LNHIMF_00345","1.0"
"1.7e-96","301.0",1,"PKJKAM_03865","1.068"
"1.7e-99","288.0",1,"BEJGEH_04341","1.0"
"1.8e-101","286.0",1,"GEGEGB_02908","1.0"
"1.8e-103","302.0",1,"AJBGEP_01513","0.995"
"1.8e-105","308.0",1,"GEGEGB_04660","0.991"
"1.8e-108","318.0",1,"HFCAGB_03739","1.0"
"1.8e-110","318.0",1,"IKCLMC_01300","0.995"
"1.8e-111","332.0",1,"PKJKAM_01125","0.981"
"1.8e-112","331.0",1,"IKCLMC_04235","0.989"
"1.8e-114","333.0",1,"LNHIMF_00276","0.984"
"1.8e-116","343.0",1,"PKJKAM_01638","0.952"
"1.8e-122","355.0",1,"GEGEGB_00520","0.934"
"1.8e-124","354.0",1,"GEGEGB_02644","1.069"
"1.8e-131","381.0",1,"LNHIMF_02433","0.977"
"1.8e-132","391.0",1,"IKCLMC_03929","1.206"
"1.8e-136","386.0",1,"ONMMKP_02617","0.996"
"1.8e-143","406.0",1,"GEGEGB_01392","0.965"
"1.8e-153","430.0",1,"LNHIMF_03905","1.017"
"1.8e-163","466.0",1,"ONMMKP_02323","0.979"
"1.8e-168","483.0",1,"PKJKAM_02287","0.983"
"1.8e-169","483.0",1,"BEJGEH_03761","0.995"
"1.8e-170","491.0",1,"HFCAGB_03356","0.961"
"1.8e-171","473.0",1,"ODDLKH_01881","1.0"
"1.8e-174","484.0",1,"IKCLMC_00650","1.0"
"1.8e-184","506.0",1,"GEGEGB_02928","1.0"
"1.8e-185","520.0",1,"ODDLKH_00646","0.991"
"1.8e-189","527.0",1,"IKCLMC_03296","0.810"
"1.8e-195","543.0",1,"BEJGEH_03898","0.993"
"1.8e-197","554.0",1,"HFCAGB_01489","0.925"
"1.8e-198","558.0",1,"HFCAGB_01012","0.997"
"1.8e-202","572.0",1,"AJBGEP_02968","1.007"
"1.8e-217","600.0",1,"ONMMKP_02057","1.0"
"1.8e-218","616.0",1,"ODDLKH_02040","0.965"
"1.8e-224","634.0",1,"PKJKAM_03037","0.983"
"1.8e-231","642.0",1,"ODDLKH_02873","0.857"
"1.8e-232","648.0",1,"PKJKAM_02186","0.955"
"1.8e-238","670.0",1,"BEJGEH_01782","1.183"
"1.8e-242","670.0",1,"BEJGEH_00199","1.015"
"1.8e-243","669.0",1,"IKCLMC_01139","0.994"
"1.8e-245","677.0",1,"HFCAGB_03157","0.840"
"1.8e-248","699.0",1,"PKJKAM_02419","0.982"
"1.8e-252","703.0",1,"LNHIMF_00198","1.108"
"1.8e-255","702.0",1,"AJBGEP_03223","0.806"
"1.8e-26","98.6",1,"IKCLMC_04838","0.948"
"1.8e-273","749.0",1,"HFCAGB_02564","0.809"
"1.8e-278","771.0",1,"AJBGEP_00078","0.976"
"1.8e-279","788.0",1,"LNHIMF_01491","0.968"
"1.8e-280","766.0",1,"AJBGEP_02458","0.938"
"1.8e-283","765.0",1,"AJBGEP_01314","1.0"
"1.8e-285","800.0",1,"HFCAGB_04807","0.988"
"1.8e-301","836.0",1,"GEGEGB_01767","1.002"
"1.8e-303","836.0",1,"LNHIMF_01874","0.996"
"1.8e-304","832.0",1,"GEGEGB_01785","1.104"
"1.8e-307","832.0",1,"HFCAGB_04488","1.0"
"1.8e-316","889.0",1,"PKJKAM_03600","0.942"
"1.8e-37","129.0",1,"HFCAGB_04115","1.0"
"1.8e-49","158.0",1,"BEJGEH_01811","0.983"
"1.8e-61","189.0",1,"GEGEGB_04262","0.993"
"1.8e-70","214.0",1,"ODDLKH_00340","0.981"
"1.8e-71","219.0",1,"PKJKAM_00596","0.983"
"1.8e-72","221.0",1,"LNHIMF_00753","1.0"
"1.8e-77","229.0",1,"GEGEGB_04126","0.966"
"1.8e-78","235.0",1,"HFCAGB_03238","0.980"
"1.8e-84","251.0",1,"LNHIMF_04105","0.952"
"1.8e-86","262.0",1,"HFCAGB_00808","0.996"
"1.8e-93","280.0",1,"GEGEGB_02751","0.984"
"1.8e-98","289.0",1,"AJBGEP_04703","1.0"
"1.9e-100","290.0",1,"PKJKAM_01134","1.0"
"1.9e-102","300.0",1,"LNHIMF_03125","1.0"
"1.9e-103","291.0",1,"AJBGEP_03024","1.0"
"1.9e-104","307.0",1,"IKCLMC_01980","0.976"
"1.9e-105","307.0",1,"GEGEGB_02381","1.015"
"1.9e-108","315.0",1,"GEGEGB_01213","0.991"
"1.9e-11","56.2",1,"ONMMKP_04666","1.0"
"1.9e-125","359.0",1,"HFCAGB_01823","0.939"
"1.9e-129","360.0",1,"ODDLKH_01719","1.0"
"1.9e-131","379.0",1,"LNHIMF_01946","0.997"
"1.9e-147","418.0",1,"IKCLMC_04846","0.972"
"1.9e-148","424.0",1,"PKJKAM_01930","0.993"
"1.9e-179","501.0",1,"ODDLKH_02264","0.931"
"1.9e-180","504.0",1,"GEGEGB_01746","0.800"
"1.9e-182","500.0",1,"HFCAGB_03051","1.0"
"1.9e-186","520.0",1,"BEJGEH_02482","0.903"
"1.9e-187","520.0",1,"ONMMKP_00867","1.0"
"1.9e-202","553.0",1,"AJBGEP_03507","1.0"
"1.9e-205","582.0",1,"ODDLKH_02081","0.992"
"1.9e-207","577.0",1,"GEGEGB_01816","1.0"
"1.9e-208","578.0",1,"PKJKAM_02042","0.839"
"1.9e-212","610.0",1,"IKCLMC_02828","0.938"
"1.9e-213","607.0",1,"ODDLKH_00548","1.002"
"1.9e-214","606.0",1,"ONMMKP_01210","1.0"
"1.9e-232","632.0",1,"GEGEGB_03738","1.0"
"1.9e-233","644.0",1,"GEGEGB_03768","1.060"
"1.9e-239","660.0",1,"PKJKAM_03811","1.0"
"1.9e-240","681.0",1,"IKCLMC_01516","1.0"
"1.9e-247","673.0",1,"LNHIMF_04369","0.992"
"1.9e-25","97.8",1,"BEJGEH_01015","0.908"
"1.9e-252","694.0",1,"LNHIMF_00537","1.008"
"1.9e-258","711.0",1,"PKJKAM_02981","0.941"
"1.9e-275","764.0",1,"HFCAGB_02847","0.957"
"1.9e-276","769.0",1,"AJBGEP_04500","0.974"
"1.9e-282","787.0",1,"ONMMKP_02564","1.0"
"1.9e-286","785.0",1,"HFCAGB_02008","0.803"
"1.9e-290","796.0",1,"GEGEGB_00431","1.017"
"1.9e-291","813.0",1,"BEJGEH_02251","0.978"
"1.9e-301","819.0",1,"BEJGEH_01800","1.0"
"1.9e-304","833.0",1,"HFCAGB_00719","1.0"
"1.9e-306","827.0",1,"ONMMKP_04437","0.998"
"1.9e-314","865.0",1,"PKJKAM_04417","1.079"
"1.9e-316","869.0",1,"LNHIMF_04220","0.981"
"1.9e-47","154.0",1,"LNHIMF_01707","1.066"
"1.9e-57","180.0",1,"AJBGEP_01951","1.0"
"1.9e-60","184.0",1,"GEGEGB_00033","0.958"
"1.9e-69","202.0",1,"AJBGEP_01477","1.0"
"1.9e-77","236.0",1,"BEJGEH_00324","0.990"
"1.9e-81","248.0",1,"GEGEGB_01395","0.962"
"1.9e-82","236.0",1,"HFCAGB_02301","1.0"
"1.9e-99","296.0",1,"AJBGEP_02738","0.992"
"2.0e-100","296.0",1,"AJBGEP_04142","0.940"
"2.0e-105","314.0",1,"ODDLKH_02842","0.996"
"2.0e-112","329.0",1,"BEJGEH_01009","0.954"
"2.0e-114","329.0",1,"HFCAGB_03541","1.183"
"2.0e-120","355.0",1,"LNHIMF_00736","0.969"
"2.0e-123","359.0",1,"GEGEGB_03712","0.983"
"2.0e-124","355.0",1,"ONMMKP_03232","1.0"
"2.0e-127","366.0",1,"HFCAGB_04454","1.0"
"2.0e-133","382.0",1,"BEJGEH_00151","0.972"
"2.0e-138","398.0",1,"GEGEGB_03164","0.847"
"2.0e-139","406.0",1,"GEGEGB_02961","0.839"
"2.0e-148","433.0",1,"GEGEGB_03874","1.035"
"2.0e-151","427.0",1,"BEJGEH_03117","1.0"
"2.0e-152","443.0",1,"HFCAGB_02730","0.983"
"2.0e-155","446.0",1,"PKJKAM_01343","0.991"
"2.0e-158","448.0",1,"ONMMKP_03155","1.092"
"2.0e-167","471.0",1,"GEGEGB_02740","0.964"
"2.0e-169","478.0",1,"HFCAGB_01475","1.164"
"2.0e-173","491.0",1,"HFCAGB_04415","0.997"
"2.0e-175","498.0",1,"PKJKAM_00415","0.971"
"2.0e-187","513.0",1,"LNHIMF_04537","1.0"
"2.0e-191","534.0",1,"GEGEGB_03283","0.947"
"2.0e-200","562.0",1,"GEGEGB_00593","0.826"
"2.0e-202","565.0",1,"AJBGEP_04191","1.210"
"2.0e-210","599.0",1,"IKCLMC_04362","0.975"
"2.0e-214","589.0",1,"BEJGEH_03805","1.0"
"2.0e-229","629.0",1,"HFCAGB_00323","1.0"
"2.0e-231","644.0",1,"PKJKAM_03768","1.0"
"2.0e-232","654.0",1,"HFCAGB_00494","1.0"
"2.0e-242","666.0",1,"AJBGEP_04293","1.0"
"2.0e-244","686.0",1,"PKJKAM_01212","0.994"
"2.0e-245","692.0",1,"ONMMKP_00061","1.014"
"2.0e-251","704.0",1,"ODDLKH_01495","0.963"
"2.0e-257","723.0",1,"IKCLMC_00449","1.103"
"2.0e-263","719.0",1,"BEJGEH_01551","0.994"
"2.0e-268","735.0",1,"ONMMKP_04263","0.952"
"2.0e-278","774.0",1,"IKCLMC_01106","0.974"
"2.0e-289","792.0",1,"HFCAGB_03334","1.127"
"2.0e-298","822.0",1,"GEGEGB_03836","1.0"
"2.0e-304","828.0",1,"ONMMKP_01021","1.0"
"2.0e-307","842.0",1,"IKCLMC_01933","1.0"
"2.0e-32","113.0",1,"BEJGEH_00987","1.0"
"2.0e-36","123.0",1,"LNHIMF_03607","0.955"
"2.0e-66","207.0",1,"BEJGEH_03891","0.989"
"2.0e-71","219.0",1,"IKCLMC_01285","0.853"
"2.0e-76","226.0",1,"LNHIMF_01485","0.807"
"2.0e-84","249.0",1,"LNHIMF_03917","1.0"
"2.0e-87","256.0",1,"GEGEGB_02481","1.0"
"2.0e-88","263.0",1,"HFCAGB_02287","1.020"
"2.1e-105","304.0",1,"PKJKAM_01939","0.981"
"2.1e-109","323.0",1,"ONMMKP_00566","0.963"
"2.1e-119","348.0",1,"GEGEGB_00162","1.007"
"2.1e-132","382.0",1,"IKCLMC_00491","1.004"
"2.1e-135","384.0",1,"ONMMKP_04074","1.0"
"2.1e-139","397.0",1,"PKJKAM_02153","0.985"
"2.1e-147","430.0",1,"GEGEGB_01512","0.990"
"2.1e-148","426.0",1,"IKCLMC_01686","0.997"
"2.1e-150","424.0",1,"IKCLMC_03747","1.0"
"2.1e-163","458.0",1,"GEGEGB_02547","0.818"
"2.1e-173","481.0",1,"BEJGEH_01187","1.0"
"2.1e-179","508.0",1,"HFCAGB_02556","0.992"
"2.1e-182","518.0",1,"GEGEGB_01146","0.997"
"2.1e-190","541.0",1,"HFCAGB_03973","0.993"
"2.1e-199","572.0",1,"ONMMKP_03234","1.068"
"2.1e-208","584.0",1,"GEGEGB_03537","0.954"
"2.1e-212","587.0",1,"GEGEGB_03916","0.997"
"2.1e-214","605.0",1,"LNHIMF_00365","0.993"
"2.1e-221","608.0",1,"LNHIMF_03091","1.0"
"2.1e-222","617.0",1,"PKJKAM_02544","0.992"
"2.1e-225","652.0",1,"LNHIMF_02891","1.026"
"2.1e-228","630.0",1,"HFCAGB_03012","0.985"
"2.1e-233","650.0",1,"LNHIMF_00728","0.983"
"2.1e-234","644.0",1,"LNHIMF_00025","1.024"
"2.1e-235","649.0",1,"LNHIMF_00431","1.0"
"2.1e-237","657.0",1,"HFCAGB_02895","0.997"
"2.1e-239","657.0",1,"BEJGEH_04551","1.088"
"2.1e-250","689.0",1,"GEGEGB_02045","0.814"
"2.1e-254","706.0",1,"ODDLKH_02717","0.807"
"2.1e-257","713.0",1,"HFCAGB_03476","0.846"
"2.1e-263","721.0",1,"HFCAGB_01802","0.936"
"2.1e-268","733.0",1,"LNHIMF_02489","0.995"
"2.1e-270","737.0",1,"IKCLMC_04306","1.0"
"2.1e-271","741.0",1,"LNHIMF_01092","1.089"
"2.1e-272","746.0",1,"LNHIMF_02438","0.809"
"2.1e-275","757.0",1,"HFCAGB_04150","1.0"
"2.1e-280","766.0",1,"AJBGEP_01462","1.017"
"2.1e-289","798.0",1,"BEJGEH_00109","0.810"
"2.1e-292","792.0",1,"GEGEGB_04391","1.0"
"2.1e-293","803.0",1,"LNHIMF_01416","0.996"
"2.1e-295","802.0",1,"GEGEGB_04401","1.0"
"2.1e-296","825.0",1,"ODDLKH_00195","1.231"
"2.1e-306","838.0",1,"BEJGEH_00161","1.0"
"2.1e-311","857.0",1,"GEGEGB_01750","1.079"
"2.1e-312","845.0",1,"IKCLMC_01948","1.0"
"2.1e-314","858.0",1,"BEJGEH_04504","0.980"
"2.1e-315","870.0",1,"IKCLMC_04217","1.0"
"2.1e-317","872.0",1,"ONMMKP_02601","0.981"
"2.1e-41","135.0",1,"LNHIMF_02389","0.977"
"2.1e-42","138.0",1,"LNHIMF_01254","1.0"
"2.1e-50","162.0",1,"HFCAGB_03379","1.0"
"2.1e-52","167.0",1,"BEJGEH_04342","0.980"
"2.1e-61","194.0",1,"ONMMKP_00440","1.039"
"2.1e-76","233.0",1,"GEGEGB_01666","0.954"
"2.1e-95","279.0",1,"ODDLKH_01770","1.0"
"2.1e-98","291.0",1,"BEJGEH_04166","1.0"
"2.2e-101","299.0",1,"BEJGEH_00798","1.022"
"2.2e-112","334.0",1,"GEGEGB_04679","0.981"
"2.2e-126","361.0",1,"HFCAGB_03297","0.898"
"2.2e-140","399.0",1,"GEGEGB_03057","0.991"
"2.2e-144","416.0",1,"BEJGEH_04628","0.975"
"2.2e-147","424.0",1,"PKJKAM_01795","0.997"
"2.2e-15","69.3",1,"GEGEGB_03717","1.0"
"2.2e-153","437.0",1,"HFCAGB_04277","1.0"
"2.2e-164","464.0",1,"BEJGEH_00205","0.907"
"2.2e-173","484.0",1,"LNHIMF_03949","0.831"
"2.2e-175","482.0",1,"PKJKAM_03396","1.0"
"2.2e-181","513.0",1,"ODDLKH_02767","1.011"
"2.2e-183","511.0",1,"GEGEGB_02562","1.024"
"2.2e-185","517.0",1,"LNHIMF_02587","0.903"
"2.2e-189","533.0",1,"GEGEGB_02182","1.084"
"2.2e-195","552.0",1,"GEGEGB_02210","1.0"
"2.2e-198","561.0",1,"LNHIMF_02319","0.997"
"2.2e-202","575.0",1,"ODDLKH_03397","1.015"
"2.2e-205","585.0",1,"BEJGEH_00369","1.002"
"2.2e-207","591.0",1,"GEGEGB_01150","0.975"
"2.2e-211","587.0",1,"GEGEGB_01648","0.957"
"2.2e-212","591.0",1,"GEGEGB_04239","1.086"
"2.2e-22","84.3",1,"HFCAGB_01465","1.0"
"2.2e-220","613.0",1,"HFCAGB_03276","1.0"
"2.2e-221","614.0",1,"PKJKAM_01270","0.955"
"2.2e-231","636.0",1,"GEGEGB_03170","1.048"
"2.2e-232","638.0",1,"PKJKAM_02125","1.0"
"2.2e-236","649.0",1,"BEJGEH_00026","1.024"
"2.2e-237","663.0",1,"HFCAGB_04024","1.0"
"2.2e-244","662.0",1,"IKCLMC_04745","1.0"
"2.2e-247","679.0",1,"ONMMKP_03110","0.922"
"2.2e-249","689.0",1,"BEJGEH_02132","1.099"
"2.2e-256","704.0",1,"ONMMKP_03789","0.806"
"2.2e-260","738.0",1,"BEJGEH_00461","0.994"
"2.2e-262","723.0",1,"GEGEGB_03754","0.949"
"2.2e-267","731.0",1,"AJBGEP_01884","1.024"
"2.2e-270","743.0",1,"LNHIMF_04642","0.823"
"2.2e-272","744.0",1,"AJBGEP_04611","1.018"
"2.2e-273","761.0",1,"GEGEGB_03109","1.015"
"2.2e-281","769.0",1,"ODDLKH_02792","0.938"
"2.2e-285","781.0",1,"GEGEGB_04813","0.978"
"2.2e-289","794.0",1,"ODDLKH_02967","1.017"
"2.2e-309","850.0",1,"LNHIMF_02034","1.0"
"2.2e-312","852.0",1,"AJBGEP_02264","1.0"
"2.2e-38","130.0",1,"LNHIMF_00723","0.938"
"2.2e-46","151.0",1,"GEGEGB_00259","0.971"
"2.2e-54","174.0",1,"HFCAGB_00362","0.958"
"2.2e-56","173.0",1,"GEGEGB_04436","0.966"
"2.2e-71","215.0",1,"GEGEGB_01283","0.993"
"2.2e-73","226.0",1,"PKJKAM_03777","0.923"
"2.2e-74","222.0",1,"ONMMKP_04029","1.109"
"2.2e-80","237.0",1,"GEGEGB_04277","1.102"
"2.2e-82","243.0",1,"HFCAGB_03212","1.0"
"2.2e-85","253.0",1,"LNHIMF_01823","1.0"
"2.2e-89","270.0",1,"GEGEGB_01615","0.893"
"2.2e-91","267.0",1,"ODDLKH_02075","1.0"
"2.2e-97","290.0",1,"GEGEGB_03074","1.055"
"2.2e-98","294.0",1,"LNHIMF_02696","0.992"
"2.3e-102","296.0",1,"IKCLMC_01960","1.0"
"2.3e-104","305.0",1,"GEGEGB_00389","0.986"
"2.3e-108","318.0",1,"LNHIMF_03750","0.996"
"2.3e-110","316.0",1,"IKCLMC_02236","1.0"
"2.3e-116","337.0",1,"IKCLMC_01860","0.996"
"2.3e-120","357.0",1,"ODDLKH_01926","0.979"
"2.3e-122","350.0",1,"GEGEGB_02138","1.0"
"2.3e-125","363.0",1,"BEJGEH_03234","0.996"
"2.3e-130","373.0",1,"LNHIMF_03711","1.0"
"2.3e-132","375.0",1,"AJBGEP_03977","1.0"
"2.3e-135","382.0",1,"GEGEGB_01206","1.0"
"2.3e-141","403.0",1,"GEGEGB_04429","0.988"
"2.3e-145","419.0",1,"LNHIMF_00094","1.009"
"2.3e-146","412.0",1,"ODDLKH_01886","1.0"
"2.3e-148","416.0",1,"ONMMKP_04457","1.0"
"2.3e-151","437.0",1,"ONMMKP_02030","1.020"
"2.3e-152","426.0",1,"BEJGEH_04440","1.0"
"2.3e-165","476.0",1,"GEGEGB_00327","0.991"
"2.3e-169","471.0",1,"LNHIMF_01692","1.033"
"2.3e-170","491.0",1,"BEJGEH_03570","1.065"
"2.3e-173","487.0",1,"GEGEGB_03830","1.0"
"2.3e-174","492.0",1,"BEJGEH_04427","1.149"
"2.3e-175","494.0",1,"GEGEGB_03326","0.982"
"2.3e-177","487.0",1,"HFCAGB_00356","1.0"
"2.3e-186","525.0",1,"GEGEGB_03730","1.086"
"2.3e-194","550.0",1,"LNHIMF_02569","0.998"
"2.3e-20","78.6",1,"GEGEGB_04873","1.0"
"2.3e-200","558.0",1,"ONMMKP_00675","1.048"
"2.3e-204","574.0",1,"PKJKAM_03926","1.155"
"2.3e-222","614.0",1,"HFCAGB_01563","1.0"
"2.3e-226","617.0",1,"LNHIMF_04120","1.0"
"2.3e-234","647.0",1,"HFCAGB_04798","0.845"
"2.3e-236","652.0",1,"BEJGEH_00591","1.0"
"2.3e-243","671.0",1,"IKCLMC_02950","0.840"
"2.3e-248","684.0",1,"LNHIMF_01350","0.824"
"2.3e-28","103.0",1,"BEJGEH_01252","1.0"
"2.3e-282","781.0",1,"BEJGEH_00834","0.994"
"2.3e-300","851.0",1,"LNHIMF_04383","1.001"
"2.3e-306","837.0",1,"ONMMKP_03011","0.991"
"2.3e-307","829.0",1,"IKCLMC_01594","0.998"
"2.3e-309","837.0",1,"GEGEGB_02492","0.967"
"2.3e-319","861.0",1,"AJBGEP_01495","1.0"
"2.3e-32","110.0",1,"PKJKAM_01470","1.0"
"2.3e-50","158.0",1,"GEGEGB_01854","1.0"
"2.3e-53","167.0",1,"BEJGEH_02636","1.0"
"2.3e-57","179.0",1,"GEGEGB_04442","0.947"
"2.3e-84","247.0",1,"GEGEGB_00522","0.983"
"2.3e-89","268.0",1,"PKJKAM_03227","1.0"
"2.3e-93","280.0",1,"HFCAGB_01538","1.182"
"2.3e-95","282.0",1,"BEJGEH_00653","0.953"
"2.4e-102","295.0",1,"ONMMKP_00426","1.0"
"2.4e-116","325.0",1,"GEGEGB_00809","1.0"
"2.4e-120","350.0",1,"ONMMKP_00615","1.007"
"2.4e-124","356.0",1,"GEGEGB_01762","0.987"
"2.4e-127","363.0",1,"GEGEGB_02078","1.0"
"2.4e-131","372.0",1,"ONMMKP_00247","1.096"
"2.4e-138","396.0",1,"IKCLMC_00824","0.804"
"2.4e-140","389.0",1,"BEJGEH_04017","1.0"
"2.4e-141","413.0",1,"ONMMKP_02029","0.988"
"2.4e-149","420.0",1,"GEGEGB_00762","1.0"
"2.4e-152","433.0",1,"HFCAGB_03302","0.993"
"2.4e-17","72.8",1,"LNHIMF_01074","0.950"
"2.4e-171","492.0",1,"GEGEGB_02618","1.010"
"2.4e-172","479.0",1,"BEJGEH_04059","1.0"
"2.4e-174","487.0",1,"LNHIMF_00968","1.0"
"2.4e-188","521.0",1,"PKJKAM_02808","0.809"
"2.4e-194","545.0",1,"ONMMKP_00319","0.997"
"2.4e-197","560.0",1,"LNHIMF_00923","0.977"
"2.4e-201","570.0",1,"ONMMKP_04445","0.977"
"2.4e-208","587.0",1,"IKCLMC_01134","0.976"
"2.4e-217","604.0",1,"ODDLKH_03103","0.997"
"2.4e-219","607.0",1,"GEGEGB_04853","0.981"
"2.4e-226","627.0",1,"BEJGEH_03112","0.995"
"2.4e-230","631.0",1,"ODDLKH_03123","0.997"
"2.4e-235","654.0",1,"GEGEGB_01850","0.980"
"2.4e-239","664.0",1,"LNHIMF_00720","0.995"
"2.4e-256","706.0",1,"LNHIMF_02689","1.0"
"2.4e-260","710.0",1,"BEJGEH_02871","1.0"
"2.4e-268","741.0",1,"ONMMKP_01755","0.974"
"2.4e-269","745.0",1,"ONMMKP_03928","0.979"
"2.4e-288","812.0",1,"GEGEGB_04121","1.128"
"2.4e-291","797.0",1,"AJBGEP_00847","1.0"
"2.4e-294","795.0",1,"GEGEGB_00867","1.0"
"2.4e-296","813.0",1,"HFCAGB_03791","1.0"
"2.4e-304","827.0",1,"HFCAGB_00742","1.0"
"2.4e-309","849.0",1,"HFCAGB_02599","0.925"
"2.4e-310","848.0",1,"HFCAGB_02291","0.913"
"2.4e-314","857.0",1,"GEGEGB_02778","1.030"
"2.4e-315","871.0",1,"HFCAGB_02702","0.995"
"2.4e-49","158.0",1,"GEGEGB_04310","0.966"
"2.4e-51","164.0",1,"GEGEGB_01623","1.033"
"2.4e-57","180.0",1,"GEGEGB_03909","0.958"
"2.4e-67","209.0",1,"HFCAGB_01113","0.989"
"2.4e-68","207.0",1,"PKJKAM_00088","0.979"
"2.4e-85","252.0",1,"GEGEGB_00568","0.927"
"2.4e-88","260.0",1,"IKCLMC_02482","0.924"
"2.4e-90","263.0",1,"GEGEGB_03113","0.977"
"2.4e-96","282.0",1,"BEJGEH_04685","0.941"
"2.5e-103","301.0",1,"HFCAGB_01847","0.995"
"2.5e-104","308.0",1,"BEJGEH_01745","1.0"
"2.5e-106","308.0",1,"GEGEGB_03161","1.0"
"2.5e-111","330.0",1,"LNHIMF_02309","0.931"
"2.5e-112","328.0",1,"GEGEGB_01924","0.976"
"2.5e-115","345.0",1,"GEGEGB_04439","0.871"
"2.5e-119","341.0",1,"IKCLMC_02891","1.0"
"2.5e-121","344.0",1,"HFCAGB_01611","1.0"
"2.5e-122","357.0",1,"HFCAGB_04076","0.961"
"2.5e-124","363.0",1,"GEGEGB_00188","0.977"
"2.5e-127","359.0",1,"GEGEGB_01608","1.0"
"2.5e-137","389.0",1,"PKJKAM_02792","1.0"
"2.5e-138","395.0",1,"BEJGEH_04642","0.985"
"2.5e-144","417.0",1,"IKCLMC_03462","1.003"
"2.5e-148","410.0",1,"GEGEGB_01780","1.0"
"2.5e-160","458.0",1,"LNHIMF_02103","1.048"
"2.5e-164","470.0",1,"ONMMKP_04663","0.974"
"2.5e-170","479.0",1,"LNHIMF_02338","0.968"
"2.5e-185","531.0",1,"HFCAGB_02619","0.981"
"2.5e-189","518.0",1,"HFCAGB_02281","1.0"
"2.5e-190","538.0",1,"ODDLKH_03406","1.0"
"2.5e-191","543.0",1,"GEGEGB_03760","0.998"
"2.5e-205","561.0",1,"GEGEGB_03420","1.0"
"2.5e-211","601.0",1,"ONMMKP_02107","1.002"
"2.5e-218","619.0",1,"LNHIMF_02690","1.058"
"2.5e-219","605.0",1,"GEGEGB_04075","1.0"
"2.5e-220","616.0",1,"AJBGEP_01604","1.182"
"2.5e-223","619.0",1,"IKCLMC_04024","0.992"
"2.5e-230","639.0",1,"GEGEGB_03321","0.802"
"2.5e-240","665.0",1,"PKJKAM_00736","1.015"
"2.5e-241","655.0",1,"ODDLKH_04163","1.003"
"2.5e-242","667.0",1,"LNHIMF_03580","1.0"
"2.5e-247","683.0",1,"ODDLKH_02684","1.0"
"2.5e-249","687.0",1,"GEGEGB_02306","1.035"
"2.5e-252","703.0",1,"GEGEGB_00203","1.108"
"2.5e-255","703.0",1,"IKCLMC_01465","0.983"
"2.5e-259","716.0",1,"ODDLKH_03218","0.998"
"2.5e-264","732.0",1,"LNHIMF_00462","0.993"
"2.5e-266","726.0",1,"PKJKAM_04641","0.994"
"2.5e-273","747.0",1,"PKJKAM_02227","1.0"
"2.5e-288","780.0",1,"HFCAGB_04478","1.0"
"2.5e-296","811.0",1,"BEJGEH_02994","0.998"
"2.5e-300","810.0",1,"BEJGEH_01691","1.0"
"2.5e-301","818.0",1,"GEGEGB_01269","0.998"
"2.5e-308","853.0",1,"IKCLMC_01078","0.974"
"2.5e-309","858.0",1,"ODDLKH_00022","0.990"
"2.5e-311","849.0",1,"BEJGEH_01865","1.104"
"2.5e-38","127.0",1,"LNHIMF_03445","1.0"
"2.5e-45","147.0",1,"IKCLMC_01690","0.946"
"2.5e-51","164.0",1,"ONMMKP_04063","0.972"
"2.5e-52","157.0",1,"PKJKAM_00505","1.0"
"2.5e-53","169.0",1,"HFCAGB_04616","0.901"
"2.5e-57","179.0",1,"IKCLMC_04646","0.862"
"2.5e-67","203.0",1,"HFCAGB_00190","0.849"
"2.5e-69","212.0",1,"IKCLMC_00878","1.0"
"2.5e-71","213.0",1,"BEJGEH_01840","0.982"
"2.5e-76","220.0",1,"ONMMKP_04777","1.0"
"2.5e-79","253.0",1,"AJBGEP_00772","1.0"
"2.5e-80","238.0",1,"BEJGEH_01106","0.948"
"2.5e-87","259.0",1,"HFCAGB_04440","1.0"
"2.5e-91","274.0",1,"ODDLKH_03533","0.962"
"2.5e-93","280.0",1,"ODDLKH_03118","0.984"
"2.5e-94","276.0",1,"GEGEGB_04191","1.0"
"2.5e-98","293.0",1,"LNHIMF_03011","0.979"
"2.6e-101","298.0",1,"GEGEGB_03994","1.0"
"2.6e-107","313.0",1,"ONMMKP_04470","1.058"
"2.6e-114","333.0",1,"BEJGEH_00999","0.976"
"2.6e-129","379.0",1,"GEGEGB_02560","0.994"
"2.6e-133","380.0",1,"LNHIMF_03725","1.123"
"2.6e-137","396.0",1,"HFCAGB_03507","0.978"
"2.6e-138","399.0",1,"ONMMKP_01322","1.086"
"2.6e-141","405.0",1,"HFCAGB_03979","0.993"
"2.6e-146","424.0",1,"IKCLMC_04473","1.0"
"2.6e-162","470.0",1,"ONMMKP_04543","0.979"
"2.6e-168","483.0",1,"HFCAGB_03696","0.995"
"2.6e-171","479.0",1,"PKJKAM_01447","1.0"
"2.6e-173","498.0",1,"PKJKAM_04073","1.051"
"2.6e-180","506.0",1,"ONMMKP_02932","0.984"
"2.6e-181","508.0",1,"GEGEGB_03160","0.984"
"2.6e-183","521.0",1,"AJBGEP_00912","1.173"
"2.6e-184","516.0",1,"AJBGEP_03898","0.927"
"2.6e-192","538.0",1,"IKCLMC_00805","0.997"
"2.6e-201","556.0",1,"GEGEGB_00629","0.990"
"2.6e-206","595.0",1,"ODDLKH_02834","0.998"
"2.6e-214","605.0",1,"BEJGEH_00890","1.0"
"2.6e-223","618.0",1,"ODDLKH_01389","1.202"
"2.6e-226","622.0",1,"IKCLMC_04593","0.940"
"2.6e-228","643.0",1,"HFCAGB_03914","0.974"
"2.6e-232","644.0",1,"ONMMKP_03587","0.802"
"2.6e-237","644.0",1,"PKJKAM_01415","1.0"
"2.6e-244","699.0",1,"GEGEGB_00019","1.080"
"2.6e-258","701.0",1,"IKCLMC_01949","1.0"
"2.6e-28","101.0",1,"PKJKAM_00828","0.971"
"2.6e-286","784.0",1,"LNHIMF_01329","0.803"
"2.6e-288","791.0",1,"IKCLMC_00871","1.104"
"2.6e-290","795.0",1,"GEGEGB_03418","1.150"
"2.6e-301","823.0",1,"GEGEGB_02824","0.880"
"2.6e-305","823.0",1,"BEJGEH_01581","1.0"
"2.6e-308","834.0",1,"AJBGEP_00511","0.967"
"2.6e-311","850.0",1,"LNHIMF_00804","0.803"
"2.6e-315","851.0",1,"GEGEGB_01356","1.0"
"2.6e-316","872.0",1,"GEGEGB_02253","1.014"
"2.6e-317","877.0",1,"LNHIMF_04463","1.293"
"2.6e-53","167.0",1,"GEGEGB_01132","1.0"
"2.6e-57","180.0",1,"LNHIMF_01925","1.0"
"2.6e-62","184.0",1,"GEGEGB_02912","1.0"
"2.6e-73","225.0",1,"ONMMKP_00555","0.966"
"2.6e-75","227.0",1,"GEGEGB_04721","1.0"
"2.6e-88","267.0",1,"LNHIMF_01736","0.987"
"2.6e-93","270.0",1,"BEJGEH_00147","1.0"
"2.6e-99","297.0",1,"PKJKAM_02731","1.0"
"2.7e-107","315.0",1,"ONMMKP_03113","0.996"
"2.7e-108","323.0",1,"HFCAGB_01749","1.0"
"2.7e-115","330.0",1,"BEJGEH_04688","0.994"
"2.7e-116","331.0",1,"IKCLMC_00430","1.0"
"2.7e-118","349.0",1,"ODDLKH_01082","0.997"
"2.7e-121","349.0",1,"HFCAGB_01263","0.991"
"2.7e-122","353.0",1,"BEJGEH_00284","0.996"
"2.7e-129","360.0",1,"HFCAGB_02047","1.0"
"2.7e-131","376.0",1,"PKJKAM_03039","0.962"
"2.7e-137","397.0",1,"LNHIMF_03357","1.003"
"2.7e-142","400.0",1,"GEGEGB_03968","0.980"
"2.7e-148","424.0",1,"BEJGEH_03150","0.993"
"2.7e-149","422.0",1,"PKJKAM_00281","1.0"
"2.7e-151","436.0",1,"GEGEGB_02338","0.981"
"2.7e-168","471.0",1,"BEJGEH_02938","1.0"
"2.7e-174","488.0",1,"ODDLKH_01973","0.884"
"2.7e-181","497.0",1,"LNHIMF_04160","1.0"
"2.7e-185","531.0",1,"AJBGEP_02038","0.983"
"2.7e-189","534.0",1,"ONMMKP_01761","1.035"
"2.7e-195","544.0",1,"ONMMKP_02102","1.102"
"2.7e-200","558.0",1,"ONMMKP_04636","1.0"
"2.7e-204","568.0",1,"HFCAGB_02069","0.847"
"2.7e-206","570.0",1,"GEGEGB_04705","0.855"
"2.7e-209","587.0",1,"GEGEGB_03549","1.048"
"2.7e-21","84.0",1,"HFCAGB_01506","0.947"
"2.7e-211","582.0",1,"GEGEGB_00701","1.0"
"2.7e-213","606.0",1,"AJBGEP_00075","1.002"
"2.7e-225","628.0",1,"GEGEGB_00618","1.025"
"2.7e-232","640.0",1,"HFCAGB_04248","0.983"
"2.7e-240","675.0",1,"IKCLMC_04859","1.183"
"2.7e-244","674.0",1,"HFCAGB_02333","1.228"
"2.7e-249","706.0",1,"HFCAGB_03922","1.081"
"2.7e-250","691.0",1,"ODDLKH_02606","1.099"
"2.7e-251","688.0",1,"ODDLKH_04405","1.0"
"2.7e-255","705.0",1,"HFCAGB_00705","0.983"
"2.7e-256","701.0",1,"HFCAGB_00718","1.0"
"2.7e-262","717.0",1,"AJBGEP_00625","0.994"
"2.7e-269","738.0",1,"PKJKAM_02650","0.882"
"2.7e-279","790.0",1,"PKJKAM_04576","1.015"
"2.7e-28","103.0",1,"LNHIMF_01373","0.948"
"2.7e-284","778.0",1,"LNHIMF_02817","0.929"
"2.7e-287","810.0",1,"LNHIMF_03645","1.128"
"2.7e-292","833.0",1,"BEJGEH_00308","1.047"
"2.7e-33","116.0",1,"HFCAGB_01222","0.893"
"2.7e-42","139.0",1,"LNHIMF_02825","0.960"
"2.7e-60","189.0",1,"PKJKAM_01916","0.988"
"2.7e-61","192.0",1,"PKJKAM_02875","0.969"
"2.7e-64","198.0",1,"ONMMKP_03892","0.966"
"2.7e-74","226.0",1,"ODDLKH_03236","1.027"
"2.7e-80","238.0",1,"GEGEGB_02286","0.985"
"2.7e-82","248.0",1,"GEGEGB_00840","1.0"
"2.7e-86","255.0",1,"BEJGEH_01311","1.0"
"2.7e-87","266.0",1,"HFCAGB_01321","0.989"
"2.7e-89","271.0",1,"AJBGEP_00971","0.992"
"2.7e-92","273.0",1,"IKCLMC_03129","1.0"
"2.7e-95","285.0",1,"GEGEGB_03072","0.974"
"2.7e-99","286.0",1,"GEGEGB_01129","0.993"
"2.8e-107","311.0",1,"BEJGEH_00612","1.015"
"2.8e-110","324.0",1,"GEGEGB_02762","0.945"
"2.8e-113","317.0",1,"PKJKAM_04035","1.0"
"2.8e-115","337.0",1,"ODDLKH_02395","0.996"
"2.8e-118","344.0",1,"GEGEGB_04189","0.972"
"2.8e-123","352.0",1,"LNHIMF_00990","1.0"
"2.8e-127","365.0",1,"IKCLMC_01029","1.0"
"2.8e-143","413.0",1,"HFCAGB_00048","0.981"
"2.8e-145","414.0",1,"GEGEGB_03346","1.0"
"2.8e-152","429.0",1,"IKCLMC_02004","0.971"
"2.8e-155","446.0",1,"ONMMKP_04648","0.971"
"2.8e-159","463.0",1,"BEJGEH_04015","0.924"
"2.8e-161","452.0",1,"IKCLMC_03828","0.836"
"2.8e-163","451.0",1,"PKJKAM_04172","1.0"
"2.8e-167","469.0",1,"PKJKAM_02191","1.0"
"2.8e-173","484.0",1,"GEGEGB_02671","1.208"
"2.8e-176","497.0",1,"BEJGEH_03266","0.982"
"2.8e-180","494.0",1,"ODDLKH_03453","1.0"
"2.8e-189","527.0",1,"BEJGEH_03361","0.997"
"2.8e-190","531.0",1,"HFCAGB_01617","0.987"
"2.8e-206","577.0",1,"HFCAGB_02137","0.997"
"2.8e-208","592.0",1,"PKJKAM_01570","0.996"
"2.8e-210","581.0",1,"LNHIMF_02765","1.0"
"2.8e-212","590.0",1,"IKCLMC_00842","0.994"
"2.8e-214","594.0",1,"AJBGEP_02003","1.0"
"2.8e-215","587.0",1,"GEGEGB_02297","1.0"
"2.8e-217","612.0",1,"BEJGEH_00346","0.993"
"2.8e-229","628.0",1,"AJBGEP_02859","0.997"
"2.8e-231","639.0",1,"LNHIMF_01670","1.0"
"2.8e-237","663.0",1,"LNHIMF_01793","1.150"
"2.8e-239","663.0",1,"LNHIMF_03204","0.997"
"2.8e-241","655.0",1,"PKJKAM_02705","1.0"
"2.8e-242","670.0",1,"IKCLMC_01894","1.059"
"2.8e-247","709.0",1,"LNHIMF_02542","0.985"
"2.8e-252","696.0",1,"HFCAGB_02143","0.985"
"2.8e-267","732.0",1,"HFCAGB_04289","1.0"
"2.8e-270","739.0",1,"BEJGEH_04539","1.0"
"2.8e-271","734.0",1,"LNHIMF_01280","1.0"
"2.8e-281","772.0",1,"BEJGEH_03500","0.993"
"2.8e-283","783.0",1,"LNHIMF_00961","0.994"
"2.8e-294","804.0",1,"BEJGEH_03700","1.0"
"2.8e-302","825.0",1,"AJBGEP_04374","1.121"
"2.8e-316","869.0",1,"GEGEGB_04337","0.981"
"2.8e-32","111.0",1,"LNHIMF_02008","1.0"
"2.8e-45","148.0",1,"LNHIMF_04488","0.945"
"2.8e-58","181.0",1,"LNHIMF_01945","0.957"
"2.8e-65","198.0",1,"GEGEGB_02643","1.0"
"2.8e-66","207.0",1,"LNHIMF_03891","0.989"
"2.8e-68","214.0",1,"GEGEGB_01807","1.094"
"2.8e-81","246.0",1,"LNHIMF_02394","0.991"
"2.8e-90","271.0",1,"GEGEGB_04849","0.982"
"2.8e-91","276.0",1,"BEJGEH_02556","1.022"
"2.8e-97","275.0",1,"GEGEGB_01343","1.0"
"2.8e-99","281.0",1,"LNHIMF_02122","1.0"
"2.9e-101","292.0",1,"LNHIMF_01677","1.0"
"2.9e-103","297.0",1,"PKJKAM_03679","1.0"
"2.9e-111","328.0",1,"LNHIMF_01903","1.108"
"2.9e-120","365.0",1,"LNHIMF_03605","0.835"
"2.9e-125","354.0",1,"GEGEGB_02868","1.0"
"2.9e-126","359.0",1,"PKJKAM_01021","1.0"
"2.9e-127","369.0",1,"GEGEGB_00227","0.993"
"2.9e-129","371.0",1,"ODDLKH_01281","0.992"
"2.9e-136","386.0",1,"GEGEGB_00427","1.0"
"2.9e-138","396.0",1,"ODDLKH_04161","0.974"
"2.9e-142","416.0",1,"GEGEGB_00157","0.988"
"2.9e-145","409.0",1,"ODDLKH_02707","1.032"
"2.9e-148","427.0",1,"GEGEGB_03556","0.960"
"2.9e-15","66.2",1,"LNHIMF_02391","1.023"
"2.9e-157","434.0",1,"PKJKAM_03588","1.0"
"2.9e-164","479.0",1,"ONMMKP_00524","0.974"
"2.9e-175","488.0",1,"ODDLKH_02809","1.079"
"2.9e-183","507.0",1,"LNHIMF_04124","1.0"
"2.9e-186","516.0",1,"GEGEGB_01222","1.049"
"2.9e-187","527.0",1,"HFCAGB_04319","1.086"
"2.9e-189","528.0",1,"ONMMKP_04619","1.096"
"2.9e-196","557.0",1,"IKCLMC_01062","1.002"
"2.9e-199","551.0",1,"HFCAGB_02692","1.0"
"2.9e-208","574.0",1,"ODDLKH_02420","1.003"
"2.9e-216","600.0",1,"GEGEGB_04739","1.0"
"2.9e-226","627.0",1,"HFCAGB_03788","1.003"
"2.9e-229","623.0",1,"LNHIMF_02807","1.0"
"2.9e-234","636.0",1,"BEJGEH_04122","1.0"
"2.9e-237","664.0",1,"LNHIMF_00210","0.987"
"2.9e-243","676.0",1,"GEGEGB_02060","0.993"
"2.9e-250","699.0",1,"BEJGEH_00997","0.980"
"2.9e-263","724.0",1,"ODDLKH_03722","0.841"
"2.9e-289","826.0",1,"LNHIMF_00318","1.048"
"2.9e-305","827.0",1,"GEGEGB_04435","1.0"
"2.9e-307","842.0",1,"GEGEGB_00854","1.0"
"2.9e-312","855.0",1,"IKCLMC_01574","0.996"
"2.9e-34","117.0",1,"PKJKAM_00935","0.859"
"2.9e-45","147.0",1,"ONMMKP_03797","0.971"
"2.9e-49","160.0",1,"BEJGEH_01796","0.985"
"2.9e-56","180.0",1,"BEJGEH_01645","0.890"
"2.9e-63","192.0",1,"ONMMKP_01199","0.943"
"2.9e-68","201.0",1,"GEGEGB_01357","1.0"
"2.9e-72","219.0",1,"ODDLKH_00336","0.987"
"2.9e-92","277.0",1,"LNHIMF_02746","0.984"
"2.9e-93","280.0",1,"IKCLMC_03823","0.984"
"2.9e-95","281.0",1,"HFCAGB_04802","0.860"
"3.0e-101","300.0",1,"HFCAGB_00685","0.980"
"3.0e-109","312.0",1,"ONMMKP_01863","1.0"
"3.0e-11","56.2",1,"IKCLMC_02934","0.976"
"3.0e-112","333.0",1,"HFCAGB_02974","0.948"
"3.0e-113","329.0",1,"ODDLKH_02398","0.802"
"3.0e-115","335.0",1,"HFCAGB_03551","0.893"
"3.0e-116","347.0",1,"ONMMKP_03240","0.942"
"3.0e-118","343.0",1,"LNHIMF_00775","0.908"
"3.0e-125","358.0",1,"BEJGEH_01438","0.981"
"3.0e-128","364.0",1,"ODDLKH_00994","1.0"
"3.0e-138","402.0",1,"GEGEGB_04009","1.098"
"3.0e-140","401.0",1,"HFCAGB_00175","0.989"
"3.0e-144","409.0",1,"BEJGEH_03045","1.0"
"3.0e-148","429.0",1,"ODDLKH_00314","0.997"
"3.0e-15","68.6",1,"GEGEGB_01704","0.944"
"3.0e-160","456.0",1,"ONMMKP_04749","0.994"
"3.0e-162","465.0",1,"ODDLKH_02010","0.984"
"3.0e-179","508.0",1,"PKJKAM_02963","0.992"
"3.0e-180","504.0",1,"GEGEGB_02048","0.886"
"3.0e-182","498.0",1,"LNHIMF_00028","1.0"
"3.0e-184","523.0",1,"ODDLKH_01377","1.176"
"3.0e-186","533.0",1,"GEGEGB_00545","0.981"
"3.0e-193","535.0",1,"ODDLKH_01805","0.933"
"3.0e-199","555.0",1,"IKCLMC_02474","1.0"
"3.0e-203","565.0",1,"HFCAGB_03737","1.013"
"3.0e-206","573.0",1,"BEJGEH_03640","0.997"
"3.0e-210","585.0",1,"GEGEGB_02358","0.979"
"3.0e-213","588.0",1,"BEJGEH_02608","1.039"
"3.0e-230","645.0",1,"LNHIMF_02492","1.008"
"3.0e-241","667.0",1,"ONMMKP_01989","1.015"
"3.0e-250","705.0",1,"ODDLKH_01470","1.002"
"3.0e-262","727.0",1,"IKCLMC_03193","1.0"
"3.0e-265","734.0",1,"IKCLMC_02190","0.993"
"3.0e-268","726.0",1,"ONMMKP_03274","1.0"
"3.0e-272","746.0",1,"BEJGEH_02328","0.809"
"3.0e-276","758.0",1,"IKCLMC_01034","1.0"
"3.0e-278","770.0",1,"GEGEGB_01612","0.982"
"3.0e-283","792.0",1,"LNHIMF_03997","0.990"
"3.0e-289","782.0",1,"ODDLKH_00108","1.0"
"3.0e-29","105.0",1,"HFCAGB_01437","1.0"
"3.0e-292","800.0",1,"ONMMKP_01291","1.0"
"3.0e-302","820.0",1,"BEJGEH_01766","0.998"
"3.0e-304","820.0",1,"AJBGEP_01584","1.0"
"3.0e-31","108.0",1,"BEJGEH_01069","1.0"
"3.0e-315","869.0",1,"GEGEGB_01019","1.0"
"3.0e-34","116.0",1,"GEGEGB_00459","0.962"
"3.0e-35","124.0",1,"AJBGEP_03399","0.985"
"3.0e-52","167.0",1,"HFCAGB_03318","0.957"
"3.0e-55","175.0",1,"GEGEGB_04848","0.986"
"3.0e-61","194.0",1,"GEGEGB_01594","1.039"
"3.0e-66","205.0",1,"LNHIMF_02754","0.977"
"3.0e-67","204.0",1,"HFCAGB_00177","0.898"
"3.0e-81","247.0",1,"LNHIMF_03235","1.013"
"3.0e-90","271.0",1,"BEJGEH_00406","1.026"
"3.0e-93","280.0",1,"PKJKAM_04427","1.192"
"3.0e-98","291.0",1,"LNHIMF_04153","1.0"
"3.1e-111","326.0",1,"GEGEGB_04443","1.004"
"3.1e-120","352.0",1,"IKCLMC_04722","1.013"
"3.1e-130","376.0",1,"GEGEGB_01066","0.997"
"3.1e-131","383.0",1,"LNHIMF_00895","0.928"
"3.1e-134","381.0",1,"BEJGEH_01128","0.991"
"3.1e-135","391.0",1,"GEGEGB_04736","0.961"
"3.1e-146","411.0",1,"LNHIMF_01119","1.0"
"3.1e-149","435.0",1,"IKCLMC_04643","0.990"
"3.1e-161","456.0",1,"LNHIMF_03602","1.180"
"3.1e-166","472.0",1,"HFCAGB_03062","0.991"
"3.1e-179","500.0",1,"GEGEGB_02133","0.970"
"3.1e-184","523.0",1,"HFCAGB_02078","1.003"
"3.1e-194","553.0",1,"IKCLMC_04693","0.983"
"3.1e-197","547.0",1,"AJBGEP_00690","1.013"
"3.1e-20","81.3",1,"AJBGEP_01861","0.947"
"3.1e-208","585.0",1,"HFCAGB_04165","1.048"
"3.1e-215","595.0",1,"IKCLMC_01809","0.997"
"3.1e-217","609.0",1,"LNHIMF_01050","0.977"
"3.1e-218","606.0",1,"PKJKAM_01058","1.0"
"3.1e-222","644.0",1,"GEGEGB_02900","1.026"
"3.1e-225","628.0",1,"GEGEGB_00433","0.997"
"3.1e-228","639.0",1,"GEGEGB_04069","0.989"
"3.1e-229","634.0",1,"ODDLKH_03530","0.995"
"3.1e-233","650.0",1,"LNHIMF_04578","0.955"
"3.1e-240","677.0",1,"ODDLKH_04185","0.996"
"3.1e-244","662.0",1,"HFCAGB_01862","1.0"
"3.1e-248","704.0",1,"IKCLMC_02692","1.081"
"3.1e-263","716.0",1,"GEGEGB_00485","1.0"
"3.1e-280","775.0",1,"IKCLMC_04537","0.982"
"3.1e-302","838.0",1,"IKCLMC_04390","1.002"
"3.1e-303","830.0",1,"BEJGEH_00637","1.0"
"3.1e-306","825.0",1,"GEGEGB_01498","1.0"
"3.1e-62","192.0",1,"HFCAGB_01864","0.979"
"3.1e-69","214.0",1,"IKCLMC_04539","1.059"
"3.1e-79","238.0",1,"HFCAGB_03347","0.989"
"3.1e-81","247.0",1,"BEJGEH_04310","1.062"
"3.1e-84","255.0",1,"IKCLMC_04692","0.987"
"3.1e-92","268.0",1,"LNHIMF_00143","0.985"
"3.1e-93","264.0",1,"HFCAGB_02157","1.0"
"3.2e-105","305.0",1,"BEJGEH_03336","1.0"
"3.2e-11","57.4",1,"GEGEGB_01305","1.032"
"3.2e-112","314.0",1,"BEJGEH_01687","1.0"
"3.2e-116","340.0",1,"IKCLMC_01997","1.0"
"3.2e-117","340.0",1,"LNHIMF_03369","0.893"
"3.2e-123","361.0",1,"AJBGEP_02993","0.997"
"3.2e-124","357.0",1,"IKCLMC_02734","0.987"
"3.2e-129","374.0",1,"HFCAGB_03261","1.0"
"3.2e-133","394.0",1,"ONMMKP_01903","0.985"
"3.2e-140","396.0",1,"LNHIMF_04100","1.238"
"3.2e-141","409.0",1,"BEJGEH_00502","0.966"
"3.2e-150","422.0",1,"ONMMKP_00152","1.170"
"3.2e-159","446.0",1,"BEJGEH_02033","1.057"
"3.2e-164","473.0",1,"IKCLMC_03445","1.243"
"3.2e-168","484.0",1,"ODDLKH_00881","0.995"
"3.2e-170","479.0",1,"HFCAGB_00134","1.279"
"3.2e-171","494.0",1,"PKJKAM_01767","0.961"
"3.2e-189","529.0",1,"PKJKAM_02735","0.825"
"3.2e-193","536.0",1,"HFCAGB_01743","0.997"
"3.2e-199","565.0",1,"GEGEGB_00047","0.989"
"3.2e-205","585.0",1,"GEGEGB_02634","1.002"
"3.2e-206","585.0",1,"GEGEGB_00542","0.968"
"3.2e-208","586.0",1,"GEGEGB_03915","0.982"
"3.2e-209","586.0",1,"ONMMKP_02857","1.184"
"3.2e-227","628.0",1,"GEGEGB_03344","0.983"
"3.2e-236","652.0",1,"IKCLMC_02395","1.0"
"3.2e-241","662.0",1,"PKJKAM_03525","1.017"
"3.2e-245","702.0",1,"BEJGEH_00020","1.080"
"3.2e-246","706.0",1,"GEGEGB_00484","0.985"
"3.2e-257","709.0",1,"HFCAGB_02907","1.075"
"3.2e-271","741.0",1,"AJBGEP_03900","0.992"
"3.2e-278","754.0",1,"AJBGEP_03988","1.0"
"3.2e-280","780.0",1,"BEJGEH_01269","0.977"
"3.2e-286","789.0",1,"LNHIMF_02079","0.996"
"3.2e-300","851.0",1,"PKJKAM_01211","1.001"
"3.2e-302","824.0",1,"GEGEGB_04374","1.030"
"3.2e-303","837.0",1,"BEJGEH_00121","1.0"
"3.2e-312","852.0",1,"ODDLKH_01158","0.803"
"3.2e-34","120.0",1,"PKJKAM_03782","0.935"
"3.2e-41","136.0",1,"BEJGEH_03988","1.019"
"3.2e-48","154.0",1,"IKCLMC_04714","0.892"
"3.2e-57","178.0",1,"GEGEGB_01808","1.0"
"3.2e-58","182.0",1,"GEGEGB_01081","1.0"
"3.2e-61","191.0",1,"ONMMKP_03676","0.988"
"3.2e-76","234.0",1,"GEGEGB_01087","1.019"
"3.2e-79","242.0",1,"HFCAGB_01767","0.969"
"3.2e-80","241.0",1,"ODDLKH_00653","0.989"
"3.2e-82","252.0",1,"ONMMKP_01374","0.992"
"3.2e-84","249.0",1,"LNHIMF_02877","0.936"
"3.2e-86","252.0",1,"BEJGEH_01475","1.0"
"3.2e-87","259.0",1,"GEGEGB_01600","0.989"
"3.2e-90","273.0",1,"HFCAGB_00361","1.016"
"3.3e-107","309.0",1,"LNHIMF_00250","0.983"
"3.3e-112","324.0",1,"IKCLMC_01955","1.0"
"3.3e-117","333.0",1,"ODDLKH_01191","1.0"
"3.3e-136","394.0",1,"ONMMKP_03557","1.229"
"3.3e-142","401.0",1,"LNHIMF_02320","0.972"
"3.3e-144","407.0",1,"PKJKAM_02311","0.986"
"3.3e-145","417.0",1,"PKJKAM_00412","1.068"
"3.3e-147","416.0",1,"GEGEGB_03163","1.0"
"3.3e-149","426.0",1,"IKCLMC_03704","0.993"
"3.3e-162","446.0",1,"BEJGEH_04687","1.0"
"3.3e-187","534.0",1,"LNHIMF_03049","0.962"
"3.3e-188","526.0",1,"GEGEGB_00711","0.839"
"3.3e-190","529.0",1,"GEGEGB_03518","0.997"
"3.3e-194","550.0",1,"IKCLMC_01339","0.998"
"3.3e-196","546.0",1,"IKCLMC_03122","1.102"
"3.3e-198","564.0",1,"ONMMKP_00211","0.991"
"3.3e-210","594.0",1,"GEGEGB_03433","1.110"
"3.3e-211","590.0",1,"GEGEGB_03635","1.0"
"3.3e-213","600.0",1,"BEJGEH_01855","1.135"
"3.3e-233","643.0",1,"ONMMKP_02773","0.983"
"3.3e-239","650.0",1,"HFCAGB_00576","1.0"
"3.3e-243","683.0",1,"HFCAGB_04535","0.994"
"3.3e-246","667.0",1,"AJBGEP_01498","1.0"
"3.3e-262","731.0",1,"BEJGEH_04398","0.982"
"3.3e-270","741.0",1,"IKCLMC_00107","0.882"
"3.3e-282","780.0",1,"PKJKAM_01061","0.994"
"3.3e-287","790.0",1,"BEJGEH_03927","0.932"
"3.3e-288","812.0",1,"HFCAGB_03846","1.128"
"3.3e-300","822.0",1,"HFCAGB_03810","1.0"
"3.3e-302","827.0",1,"GEGEGB_02141","1.200"
"3.3e-304","829.0",1,"LNHIMF_04259","1.030"
"3.3e-305","840.0",1,"ODDLKH_03256","1.034"
"3.3e-307","829.0",1,"HFCAGB_02662","0.998"
"3.3e-46","146.0",1,"BEJGEH_01779","1.0"
"3.3e-59","182.0",1,"PKJKAM_02120","0.991"
"3.3e-76","231.0",1,"PKJKAM_02365","1.0"
"3.3e-78","236.0",1,"ODDLKH_03075","0.971"
"3.3e-79","239.0",1,"IKCLMC_00667","0.970"
"3.3e-82","249.0",1,"HFCAGB_01824","0.962"
"3.3e-86","256.0",1,"ONMMKP_02092","1.040"
"3.3e-89","268.0",1,"GEGEGB_02478","1.0"
"3.4e-100","284.0",1,"BEJGEH_02063","1.0"
"3.4e-106","298.0",1,"LNHIMF_02132","1.0"
"3.4e-108","317.0",1,"HFCAGB_01758","0.886"
"3.4e-110","318.0",1,"IKCLMC_03467","1.0"
"3.4e-114","319.0",1,"AJBGEP_01479","1.0"
"3.4e-119","333.0",1,"PKJKAM_03180","1.0"
"3.4e-120","349.0",1,"BEJGEH_01652","1.007"
"3.4e-121","350.0",1,"LNHIMF_00107","0.996"
"3.4e-128","367.0",1,"GEGEGB_01776","0.922"
"3.4e-135","387.0",1,"GEGEGB_02110","1.202"
"3.4e-141","413.0",1,"IKCLMC_03050","0.988"
"3.4e-148","419.0",1,"LNHIMF_00749","0.992"
"3.4e-149","413.0",1,"GEGEGB_02930","1.0"
"3.4e-166","457.0",1,"LNHIMF_00559","1.0"
"3.4e-191","530.0",1,"GEGEGB_00113","1.0"
"3.4e-193","544.0",1,"AJBGEP_00612","0.987"
"3.4e-202","575.0",1,"HFCAGB_02266","0.986"
"3.4e-203","555.0",1,"BEJGEH_03358","1.0"
"3.4e-204","576.0",1,"PKJKAM_04041","0.993"
"3.4e-205","574.0",1,"HFCAGB_04055","0.833"
"3.4e-206","579.0",1,"HFCAGB_02459","1.155"
"3.4e-216","590.0",1,"HFCAGB_00743","1.0"
"3.4e-226","627.0",1,"HFCAGB_03325","0.995"
"3.4e-232","641.0",1,"BEJGEH_01464","1.0"
"3.4e-238","665.0",1,"ODDLKH_02213","1.150"
"3.4e-243","672.0",1,"LNHIMF_02242","1.059"
"3.4e-246","684.0",1,"LNHIMF_01910","0.993"
"3.4e-249","702.0",1,"LNHIMF_01099","1.002"
"3.4e-250","689.0",1,"PKJKAM_00915","0.824"
"3.4e-259","717.0",1,"LNHIMF_03557","0.952"
"3.4e-26","99.8",1,"LNHIMF_01143","0.908"
"3.4e-260","709.0",1,"GEGEGB_02924","1.0"
"3.4e-264","726.0",1,"IKCLMC_02386","0.808"
"3.4e-282","770.0",1,"HFCAGB_03781","0.990"
"3.4e-285","773.0",1,"HFCAGB_02677","1.0"
"3.4e-293","836.0",1,"HFCAGB_00319","1.044"
"3.4e-296","812.0",1,"PKJKAM_03798","1.0"
"3.4e-302","850.0",1,"LNHIMF_03218","0.979"
"3.4e-310","870.0",1,"GEGEGB_00858","1.0"
"3.4e-317","868.0",1,"GEGEGB_03719","0.994"
"3.4e-47","149.0",1,"BEJGEH_01473","1.0"
"3.4e-71","217.0",1,"BEJGEH_04424","0.987"
"3.4e-75","227.0",1,"GEGEGB_04839","1.0"
"3.4e-76","227.0",1,"IKCLMC_02496","1.0"
"3.5e-102","289.0",1,"IKCLMC_01956","1.0"
"3.5e-109","313.0",1,"BEJGEH_03031","0.970"
"3.5e-120","349.0",1,"GEGEGB_03724","1.110"
"3.5e-123","360.0",1,"HFCAGB_03978","1.003"
"3.5e-137","399.0",1,"PKJKAM_03630","1.098"
"3.5e-148","422.0",1,"HFCAGB_02736","1.0"
"3.5e-149","435.0",1,"ONMMKP_02933","1.035"
"3.5e-156","447.0",1,"LNHIMF_04176","0.991"
"3.5e-168","477.0",1,"LNHIMF_00340","0.828"
"3.5e-181","496.0",1,"AJBGEP_00356","1.0"
"3.5e-182","498.0",1,"ONMMKP_04236","1.0"
"3.5e-185","515.0",1,"GEGEGB_00428","1.008"
"3.5e-187","525.0",1,"BEJGEH_01605","1.0"
"3.5e-192","533.0",1,"PKJKAM_00887","0.944"
"3.5e-197","562.0",1,"HFCAGB_00157","1.033"
"3.5e-198","551.0",1,"LNHIMF_00078","1.102"
"3.5e-208","574.0",1,"LNHIMF_01732","1.0"
"3.5e-239","676.0",1,"PKJKAM_03657","1.044"
"3.5e-24","90.5",1,"IKCLMC_04142","0.814"
"3.5e-249","684.0",1,"GEGEGB_00390","1.0"
"3.5e-259","715.0",1,"PKJKAM_02575","0.998"
"3.5e-267","732.0",1,"GEGEGB_01595","1.0"
"3.5e-268","755.0",1,"GEGEGB_03802","0.992"
"3.5e-275","757.0",1,"AJBGEP_01231","1.096"
"3.5e-288","795.0",1,"HFCAGB_00103","0.810"
"3.5e-308","855.0",1,"ODDLKH_03728","0.949"
"3.5e-311","842.0",1,"HFCAGB_02310","1.0"
"3.5e-45","144.0",1,"GEGEGB_01855","1.012"
"3.5e-46","149.0",1,"GEGEGB_03047","0.981"
"3.5e-67","207.0",1,"GEGEGB_01293","1.006"
"3.5e-69","210.0",1,"HFCAGB_02160","0.939"
"3.5e-70","215.0",1,"BEJGEH_03852","1.0"
"3.5e-71","213.0",1,"LNHIMF_01294","0.982"
"3.5e-73","221.0",1,"LNHIMF_04534","0.987"
"3.5e-83","248.0",1,"IKCLMC_00236","1.198"
"3.5e-84","249.0",1,"BEJGEH_01232","1.0"
"3.5e-88","265.0",1,"ONMMKP_03755","0.889"
"3.5e-96","282.0",1,"GEGEGB_04880","0.941"
"3.6e-106","316.0",1,"IKCLMC_01650","0.996"
"3.6e-107","309.0",1,"HFCAGB_01144","1.212"
"3.6e-109","316.0",1,"GEGEGB_01905","0.913"
"3.6e-115","340.0",1,"GEGEGB_02360","0.954"
"3.6e-12","58.2",1,"LNHIMF_02532","0.973"
"3.6e-122","353.0",1,"IKCLMC_04453","0.946"
"3.6e-124","352.0",1,"ONMMKP_03818","1.0"
"3.6e-125","349.0",1,"GEGEGB_01186","1.0"
"3.6e-135","385.0",1,"GEGEGB_04109","0.968"
"3.6e-136","377.0",1,"HFCAGB_01107","1.0"
"3.6e-139","399.0",1,"AJBGEP_03901","0.974"
"3.6e-143","418.0",1,"BEJGEH_00154","0.988"
"3.6e-145","410.0",1,"GEGEGB_03736","1.0"
"3.6e-154","431.0",1,"ONMMKP_02729","0.996"
"3.6e-155","442.0",1,"ONMMKP_04079","0.972"
"3.6e-159","459.0",1,"GEGEGB_03981","1.020"
"3.6e-161","452.0",1,"BEJGEH_04216","1.0"
"3.6e-168","462.0",1,"BEJGEH_03573","1.0"
"3.6e-172","484.0",1,"PKJKAM_04490","0.994"
"3.6e-175","488.0",1,"HFCAGB_04651","1.089"
"3.6e-176","490.0",1,"IKCLMC_04875","0.803"
"3.6e-182","511.0",1,"ONMMKP_02506","1.104"
"3.6e-186","526.0",1,"IKCLMC_03894","1.068"
"3.6e-187","537.0",1,"HFCAGB_04571","0.994"
"3.6e-196","551.0",1,"HFCAGB_04575","1.009"
"3.6e-199","545.0",1,"GEGEGB_04672","1.0"
"3.6e-202","553.0",1,"GEGEGB_00866","0.960"
"3.6e-223","619.0",1,"ODDLKH_03248","0.992"
"3.6e-228","632.0",1,"AJBGEP_03268","0.995"
"3.6e-254","691.0",1,"LNHIMF_03601","1.0"
"3.6e-256","705.0",1,"LNHIMF_03207","1.0"
"3.6e-258","717.0",1,"HFCAGB_00970","0.998"
"3.6e-259","708.0",1,"GEGEGB_01528","0.994"
"3.6e-264","726.0",1,"HFCAGB_03513","0.841"
"3.6e-268","733.0",1,"BEJGEH_03753","0.992"
"3.6e-276","762.0",1,"GEGEGB_00562","0.978"
"3.6e-281","772.0",1,"IKCLMC_02905","0.998"
"3.6e-299","810.0",1,"GEGEGB_04390","1.009"
"3.6e-304","832.0",1,"GEGEGB_04161","1.0"
"3.6e-308","852.0",1,"HFCAGB_04503","0.974"
"3.6e-309","858.0",1,"ONMMKP_02621","0.990"
"3.6e-312","875.0",1,"ONMMKP_04767","1.0"
"3.6e-38","127.0",1,"GEGEGB_04328","1.0"
"3.6e-75","226.0",1,"ONMMKP_02336","1.0"
"3.6e-86","259.0",1,"GEGEGB_04623","0.939"
"3.6e-90","262.0",1,"IKCLMC_02893","1.075"
"3.6e-93","279.0",1,"AJBGEP_03176","0.974"
"3.7e-100","291.0",1,"GEGEGB_01255","0.988"
"3.7e-106","306.0",1,"HFCAGB_00444","0.942"
"3.7e-110","317.0",1,"BEJGEH_03109","1.005"
"3.7e-111","325.0",1,"GEGEGB_04687","0.986"
"3.7e-118","332.0",1,"HFCAGB_00571","1.0"
"3.7e-123","355.0",1,"PKJKAM_01293","1.0"
"3.7e-125","357.0",1,"GEGEGB_04800","0.809"
"3.7e-143","404.0",1,"LNHIMF_01741","0.860"
"3.7e-146","424.0",1,"ONMMKP_00354","1.0"
"3.7e-147","417.0",1,"HFCAGB_01965","0.972"
"3.7e-149","419.0",1,"GEGEGB_01063","1.170"
"3.7e-155","434.0",1,"HFCAGB_04106","1.017"
"3.7e-159","461.0",1,"IKCLMC_02108","0.947"
"3.7e-161","457.0",1,"AJBGEP_03298","0.990"
"3.7e-167","484.0",1,"LNHIMF_02323","0.956"
"3.7e-169","487.0",1,"PKJKAM_00845","0.974"
"3.7e-178","500.0",1,"HFCAGB_03526","1.095"
"3.7e-196","546.0",1,"ONMMKP_03530","1.087"
"3.7e-199","560.0",1,"BEJGEH_00581","0.974"
"3.7e-207","575.0",1,"LNHIMF_03643","0.997"
"3.7e-214","605.0",1,"HFCAGB_00980","1.0"
"3.7e-216","598.0",1,"HFCAGB_02439","0.997"
"3.7e-222","627.0",1,"GEGEGB_03931","0.986"
"3.7e-226","630.0",1,"IKCLMC_01315","0.997"
"3.7e-231","641.0",1,"BEJGEH_02395","0.857"
"3.7e-240","665.0",1,"PKJKAM_04029","1.086"
"3.7e-242","669.0",1,"HFCAGB_00189","1.015"
"3.7e-243","668.0",1,"GEGEGB_04620","0.994"
"3.7e-252","693.0",1,"BEJGEH_00523","1.008"
"3.7e-255","701.0",1,"ODDLKH_03485","0.806"
"3.7e-261","736.0",1,"BEJGEH_04027","1.003"
"3.7e-267","724.0",1,"GEGEGB_01175","1.0"
"3.7e-275","769.0",1,"PKJKAM_02959","0.967"
"3.7e-289","782.0",1,"GEGEGB_00338","1.0"
"3.7e-293","803.0",1,"GEGEGB_03932","1.0"
"3.7e-297","827.0",1,"AJBGEP_04522","1.231"
"3.7e-303","830.0",1,"ONMMKP_02852","0.996"
"3.7e-311","848.0",1,"PKJKAM_04039","1.0"
"3.7e-39","129.0",1,"LNHIMF_02953","0.962"
"3.7e-51","164.0",1,"ONMMKP_04061","0.993"
"3.7e-54","167.0",1,"PKJKAM_03879","1.0"
"3.7e-72","219.0",1,"IKCLMC_03348","0.981"
"3.7e-85","253.0",1,"GEGEGB_02575","0.983"
"3.7e-87","256.0",1,"BEJGEH_03435","0.943"
"3.7e-93","270.0",1,"ONMMKP_02036","0.985"
"3.7e-96","279.0",1,"AJBGEP_00018","0.993"
"3.7e-97","283.0",1,"GEGEGB_02486","1.0"
"3.7e-98","284.0",1,"ONMMKP_03645","1.0"
"3.8e-108","315.0",1,"IKCLMC_01627","1.049"
"3.8e-110","325.0",1,"BEJGEH_00440","0.996"
"3.8e-121","347.0",1,"HFCAGB_00946","1.0"
"3.8e-133","378.0",1,"GEGEGB_01271","1.0"
"3.8e-143","409.0",1,"ONMMKP_03569","1.0"
"3.8e-149","430.0",1,"GEGEGB_01860","0.991"
"3.8e-155","446.0",1,"GEGEGB_03212","0.920"
"3.8e-170","477.0",1,"GEGEGB_02258","0.996"
"3.8e-175","488.0",1,"GEGEGB_04209","1.0"
"3.8e-181","503.0",1,"HFCAGB_01172","0.996"
"3.8e-191","534.0",1,"BEJGEH_02118","0.862"
"3.8e-193","548.0",1,"LNHIMF_03764","0.993"
"3.8e-197","561.0",1,"GEGEGB_03009","1.150"
"3.8e-203","577.0",1,"ONMMKP_03878","1.015"
"3.8e-209","599.0",1,"AJBGEP_01552","0.945"
"3.8e-216","589.0",1,"ONMMKP_03873","1.0"
"3.8e-218","600.0",1,"ODDLKH_00378","0.983"
"3.8e-219","607.0",1,"LNHIMF_02681","1.063"
"3.8e-225","649.0",1,"ONMMKP_00441","1.067"
"3.8e-230","626.0",1,"HFCAGB_04311","1.0"
"3.8e-237","650.0",1,"ONMMKP_02153","1.024"
"3.8e-238","647.0",1,"IKCLMC_02305","1.0"
"3.8e-241","679.0",1,"HFCAGB_03982","0.996"
"3.8e-248","693.0",1,"BEJGEH_01215","0.949"
"3.8e-249","682.0",1,"HFCAGB_04069","1.017"
"3.8e-258","701.0",1,"GEGEGB_00872","1.0"
"3.8e-281","778.0",1,"GEGEGB_02158","0.994"
"3.8e-291","817.0",1,"GEGEGB_04357","1.010"
"3.8e-299","820.0",1,"BEJGEH_03606","1.0"
"3.8e-306","826.0",1,"GEGEGB_00501","0.998"
"3.8e-309","845.0",1,"HFCAGB_03442","0.985"
"3.8e-33","119.0",1,"GEGEGB_02955","0.957"
"3.8e-58","179.0",1,"GEGEGB_03404","1.0"
"3.8e-63","194.0",1,"LNHIMF_01464","0.979"
"3.8e-64","197.0",1,"GEGEGB_03011","0.966"
"3.8e-79","241.0",1,"HFCAGB_01555","0.995"
"3.8e-80","238.0",1,"ONMMKP_04670","1.0"
"3.9e-102","295.0",1,"BEJGEH_00808","1.0"
"3.9e-105","301.0",1,"LNHIMF_01858","1.0"
"3.9e-117","342.0",1,"PKJKAM_03489","1.0"
"3.9e-122","353.0",1,"PKJKAM_03485","0.996"
"3.9e-126","379.0",1,"LNHIMF_03738","1.108"
"3.9e-130","369.0",1,"PKJKAM_04376","1.096"
"3.9e-136","386.0",1,"LNHIMF_03282","1.0"
"3.9e-142","406.0",1,"GEGEGB_00194","0.992"
"3.9e-145","416.0",1,"AJBGEP_00783","0.974"
"3.9e-156","446.0",1,"ONMMKP_00456","1.003"
"3.9e-166","457.0",1,"BEJGEH_01743","1.0"
"3.9e-173","482.0",1,"HFCAGB_02567","1.079"
"3.9e-175","503.0",1,"GEGEGB_00846","1.051"
"3.9e-178","509.0",1,"BEJGEH_00613","0.983"
"3.9e-187","530.0",1,"IKCLMC_01197","1.0"
"3.9e-190","528.0",1,"IKCLMC_04250","0.857"
"3.9e-195","560.0",1,"ODDLKH_03563","0.998"
"3.9e-198","553.0",1,"PKJKAM_04561","0.988"
"3.9e-200","558.0",1,"PKJKAM_03928","1.0"
"3.9e-213","588.0",1,"ONMMKP_00820","1.0"
"3.9e-215","610.0",1,"GEGEGB_00323","1.062"
"3.9e-224","622.0",1,"IKCLMC_02825","1.003"
"3.9e-232","638.0",1,"IKCLMC_03740","1.048"
"3.9e-241","668.0",1,"GEGEGB_02612","1.005"
"3.9e-243","675.0",1,"IKCLMC_03505","0.976"
"3.9e-245","678.0",1,"HFCAGB_03285","1.007"
"3.9e-252","686.0",1,"GEGEGB_02937","1.0"
"3.9e-253","686.0",1,"IKCLMC_03223","1.0"
"3.9e-256","709.0",1,"IKCLMC_01043","0.889"
"3.9e-264","724.0",1,"ONMMKP_00439","1.0"
"3.9e-273","746.0",1,"ODDLKH_00284","1.018"
"3.9e-279","790.0",1,"ONMMKP_00450","1.015"
"3.9e-281","788.0",1,"ODDLKH_01515","1.072"
"3.9e-291","812.0",1,"HFCAGB_02482","0.978"
"3.9e-303","823.0",1,"HFCAGB_02004","1.0"
"3.9e-307","839.0",1,"BEJGEH_04052","0.972"
"3.9e-310","852.0",1,"PKJKAM_04188","1.0"
"3.9e-317","887.0",1,"GEGEGB_00515","1.018"
"3.9e-36","124.0",1,"ODDLKH_04224","0.963"
"3.9e-63","194.0",1,"AJBGEP_02062","0.936"
"3.9e-71","222.0",1,"ODDLKH_01204","0.954"
"3.9e-75","231.0",1,"GEGEGB_03442","0.950"
"3.9e-78","241.0",1,"GEGEGB_03721","1.020"
"3.9e-79","243.0",1,"PKJKAM_04158","0.961"
"3.9e-90","262.0",1,"ONMMKP_03802","0.942"
"3.9e-93","276.0",1,"GEGEGB_01606","1.062"
"4-hydroxyphenylacetate 3-monooxygenase, oxygenase component",NA,1,"GEGEGB_01921","SO:0001217, UniRef:UniRef50_A0A658XWF5"
"4.0e-100","289.0",1,"LNHIMF_03535","1.038"
"4.0e-112","325.0",1,"LNHIMF_00480","1.0"
"4.0e-114","329.0",1,"LNHIMF_01487","0.995"
"4.0e-120","348.0",1,"LNHIMF_00238","1.0"
"4.0e-122","348.0",1,"GEGEGB_03989","1.0"
"4.0e-13","61.6",1,"ONMMKP_01674","0.945"
"4.0e-144","409.0",1,"HFCAGB_03039","1.0"
"4.0e-147","405.0",1,"AJBGEP_00652","1.0"
"4.0e-148","432.0",1,"LNHIMF_03888","1.035"
"4.0e-160","447.0",1,"IKCLMC_00656","1.0"
"4.0e-167","474.0",1,"PKJKAM_03421","0.828"
"4.0e-171","485.0",1,"GEGEGB_00707","1.0"
"4.0e-182","514.0",1,"IKCLMC_04372","1.0"
"4.0e-193","540.0",1,"ONMMKP_00919","0.991"
"4.0e-194","543.0",1,"LNHIMF_01942","1.0"
"4.0e-195","544.0",1,"GEGEGB_03444","0.994"
"4.0e-201","560.0",1,"LNHIMF_01423","1.048"
"4.0e-208","576.0",1,"HFCAGB_00062","0.904"
"4.0e-231","644.0",1,"HFCAGB_00673","0.983"
"4.0e-232","653.0",1,"BEJGEH_00477","1.0"
"4.0e-242","670.0",1,"HFCAGB_02361","1.059"
"4.0e-243","660.0",1,"LNHIMF_03751","1.0"
"4.0e-244","663.0",1,"PKJKAM_00166","1.0"
"4.0e-248","689.0",1,"AJBGEP_01920","0.971"
"4.0e-249","696.0",1,"GEGEGB_03467","0.971"
"4.0e-258","707.0",1,"GEGEGB_04094","0.989"
"4.0e-267","731.0",1,"ONMMKP_02736","1.0"
"4.0e-284","770.0",1,"IKCLMC_01581","1.0"
"4.0e-291","798.0",1,"PKJKAM_00849","0.996"
"4.0e-292","804.0",1,"HFCAGB_00858","0.992"
"4.0e-315","885.0",1,"GEGEGB_03978","0.942"
"4.0e-36","123.0",1,"GEGEGB_01708","0.922"
"4.0e-48","154.0",1,"HFCAGB_03704","0.981"
"4.0e-65","201.0",1,"GEGEGB_02870","0.982"
"4.0e-70","211.0",1,"GEGEGB_04655","0.858"
"4.0e-82","249.0",1,"LNHIMF_04511","0.967"
"4.0e-96","290.0",1,"GEGEGB_04872","0.910"
"4.1e-103","302.0",1,"IKCLMC_03052","0.990"
"4.1e-105","313.0",1,"GEGEGB_00563","0.996"
"4.1e-114","337.0",1,"AJBGEP_02276","0.947"
"4.1e-118","338.0",1,"BEJGEH_03517","1.0"
"4.1e-119","347.0",1,"GEGEGB_04275","1.033"
"4.1e-128","366.0",1,"IKCLMC_04308","1.075"
"4.1e-129","381.0",1,"HFCAGB_01505","0.995"
"4.1e-136","404.0",1,"IKCLMC_04567","1.088"
"4.1e-142","415.0",1,"HFCAGB_00149","0.988"
"4.1e-147","407.0",1,"HFCAGB_02062","1.0"
"4.1e-160","462.0",1,"GEGEGB_00044","0.982"
"4.1e-172","484.0",1,"LNHIMF_01640","1.091"
"4.1e-181","503.0",1,"LNHIMF_03521","0.996"
"4.1e-196","557.0",1,"PKJKAM_01260","1.002"
"4.1e-20","80.1",1,"ONMMKP_01920","1.0"
"4.1e-208","575.0",1,"AJBGEP_01460","1.013"
"4.1e-234","644.0",1,"HFCAGB_04295","1.0"
"4.1e-240","651.0",1,"LNHIMF_01466","1.0"
"4.1e-244","676.0",1,"PKJKAM_03351","0.995"
"4.1e-258","714.0",1,"ODDLKH_00098","0.889"
"4.1e-265","723.0",1,"HFCAGB_01742","0.994"
"4.1e-270","739.0",1,"BEJGEH_02598","0.952"
"4.1e-275","760.0",1,"ONMMKP_02051","0.993"
"4.1e-285","784.0",1,"GEGEGB_01781","1.110"
"4.1e-298","821.0",1,"PKJKAM_01601","1.0"
"4.1e-299","808.0",1,"LNHIMF_02248","1.0"
"4.1e-305","828.0",1,"LNHIMF_01334","1.0"
"4.1e-308","841.0",1,"GEGEGB_00813","1.0"
"4.1e-315","859.0",1,"HFCAGB_02918","1.030"
"4.1e-66","200.0",1,"PKJKAM_04428","0.820"
"4.1e-68","209.0",1,"LNHIMF_01275","1.0"
"4.1e-69","201.0",1,"LNHIMF_01178","1.0"
"4.1e-72","224.0",1,"HFCAGB_04411","0.953"
"4.1e-81","249.0",1,"BEJGEH_02886","1.0"
"4.1e-82","248.0",1,"LNHIMF_01304","0.974"
"4.1e-84","246.0",1,"LNHIMF_02940","1.016"
"4.2e-106","306.0",1,"GEGEGB_01922","1.212"
"4.2e-110","318.0",1,"PKJKAM_00607","1.185"
"4.2e-112","323.0",1,"IKCLMC_04241","0.970"
"4.2e-115","334.0",1,"ONMMKP_02082","1.0"
"4.2e-119","343.0",1,"HFCAGB_01753","0.891"
"4.2e-126","360.0",1,"ONMMKP_00970","0.944"
"4.2e-130","369.0",1,"BEJGEH_02597","0.846"
"4.2e-133","376.0",1,"GEGEGB_00609","1.0"
"4.2e-137","379.0",1,"GEGEGB_00806","1.0"
"4.2e-138","390.0",1,"LNHIMF_00254","0.817"
"4.2e-154","439.0",1,"IKCLMC_04067","0.972"
"4.2e-157","445.0",1,"ONMMKP_01258","1.0"
"4.2e-160","450.0",1,"ODDLKH_00024","1.0"
"4.2e-162","465.0",1,"BEJGEH_01554","0.984"
"4.2e-167","460.0",1,"BEJGEH_01210","1.0"
"4.2e-173","497.0",1,"PKJKAM_00695","0.991"
"4.2e-174","495.0",1,"IKCLMC_00748","0.979"
"4.2e-178","512.0",1,"LNHIMF_03247","1.0"
"4.2e-179","507.0",1,"LNHIMF_02397","1.011"
"4.2e-181","497.0",1,"HFCAGB_01859","1.0"
"4.2e-195","548.0",1,"PKJKAM_01170","1.009"
"4.2e-199","554.0",1,"ONMMKP_01491","1.0"
"4.2e-200","566.0",1,"ONMMKP_03603","0.978"
"4.2e-203","562.0",1,"AJBGEP_03978","0.819"
"4.2e-216","600.0",1,"IKCLMC_03351","1.0"
"4.2e-221","610.0",1,"PKJKAM_03311","1.0"
"4.2e-227","629.0",1,"IKCLMC_03741","0.995"
"4.2e-233","635.0",1,"PKJKAM_03726","0.991"
"4.2e-239","668.0",1,"PKJKAM_04439","1.150"
"4.2e-247","682.0",1,"AJBGEP_03184","0.978"
"4.2e-248","709.0",1,"LNHIMF_00019","1.080"
"4.2e-250","705.0",1,"BEJGEH_00972","1.002"
"4.2e-254","705.0",1,"LNHIMF_02363","0.807"
"4.2e-255","704.0",1,"GEGEGB_00970","1.0"
"4.2e-277","773.0",1,"BEJGEH_04363","1.006"
"4.2e-294","807.0",1,"IKCLMC_03597","1.214"
"4.2e-295","797.0",1,"ONMMKP_04775","1.0"
"4.2e-302","850.0",1,"ONMMKP_03655","0.979"
"4.2e-45","146.0",1,"LNHIMF_03089","0.971"
"4.2e-51","167.0",1,"HFCAGB_01838","0.896"
"4.2e-53","171.0",1,"HFCAGB_03133","0.969"
"4.2e-58","179.0",1,"GEGEGB_04676","0.990"
"4.2e-62","193.0",1,"ONMMKP_02603","0.972"
"4.2e-70","212.0",1,"HFCAGB_04327","0.979"
"4.2e-72","219.0",1,"IKCLMC_00968","1.0"
"4.2e-78","224.0",1,"BEJGEH_00994","1.0"
"4.2e-79","235.0",1,"GEGEGB_00981","0.948"
"4.2e-85","256.0",1,"ONMMKP_02448","0.939"
"4.2e-90","267.0",1,"LNHIMF_00497","1.0"
"4.2e-91","265.0",1,"IKCLMC_04364","1.0"
"4.2e-96","283.0",1,"PKJKAM_01666","0.995"
"4.3e-111","326.0",1,"ONMMKP_02340","0.984"
"4.3e-115","330.0",1,"IKCLMC_04328","0.995"
"4.3e-118","333.0",1,"ODDLKH_01618","0.995"
"4.3e-119","344.0",1,"LNHIMF_03153","1.013"
"4.3e-123","359.0",1,"ONMMKP_02999","0.961"
"4.3e-132","374.0",1,"GEGEGB_00555","0.963"
"4.3e-138","399.0",1,"GEGEGB_02209","1.085"
"4.3e-141","408.0",1,"HFCAGB_00246","0.994"
"4.3e-146","414.0",1,"GEGEGB_01264","0.960"
"4.3e-149","429.0",1,"ONMMKP_04569","1.003"
"4.3e-151","436.0",1,"HFCAGB_02590","0.982"
"4.3e-155","450.0",1,"IKCLMC_04105","1.0"
"4.3e-165","472.0",1,"HFCAGB_02429","0.974"
"4.3e-168","475.0",1,"LNHIMF_00903","0.890"
"4.3e-170","469.0",1,"ONMMKP_00645","1.0"
"4.3e-172","484.0",1,"AJBGEP_00042","0.990"
"4.3e-173","480.0",1,"HFCAGB_01336","1.0"
"4.3e-178","495.0",1,"HFCAGB_02320","0.980"
"4.3e-179","503.0",1,"ODDLKH_04293","0.984"
"4.3e-194","550.0",1,"GEGEGB_00977","0.973"
"4.3e-195","553.0",1,"BEJGEH_01448","1.0"
"4.3e-199","558.0",1,"PKJKAM_03348","0.995"
"4.3e-215","595.0",1,"AJBGEP_02338","0.997"
"4.3e-226","627.0",1,"BEJGEH_00611","0.987"
"4.3e-248","685.0",1,"GEGEGB_00714","1.0"
"4.3e-252","697.0",1,"GEGEGB_02367","0.983"
"4.3e-259","727.0",1,"GEGEGB_02309","1.103"
"4.3e-264","729.0",1,"GEGEGB_00547","1.0"
"4.3e-269","757.0",1,"AJBGEP_04206","0.992"
"4.3e-272","740.0",1,"LNHIMF_02270","1.0"
"4.3e-280","778.0",1,"ONMMKP_02484","0.974"
"4.3e-283","773.0",1,"GEGEGB_02809","1.0"
"4.3e-289","801.0",1,"AJBGEP_04557","0.840"
"4.3e-301","824.0",1,"PKJKAM_01358","0.998"
"4.3e-304","823.0",1,"BEJGEH_02596","0.998"
"4.3e-34","116.0",1,"IKCLMC_01341","0.962"
"4.3e-40","136.0",1,"GEGEGB_04228","0.932"
"4.3e-58","179.0",1,"ODDLKH_02192","0.981"
"4.3e-60","187.0",1,"LNHIMF_02814","0.958"
"4.3e-64","188.0",1,"AJBGEP_00647","1.0"
"4.3e-70","214.0",1,"GEGEGB_01778","1.0"
"4.3e-76","234.0",1,"PKJKAM_04312","1.023"
"4.3e-80","229.0",1,"GEGEGB_01928","1.0"
"4.3e-82","244.0",1,"GEGEGB_02886","0.936"
"4.3e-86","258.0",1,"IKCLMC_00831","0.990"
"4.3e-96","281.0",1,"GEGEGB_02958","0.995"
"4.4e-103","299.0",1,"LNHIMF_02093","1.116"
"4.4e-117","345.0",1,"GEGEGB_02087","0.986"
"4.4e-118","340.0",1,"GEGEGB_03147","1.0"
"4.4e-120","352.0",1,"BEJGEH_01646","1.013"
"4.4e-122","355.0",1,"HFCAGB_02087","0.971"
"4.4e-143","397.0",1,"HFCAGB_01786","1.0"
"4.4e-145","416.0",1,"BEJGEH_00066","0.977"
"4.4e-150","433.0",1,"HFCAGB_00736","0.981"
"4.4e-151","432.0",1,"IKCLMC_01251","1.057"
"4.4e-155","434.0",1,"PKJKAM_01430","0.996"
"4.4e-157","449.0",1,"BEJGEH_03693","1.0"
"4.4e-158","443.0",1,"GEGEGB_00110","1.0"
"4.4e-159","450.0",1,"GEGEGB_01049","0.826"
"4.4e-163","464.0",1,"BEJGEH_04299","1.0"
"4.4e-165","454.0",1,"IKCLMC_04820","1.004"
"4.4e-169","465.0",1,"IKCLMC_04298","1.0"
"4.4e-177","496.0",1,"GEGEGB_01757","1.040"
"4.4e-178","501.0",1,"IKCLMC_01418","1.0"
"4.4e-185","507.0",1,"HFCAGB_03093","1.0"
"4.4e-190","541.0",1,"ONMMKP_03838","0.993"
"4.4e-201","550.0",1,"GEGEGB_02904","1.0"
"4.4e-206","573.0",1,"GEGEGB_04062","1.0"
"4.4e-207","573.0",1,"BEJGEH_04638","0.955"
"4.4e-212","603.0",1,"HFCAGB_00074","1.002"
"4.4e-219","613.0",1,"ONMMKP_01238","0.980"
"4.4e-228","630.0",1,"ONMMKP_00826","1.116"
"4.4e-232","649.0",1,"AJBGEP_04119","1.020"
"4.4e-233","649.0",1,"GEGEGB_04810","0.955"
"4.4e-240","677.0",1,"ONMMKP_03090","0.996"
"4.4e-245","675.0",1,"ONMMKP_03145","1.034"
"4.4e-250","689.0",1,"ODDLKH_01175","1.035"
"4.4e-256","704.0",1,"BEJGEH_02243","1.0"
"4.4e-280","766.0",1,"ODDLKH_03709","1.0"
"4.4e-289","782.0",1,"ODDLKH_03292","0.954"
"4.4e-292","799.0",1,"GEGEGB_02177","1.0"
"4.4e-313","855.0",1,"BEJGEH_02051","0.913"
"4.4e-41","136.0",1,"PKJKAM_03830","0.963"
"4.4e-51","159.0",1,"LNHIMF_01458","1.0"
"4.4e-70","210.0",1,"GEGEGB_01117","0.991"
"4.4e-74","229.0",1,"LNHIMF_04199","0.953"
"4.4e-92","278.0",1,"HFCAGB_02813","0.984"
"4.4e-95","283.0",1,"BEJGEH_00673","0.996"
"4.4e-97","290.0",1,"LNHIMF_03053","1.055"
"4.5e-102","288.0",1,"HFCAGB_03073","1.0"
"4.5e-104","303.0",1,"PKJKAM_03948","0.989"
"4.5e-105","306.0",1,"GEGEGB_01901","0.995"
"4.5e-117","339.0",1,"BEJGEH_03347","0.893"
"4.5e-125","354.0",1,"GEGEGB_00029","1.044"
"4.5e-134","380.0",1,"IKCLMC_04117","0.975"
"4.5e-136","394.0",1,"ONMMKP_03517","1.003"
"4.5e-137","388.0",1,"IKCLMC_00233","0.996"
"4.5e-138","402.0",1,"GEGEGB_01138","0.986"
"4.5e-139","400.0",1,"PKJKAM_00529","1.0"
"4.5e-142","405.0",1,"BEJGEH_00466","0.901"
"4.5e-148","422.0",1,"GEGEGB_01733","0.979"
"4.5e-151","434.0",1,"HFCAGB_02523","1.003"
"4.5e-153","441.0",1,"BEJGEH_02288","1.151"
"4.5e-157","443.0",1,"LNHIMF_00970","0.843"
"4.5e-166","483.0",1,"BEJGEH_01560","0.974"
"4.5e-175","487.0",1,"ODDLKH_03919","1.052"
"4.5e-182","520.0",1,"LNHIMF_03963","0.998"
"4.5e-189","533.0",1,"HFCAGB_00895","1.084"
"4.5e-195","551.0",1,"LNHIMF_00917","1.0"
"4.5e-198","562.0",1,"HFCAGB_04671","1.0"
"4.5e-210","588.0",1,"GEGEGB_00747","1.0"
"4.5e-211","600.0",1,"HFCAGB_04458","0.988"
"4.5e-212","590.0",1,"AJBGEP_03661","1.086"
"4.5e-214","590.0",1,"ONMMKP_03152","0.986"
"4.5e-250","689.0",1,"LNHIMF_03518","1.0"
"4.5e-252","683.0",1,"ONMMKP_02202","1.0"
"4.5e-274","750.0",1,"PKJKAM_02955","0.809"
"4.5e-275","747.0",1,"AJBGEP_00707","1.0"
"4.5e-289","796.0",1,"GEGEGB_02219","0.992"
"4.5e-296","810.0",1,"IKCLMC_01984","0.816"
"4.5e-310","850.0",1,"ONMMKP_01273","0.847"
"4.5e-62","190.0",1,"ONMMKP_04773","0.982"
"4.5e-70","213.0",1,"AJBGEP_03159","1.064"
"4.5e-81","245.0",1,"GEGEGB_01720","0.985"
"4.5e-82","251.0",1,"LNHIMF_04128","1.020"
"4.5e-85","253.0",1,"BEJGEH_00750","1.0"
"4.5e-90","272.0",1,"LNHIMF_03004","1.008"
"4.5e-96","273.0",1,"IKCLMC_03954","1.0"
"4.5e-97","291.0",1,"GEGEGB_01554","0.927"
"4.5e-99","286.0",1,"BEJGEH_03201","1.0"
"4.6e-102","298.0",1,"BEJGEH_03612","0.979"
"4.6e-105","304.0",1,"GEGEGB_00908","1.116"
"4.6e-110","315.0",1,"PKJKAM_03250","1.0"
"4.6e-112","314.0",1,"GEGEGB_01340","1.0"
"4.6e-119","345.0",1,"GEGEGB_00244","1.0"
"4.6e-126","362.0",1,"HFCAGB_02515","0.935"
"4.6e-129","367.0",1,"AJBGEP_04699","0.803"
"4.6e-131","375.0",1,"LNHIMF_01802","1.0"
"4.6e-132","374.0",1,"ONMMKP_03043","1.0"
"4.6e-143","408.0",1,"PKJKAM_00726","1.0"
"4.6e-158","441.0",1,"GEGEGB_00430","1.0"
"4.6e-159","445.0",1,"IKCLMC_02396","1.056"
"4.6e-165","475.0",1,"HFCAGB_02832","0.991"
"4.6e-175","480.0",1,"GEGEGB_02676","1.0"
"4.6e-185","518.0",1,"BEJGEH_04333","1.104"
"4.6e-193","537.0",1,"GEGEGB_03330","1.0"
"4.6e-200","555.0",1,"LNHIMF_01335","0.986"
"4.6e-206","563.0",1,"ONMMKP_02761","1.0"
"4.6e-215","598.0",1,"LNHIMF_00542","0.944"
"4.6e-217","600.0",1,"GEGEGB_02494","0.997"
"4.6e-223","629.0",1,"BEJGEH_03835","0.986"
"4.6e-234","637.0",1,"LNHIMF_01811","1.0"
"4.6e-241","663.0",1,"IKCLMC_00737","1.0"
"4.6e-269","742.0",1,"ONMMKP_04509","0.971"
"4.6e-271","743.0",1,"GEGEGB_00626","1.0"
"4.6e-272","747.0",1,"ONMMKP_02188","0.823"
"4.6e-295","805.0",1,"GEGEGB_04102","1.0"
"4.6e-299","817.0",1,"LNHIMF_01427","1.036"
"4.6e-301","822.0",1,"HFCAGB_04423","1.121"
"4.6e-302","825.0",1,"HFCAGB_02990","0.880"
"4.6e-305","840.0",1,"ONMMKP_04026","1.034"
"4.6e-316","853.0",1,"HFCAGB_01865","1.0"
"4.6e-55","171.0",1,"IKCLMC_03421","1.0"
"4.6e-63","196.0",1,"HFCAGB_03906","1.051"
"4.6e-69","213.0",1,"BEJGEH_01135","0.973"
"4.6e-73","224.0",1,"AJBGEP_01661","0.980"
"4.6e-80","243.0",1,"GEGEGB_00644","0.986"
"4.6e-81","243.0",1,"ONMMKP_03706","0.989"
"4.6e-89","267.0",1,"ODDLKH_00990","0.973"
"4.6e-90","272.0",1,"ONMMKP_01816","1.016"
"4.7e-104","310.0",1,"LNHIMF_02472","0.996"
"4.7e-106","303.0",1,"GEGEGB_01152","1.0"
"4.7e-119","350.0",1,"LNHIMF_01039","0.986"
"4.7e-125","349.0",1,"GEGEGB_00870","1.0"
"4.7e-126","359.0",1,"HFCAGB_04007","0.881"
"4.7e-141","412.0",1,"ODDLKH_00623","0.988"
"4.7e-151","426.0",1,"AJBGEP_04264","0.988"
"4.7e-163","460.0",1,"ONMMKP_04553","0.986"
"4.7e-167","476.0",1,"GEGEGB_04005","0.995"
"4.7e-171","488.0",1,"IKCLMC_04449","1.008"
"4.7e-172","484.0",1,"ODDLKH_00610","1.279"
"4.7e-176","496.0",1,"GEGEGB_00759","0.997"
"4.7e-179","511.0",1,"BEJGEH_03264","0.980"
"4.7e-180","501.0",1,"IKCLMC_04458","1.0"
"4.7e-185","519.0",1,"ODDLKH_00917","0.834"
"4.7e-189","530.0",1,"ODDLKH_03060","0.823"
"4.7e-201","566.0",1,"HFCAGB_02900","1.049"
"4.7e-206","583.0",1,"ONMMKP_00448","0.992"
"4.7e-211","590.0",1,"PKJKAM_00203","1.0"
"4.7e-212","584.0",1,"ONMMKP_00362","0.997"
"4.7e-220","606.0",1,"GEGEGB_00015","1.0"
"4.7e-226","630.0",1,"ONMMKP_04548","1.025"
"4.7e-227","625.0",1,"LNHIMF_03928","1.088"
"4.7e-239","658.0",1,"GEGEGB_00440","0.997"
"4.7e-246","666.0",1,"PKJKAM_00798","1.0"
"4.7e-257","710.0",1,"IKCLMC_04052","0.998"
"4.7e-258","708.0",1,"BEJGEH_03067","0.806"
"4.7e-259","713.0",1,"BEJGEH_02302","0.941"
"4.7e-273","745.0",1,"GEGEGB_04013","0.992"
"4.7e-287","789.0",1,"IKCLMC_02495","0.932"
"4.7e-288","811.0",1,"BEJGEH_03642","1.128"
"4.7e-291","801.0",1,"AJBGEP_00803","0.992"
"4.7e-292","820.0",1,"HFCAGB_04455","1.010"
"4.7e-299","825.0",1,"BEJGEH_03948","0.953"
"4.7e-307","838.0",1,"HFCAGB_01966","0.998"
"4.7e-314","882.0",1,"HFCAGB_03991","0.942"
"4.7e-41","137.0",1,"GEGEGB_01065","0.968"
"4.7e-46","145.0",1,"LNHIMF_01355","1.0"
"4.7e-49","159.0",1,"GEGEGB_02841","0.972"
"4.7e-55","173.0",1,"GEGEGB_02502","1.0"
"4.7e-86","256.0",1,"IKCLMC_03111","1.040"
"4.7e-95","294.0",1,"HFCAGB_03821","0.972"
"4.7e-99","286.0",1,"GEGEGB_04235","1.038"
"4.8e-114","319.0",1,"ODDLKH_02601","1.0"
"4.8e-116","335.0",1,"AJBGEP_02501","0.982"
"4.8e-119","333.0",1,"GEGEGB_02431","1.0"
"4.8e-124","354.0",1,"ONMMKP_03361","1.0"
"4.8e-133","394.0",1,"BEJGEH_02900","1.132"
"4.8e-155","434.0",1,"GEGEGB_02178","1.080"
"4.8e-163","449.0",1,"ONMMKP_00644","1.0"
"4.8e-165","466.0",1,"IKCLMC_01347","0.933"
"4.8e-168","479.0",1,"BEJGEH_03970","1.003"
"4.8e-169","474.0",1,"ONMMKP_02108","0.981"
"4.8e-170","489.0",1,"GEGEGB_04647","0.981"
"4.8e-171","488.0",1,"LNHIMF_00782","1.109"
"4.8e-172","478.0",1,"LNHIMF_04052","1.0"
"4.8e-173","483.0",1,"GEGEGB_02566","0.853"
"4.8e-181","496.0",1,"PKJKAM_02333","1.0"
"4.8e-184","511.0",1,"BEJGEH_01028","1.0"
"4.8e-19","78.2",1,"LNHIMF_01748","0.986"
"4.8e-202","560.0",1,"GEGEGB_01232","0.986"
"4.8e-206","573.0",1,"BEJGEH_01466","0.988"
"4.8e-214","605.0",1,"PKJKAM_01241","0.946"
"4.8e-236","661.0",1,"GEGEGB_00216","0.987"
"4.8e-238","647.0",1,"ONMMKP_04387","0.997"
"4.8e-241","671.0",1,"GEGEGB_01260","1.0"
"4.8e-244","677.0",1,"PKJKAM_01691","0.976"
"4.8e-250","688.0",1,"GEGEGB_01248","0.824"
"4.8e-261","717.0",1,"BEJGEH_02975","0.895"
"4.8e-262","721.0",1,"IKCLMC_03550","0.841"
"4.8e-278","759.0",1,"AJBGEP_04672","1.0"
"4.8e-297","810.0",1,"IKCLMC_02751","1.0"
"4.8e-298","816.0",1,"LNHIMF_04161","0.998"
"4.8e-302","849.0",1,"IKCLMC_03669","0.979"
"4.8e-48","156.0",1,"IKCLMC_04510","1.066"
"4.8e-52","164.0",1,"IKCLMC_04679","1.0"
"4.8e-79","243.0",1,"ONMMKP_02697","1.020"
"4.8e-92","273.0",1,"ONMMKP_01509","1.0"
"4.9e-101","291.0",1,"AJBGEP_03665","1.038"
"4.9e-109","313.0",1,"IKCLMC_03822","0.970"
"4.9e-110","323.0",1,"BEJGEH_04513","0.984"
"4.9e-112","320.0",1,"LNHIMF_01288","1.0"
"4.9e-119","340.0",1,"BEJGEH_01820","1.0"
"4.9e-129","373.0",1,"GEGEGB_02418","0.944"
"4.9e-130","378.0",1,"PKJKAM_00456","1.024"
"4.9e-136","394.0",1,"HFCAGB_03268","0.982"
"4.9e-159","453.0",1,"BEJGEH_02099","0.994"
"4.9e-168","477.0",1,"ODDLKH_00801","0.828"
"4.9e-169","478.0",1,"HFCAGB_03848","0.994"
"4.9e-171","478.0",1,"IKCLMC_03908","1.0"
"4.9e-173","481.0",1,"PKJKAM_02192","1.0"
"4.9e-181","511.0",1,"HFCAGB_04025","0.844"
"4.9e-186","524.0",1,"LNHIMF_01645","0.989"
"4.9e-187","536.0",1,"GEGEGB_04204","1.059"
"4.9e-193","542.0",1,"HFCAGB_01697","0.989"
"4.9e-196","555.0",1,"AJBGEP_02606","0.998"
"4.9e-208","593.0",1,"LNHIMF_04245","0.988"
"4.9e-213","592.0",1,"LNHIMF_01239","0.994"
"4.9e-222","619.0",1,"LNHIMF_03178","0.985"
"4.9e-223","607.0",1,"HFCAGB_04271","1.0"
"4.9e-233","655.0",1,"LNHIMF_00493","1.0"
"4.9e-241","663.0",1,"BEJGEH_02479","0.997"
"4.9e-265","733.0",1,"LNHIMF_04493","0.989"
"4.9e-276","769.0",1,"IKCLMC_02741","1.009"
"4.9e-292","800.0",1,"BEJGEH_01718","0.996"
"4.9e-296","812.0",1,"HFCAGB_04218","0.990"
"4.9e-309","843.0",1,"HFCAGB_02067","1.104"
"4.9e-38","125.0",1,"ONMMKP_01767","0.984"
"4.9e-69","216.0",1,"PKJKAM_00542","1.094"
"4.9e-71","220.0",1,"GEGEGB_00328","0.906"
"4.9e-87","259.0",1,"IKCLMC_01086","0.927"
"4.9e-88","257.0",1,"AJBGEP_03664","1.075"
"4.9e-94","266.0",1,"ONMMKP_00115","1.0"
"5-carboxymethyl-2-hydroxymuconate semialdehyde dehydrogenase",NA,1,"GEGEGB_01917","SO:0001217, UniRef:UniRef50_A0A7H4M0N2"
"5.0e-100","296.0",1,"HFCAGB_01955","0.996"
"5.0e-119","349.0",1,"LNHIMF_01489","1.013"
"5.0e-126","356.0",1,"ODDLKH_03244","1.0"
"5.0e-128","368.0",1,"PKJKAM_02098","0.996"
"5.0e-131","380.0",1,"BEJGEH_02323","0.977"
"5.0e-142","410.0",1,"GEGEGB_04812","1.0"
"5.0e-154","438.0",1,"ONMMKP_00579","1.0"
"5.0e-168","473.0",1,"LNHIMF_00268","0.964"
"5.0e-188","532.0",1,"GEGEGB_04237","0.990"
"5.0e-193","536.0",1,"LNHIMF_03994","0.990"
"5.0e-199","555.0",1,"PKJKAM_00117","1.0"
"5.0e-200","553.0",1,"IKCLMC_01353","1.0"
"5.0e-203","572.0",1,"BEJGEH_03066","1.0"
"5.0e-209","577.0",1,"HFCAGB_01901","1.013"
"5.0e-223","616.0",1,"ODDLKH_02603","0.853"
"5.0e-226","631.0",1,"HFCAGB_00420","0.988"
"5.0e-229","642.0",1,"BEJGEH_02384","1.008"
"5.0e-234","642.0",1,"LNHIMF_02716","1.080"
"5.0e-239","659.0",1,"LNHIMF_02752","0.928"
"5.0e-240","652.0",1,"ODDLKH_02947","0.997"
"5.0e-245","687.0",1,"LNHIMF_04382","0.994"
"5.0e-266","739.0",1,"ONMMKP_04518","1.144"
"5.0e-294","825.0",1,"LNHIMF_04241","1.010"
"5.0e-300","821.0",1,"HFCAGB_04372","0.998"
"5.0e-59","183.0",1,"ONMMKP_01700","1.0"
"5.0e-66","207.0",1,"AJBGEP_04043","0.938"
"5.0e-67","202.0",1,"GEGEGB_03778","1.0"
"5.0e-73","226.0",1,"ONMMKP_02622","0.953"
"5.0e-75","223.0",1,"BEJGEH_02965","1.0"
"5.0e-84","248.0",1,"HFCAGB_01442","1.0"
"5.0e-87","256.0",1,"LNHIMF_02445","1.0"
"5.0e-98","289.0",1,"LNHIMF_00401","0.966"
"5.1e-100","296.0",1,"PKJKAM_01096","1.022"
"5.1e-113","330.0",1,"HFCAGB_01152","0.954"
"5.1e-116","336.0",1,"HFCAGB_00095","1.0"
"5.1e-117","331.0",1,"BEJGEH_01880","0.995"
"5.1e-125","360.0",1,"ODDLKH_01128","1.0"
"5.1e-133","382.0",1,"PKJKAM_04529","0.989"
"5.1e-134","379.0",1,"LNHIMF_03579","0.801"
"5.1e-141","399.0",1,"ODDLKH_01931","0.917"
"5.1e-143","404.0",1,"HFCAGB_02503","1.0"
"5.1e-149","430.0",1,"IKCLMC_02457","0.981"
"5.1e-152","425.0",1,"AJBGEP_02544","1.0"
"5.1e-155","442.0",1,"LNHIMF_02816","0.972"
"5.1e-156","438.0",1,"LNHIMF_02092","1.057"
"5.1e-158","436.0",1,"AJBGEP_03951","1.0"
"5.1e-161","458.0",1,"IKCLMC_01918","0.994"
"5.1e-165","481.0",1,"HFCAGB_01750","0.974"
"5.1e-167","466.0",1,"ONMMKP_03285","1.0"
"5.1e-194","537.0",1,"AJBGEP_01408","0.933"
"5.1e-201","561.0",1,"LNHIMF_01668","0.988"
"5.1e-203","564.0",1,"ODDLKH_03763","0.994"
"5.1e-205","569.0",1,"IKCLMC_04632","0.987"
"5.1e-206","571.0",1,"IKCLMC_03253","0.955"
"5.1e-209","583.0",1,"LNHIMF_01193","0.997"
"5.1e-211","583.0",1,"ONMMKP_02119","0.904"
"5.1e-234","638.0",1,"HFCAGB_01295","1.0"
"5.1e-236","659.0",1,"ODDLKH_04222","1.0"
"5.1e-248","672.0",1,"AJBGEP_03903","1.0"
"5.1e-260","711.0",1,"ONMMKP_01551","0.994"
"5.1e-265","733.0",1,"GEGEGB_00309","1.004"
"5.1e-48","146.0",1,"ODDLKH_01873","1.0"
"5.1e-49","157.0",1,"AJBGEP_04609","0.974"
"5.1e-68","211.0",1,"BEJGEH_01451","1.053"
"5.1e-81","243.0",1,"HFCAGB_03774","0.989"
"5.1e-82","248.0",1,"GEGEGB_01597","0.995"
"5.1e-91","265.0",1,"IKCLMC_03055","0.985"
"5.1e-93","273.0",1,"BEJGEH_02284","1.0"
"5.2e-103","308.0",1,"GEGEGB_01699","0.902"
"5.2e-106","310.0",1,"BEJGEH_02630","0.952"
"5.2e-107","319.0",1,"BEJGEH_00488","1.072"
"5.2e-112","329.0",1,"ONMMKP_02214","1.004"
"5.2e-113","323.0",1,"LNHIMF_02300","1.0"
"5.2e-117","348.0",1,"PKJKAM_03757","0.942"
"5.2e-138","397.0",1,"LNHIMF_01374","0.835"
"5.2e-140","399.0",1,"ONMMKP_02228","0.985"
"5.2e-141","404.0",1,"GEGEGB_03991","0.993"
"5.2e-149","432.0",1,"LNHIMF_01955","1.005"
"5.2e-153","434.0",1,"HFCAGB_02712","1.0"
"5.2e-156","441.0",1,"ODDLKH_01335","0.843"
"5.2e-163","457.0",1,"GEGEGB_00550","0.996"
"5.2e-174","499.0",1,"HFCAGB_00224","0.991"
"5.2e-175","504.0",1,"HFCAGB_04310","0.993"
"5.2e-18","73.2",1,"HFCAGB_02519","1.023"
"5.2e-182","498.0",1,"HFCAGB_04548","1.0"
"5.2e-189","527.0",1,"BEJGEH_02836","0.980"
"5.2e-195","548.0",1,"GEGEGB_03177","0.983"
"5.2e-216","588.0",1,"PKJKAM_04443","1.0"
"5.2e-221","622.0",1,"GEGEGB_02959","0.996"
"5.2e-229","631.0",1,"ODDLKH_03226","0.985"
"5.2e-245","672.0",1,"BEJGEH_04123","0.991"
"5.2e-248","681.0",1,"ODDLKH_00315","1.0"
"5.2e-249","687.0",1,"AJBGEP_02350","1.0"
"5.2e-258","717.0",1,"GEGEGB_02114","0.998"
"5.2e-259","734.0",1,"LNHIMF_00477","0.994"
"5.2e-262","710.0",1,"IKCLMC_02130","1.0"
"5.2e-279","776.0",1,"LNHIMF_01864","0.977"
"5.2e-285","799.0",1,"IKCLMC_03217","0.988"
"5.2e-290","798.0",1,"GEGEGB_00320","0.963"
"5.2e-311","848.0",1,"BEJGEH_02123","1.0"
"5.2e-317","880.0",1,"GEGEGB_03573","0.998"
"5.2e-47","150.0",1,"HFCAGB_01670","0.989"
"5.2e-51","165.0",1,"HFCAGB_00885","0.987"
"5.2e-60","186.0",1,"LNHIMF_03327","1.023"
"5.2e-69","207.0",1,"IKCLMC_00672","1.0"
"5.2e-75","231.0",1,"HFCAGB_01422","1.019"
"5.2e-78","234.0",1,"LNHIMF_03058","0.980"
"5.2e-87","255.0",1,"GEGEGB_04316","0.943"
"5.2e-92","289.0",1,"GEGEGB_04240","1.068"
"5.3e-100","294.0",1,"BEJGEH_03088","1.0"
"5.3e-124","362.0",1,"GEGEGB_03690","1.011"
"5.3e-127","364.0",1,"HFCAGB_04826","0.982"
"5.3e-130","380.0",1,"AJBGEP_00928","1.028"
"5.3e-137","398.0",1,"GEGEGB_01686","1.129"
"5.3e-139","404.0",1,"GEGEGB_03359","0.973"
"5.3e-144","399.0",1,"BEJGEH_01667","1.0"
"5.3e-157","447.0",1,"ONMMKP_00544","0.891"
"5.3e-160","448.0",1,"IKCLMC_01761","0.996"
"5.3e-162","465.0",1,"HFCAGB_03473","1.050"
"5.3e-175","489.0",1,"GEGEGB_02608","0.981"
"5.3e-176","483.0",1,"GEGEGB_02657","1.0"
"5.3e-179","498.0",1,"LNHIMF_02139","0.980"
"5.3e-184","515.0",1,"LNHIMF_03746","0.927"
"5.3e-189","526.0",1,"BEJGEH_03291","0.810"
"5.3e-206","569.0",1,"BEJGEH_03837","0.819"
"5.3e-211","590.0",1,"ONMMKP_02427","0.820"
"5.3e-214","605.0",1,"ODDLKH_01390","1.0"
"5.3e-216","597.0",1,"BEJGEH_02208","0.997"
"5.3e-222","604.0",1,"BEJGEH_02878","1.0"
"5.3e-225","621.0",1,"ODDLKH_00103","1.006"
"5.3e-232","644.0",1,"ODDLKH_03670","0.802"
"5.3e-237","667.0",1,"GEGEGB_02246","0.979"
"5.3e-241","681.0",1,"LNHIMF_03728","1.045"
"5.3e-242","668.0",1,"GEGEGB_00845","1.228"
"5.3e-251","680.0",1,"PKJKAM_02127","1.0"
"5.3e-262","719.0",1,"AJBGEP_03846","1.0"
"5.3e-280","778.0",1,"GEGEGB_02771","1.0"
"5.3e-34","117.0",1,"IKCLMC_01420","1.0"
"5.3e-61","188.0",1,"LNHIMF_03510","0.993"
"5.3e-62","194.0",1,"IKCLMC_02708","1.051"
"5.3e-71","216.0",1,"GEGEGB_02441","0.994"
"5.3e-78","237.0",1,"PKJKAM_01988","0.955"
"5.3e-89","253.0",1,"GEGEGB_02919","1.0"
"5.4e-101","293.0",1,"GEGEGB_04002","0.994"
"5.4e-103","305.0",1,"PKJKAM_02318","0.992"
"5.4e-116","336.0",1,"LNHIMF_01980","0.802"
"5.4e-120","341.0",1,"LNHIMF_00202","1.068"
"5.4e-132","390.0",1,"ODDLKH_02553","0.920"
"5.4e-137","389.0",1,"HFCAGB_04814","0.978"
"5.4e-144","406.0",1,"GEGEGB_03148","0.986"
"5.4e-149","430.0",1,"PKJKAM_00587","0.991"
"5.4e-158","442.0",1,"PKJKAM_03091","1.056"
"5.4e-170","485.0",1,"PKJKAM_04459","1.008"
"5.4e-181","504.0",1,"LNHIMF_00453","1.024"
"5.4e-198","549.0",1,"GEGEGB_02322","1.013"
"5.4e-213","593.0",1,"ONMMKP_03345","1.086"
"5.4e-219","603.0",1,"LNHIMF_00015","1.0"
"5.4e-241","668.0",1,"GEGEGB_02345","1.002"
"5.4e-246","677.0",1,"BEJGEH_03723","1.034"
"5.4e-248","681.0",1,"HFCAGB_03962","0.922"
"5.4e-265","733.0",1,"GEGEGB_02590","0.974"
"5.4e-268","725.0",1,"PKJKAM_00131","1.0"
"5.4e-269","748.0",1,"ODDLKH_01587","0.951"
"5.4e-281","792.0",1,"BEJGEH_01644","0.968"
"5.4e-297","812.0",1,"HFCAGB_02275","0.816"
"5.4e-44","141.0",1,"HFCAGB_01698","1.0"
"5.4e-63","194.0",1,"AJBGEP_01496","0.979"
"5.4e-70","219.0",1,"BEJGEH_00112","0.902"
"5.4e-84","253.0",1,"LNHIMF_02216","1.025"
"5.5e-108","323.0",1,"ONMMKP_00523","1.0"
"5.5e-122","352.0",1,"HFCAGB_00274","0.996"
"5.5e-146","412.0",1,"GEGEGB_02226","0.845"
"5.5e-151","442.0",1,"HFCAGB_03804","0.847"
"5.5e-155","434.0",1,"ONMMKP_02230","1.0"
"5.5e-163","463.0",1,"GEGEGB_03300","0.901"
"5.5e-168","470.0",1,"ODDLKH_03364","1.0"
"5.5e-176","490.0",1,"HFCAGB_04149","0.837"
"5.5e-177","503.0",1,"HFCAGB_01458","0.995"
"5.5e-194","538.0",1,"IKCLMC_04628","0.997"
"5.5e-203","575.0",1,"ODDLKH_02826","0.953"
"5.5e-206","587.0",1,"LNHIMF_00387","1.002"
"5.5e-241","679.0",1,"BEJGEH_03778","0.996"
"5.5e-242","664.0",1,"AJBGEP_04014","1.017"
"5.5e-249","706.0",1,"PKJKAM_03668","1.081"
"5.5e-265","746.0",1,"BEJGEH_01229","0.986"
"5.5e-269","738.0",1,"ODDLKH_03109","0.882"
"5.5e-277","753.0",1,"HFCAGB_03205","0.998"
"5.5e-281","768.0",1,"HFCAGB_00234","1.0"
"5.5e-286","786.0",1,"GEGEGB_03833","0.932"
"5.5e-301","847.0",1,"HFCAGB_03398","0.979"
"5.5e-303","827.0",1,"ONMMKP_04077","0.880"
"5.5e-36","123.0",1,"BEJGEH_03824","0.963"
"5.5e-45","145.0",1,"HFCAGB_03678","1.0"
"5.5e-47","149.0",1,"IKCLMC_04484","1.0"
"5.5e-87","259.0",1,"GEGEGB_01093","0.995"
"5.6e-102","299.0",1,"ONMMKP_03768","1.0"
"5.6e-104","306.0",1,"HFCAGB_04206","0.991"
"5.6e-105","307.0",1,"LNHIMF_02633","0.986"
"5.6e-109","315.0",1,"HFCAGB_03597","1.0"
"5.6e-110","319.0",1,"PKJKAM_00474","0.991"
"5.6e-111","318.0",1,"HFCAGB_00506","1.0"
"5.6e-121","347.0",1,"AJBGEP_04422","0.906"
"5.6e-132","367.0",1,"ONMMKP_00651","1.0"
"5.6e-135","391.0",1,"ODDLKH_00145","0.967"
"5.6e-139","385.0",1,"GEGEGB_03502","1.0"
"5.6e-150","436.0",1,"HFCAGB_00137","1.146"
"5.6e-169","486.0",1,"LNHIMF_00423","0.995"
"5.6e-177","497.0",1,"HFCAGB_03910","0.984"
"5.6e-186","508.0",1,"GEGEGB_04453","1.0"
"5.6e-209","577.0",1,"LNHIMF_02707","1.039"
"5.6e-210","590.0",1,"ONMMKP_03791","1.008"
"5.6e-218","602.0",1,"PKJKAM_03242","0.997"
"5.6e-231","638.0",1,"IKCLMC_04548","1.0"
"5.6e-243","660.0",1,"HFCAGB_03960","1.0"
"5.6e-255","705.0",1,"HFCAGB_00922","0.967"
"5.6e-282","798.0",1,"AJBGEP_01205","1.004"
"5.6e-294","810.0",1,"PKJKAM_01813","1.002"
"5.6e-296","808.0",1,"HFCAGB_03863","1.0"
"5.6e-299","812.0",1,"LNHIMF_00052","1.0"
"5.6e-304","827.0",1,"PKJKAM_00631","1.0"
"5.6e-310","864.0",1,"HFCAGB_03519","0.977"
"5.6e-315","857.0",1,"LNHIMF_04372","1.0"
"5.6e-73","224.0",1,"IKCLMC_04334","1.0"
"5.6e-81","243.0",1,"HFCAGB_00180","0.989"
"5.6e-85","249.0",1,"LNHIMF_01923","0.954"
"5.7e-121","351.0",1,"BEJGEH_03518","1.081"
"5.7e-124","357.0",1,"GEGEGB_02737","0.996"
"5.7e-126","351.0",1,"AJBGEP_02212","1.0"
"5.7e-128","366.0",1,"BEJGEH_02904","0.837"
"5.7e-134","395.0",1,"LNHIMF_01210","1.065"
"5.7e-136","385.0",1,"GEGEGB_03136","0.995"
"5.7e-139","395.0",1,"IKCLMC_02786","0.996"
"5.7e-143","403.0",1,"IKCLMC_01774","1.032"
"5.7e-147","405.0",1,"HFCAGB_00720","1.0"
"5.7e-151","435.0",1,"IKCLMC_00798","0.991"
"5.7e-159","447.0",1,"ONMMKP_04713","0.806"
"5.7e-16","67.4",1,"GEGEGB_02471","1.0"
"5.7e-164","474.0",1,"GEGEGB_02596","0.995"
"5.7e-187","514.0",1,"GEGEGB_02476","1.0"
"5.7e-190","533.0",1,"HFCAGB_02833","0.823"
"5.7e-195","552.0",1,"ONMMKP_04395","0.998"
"5.7e-199","566.0",1,"PKJKAM_04340","0.991"
"5.7e-211","592.0",1,"GEGEGB_01567","0.848"
"5.7e-230","635.0",1,"BEJGEH_00253","0.880"
"5.7e-234","649.0",1,"PKJKAM_02034","1.183"
"5.7e-252","699.0",1,"BEJGEH_02119","0.983"
"5.7e-258","707.0",1,"AJBGEP_03814","0.989"
"5.7e-290","799.0",1,"GEGEGB_00367","1.112"
"5.7e-305","831.0",1,"ODDLKH_00102","1.030"
"5.7e-306","842.0",1,"HFCAGB_03043","1.034"
"5.7e-315","885.0",1,"BEJGEH_03788","0.942"
"5.7e-37","122.0",1,"AJBGEP_00408","0.984"
"5.7e-38","127.0",1,"BEJGEH_04248","1.022"
"5.7e-39","129.0",1,"GEGEGB_02842","1.0"
"5.7e-50","162.0",1,"PKJKAM_00205","0.881"
"5.7e-70","214.0",1,"AJBGEP_04555","0.987"
"5.7e-75","224.0",1,"GEGEGB_03834","1.0"
"5.7e-80","241.0",1,"IKCLMC_02733","0.979"
"5.7e-81","245.0",1,"PKJKAM_02997","0.991"
"5.7e-86","253.0",1,"GEGEGB_03781","0.966"
"5.7e-93","276.0",1,"HFCAGB_01588","0.986"
"5.7e-94","273.0",1,"PKJKAM_04580","1.0"
"5.7e-98","287.0",1,"ODDLKH_01817","1.0"
"5.8e-101","286.0",1,"PKJKAM_04102","1.0"
"5.8e-105","313.0",1,"BEJGEH_02364","0.996"
"5.8e-112","332.0",1,"HFCAGB_00711","0.963"
"5.8e-130","377.0",1,"PKJKAM_02960","0.977"
"5.8e-132","374.0",1,"BEJGEH_01276","1.096"
"5.8e-139","386.0",1,"ONMMKP_02389","1.0"
"5.8e-141","404.0",1,"LNHIMF_02568","0.979"
"5.8e-162","453.0",1,"LNHIMF_03991","0.992"
"5.8e-167","470.0",1,"IKCLMC_01998","0.964"
"5.8e-175","487.0",1,"PKJKAM_02952","1.079"
"5.8e-178","505.0",1,"ONMMKP_01315","1.044"
"5.8e-189","528.0",1,"ONMMKP_03582","1.093"
"5.8e-207","576.0",1,"IKCLMC_02743","1.0"
"5.8e-210","598.0",1,"HFCAGB_01483","0.975"
"5.8e-214","597.0",1,"IKCLMC_02121","0.961"
"5.8e-218","608.0",1,"BEJGEH_01723","0.997"
"5.8e-223","611.0",1,"LNHIMF_01920","1.0"
"5.8e-228","639.0",1,"ONMMKP_04473","1.008"
"5.8e-255","697.0",1,"AJBGEP_00616","0.998"
"5.8e-258","712.0",1,"ONMMKP_04064","0.998"
"5.8e-277","767.0",1,"GEGEGB_00078","0.976"
"5.8e-282","763.0",1,"GEGEGB_02039","1.0"
"5.8e-283","780.0",1,"GEGEGB_01896","0.976"
"5.8e-300","827.0",1,"LNHIMF_03945","0.953"
"5.8e-32","114.0",1,"BEJGEH_03249","1.0"
"5.8e-48","152.0",1,"AJBGEP_00720","0.978"
"5.8e-59","182.0",1,"PKJKAM_02820","1.0"
"5.8e-74","225.0",1,"HFCAGB_00912","1.012"
"5.8e-76","231.0",1,"LNHIMF_01698","1.0"
"5.9e-104","304.0",1,"AJBGEP_04573","0.991"
"5.9e-111","320.0",1,"GEGEGB_03456","1.0"
"5.9e-114","328.0",1,"BEJGEH_04455","0.807"
"5.9e-124","355.0",1,"AJBGEP_03926","0.995"
"5.9e-128","369.0",1,"LNHIMF_03259","0.996"
"5.9e-131","378.0",1,"BEJGEH_01310","0.989"
"5.9e-137","403.0",1,"LNHIMF_01324","0.959"
"5.9e-140","394.0",1,"BEJGEH_03869","1.043"
"5.9e-15","65.5",1,"IKCLMC_01732","1.023"
"5.9e-159","445.0",1,"LNHIMF_00010","0.992"
"5.9e-160","450.0",1,"ONMMKP_04814","1.004"
"5.9e-164","478.0",1,"LNHIMF_01576","0.974"
"5.9e-165","473.0",1,"BEJGEH_00527","1.003"
"5.9e-166","475.0",1,"LNHIMF_03619","1.0"
"5.9e-175","491.0",1,"HFCAGB_03609","1.171"
"5.9e-193","542.0",1,"GEGEGB_00490","0.842"
"5.9e-200","565.0",1,"GEGEGB_03303","0.978"
"5.9e-206","576.0",1,"AJBGEP_04000","0.833"
"5.9e-209","588.0",1,"PKJKAM_01189","0.976"
"5.9e-217","592.0",1,"GEGEGB_02331","1.0"
"5.9e-224","627.0",1,"IKCLMC_02382","1.095"
"5.9e-235","657.0",1,"LNHIMF_03815","1.0"
"5.9e-247","670.0",1,"BEJGEH_03756","1.0"
"5.9e-257","710.0",1,"GEGEGB_02152","0.967"
"5.9e-263","723.0",1,"ONMMKP_03542","0.841"
"5.9e-265","723.0",1,"IKCLMC_04627","0.994"
"5.9e-305","826.0",1,"HFCAGB_04532","1.0"
"5.9e-307","842.0",1,"IKCLMC_03065","1.0"
"5.9e-58","184.0",1,"IKCLMC_01232","1.035"
"5.9e-73","223.0",1,"GEGEGB_00402","0.853"
"5.9e-84","246.0",1,"HFCAGB_03114","1.016"
"6.0e-106","317.0",1,"PKJKAM_03252","1.072"
"6.0e-116","341.0",1,"GEGEGB_01744","0.993"
"6.0e-117","335.0",1,"BEJGEH_01926","1.0"
"6.0e-126","373.0",1,"GEGEGB_01649","0.930"
"6.0e-130","375.0",1,"PKJKAM_03113","0.944"
"6.0e-133","376.0",1,"HFCAGB_02553","1.0"
"6.0e-137","379.0",1,"HFCAGB_02371","1.0"
"6.0e-139","396.0",1,"GEGEGB_04840","0.985"
"6.0e-146","404.0",1,"GEGEGB_00638","1.0"
"6.0e-151","436.0",1,"GEGEGB_02561","0.957"
"6.0e-157","449.0",1,"BEJGEH_04189","0.991"
"6.0e-164","458.0",1,"HFCAGB_04799","0.996"
"6.0e-170","477.0",1,"GEGEGB_00406","1.035"
"6.0e-173","497.0",1,"ODDLKH_00696","0.991"
"6.0e-176","483.0",1,"AJBGEP_01489","1.0"
"6.0e-182","514.0",1,"ONMMKP_02063","0.983"
"6.0e-185","530.0",1,"LNHIMF_03903","0.978"
"6.0e-187","523.0",1,"LNHIMF_00953","0.981"
"6.0e-188","523.0",1,"GEGEGB_04801","0.810"
"6.0e-190","530.0",1,"BEJGEH_03120","0.801"
"6.0e-195","553.0",1,"ONMMKP_00417","1.0"
"6.0e-202","561.0",1,"LNHIMF_03553","1.026"
"6.0e-260","733.0",1,"LNHIMF_04020","1.003"
"6.0e-262","726.0",1,"LNHIMF_00006","1.0"
"6.0e-274","766.0",1,"HFCAGB_02560","0.967"
"6.0e-275","759.0",1,"HFCAGB_02602","0.978"
"6.0e-284","774.0",1,"LNHIMF_00794","1.0"
"6.0e-287","787.0",1,"ONMMKP_00906","1.104"
"6.0e-301","812.0",1,"IKCLMC_01888","1.0"
"6.0e-46","152.0",1,"GEGEGB_02193","0.959"
"6.0e-47","154.0",1,"GEGEGB_01920","0.932"
"6.0e-50","162.0",1,"LNHIMF_00935","0.987"
"6.0e-51","166.0",1,"IKCLMC_04721","0.896"
"6.0e-66","204.0",1,"GEGEGB_02759","0.977"
"6.0e-67","205.0",1,"BEJGEH_02189","0.967"
"6.0e-83","251.0",1,"LNHIMF_01340","0.931"
"6.0e-90","267.0",1,"HFCAGB_00497","1.0"
"6.0e-93","280.0",1,"LNHIMF_02660","1.022"
"6.1e-119","347.0",1,"AJBGEP_03179","1.0"
"6.1e-129","380.0",1,"GEGEGB_02524","0.989"
"6.1e-133","379.0",1,"PKJKAM_02048","0.966"
"6.1e-134","386.0",1,"IKCLMC_00680","0.996"
"6.1e-149","429.0",1,"AJBGEP_02431","1.003"
"6.1e-153","422.0",1,"BEJGEH_01695","1.0"
"6.1e-155","449.0",1,"BEJGEH_02708","1.0"
"6.1e-169","475.0",1,"ODDLKH_02946","0.960"
"6.1e-176","491.0",1,"HFCAGB_01235","1.0"
"6.1e-181","511.0",1,"LNHIMF_02091","0.963"
"6.1e-189","525.0",1,"HFCAGB_01018","0.996"
"6.1e-215","586.0",1,"BEJGEH_01593","1.0"
"6.1e-235","647.0",1,"HFCAGB_01815","0.997"
"6.1e-239","662.0",1,"HFCAGB_02374","1.086"
"6.1e-242","656.0",1,"BEJGEH_01668","1.0"
"6.1e-265","734.0",1,"ONMMKP_01718","0.993"
"6.1e-270","747.0",1,"PKJKAM_01974","0.993"
"6.1e-284","780.0",1,"ONMMKP_04373","0.979"
"6.1e-288","779.0",1,"LNHIMF_02676","1.0"
"6.1e-306","837.0",1,"ONMMKP_02022","1.0"
"6.1e-315","868.0",1,"PKJKAM_04229","1.0"
"6.1e-42","140.0",1,"LNHIMF_03201","0.950"
"6.1e-71","217.0",1,"IKCLMC_02576","1.0"
"6.1e-77","222.0",1,"LNHIMF_02131","1.0"
"6.1e-82","244.0",1,"ONMMKP_04020","0.936"
"6.1e-83","244.0",1,"BEJGEH_03248","0.992"
"6.2e-125","355.0",1,"LNHIMF_00375","1.069"
"6.2e-133","386.0",1,"LNHIMF_04607","0.994"
"6.2e-134","382.0",1,"IKCLMC_01362","0.940"
"6.2e-142","399.0",1,"AJBGEP_04010","1.043"
"6.2e-143","398.0",1,"LNHIMF_02732","1.0"
"6.2e-159","450.0",1,"ONMMKP_04234","0.950"
"6.2e-163","476.0",1,"BEJGEH_01414","1.007"
"6.2e-164","462.0",1,"LNHIMF_00199","0.907"
"6.2e-171","480.0",1,"HFCAGB_02461","0.968"
"6.2e-178","501.0",1,"LNHIMF_00950","1.0"
"6.2e-180","497.0",1,"GEGEGB_01233","1.0"
"6.2e-183","501.0",1,"AJBGEP_01501","1.0"
"6.2e-190","541.0",1,"HFCAGB_03229","0.962"
"6.2e-205","566.0",1,"ODDLKH_04237","0.819"
"6.2e-212","603.0",1,"PKJKAM_02029","1.002"
"6.2e-221","617.0",1,"LNHIMF_01574","1.182"
"6.2e-229","634.0",1,"GEGEGB_03169","0.995"
"6.2e-241","671.0",1,"HFCAGB_01551","0.821"
"6.2e-249","690.0",1,"GEGEGB_00619","1.0"
"6.2e-253","704.0",1,"HFCAGB_00194","1.108"
"6.2e-256","705.0",1,"PKJKAM_01024","0.983"
"6.2e-266","735.0",1,"ODDLKH_03077","1.004"
"6.2e-276","748.0",1,"LNHIMF_03844","1.0"
"6.2e-279","772.0",1,"PKJKAM_04699","1.079"
"6.2e-300","846.0",1,"GEGEGB_02636","0.958"
"6.2e-41","136.0",1,"BEJGEH_03554","0.963"
"6.2e-45","144.0",1,"LNHIMF_03425","1.0"
"6.2e-46","149.0",1,"ONMMKP_04531","0.964"
"6.2e-59","183.0",1,"HFCAGB_03378","0.985"
"6.2e-61","189.0",1,"GEGEGB_01526","0.986"
"6.2e-89","266.0",1,"PKJKAM_00390","0.939"
"6.2e-99","296.0",1,"IKCLMC_03034","0.992"
"6.3e-105","303.0",1,"GEGEGB_00528","0.971"
"6.3e-107","308.0",1,"LNHIMF_00446","0.942"
"6.3e-109","322.0",1,"AJBGEP_00452","0.996"
"6.3e-110","318.0",1,"AJBGEP_01112","0.913"
"6.3e-136","386.0",1,"GEGEGB_04875","0.978"
"6.3e-137","387.0",1,"GEGEGB_03194","0.903"
"6.3e-138","402.0",1,"LNHIMF_01870","0.986"
"6.3e-143","403.0",1,"BEJGEH_03086","0.986"
"6.3e-154","445.0",1,"GEGEGB_03555","0.981"
"6.3e-155","443.0",1,"BEJGEH_01486","1.003"
"6.3e-163","474.0",1,"PKJKAM_04514","1.004"
"6.3e-165","462.0",1,"IKCLMC_04542","0.958"
"6.3e-176","501.0",1,"IKCLMC_04337","0.995"
"6.3e-191","522.0",1,"IKCLMC_01838","1.0"
"6.3e-198","562.0",1,"AJBGEP_04662","1.0"
"6.3e-207","573.0",1,"ONMMKP_02232","0.955"
"6.3e-218","600.0",1,"IKCLMC_03184","1.0"
"6.3e-221","618.0",1,"BEJGEH_01129","0.917"
"6.3e-236","647.0",1,"HFCAGB_00026","1.024"
"6.3e-274","750.0",1,"IKCLMC_01687","0.809"
"6.3e-279","769.0",1,"ONMMKP_02891","0.981"
"6.3e-301","813.0",1,"BEJGEH_00847","1.0"
"6.3e-302","837.0",1,"LNHIMF_01833","1.002"
"6.3e-313","858.0",1,"LNHIMF_03901","0.982"
"6.3e-34","118.0",1,"ODDLKH_02424","0.811"
"6.3e-81","246.0",1,"GEGEGB_04388","1.062"
"6.3e-88","260.0",1,"GEGEGB_00051","0.952"
"6.3e-93","274.0",1,"PKJKAM_01890","0.984"
"6.3e-98","290.0",1,"LNHIMF_00178","0.968"
"6.4e-104","301.0",1,"GEGEGB_04312","0.816"
"6.4e-110","316.0",1,"GEGEGB_00023","1.078"
"6.4e-114","331.0",1,"PKJKAM_04128","0.982"
"6.4e-123","360.0",1,"HFCAGB_00928","1.019"
"6.4e-129","370.0",1,"LNHIMF_01438","1.0"
"6.4e-144","415.0",1,"LNHIMF_04580","1.0"
"6.4e-145","418.0",1,"ONMMKP_02086","1.009"
"6.4e-149","420.0",1,"LNHIMF_04109","0.988"
"6.4e-155","441.0",1,"GEGEGB_02845","0.984"
"6.4e-159","446.0",1,"ONMMKP_04817","1.057"
"6.4e-163","459.0",1,"GEGEGB_03406","0.989"
"6.4e-171","470.0",1,"LNHIMF_01457","1.0"
"6.4e-174","499.0",1,"HFCAGB_02332","1.051"
"6.4e-184","517.0",1,"GEGEGB_01917","0.813"
"6.4e-187","539.0",1,"HFCAGB_04524","0.994"
"6.4e-193","540.0",1,"BEJGEH_01930","0.997"
"6.4e-195","543.0",1,"ODDLKH_01866","0.997"
"6.4e-199","564.0",1,"AJBGEP_00044","0.989"
"6.4e-224","620.0",1,"HFCAGB_00979","1.202"
"6.4e-240","679.0",1,"BEJGEH_02263","1.032"
"6.4e-248","682.0",1,"LNHIMF_01733","1.0"
"6.4e-249","684.0",1,"LNHIMF_04513","1.0"
"6.4e-250","688.0",1,"HFCAGB_03701","1.0"
"6.4e-254","702.0",1,"AJBGEP_00639","0.983"
"6.4e-256","703.0",1,"HFCAGB_03279","0.806"
"6.4e-260","737.0",1,"GEGEGB_02533","0.994"
"6.4e-266","733.0",1,"LNHIMF_02989","1.0"
"6.4e-274","744.0",1,"ODDLKH_02623","1.0"
"6.4e-276","771.0",1,"GEGEGB_00602","0.967"
"6.4e-280","765.0",1,"GEGEGB_00236","1.0"
"6.4e-309","849.0",1,"BEJGEH_01104","1.0"
"6.4e-317","886.0",1,"GEGEGB_02811","1.015"
"6.4e-41","135.0",1,"LNHIMF_03984","1.019"
"6.4e-48","158.0",1,"BEJGEH_02638","1.046"
"6.4e-77","225.0",1,"IKCLMC_04716","1.0"
"6.5e-117","333.0",1,"HFCAGB_01763","1.0"
"6.5e-126","369.0",1,"ODDLKH_01393","1.028"
"6.5e-132","380.0",1,"PKJKAM_04276","0.997"
"6.5e-138","398.0",1,"GEGEGB_03367","0.978"
"6.5e-143","417.0",1,"AJBGEP_03130","1.003"
"6.5e-148","419.0",1,"PKJKAM_00900","0.968"
"6.5e-153","431.0",1,"GEGEGB_02992","0.857"
"6.5e-166","465.0",1,"ODDLKH_00386","1.0"
"6.5e-170","489.0",1,"AJBGEP_01452","0.974"
"6.5e-173","475.0",1,"LNHIMF_01866","1.0"
"6.5e-203","562.0",1,"BEJGEH_02050","1.0"
"6.5e-207","575.0",1,"PKJKAM_00540","1.023"
"6.5e-211","588.0",1,"HFCAGB_03192","1.137"
"6.5e-213","593.0",1,"LNHIMF_03603","0.997"
"6.5e-215","607.0",1,"AJBGEP_00925","1.0"
"6.5e-219","614.0",1,"PKJKAM_02737","0.903"
"6.5e-232","640.0",1,"LNHIMF_04082","1.060"
"6.5e-235","639.0",1,"HFCAGB_02307","1.0"
"6.5e-236","642.0",1,"GEGEGB_00450","0.997"
"6.5e-25","92.8",1,"PKJKAM_02741","1.014"
"6.5e-263","721.0",1,"BEJGEH_01470","1.0"
"6.5e-270","744.0",1,"HFCAGB_03637","1.0"
"6.5e-273","750.0",1,"IKCLMC_01626","1.0"
"6.5e-30","105.0",1,"BEJGEH_02423","1.0"
"6.5e-313","847.0",1,"GEGEGB_03017","0.998"
"6.5e-318","863.0",1,"PKJKAM_04597","1.002"
"6.5e-41","134.0",1,"IKCLMC_03475","0.989"
"6.5e-45","143.0",1,"LNHIMF_01644","1.0"
"6.5e-60","185.0",1,"GEGEGB_00176","0.975"
"6.5e-78","237.0",1,"HFCAGB_00113","0.920"
"6.5e-80","242.0",1,"HFCAGB_02522","0.991"
"6.6e-107","308.0",1,"GEGEGB_03202","0.975"
"6.6e-113","323.0",1,"PKJKAM_00632","0.988"
"6.6e-131","375.0",1,"GEGEGB_01736","1.0"
"6.6e-138","383.0",1,"PKJKAM_01512","1.0"
"6.6e-145","407.0",1,"IKCLMC_02699","1.0"
"6.6e-171","485.0",1,"ONMMKP_00949","1.121"
"6.6e-203","562.0",1,"PKJKAM_04161","0.984"
"6.6e-204","562.0",1,"BEJGEH_01822","0.982"
"6.6e-210","601.0",1,"PKJKAM_00173","0.945"
"6.6e-213","587.0",1,"LNHIMF_02709","1.0"
"6.6e-219","629.0",1,"AJBGEP_03152","1.077"
"6.6e-241","667.0",1,"GEGEGB_00817","1.059"
"6.6e-252","690.0",1,"GEGEGB_03512","1.0"
"6.6e-285","781.0",1,"IKCLMC_03603","1.087"
"6.6e-291","798.0",1,"BEJGEH_02488","1.017"
"6.6e-42","139.0",1,"GEGEGB_04278","0.949"
"6.6e-43","139.0",1,"GEGEGB_02192","1.0"
"6.6e-49","161.0",1,"ONMMKP_02350","0.867"
"6.6e-68","207.0",1,"LNHIMF_03312","1.007"
"6.6e-75","228.0",1,"BEJGEH_02805","1.027"
"6.6e-79","239.0",1,"PKJKAM_03709","0.979"
"6.6e-88","261.0",1,"ODDLKH_01617","1.0"
"6.7e-111","327.0",1,"HFCAGB_03969","0.996"
"6.7e-112","328.0",1,"IKCLMC_04313","0.989"
"6.7e-121","347.0",1,"HFCAGB_00948","0.802"
"6.7e-123","355.0",1,"IKCLMC_02001","0.996"
"6.7e-127","360.0",1,"HFCAGB_00328","1.0"
"6.7e-138","391.0",1,"GEGEGB_01768","1.0"
"6.7e-141","412.0",1,"PKJKAM_00776","0.988"
"6.7e-145","416.0",1,"AJBGEP_00738","1.068"
"6.7e-151","425.0",1,"ODDLKH_04514","0.988"
"6.7e-153","433.0",1,"HFCAGB_04293","0.996"
"6.7e-154","443.0",1,"GEGEGB_02122","0.970"
"6.7e-163","448.0",1,"GEGEGB_01346","1.0"
"6.7e-164","452.0",1,"GEGEGB_02429","1.0"
"6.7e-166","466.0",1,"ONMMKP_04281","1.0"
"6.7e-172","473.0",1,"HFCAGB_04014","1.0"
"6.7e-201","560.0",1,"LNHIMF_02334","1.0"
"6.7e-213","591.0",1,"GEGEGB_01599","0.988"
"6.7e-237","659.0",1,"BEJGEH_00223","1.0"
"6.7e-240","667.0",1,"HFCAGB_00421","0.989"
"6.7e-241","682.0",1,"LNHIMF_01043","1.0"
"6.7e-242","681.0",1,"AJBGEP_03925","0.996"
"6.7e-269","734.0",1,"GEGEGB_01149","1.024"
"6.7e-279","754.0",1,"PKJKAM_00509","1.0"
"6.7e-290","795.0",1,"GEGEGB_01307","0.996"
"6.7e-310","850.0",1,"GEGEGB_02153","0.846"
"6.7e-45","146.0",1,"GEGEGB_01629","1.0"
"6.7e-56","178.0",1,"IKCLMC_02095","0.958"
"6.7e-64","198.0",1,"IKCLMC_04026","0.982"
"6.7e-82","246.0",1,"ONMMKP_03521","0.934"
"6.7e-94","278.0",1,"ONMMKP_00428","1.062"
"6.7e-95","275.0",1,"GEGEGB_00764","1.0"
"6.8e-103","297.0",1,"GEGEGB_02188","1.0"
"6.8e-105","302.0",1,"GEGEGB_03753","0.942"
"6.8e-112","327.0",1,"IKCLMC_03578","1.004"
"6.8e-116","335.0",1,"PKJKAM_02928","0.982"
"6.8e-122","360.0",1,"LNHIMF_03586","0.988"
"6.8e-123","363.0",1,"GEGEGB_02965","0.943"
"6.8e-125","361.0",1,"HFCAGB_02425","1.0"
"6.8e-127","367.0",1,"IKCLMC_03628","0.996"
"6.8e-135","391.0",1,"LNHIMF_04065","0.980"
"6.8e-136","392.0",1,"ONMMKP_03092","0.986"
"6.8e-144","411.0",1,"PKJKAM_01521","0.996"
"6.8e-153","444.0",1,"ODDLKH_02964","0.983"
"6.8e-159","444.0",1,"ONMMKP_01569","1.051"
"6.8e-164","457.0",1,"ONMMKP_02594","0.996"
"6.8e-178","499.0",1,"LNHIMF_03704","0.984"
"6.8e-184","514.0",1,"GEGEGB_03838","0.800"
"6.8e-186","509.0",1,"ONMMKP_02317","1.0"
"6.8e-194","530.0",1,"GEGEGB_00886","1.0"
"6.8e-198","552.0",1,"PKJKAM_04487","1.0"
"6.8e-203","555.0",1,"ODDLKH_03770","1.0"
"6.8e-214","605.0",1,"LNHIMF_04353","0.946"
"6.8e-232","645.0",1,"LNHIMF_03622","1.0"
"6.8e-233","640.0",1,"GEGEGB_03756","1.0"
"6.8e-256","704.0",1,"BEJGEH_02587","1.0"
"6.8e-257","711.0",1,"GEGEGB_04370","0.889"
"6.8e-261","708.0",1,"BEJGEH_02069","1.0"
"6.8e-276","765.0",1,"AJBGEP_02743","0.957"
"6.8e-282","777.0",1,"BEJGEH_01026","0.976"
"6.8e-293","801.0",1,"AJBGEP_03505","1.150"
"6.8e-75","230.0",1,"ONMMKP_03260","0.923"
"6.8e-80","237.0",1,"LNHIMF_04460","1.0"
"6.8e-82","245.0",1,"GEGEGB_00186","0.989"
"6.8e-86","258.0",1,"LNHIMF_02479","0.986"
"6.9e-111","326.0",1,"IKCLMC_04123","0.945"
"6.9e-133","394.0",1,"GEGEGB_02948","1.132"
"6.9e-134","381.0",1,"BEJGEH_01253","1.0"
"6.9e-150","420.0",1,"HFCAGB_02638","1.0"
"6.9e-159","453.0",1,"LNHIMF_02217","0.994"
"6.9e-161","462.0",1,"ONMMKP_00519","0.984"
"6.9e-173","484.0",1,"BEJGEH_00728","0.996"
"6.9e-175","488.0",1,"HFCAGB_02551","0.981"
"6.9e-176","485.0",1,"LNHIMF_03701","0.981"
"6.9e-182","504.0",1,"GEGEGB_03725","1.0"
"6.9e-205","573.0",1,"PKJKAM_03539","0.833"
"6.9e-241","677.0",1,"AJBGEP_01546","1.0"
"6.9e-244","662.0",1,"ONMMKP_03112","1.0"
"6.9e-245","665.0",1,"GEGEGB_00269","1.0"
"6.9e-261","717.0",1,"AJBGEP_03132","0.895"
"6.9e-27","97.8",1,"HFCAGB_00674","0.875"
"6.9e-276","768.0",1,"HFCAGB_03873","1.009"
"6.9e-291","788.0",1,"HFCAGB_04489","1.0"
"6.9e-316","868.0",1,"PKJKAM_02748","0.920"
"6.9e-39","130.0",1,"HFCAGB_00977","0.991"
"6.9e-46","151.0",1,"IKCLMC_00593","0.932"
"6.9e-70","215.0",1,"AJBGEP_00634","1.0"
"6.9e-87","256.0",1,"PKJKAM_01101","0.994"
"6.9e-89","253.0",1,"LNHIMF_01465","1.0"
"7.0e-116","342.0",1,"IKCLMC_02493","0.943"
"7.0e-118","342.0",1,"BEJGEH_02131","1.105"
"7.0e-147","426.0",1,"PKJKAM_02255","1.0"
"7.0e-149","434.0",1,"BEJGEH_03888","1.035"
"7.0e-168","476.0",1,"HFCAGB_00332","0.828"
"7.0e-190","526.0",1,"LNHIMF_01310","1.0"
"7.0e-194","540.0",1,"GEGEGB_02600","0.993"
"7.0e-196","554.0",1,"ODDLKH_02940","0.998"
"7.0e-202","558.0",1,"HFCAGB_01602","1.0"
"7.0e-203","567.0",1,"HFCAGB_00988","1.032"
"7.0e-207","581.0",1,"IKCLMC_02799","0.940"
"7.0e-210","581.0",1,"ODDLKH_00599","1.0"
"7.0e-215","596.0",1,"LNHIMF_01978","1.0"
"7.0e-227","618.0",1,"LNHIMF_01754","1.0"
"7.0e-238","648.0",1,"LNHIMF_01470","1.0"
"7.0e-246","693.0",1,"GEGEGB_00973","1.014"
"7.0e-261","717.0",1,"AJBGEP_02446","0.941"
"7.0e-287","785.0",1,"HFCAGB_02989","0.929"
"7.0e-302","827.0",1,"IKCLMC_02803","1.0"
"7.0e-304","826.0",1,"GEGEGB_02332","1.0"
"7.0e-313","852.0",1,"GEGEGB_03507","0.995"
"7.0e-34","116.0",1,"PKJKAM_02203","0.988"
"7.0e-48","150.0",1,"IKCLMC_04856","1.0"
"7.0e-73","219.0",1,"ONMMKP_02558","1.0"
"7.0e-78","236.0",1,"GEGEGB_03049","1.0"
"7.0e-89","264.0",1,"ONMMKP_04803","1.020"
"7.1e-107","312.0",1,"HFCAGB_04508","0.973"
"7.1e-114","327.0",1,"GEGEGB_01114","0.995"
"7.1e-122","354.0",1,"PKJKAM_02422","0.992"
"7.1e-142","409.0",1,"PKJKAM_02666","1.066"
"7.1e-144","416.0",1,"HFCAGB_03602","1.003"
"7.1e-149","420.0",1,"GEGEGB_03746","1.0"
"7.1e-155","442.0",1,"IKCLMC_04655","0.891"
"7.1e-165","469.0",1,"LNHIMF_03757","0.963"
"7.1e-169","481.0",1,"PKJKAM_03626","0.995"
"7.1e-174","488.0",1,"PKJKAM_02798","0.986"
"7.1e-18","75.1",1,"IKCLMC_04470","0.931"
"7.1e-180","509.0",1,"BEJGEH_02032","0.963"
"7.1e-183","511.0",1,"PKJKAM_02869","0.952"
"7.1e-187","525.0",1,"LNHIMF_01531","1.0"
"7.1e-198","555.0",1,"GEGEGB_02609","0.995"
"7.1e-201","558.0",1,"BEJGEH_00160","0.968"
"7.1e-215","599.0",1,"LNHIMF_00396","0.961"
"7.1e-229","641.0",1,"GEGEGB_00543","1.008"
"7.1e-236","650.0",1,"BEJGEH_04094","1.060"
"7.1e-238","665.0",1,"ODDLKH_00687","0.994"
"7.1e-242","664.0",1,"HFCAGB_04598","0.938"
"7.1e-245","687.0",1,"GEGEGB_04438","0.994"
"7.1e-271","737.0",1,"PKJKAM_03993","1.0"
"7.1e-272","750.0",1,"GEGEGB_04122","1.166"
"7.1e-275","781.0",1,"LNHIMF_03610","0.992"
"7.1e-276","763.0",1,"BEJGEH_02341","0.988"
"7.1e-283","778.0",1,"GEGEGB_00435","0.979"
"7.1e-290","795.0",1,"LNHIMF_04624","1.0"
"7.1e-299","823.0",1,"BEJGEH_03924","1.0"
"7.1e-42","137.0",1,"HFCAGB_03533","0.949"
"7.1e-87","256.0",1,"ODDLKH_02813","1.0"
"7.1e-93","273.0",1,"LNHIMF_04033","0.983"
"7.2e-103","296.0",1,"BEJGEH_03516","1.038"
"7.2e-110","317.0",1,"ONMMKP_04356","0.995"
"7.2e-113","325.0",1,"GEGEGB_01043","0.970"
"7.2e-120","345.0",1,"AJBGEP_04569","0.991"
"7.2e-121","352.0",1,"ONMMKP_00926","0.971"
"7.2e-125","357.0",1,"GEGEGB_00960","1.0"
"7.2e-126","361.0",1,"ODDLKH_00916","0.996"
"7.2e-128","371.0",1,"ONMMKP_01948","0.993"
"7.2e-130","372.0",1,"GEGEGB_02293","0.984"
"7.2e-131","379.0",1,"GEGEGB_00603","0.987"
"7.2e-137","398.0",1,"HFCAGB_03603","0.976"
"7.2e-139","397.0",1,"PKJKAM_04457","0.984"
"7.2e-143","417.0",1,"LNHIMF_00148","0.988"
"7.2e-147","423.0",1,"BEJGEH_03254","0.988"
"7.2e-150","422.0",1,"IKCLMC_02439","1.146"
"7.2e-16","67.8",1,"GEGEGB_00647","1.023"
"7.2e-168","471.0",1,"PKJKAM_03972","1.211"
"7.2e-176","483.0",1,"BEJGEH_04210","1.0"
"7.2e-183","525.0",1,"GEGEGB_03806","1.049"
"7.2e-186","525.0",1,"HFCAGB_03170","1.068"
"7.2e-189","527.0",1,"IKCLMC_01929","0.993"
"7.2e-200","556.0",1,"LNHIMF_00798","1.0"
"7.2e-204","564.0",1,"HFCAGB_04033","0.819"
"7.2e-207","578.0",1,"LNHIMF_03856","0.833"
"7.2e-211","600.0",1,"AJBGEP_01883","0.975"
"7.2e-246","687.0",1,"ONMMKP_00186","0.949"
"7.2e-251","701.0",1,"GEGEGB_01926","0.980"
"7.2e-258","712.0",1,"ODDLKH_01332","0.967"
"7.2e-279","786.0",1,"IKCLMC_04720","0.968"
"7.2e-296","810.0",1,"ODDLKH_03414","0.998"
"7.2e-312","875.0",1,"PKJKAM_04083","1.0"
"7.2e-45","146.0",1,"GEGEGB_00601","0.964"
"7.2e-53","169.0",1,"IKCLMC_01092","0.980"
"7.2e-88","262.0",1,"ODDLKH_04439","0.985"
"7.2e-90","255.0",1,"GEGEGB_01354","1.0"
"7.3e-101","298.0",1,"IKCLMC_01386","1.0"
"7.3e-108","319.0",1,"IKCLMC_02186","0.996"
"7.3e-122","362.0",1,"LNHIMF_01718","0.930"
"7.3e-139","404.0",1,"ODDLKH_02290","1.056"
"7.3e-144","405.0",1,"GEGEGB_04884","0.928"
"7.3e-145","417.0",1,"HFCAGB_01765","0.892"
"7.3e-150","427.0",1,"GEGEGB_00429","1.0"
"7.3e-158","447.0",1,"LNHIMF_02726","0.950"
"7.3e-164","457.0",1,"LNHIMF_01762","0.970"
"7.3e-170","467.0",1,"GEGEGB_01142","1.0"
"7.3e-175","486.0",1,"BEJGEH_04614","1.0"
"7.3e-176","482.0",1,"GEGEGB_02252","1.0"
"7.3e-179","514.0",1,"ONMMKP_03627","1.0"
"7.3e-188","525.0",1,"IKCLMC_01421","0.981"
"7.3e-189","528.0",1,"IKCLMC_01084","1.104"
"7.3e-19","77.0",1,"PKJKAM_00780","0.952"
"7.3e-213","598.0",1,"LNHIMF_01522","0.889"
"7.3e-217","602.0",1,"ODDLKH_00337","1.0"
"7.3e-238","648.0",1,"HFCAGB_01935","1.0"
"7.3e-269","736.0",1,"HFCAGB_02148","1.070"
"7.3e-285","799.0",1,"PKJKAM_02121","0.988"
"7.3e-305","822.0",1,"ONMMKP_00545","1.0"
"7.3e-47","149.0",1,"IKCLMC_04547","0.989"
"7.3e-49","155.0",1,"GEGEGB_01127","0.938"
"7.3e-68","204.0",1,"IKCLMC_00722","0.917"
"7.3e-86","251.0",1,"GEGEGB_03201","1.0"
"7.4e-103","306.0",1,"BEJGEH_03424","0.982"
"7.4e-108","322.0",1,"AJBGEP_00499","1.058"
"7.4e-113","323.0",1,"ONMMKP_04671","1.0"
"7.4e-117","337.0",1,"PKJKAM_01607","0.976"
"7.4e-132","390.0",1,"LNHIMF_00269","0.985"
"7.4e-137","387.0",1,"HFCAGB_03924","1.0"
"7.4e-140","405.0",1,"LNHIMF_00515","0.966"
"7.4e-141","404.0",1,"PKJKAM_03612","0.993"
"7.4e-145","426.0",1,"GEGEGB_01912","0.945"
"7.4e-190","530.0",1,"HFCAGB_01227","1.0"
"7.4e-194","548.0",1,"AJBGEP_00812","1.0"
"7.4e-198","556.0",1,"ONMMKP_04802","0.974"
"7.4e-217","604.0",1,"GEGEGB_02625","0.961"
"7.4e-237","656.0",1,"LNHIMF_00068","1.183"
"7.4e-242","669.0",1,"IKCLMC_03010","1.015"
"7.4e-275","768.0",1,"ONMMKP_04532","0.967"
"7.4e-303","847.0",1,"BEJGEH_04068","0.981"
"7.4e-34","118.0",1,"IKCLMC_02597","0.963"
"7.4e-51","163.0",1,"AJBGEP_02958","0.993"
"7.4e-90","263.0",1,"BEJGEH_03733","0.873"
"7.5e-103","304.0",1,"ONMMKP_02405","0.984"
"7.5e-108","314.0",1,"BEJGEH_01816","0.991"
"7.5e-109","320.0",1,"BEJGEH_00846","1.0"
"7.5e-112","330.0",1,"IKCLMC_03413","0.986"
"7.5e-120","349.0",1,"BEJGEH_00159","1.007"
"7.5e-122","347.0",1,"BEJGEH_00629","1.082"
"7.5e-123","356.0",1,"BEJGEH_02964","0.977"
"7.5e-126","360.0",1,"GEGEGB_03427","0.986"
"7.5e-135","384.0",1,"HFCAGB_00852","0.940"
"7.5e-137","394.0",1,"IKCLMC_01356","0.990"
"7.5e-142","415.0",1,"ONMMKP_03882","1.003"
"7.5e-145","410.0",1,"HFCAGB_00695","0.992"
"7.5e-160","446.0",1,"AJBGEP_00894","1.058"
"7.5e-173","483.0",1,"LNHIMF_00091","0.972"
"7.5e-179","497.0",1,"PKJKAM_04085","0.980"
"7.5e-198","560.0",1,"LNHIMF_01095","0.981"
"7.5e-199","559.0",1,"ONMMKP_01581","0.974"
"7.5e-200","560.0",1,"LNHIMF_00412","0.995"
"7.5e-205","577.0",1,"HFCAGB_03278","1.0"
"7.5e-216","588.0",1,"GEGEGB_01486","1.0"
"7.5e-221","609.0",1,"LNHIMF_03689","1.0"
"7.5e-222","603.0",1,"PKJKAM_02483","1.0"
"7.5e-232","643.0",1,"AJBGEP_03410","0.802"
"7.5e-242","667.0",1,"ONMMKP_01922","0.840"
"7.5e-249","686.0",1,"PKJKAM_03877","1.0"
"7.5e-282","770.0",1,"ONMMKP_04542","0.938"
"7.5e-285","783.0",1,"BEJGEH_02484","0.979"
"7.5e-305","830.0",1,"LNHIMF_00916","1.026"
"7.5e-308","847.0",1,"GEGEGB_00979","1.0"
"7.5e-34","117.0",1,"ONMMKP_01287","1.0"
"7.5e-49","155.0",1,"GEGEGB_01348","0.906"
"7.5e-54","169.0",1,"GEGEGB_00531","0.968"
"7.5e-60","190.0",1,"GEGEGB_03127","1.046"
"7.5e-75","227.0",1,"GEGEGB_04322","1.006"
"7.5e-80","238.0",1,"ONMMKP_04771","0.981"
"7.5e-85","253.0",1,"LNHIMF_00440","0.983"
"7.5e-90","265.0",1,"LNHIMF_04250","1.0"
"7.6e-117","346.0",1,"LNHIMF_01072","0.985"
"7.6e-118","340.0",1,"GEGEGB_00292","1.0"
"7.6e-119","342.0",1,"IKCLMC_03768","1.0"
"7.6e-132","378.0",1,"GEGEGB_02208","0.992"
"7.6e-144","405.0",1,"HFCAGB_03299","0.986"
"7.6e-147","414.0",1,"LNHIMF_01077","0.818"
"7.6e-150","423.0",1,"ONMMKP_01609","0.854"
"7.6e-151","435.0",1,"PKJKAM_00380","0.981"
"7.6e-156","436.0",1,"LNHIMF_04096","0.996"
"7.6e-159","446.0",1,"GEGEGB_03078","0.836"
"7.6e-196","567.0",1,"LNHIMF_03544","1.118"
"7.6e-199","558.0",1,"ONMMKP_00250","0.925"
"7.6e-209","598.0",1,"ODDLKH_01950","0.945"
"7.6e-218","626.0",1,"PKJKAM_02371","1.077"
"7.6e-228","642.0",1,"IKCLMC_02700","0.974"
"7.6e-248","680.0",1,"BEJGEH_03758","0.922"
"7.6e-252","692.0",1,"GEGEGB_02470","1.008"
"7.6e-258","700.0",1,"HFCAGB_02309","1.0"
"7.6e-28","99.8",1,"GEGEGB_03271","0.955"
"7.6e-282","786.0",1,"BEJGEH_04274","1.0"
"7.6e-314","857.0",1,"ONMMKP_04799","0.913"
"7.6e-315","850.0",1,"PKJKAM_00801","1.0"
"7.6e-62","193.0",1,"LNHIMF_03700","0.994"
"7.6e-83","244.0",1,"BEJGEH_03000","1.0"
"7.6e-95","284.0",1,"LNHIMF_04603","0.959"
"7.7e-100","298.0",1,"LNHIMF_00164","0.992"
"7.7e-110","324.0",1,"PKJKAM_03300","0.996"
"7.7e-111","323.0",1,"PKJKAM_04503","0.991"
"7.7e-132","378.0",1,"LNHIMF_01785","1.0"
"7.7e-137","380.0",1,"ONMMKP_02811","1.0"
"7.7e-156","456.0",1,"ONMMKP_00506","1.021"
"7.7e-157","443.0",1,"GEGEGB_04052","1.148"
"7.7e-160","452.0",1,"PKJKAM_04491","0.980"
"7.7e-190","527.0",1,"GEGEGB_02484","1.0"
"7.7e-194","540.0",1,"GEGEGB_03397","0.997"
"7.7e-213","592.0",1,"LNHIMF_03531","1.086"
"7.7e-215","603.0",1,"GEGEGB_01412","0.889"
"7.7e-218","592.0",1,"LNHIMF_01789","1.0"
"7.7e-264","715.0",1,"PKJKAM_03356","1.0"
"7.7e-308","833.0",1,"GEGEGB_00871","1.0"
"7.7e-311","850.0",1,"GEGEGB_00889","0.884"
"7.7e-35","120.0",1,"GEGEGB_01509","0.805"
"7.7e-57","179.0",1,"BEJGEH_04304","1.007"
"7.7e-76","228.0",1,"GEGEGB_01084","0.987"
"7.7e-89","270.0",1,"GEGEGB_02059","0.992"
"7.8e-134","386.0",1,"GEGEGB_01519","0.972"
"7.8e-153","436.0",1,"ODDLKH_01948","0.994"
"7.8e-156","443.0",1,"HFCAGB_03009","0.984"
"7.8e-157","433.0",1,"GEGEGB_00024","1.0"
"7.8e-158","451.0",1,"IKCLMC_01840","1.0"
"7.8e-162","457.0",1,"GEGEGB_00623","0.986"
"7.8e-165","464.0",1,"GEGEGB_00335","1.0"
"7.8e-184","511.0",1,"HFCAGB_01958","0.997"
"7.8e-185","530.0",1,"GEGEGB_01000","0.983"
"7.8e-196","553.0",1,"ONMMKP_01323","1.0"
"7.8e-212","608.0",1,"ONMMKP_03287","0.938"
"7.8e-218","593.0",1,"GEGEGB_03524","1.0"
"7.8e-219","608.0",1,"IKCLMC_04867","1.228"
"7.8e-226","626.0",1,"HFCAGB_04733","1.0"
"7.8e-237","654.0",1,"GEGEGB_01483","0.839"
"7.8e-245","672.0",1,"LNHIMF_04423","0.994"
"7.8e-249","705.0",1,"AJBGEP_03866","1.081"
"7.8e-281","787.0",1,"ONMMKP_01024","1.072"
"7.8e-299","831.0",1,"GEGEGB_04610","1.231"
"7.8e-30","107.0",1,"HFCAGB_03492","0.895"
"7.8e-307","835.0",1,"ONMMKP_01324","1.026"
"7.8e-47","153.0",1,"BEJGEH_01422","1.066"
"7.8e-58","181.0",1,"LNHIMF_01348","0.942"
"7.8e-91","274.0",1,"HFCAGB_03184","1.008"
"7.8e-95","278.0",1,"GEGEGB_02443","0.982"
"7.9e-101","295.0",1,"AJBGEP_03575","0.989"
"7.9e-103","301.0",1,"HFCAGB_03975","1.0"
"7.9e-105","310.0",1,"HFCAGB_02910","1.0"
"7.9e-110","319.0",1,"ONMMKP_00859","0.944"
"7.9e-113","316.0",1,"LNHIMF_01447","1.0"
"7.9e-117","338.0",1,"GEGEGB_00782","0.996"
"7.9e-126","364.0",1,"GEGEGB_03289","0.996"
"7.9e-135","389.0",1,"AJBGEP_03923","0.986"
"7.9e-143","408.0",1,"GEGEGB_03511","0.996"
"7.9e-147","416.0",1,"ONMMKP_01546","0.992"
"7.9e-152","428.0",1,"PKJKAM_03482","0.971"
"7.9e-159","456.0",1,"HFCAGB_03717","0.992"
"7.9e-163","455.0",1,"GEGEGB_04343","0.996"
"7.9e-167","476.0",1,"PKJKAM_01557","1.003"
"7.9e-170","485.0",1,"GEGEGB_02344","1.109"
"7.9e-174","488.0",1,"LNHIMF_03927","1.0"
"7.9e-18","75.1",1,"BEJGEH_01381","0.986"
"7.9e-182","506.0",1,"LNHIMF_00367","1.0"
"7.9e-187","529.0",1,"LNHIMF_02708","0.955"
"7.9e-195","533.0",1,"PKJKAM_00605","1.0"
"7.9e-201","556.0",1,"IKCLMC_04876","0.986"
"7.9e-202","561.0",1,"LNHIMF_02942","0.997"
"7.9e-204","565.0",1,"IKCLMC_01969","1.0"
"7.9e-205","570.0",1,"ONMMKP_00435","0.988"
"7.9e-207","583.0",1,"GEGEGB_04615","0.976"
"7.9e-209","577.0",1,"ODDLKH_03080","1.039"
"7.9e-216","600.0",1,"GEGEGB_02444","0.944"
"7.9e-232","630.0",1,"LNHIMF_04111","1.0"
"7.9e-237","654.0",1,"ONMMKP_01570","1.0"
"7.9e-273","749.0",1,"PKJKAM_02113","0.823"
"7.9e-288","788.0",1,"BEJGEH_01805","0.803"
"7.9e-303","827.0",1,"IKCLMC_04065","0.880"
"7.9e-318","889.0",1,"PKJKAM_02874","1.018"
"7.9e-36","123.0",1,"HFCAGB_04027","0.963"
"7.9e-39","131.0",1,"LNHIMF_01578","0.933"
"7.9e-47","152.0",1,"LNHIMF_02613","0.975"
"7.9e-59","183.0",1,"GEGEGB_02128","0.960"
"7.9e-85","249.0",1,"AJBGEP_01949","0.954"
"7.9e-94","273.0",1,"PKJKAM_03981","0.993"
"8.0e-110","318.0",1,"BEJGEH_01168","0.970"
"8.0e-129","367.0",1,"ODDLKH_03502","0.898"
"8.0e-131","364.0",1,"LNHIMF_00845","1.0"
"8.0e-134","384.0",1,"GEGEGB_04208","0.996"
"8.0e-136","383.0",1,"HFCAGB_02026","1.0"
"8.0e-137","389.0",1,"LNHIMF_04101","0.983"
"8.0e-140","397.0",1,"LNHIMF_03217","1.004"
"8.0e-142","400.0",1,"ONMMKP_01049","1.0"
"8.0e-154","433.0",1,"BEJGEH_02946","0.857"
"8.0e-155","443.0",1,"GEGEGB_01538","0.991"
"8.0e-164","469.0",1,"ODDLKH_00865","0.989"
"8.0e-168","471.0",1,"HFCAGB_02118","1.192"
"8.0e-171","475.0",1,"ODDLKH_04457","1.0"
"8.0e-204","570.0",1,"BEJGEH_03859","0.833"
"8.0e-208","577.0",1,"GEGEGB_01805","1.023"
"8.0e-212","588.0",1,"ONMMKP_00935","0.994"
"8.0e-224","642.0",1,"LNHIMF_01662","0.942"
"8.0e-240","652.0",1,"ONMMKP_01604","1.0"
"8.0e-252","699.0",1,"ONMMKP_04738","0.983"
"8.0e-268","741.0",1,"ODDLKH_03352","0.979"
"8.0e-286","783.0",1,"BEJGEH_03259","1.087"
"8.0e-292","815.0",1,"ONMMKP_04515","0.993"
"8.0e-294","803.0",1,"LNHIMF_03699","1.0"
"8.0e-304","838.0",1,"ONMMKP_02062","1.0"
"8.0e-310","855.0",1,"BEJGEH_00266","1.005"
"8.0e-317","866.0",1,"GEGEGB_02070","0.992"
"8.0e-43","140.0",1,"HFCAGB_04492","1.0"
"8.0e-59","184.0",1,"BEJGEH_01198","1.0"
"8.0e-74","223.0",1,"GEGEGB_01674","0.994"
"8.0e-83","249.0",1,"BEJGEH_01935","0.953"
"8.0e-91","275.0",1,"IKCLMC_01247","1.022"
"8.1e-102","305.0",1,"GEGEGB_02479","1.013"
"8.1e-108","322.0",1,"HFCAGB_02830","1.009"
"8.1e-121","350.0",1,"ONMMKP_03339","1.081"
"8.1e-125","367.0",1,"IKCLMC_01301","0.942"
"8.1e-126","351.0",1,"BEJGEH_02071","1.0"
"8.1e-129","367.0",1,"PKJKAM_02001","1.0"
"8.1e-149","422.0",1,"AJBGEP_04171","0.992"
"8.1e-165","466.0",1,"HFCAGB_01976","0.997"
"8.1e-166","479.0",1,"IKCLMC_01354","1.127"
"8.1e-172","488.0",1,"PKJKAM_00557","1.121"
"8.1e-240","660.0",1,"HFCAGB_02724","0.997"
"8.1e-242","666.0",1,"HFCAGB_02317","0.991"
"8.1e-252","691.0",1,"BEJGEH_04512","1.0"
"8.1e-258","707.0",1,"IKCLMC_02744","0.989"
"8.1e-291","797.0",1,"IKCLMC_04795","0.996"
"8.1e-294","793.0",1,"AJBGEP_04447","1.0"
"8.1e-316","865.0",1,"IKCLMC_02518","0.982"
"8.1e-47","147.0",1,"HFCAGB_01975","1.0"
"8.1e-78","233.0",1,"ONMMKP_00180","0.987"
"8.1e-87","256.0",1,"GEGEGB_00439","1.024"
"8.1e-93","276.0",1,"ODDLKH_02176","0.986"
"8.2e-103","301.0",1,"LNHIMF_00146","0.990"
"8.2e-106","310.0",1,"PKJKAM_01239","0.969"
"8.2e-107","305.0",1,"HFCAGB_01485","1.0"
"8.2e-112","313.0",1,"LNHIMF_02910","1.0"
"8.2e-115","321.0",1,"IKCLMC_01887","1.0"
"8.2e-120","352.0",1,"BEJGEH_00910","0.986"
"8.2e-132","390.0",1,"GEGEGB_01221","0.959"
"8.2e-139","395.0",1,"AJBGEP_03772","0.996"
"8.2e-154","436.0",1,"LNHIMF_04092","0.996"
"8.2e-164","451.0",1,"IKCLMC_04758","1.0"
"8.2e-168","461.0",1,"LNHIMF_01391","1.0"
"8.2e-173","485.0",1,"IKCLMC_01314","0.986"
"8.2e-181","506.0",1,"HFCAGB_01011","1.0"
"8.2e-182","517.0",1,"LNHIMF_01011","1.176"
"8.2e-186","519.0",1,"GEGEGB_03060","0.818"
"8.2e-197","556.0",1,"HFCAGB_03017","0.960"
"8.2e-228","629.0",1,"GEGEGB_01613","0.994"
"8.2e-238","661.0",1,"ONMMKP_01959","1.0"
"8.2e-243","684.0",1,"LNHIMF_03783","0.996"
"8.2e-244","684.0",1,"ODDLKH_00165","0.994"
"8.2e-257","697.0",1,"HFCAGB_04015","1.0"
"8.2e-258","712.0",1,"AJBGEP_02955","0.998"
"8.2e-265","736.0",1,"AJBGEP_02483","1.144"
"8.2e-292","798.0",1,"LNHIMF_00948","1.0"
"8.2e-43","141.0",1,"LNHIMF_01532","0.892"
"8.2e-59","182.0",1,"GEGEGB_00455","1.0"
"8.2e-71","215.0",1,"ODDLKH_03572","0.963"
"8.2e-73","224.0",1,"LNHIMF_03068","0.990"
"8.2e-83","239.0",1,"BEJGEH_02880","1.0"
"8.2e-84","252.0",1,"ONMMKP_02797","0.990"
"8.2e-91","267.0",1,"GEGEGB_04080","0.944"
"8.2e-96","278.0",1,"LNHIMF_02281","1.0"
"8.2e-97","289.0",1,"PKJKAM_00554","0.971"
"8.3e-110","313.0",1,"LNHIMF_00797","1.0"
"8.3e-112","323.0",1,"GEGEGB_01397","1.0"
"8.3e-113","331.0",1,"IKCLMC_00974","1.0"
"8.3e-119","351.0",1,"ONMMKP_04598","0.991"
"8.3e-120","335.0",1,"LNHIMF_00557","1.0"
"8.3e-134","380.0",1,"ONMMKP_00438","0.995"
"8.3e-137","393.0",1,"GEGEGB_03358","1.0"
"8.3e-181","502.0",1,"GEGEGB_04250","0.996"
"8.3e-191","540.0",1,"GEGEGB_00632","1.0"
"8.3e-242","657.0",1,"ODDLKH_01036","1.0"
"8.3e-278","773.0",1,"PKJKAM_01216","0.974"
"8.3e-294","804.0",1,"BEJGEH_03356","1.150"
"8.3e-53","159.0",1,"GEGEGB_01361","1.0"
"8.3e-71","211.0",1,"GEGEGB_04397","0.981"
"8.3e-92","276.0",1,"IKCLMC_04134","0.984"
"8.3e-97","290.0",1,"HFCAGB_00165","0.992"
"8.4e-100","291.0",1,"GEGEGB_04326","1.0"
"8.4e-102","293.0",1,"HFCAGB_03719","1.038"
"8.4e-106","310.0",1,"ODDLKH_04546","1.005"
"8.4e-116","330.0",1,"HFCAGB_01162","0.988"
"8.4e-125","357.0",1,"PKJKAM_04404","0.987"
"8.4e-144","397.0",1,"ODDLKH_01040","1.0"
"8.4e-145","407.0",1,"AJBGEP_02373","1.032"
"8.4e-151","422.0",1,"GEGEGB_00527","1.0"
"8.4e-154","441.0",1,"LNHIMF_00790","1.041"
"8.4e-171","480.0",1,"BEJGEH_01390","0.994"
"8.4e-190","529.0",1,"GEGEGB_04855","1.202"
"8.4e-202","561.0",1,"ONMMKP_02644","0.997"
"8.4e-204","562.0",1,"HFCAGB_04545","1.0"
"8.4e-213","599.0",1,"IKCLMC_03664","0.991"
"8.4e-221","613.0",1,"LNHIMF_02873","1.042"
"8.4e-239","667.0",1,"AJBGEP_01817","1.150"
"8.4e-240","665.0",1,"IKCLMC_02387","0.995"
"8.4e-242","680.0",1,"IKCLMC_04696","1.0"
"8.4e-245","664.0",1,"PKJKAM_03631","1.0"
"8.4e-278","779.0",1,"GEGEGB_01906","1.072"
"8.4e-291","788.0",1,"LNHIMF_00169","1.0"
"8.4e-302","849.0",1,"GEGEGB_03249","0.979"
"8.4e-76","228.0",1,"LNHIMF_04605","1.0"
"8.4e-79","236.0",1,"GEGEGB_02123","0.924"
"8.4e-95","279.0",1,"GEGEGB_03106","1.0"
"8.4e-99","285.0",1,"GEGEGB_04385","1.0"
"8.5e-102","299.0",1,"HFCAGB_03580","0.976"
"8.5e-107","319.0",1,"LNHIMF_00504","1.058"
"8.5e-132","382.0",1,"ONMMKP_02175","1.0"
"8.5e-140","394.0",1,"ONMMKP_02474","0.995"
"8.5e-141","398.0",1,"BEJGEH_02767","1.0"
"8.5e-149","424.0",1,"LNHIMF_02596","1.0"
"8.5e-153","422.0",1,"IKCLMC_04572","1.0"
"8.5e-158","435.0",1,"GEGEGB_04426","1.0"
"8.5e-167","470.0",1,"ONMMKP_04297","0.996"
"8.5e-194","544.0",1,"GEGEGB_01576","0.989"
"8.5e-203","560.0",1,"AJBGEP_01764","1.0"
"8.5e-219","622.0",1,"ODDLKH_03680","0.985"
"8.5e-246","673.0",1,"GEGEGB_03891","1.017"
"8.5e-255","701.0",1,"IKCLMC_03680","1.0"
"8.5e-268","732.0",1,"GEGEGB_00546","0.995"
"8.5e-279","763.0",1,"ONMMKP_02321","1.0"
"8.5e-295","796.0",1,"IKCLMC_01944","1.0"
"8.5e-30","108.0",1,"BEJGEH_01417","0.946"
"8.5e-34","117.0",1,"ONMMKP_03549","1.0"
"8.5e-70","215.0",1,"ONMMKP_02115","0.956"
"8.5e-95","283.0",1,"LNHIMF_01829","1.055"
"8.6e-103","296.0",1,"BEJGEH_01457","1.0"
"8.6e-121","350.0",1,"PKJKAM_01401","1.110"
"8.6e-126","361.0",1,"IKCLMC_00426","1.156"
"8.6e-128","383.0",1,"GEGEGB_04023","1.108"
"8.6e-129","377.0",1,"ONMMKP_01207","1.028"
"8.6e-136","390.0",1,"GEGEGB_01572","0.911"
"8.6e-139","394.0",1,"HFCAGB_03930","1.123"
"8.6e-143","405.0",1,"GEGEGB_02119","0.826"
"8.6e-146","420.0",1,"LNHIMF_00050","0.984"
"8.6e-171","482.0",1,"AJBGEP_01891","1.164"
"8.6e-179","502.0",1,"GEGEGB_03873","0.984"
"8.6e-182","513.0",1,"BEJGEH_03822","0.844"
"8.6e-192","544.0",1,"AJBGEP_04246","0.998"
"8.6e-208","582.0",1,"HFCAGB_04177","0.954"
"8.6e-215","598.0",1,"LNHIMF_01274","0.976"
"8.6e-217","600.0",1,"IKCLMC_00765","1.0"
"8.6e-235","637.0",1,"LNHIMF_02975","1.0"
"8.6e-243","669.0",1,"HFCAGB_00440","0.997"
"8.6e-248","684.0",1,"ONMMKP_04640","1.0"
"8.6e-26","97.4",1,"GEGEGB_04712","0.950"
"8.6e-261","707.0",1,"LNHIMF_00404","1.0"
"8.6e-262","726.0",1,"PKJKAM_02097","1.0"
"8.6e-264","727.0",1,"HFCAGB_02007","1.091"
"8.6e-265","733.0",1,"ODDLKH_00922","0.993"
"8.6e-318","882.0",1,"PKJKAM_01578","0.998"
"8.6e-56","176.0",1,"GEGEGB_01012","0.947"
"8.6e-58","179.0",1,"PKJKAM_02515","1.0"
"8.6e-59","181.0",1,"IKCLMC_01137","0.906"
"8.6e-72","214.0",1,"GEGEGB_01189","0.982"
"8.6e-74","223.0",1,"IKCLMC_03352","0.987"
"8.6e-87","256.0",1,"HFCAGB_04725","0.980"
"8.6e-98","293.0",1,"GEGEGB_00358","1.0"
"8.7e-118","333.0",1,"PKJKAM_00536","0.995"
"8.7e-121","338.0",1,"GEGEGB_02436","1.0"
"8.7e-123","358.0",1,"IKCLMC_02547","0.961"
"8.7e-144","408.0",1,"GEGEGB_02378","0.992"
"8.7e-165","471.0",1,"IKCLMC_01819","0.974"
"8.7e-177","494.0",1,"ODDLKH_04312","1.0"
"8.7e-191","534.0",1,"GEGEGB_01853","0.997"
"8.7e-193","538.0",1,"IKCLMC_03634","0.947"
"8.7e-202","561.0",1,"GEGEGB_04630","1.0"
"8.7e-203","555.0",1,"ONMMKP_04774","0.960"
"8.7e-227","633.0",1,"GEGEGB_02594","0.988"
"8.7e-265","747.0",1,"GEGEGB_02304","1.040"
"8.7e-268","725.0",1,"PKJKAM_03791","1.0"
"8.7e-281","766.0",1,"BEJGEH_02528","0.995"
"8.7e-53","167.0",1,"BEJGEH_02396","0.968"
"8.7e-65","198.0",1,"LNHIMF_01413","0.993"
"8.7e-74","222.0",1,"BEJGEH_00156","1.124"
"8.7e-85","250.0",1,"GEGEGB_01107","1.0"
"8.7e-86","261.0",1,"BEJGEH_01329","1.198"
"8.7e-87","256.0",1,"LNHIMF_01105","0.986"
"8.8e-103","305.0",1,"BEJGEH_01476","0.980"
"8.8e-104","311.0",1,"BEJGEH_03587","0.986"
"8.8e-120","351.0",1,"GEGEGB_01381","1.013"
"8.8e-122","354.0",1,"LNHIMF_01248","0.971"
"8.8e-124","360.0",1,"LNHIMF_00093","0.971"
"8.8e-126","351.0",1,"LNHIMF_01291","1.0"
"8.8e-133","392.0",1,"GEGEGB_02962","1.206"
"8.8e-142","394.0",1,"IKCLMC_04258","0.995"
"8.8e-161","465.0",1,"LNHIMF_03056","1.0"
"8.8e-163","476.0",1,"LNHIMF_01715","1.007"
"8.8e-182","513.0",1,"AJBGEP_04677","0.981"
"8.8e-187","528.0",1,"LNHIMF_02991","1.068"
"8.8e-192","525.0",1,"ONMMKP_00703","1.0"
"8.8e-201","558.0",1,"BEJGEH_00671","1.0"
"8.8e-212","602.0",1,"LNHIMF_01860","0.975"
"8.8e-224","620.0",1,"ONMMKP_04034","0.992"
"8.8e-255","692.0",1,"PKJKAM_03789","1.0"
"8.8e-265","728.0",1,"BEJGEH_03309","0.841"
"8.8e-275","743.0",1,"HFCAGB_02055","1.0"
"8.8e-317","873.0",1,"LNHIMF_01993","1.0"
"8.8e-318","878.0",1,"ONMMKP_02408","1.293"
"8.8e-50","159.0",1,"LNHIMF_01323","0.983"
"8.8e-51","158.0",1,"IKCLMC_01302","1.0"
"8.8e-59","183.0",1,"GEGEGB_03226","0.985"
"8.8e-79","237.0",1,"AJBGEP_03291","0.989"
"8.8e-90","263.0",1,"GEGEGB_00130","1.0"
"8.9e-109","321.0",1,"ODDLKH_00918","0.996"
"8.9e-112","331.0",1,"ONMMKP_04662","0.931"
"8.9e-131","382.0",1,"GEGEGB_02232","0.931"
"8.9e-137","387.0",1,"ONMMKP_03707","0.903"
"8.9e-138","402.0",1,"BEJGEH_01263","0.986"
"8.9e-140","403.0",1,"GEGEGB_00299","0.993"
"8.9e-146","411.0",1,"BEJGEH_00947","0.818"
"8.9e-153","422.0",1,"HFCAGB_00502","1.0"
"8.9e-157","448.0",1,"AJBGEP_00380","1.101"
"8.9e-159","449.0",1,"IKCLMC_00097","0.950"
"8.9e-161","459.0",1,"PKJKAM_04121","1.048"
"8.9e-199","558.0",1,"GEGEGB_02071","0.997"
"8.9e-219","612.0",1,"LNHIMF_00996","0.980"
"8.9e-247","677.0",1,"ODDLKH_04165","0.922"
"8.9e-257","706.0",1,"ODDLKH_03591","1.0"
"8.9e-267","736.0",1,"GEGEGB_00579","0.971"
"8.9e-276","755.0",1,"IKCLMC_04083","1.0"
"8.9e-73","221.0",1,"ONMMKP_03496","1.161"
"8.9e-87","253.0",1,"ONMMKP_03701","1.0"
"9.0e-102","296.0",1,"GEGEGB_02500","1.0"
"9.0e-106","316.0",1,"LNHIMF_01569","1.057"
"9.0e-112","332.0",1,"ONMMKP_02391","0.981"
"9.0e-117","336.0",1,"LNHIMF_04495","0.976"
"9.0e-136","393.0",1,"IKCLMC_03524","1.003"
"9.0e-138","389.0",1,"LNHIMF_03719","1.0"
"9.0e-140","403.0",1,"IKCLMC_02729","0.997"
"9.0e-224","619.0",1,"LNHIMF_01023","1.202"
"9.0e-236","647.0",1,"IKCLMC_03174","1.024"
"9.0e-239","659.0",1,"GEGEGB_00864","0.991"
"9.0e-280","784.0",1,"HFCAGB_01160","1.072"
"9.0e-55","169.0",1,"IKCLMC_02911","1.0"
"9.0e-61","189.0",1,"HFCAGB_02009","0.943"
"9.0e-65","202.0",1,"GEGEGB_04744","0.994"
"9.0e-69","213.0",1,"ODDLKH_02105","1.059"
"9.0e-74","225.0",1,"AJBGEP_00366","1.023"
"9.0e-90","261.0",1,"HFCAGB_04302","1.0"
"9.0e-94","281.0",1,"IKCLMC_00462","0.892"
"9.1e-100","294.0",1,"LNHIMF_04576","0.946"
"9.1e-116","331.0",1,"HFCAGB_01304","0.995"
"9.1e-120","350.0",1,"LNHIMF_00151","1.027"
"9.1e-124","362.0",1,"ODDLKH_04567","0.993"
"9.1e-127","362.0",1,"LNHIMF_01691","0.981"
"9.1e-128","356.0",1,"BEJGEH_01843","1.0"
"9.1e-137","387.0",1,"LNHIMF_04204","0.996"
"9.1e-141","407.0",1,"HFCAGB_00515","0.966"
"9.1e-151","435.0",1,"LNHIMF_00147","1.020"
"9.1e-163","471.0",1,"IKCLMC_01702","0.979"
"9.1e-174","499.0",1,"IKCLMC_01925","1.051"
"9.1e-175","486.0",1,"GEGEGB_04243","1.052"
"9.1e-176","489.0",1,"HFCAGB_00819","0.858"
"9.1e-179","511.0",1,"HFCAGB_00080","1.035"
"9.1e-182","509.0",1,"HFCAGB_03316","0.984"
"9.1e-193","539.0",1,"LNHIMF_01196","0.997"
"9.1e-195","550.0",1,"BEJGEH_00788","1.0"
"9.1e-205","560.0",1,"LNHIMF_02134","0.960"
"9.1e-21","80.1",1,"IKCLMC_02114","1.0"
"9.1e-217","590.0",1,"HFCAGB_04188","1.0"
"9.1e-225","624.0",1,"GEGEGB_01550","0.985"
"9.1e-226","616.0",1,"HFCAGB_03097","1.0"
"9.1e-241","661.0",1,"IKCLMC_03334","1.088"
"9.1e-248","682.0",1,"HFCAGB_01606","1.0"
"9.1e-264","743.0",1,"HFCAGB_01439","0.986"
"9.1e-266","732.0",1,"PKJKAM_02409","1.0"
"9.1e-268","734.0",1,"GEGEGB_00277","0.882"
"9.1e-280","778.0",1,"HFCAGB_01479","0.977"
"9.1e-304","850.0",1,"IKCLMC_00659","0.981"
"9.1e-306","832.0",1,"HFCAGB_00866","1.026"
"9.1e-309","849.0",1,"HFCAGB_01253","1.0"
"9.1e-315","848.0",1,"ONMMKP_02762","1.0"
"9.1e-52","166.0",1,"BEJGEH_02789","0.993"
"9.1e-56","172.0",1,"IKCLMC_01473","1.0"
"9.1e-74","226.0",1,"BEJGEH_01591","0.966"
"9.1e-84","248.0",1,"BEJGEH_02831","0.936"
"9.1e-99","285.0",1,"AJBGEP_03352","1.0"
"9.2e-103","304.0",1,"LNHIMF_03107","1.012"
"9.2e-109","316.0",1,"IKCLMC_04893","0.991"
"9.2e-117","338.0",1,"AJBGEP_03496","0.893"
"9.2e-118","335.0",1,"GEGEGB_04625","0.921"
"9.2e-120","344.0",1,"PKJKAM_00313","1.0"
"9.2e-130","380.0",1,"LNHIMF_00455","0.994"
"9.2e-138","397.0",1,"BEJGEH_03303","0.978"
"9.2e-151","425.0",1,"GEGEGB_02734","0.971"
"9.2e-154","425.0",1,"BEJGEH_01675","1.0"
"9.2e-160","463.0",1,"GEGEGB_02639","0.947"
"9.2e-167","473.0",1,"BEJGEH_00811","0.994"
"9.2e-17","72.4",1,"BEJGEH_00084","0.921"
"9.2e-177","501.0",1,"GEGEGB_03297","0.989"
"9.2e-180","506.0",1,"BEJGEH_00823","1.0"
"9.2e-187","521.0",1,"AJBGEP_02627","0.903"
"9.2e-191","536.0",1,"ONMMKP_03031","0.997"
"9.2e-20","77.0",1,"BEJGEH_04679","1.0"
"9.2e-200","561.0",1,"HFCAGB_00659","0.974"
"9.2e-201","558.0",1,"PKJKAM_02460","1.0"
"9.2e-211","588.0",1,"ONMMKP_03875","1.137"
"9.2e-217","599.0",1,"ONMMKP_01665","0.997"
"9.2e-223","628.0",1,"LNHIMF_03832","0.986"
"9.2e-226","623.0",1,"PKJKAM_01274","1.006"
"9.2e-272","750.0",1,"IKCLMC_03382","0.991"
"9.2e-291","806.0",1,"ODDLKH_00230","0.838"
"9.2e-310","850.0",1,"HFCAGB_00918","0.847"
"9.2e-71","218.0",1,"GEGEGB_00894","0.958"
"9.3e-102","295.0",1,"BEJGEH_03764","0.994"
"9.3e-109","313.0",1,"GEGEGB_03130","0.995"
"9.3e-117","334.0",1,"LNHIMF_02487","1.0"
"9.3e-132","383.0",1,"GEGEGB_04336","1.094"
"9.3e-135","400.0",1,"ONMMKP_00452","1.088"
"9.3e-143","417.0",1,"GEGEGB_03021","1.003"
"9.3e-162","454.0",1,"AJBGEP_04549","1.159"
"9.3e-163","471.0",1,"ONMMKP_01299","0.944"
"9.3e-178","514.0",1,"IKCLMC_03715","1.004"
"9.3e-199","555.0",1,"ODDLKH_03565","0.994"
"9.3e-204","578.0",1,"HFCAGB_03189","1.015"
"9.3e-209","588.0",1,"ONMMKP_01900","1.010"
"9.3e-221","623.0",1,"LNHIMF_00342","0.998"
"9.3e-237","664.0",1,"GEGEGB_02542","0.923"
"9.3e-244","687.0",1,"PKJKAM_04182","1.014"
"9.3e-247","679.0",1,"HFCAGB_03926","1.034"
"9.3e-283","788.0",1,"GEGEGB_04352","1.0"
"9.3e-299","816.0",1,"ONMMKP_00670","1.036"
"9.3e-54","160.0",1,"AJBGEP_03037","1.0"
"9.3e-80","242.0",1,"LNHIMF_01845","0.966"
"9.3e-87","253.0",1,"BEJGEH_03140","1.0"
"9.3e-90","271.0",1,"BEJGEH_00350","1.016"
"9.3e-97","285.0",1,"HFCAGB_04241","0.957"
"9.4e-100","289.0",1,"IKCLMC_02098","0.932"
"9.4e-107","307.0",1,"HFCAGB_02637","0.988"
"9.4e-108","316.0",1,"GEGEGB_04011","0.996"
"9.4e-122","350.0",1,"LNHIMF_02498","0.995"
"9.4e-130","371.0",1,"GEGEGB_02062","1.109"
"9.4e-137","395.0",1,"ONMMKP_02322","0.961"
"9.4e-145","422.0",1,"IKCLMC_02405","0.954"
"9.4e-146","419.0",1,"LNHIMF_04586","0.975"
"9.4e-153","447.0",1,"ONMMKP_01043","0.980"
"9.4e-171","491.0",1,"GEGEGB_02660","0.998"
"9.4e-176","495.0",1,"HFCAGB_02407","0.997"
"9.4e-185","518.0",1,"ONMMKP_01723","0.834"
"9.4e-204","561.0",1,"HFCAGB_02025","0.982"
"9.4e-210","601.0",1,"ONMMKP_00577","0.945"
"9.4e-219","628.0",1,"LNHIMF_03027","1.077"
"9.4e-230","643.0",1,"HFCAGB_03901","0.989"
"9.4e-233","646.0",1,"LNHIMF_04145","0.997"
"9.4e-241","681.0",1,"PKJKAM_00974","1.0"
"9.4e-273","755.0",1,"LNHIMF_03648","1.057"
"9.4e-282","779.0",1,"ODDLKH_01324","0.994"
"9.4e-300","821.0",1,"PKJKAM_03779","1.0"
"9.4e-304","828.0",1,"ONMMKP_02543","1.030"
"9.4e-59","180.0",1,"HFCAGB_01803","0.880"
"9.4e-83","249.0",1,"GEGEGB_03488","0.990"
"9.4e-93","274.0",1,"ONMMKP_00588","1.0"
"9.4e-99","286.0",1,"IKCLMC_02892","1.038"
"9.5e-105","302.0",1,"IKCLMC_01656","1.171"
"9.5e-133","382.0",1,"GEGEGB_03718","0.954"
"9.5e-134","386.0",1,"GEGEGB_03990","1.0"
"9.5e-146","417.0",1,"IKCLMC_00057","0.974"
"9.5e-157","457.0",1,"LNHIMF_01353","0.973"
"9.5e-161","456.0",1,"BEJGEH_01938","1.0"
"9.5e-168","474.0",1,"LNHIMF_01868","1.164"
"9.5e-172","472.0",1,"GEGEGB_03954","1.0"
"9.5e-194","551.0",1,"IKCLMC_02536","1.044"
"9.5e-198","556.0",1,"HFCAGB_02473","0.997"
"9.5e-208","589.0",1,"GEGEGB_02817","0.987"
"9.5e-215","602.0",1,"GEGEGB_02537","0.972"
"9.5e-223","606.0",1,"GEGEGB_00888","1.0"
"9.5e-228","621.0",1,"BEJGEH_02879","1.0"
"9.5e-242","681.0",1,"IKCLMC_02633","0.996"
"9.5e-248","685.0",1,"LNHIMF_02001","0.801"
"9.5e-270","739.0",1,"HFCAGB_02882","0.882"
"9.5e-287","788.0",1,"PKJKAM_01598","0.932"
"9.5e-302","826.0",1,"AJBGEP_00879","1.200"
"9.5e-304","829.0",1,"HFCAGB_03464","1.0"
"9.5e-310","850.0",1,"LNHIMF_00966","0.846"
"9.5e-36","119.0",1,"IKCLMC_01237","1.017"
"9.5e-63","190.0",1,"GEGEGB_01497","0.829"
"9.5e-76","232.0",1,"HFCAGB_00689","0.991"
"9.5e-90","264.0",1,"LNHIMF_03683","0.944"
"9.5e-95","293.0",1,"GEGEGB_04150","0.972"
"9.5e-96","278.0",1,"GEGEGB_00282","1.0"
"9.6e-105","302.0",1,"ONMMKP_02727","0.942"
"9.6e-120","348.0",1,"LNHIMF_02980","0.992"
"9.6e-121","349.0",1,"GEGEGB_00114","0.996"
"9.6e-126","350.0",1,"GEGEGB_02435","1.0"
"9.6e-136","386.0",1,"GEGEGB_04040","1.123"
"9.6e-164","457.0",1,"PKJKAM_01327","0.996"
"9.6e-166","473.0",1,"HFCAGB_01842","0.992"
"9.6e-167","461.0",1,"LNHIMF_01452","1.0"
"9.6e-175","489.0",1,"GEGEGB_02563","1.0"
"9.6e-178","499.0",1,"PKJKAM_03680","0.984"
"9.6e-195","553.0",1,"BEJGEH_04311","1.002"
"9.6e-203","554.0",1,"PKJKAM_01688","1.0"
"9.6e-206","573.0",1,"LNHIMF_03670","0.994"
"9.6e-210","579.0",1,"HFCAGB_02853","1.039"
"9.6e-211","589.0",1,"AJBGEP_04373","1.0"
"9.6e-213","611.0",1,"LNHIMF_03587","0.938"
"9.6e-216","612.0",1,"AJBGEP_02732","1.062"
"9.6e-246","680.0",1,"GEGEGB_03132","1.007"
"9.6e-249","689.0",1,"GEGEGB_04308","0.995"
"9.6e-275","764.0",1,"PKJKAM_02319","1.015"
"9.6e-302","848.0",1,"PKJKAM_01895","0.979"
"9.6e-307","838.0",1,"GEGEGB_02321","0.803"
"9.6e-317","867.0",1,"ODDLKH_04305","0.982"
"9.6e-97","281.0",1,"PKJKAM_03261","0.904"
"9.7e-105","308.0",1,"GEGEGB_02735","0.992"
"9.7e-114","337.0",1,"BEJGEH_02758","0.923"
"9.7e-118","344.0",1,"GEGEGB_02741","1.0"
"9.7e-133","394.0",1,"LNHIMF_02941","1.132"
"9.7e-162","454.0",1,"BEJGEH_03025","0.836"
"9.7e-177","497.0",1,"LNHIMF_02471","0.972"
"9.7e-181","504.0",1,"PKJKAM_01350","0.989"
"9.7e-193","541.0",1,"ODDLKH_04248","0.997"
"9.7e-196","546.0",1,"PKJKAM_01665","0.994"
"9.7e-199","553.0",1,"GEGEGB_00163","0.968"
"9.7e-225","623.0",1,"LNHIMF_03590","1.003"
"9.7e-227","632.0",1,"GEGEGB_02850","0.970"
"9.7e-247","706.0",1,"ONMMKP_02159","1.082"
"9.7e-257","710.0",1,"PKJKAM_01279","0.889"
"9.7e-285","792.0",1,"HFCAGB_00520","0.955"
"9.7e-45","148.0",1,"LNHIMF_00741","0.978"
"9.7e-57","176.0",1,"ONMMKP_02406","1.0"
"9.7e-59","182.0",1,"HFCAGB_01341","0.957"
"9.7e-65","199.0",1,"ONMMKP_00100","0.993"
"9.8e-106","297.0",1,"GEGEGB_00868","1.0"
"9.8e-108","305.0",1,"IKCLMC_02301","1.0"
"9.8e-127","363.0",1,"HFCAGB_00255","0.996"
"9.8e-135","385.0",1,"ONMMKP_01216","1.202"
"9.8e-143","403.0",1,"AJBGEP_03929","1.0"
"9.8e-148","421.0",1,"LNHIMF_03806","0.997"
"9.8e-150","419.0",1,"ODDLKH_02878","1.0"
"9.8e-151","427.0",1,"HFCAGB_04309","0.838"
"9.8e-159","452.0",1,"GEGEGB_00839","0.994"
"9.8e-177","493.0",1,"ODDLKH_03449","1.007"
"9.8e-183","523.0",1,"PKJKAM_02747","0.978"
"9.8e-188","516.0",1,"AJBGEP_00526","1.0"
"9.8e-193","534.0",1,"LNHIMF_00523","1.0"
"9.8e-202","580.0",1,"GEGEGB_04342","0.982"
"9.8e-203","565.0",1,"PKJKAM_01486","1.210"
"9.8e-220","607.0",1,"PKJKAM_03638","1.0"
"9.8e-229","649.0",1,"BEJGEH_03842","0.984"
"9.8e-246","667.0",1,"GEGEGB_04010","1.0"
"9.8e-249","691.0",1,"LNHIMF_01895","0.971"
"9.8e-259","709.0",1,"BEJGEH_03666","0.989"
"9.8e-266","738.0",1,"AJBGEP_01895","0.971"
"9.8e-282","769.0",1,"LNHIMF_03583","0.990"
"9.8e-296","811.0",1,"LNHIMF_03593","1.0"
"9.8e-81","243.0",1,"BEJGEH_03676","0.979"
"9.8e-82","247.0",1,"BEJGEH_02286","0.991"
"9.8e-90","260.0",1,"GEGEGB_02947","1.008"
"9.8e-91","266.0",1,"GEGEGB_04835","0.987"
"9.8e-94","276.0",1,"PKJKAM_02322","1.0"
"9.9e-110","322.0",1,"IKCLMC_03371","0.984"
"9.9e-113","316.0",1,"GEGEGB_02917","1.0"
"9.9e-136","388.0",1,"PKJKAM_03839","0.957"
"9.9e-137","398.0",1,"IKCLMC_02654","1.098"
"9.9e-146","420.0",1,"GEGEGB_00589","0.949"
"9.9e-149","434.0",1,"AJBGEP_04040","1.035"
"9.9e-171","475.0",1,"BEJGEH_01437","1.033"
"9.9e-174","485.0",1,"ODDLKH_00798","1.208"
"9.9e-180","493.0",1,"IKCLMC_04742","1.0"
"9.9e-191","542.0",1,"GEGEGB_01144","0.880"
"9.9e-202","557.0",1,"PKJKAM_04492","1.0"
"9.9e-210","580.0",1,"IKCLMC_03074","1.0"
"9.9e-218","601.0",1,"PKJKAM_03754","0.997"
"9.9e-220","606.0",1,"HFCAGB_00445","1.0"
"9.9e-230","634.0",1,"HFCAGB_00818","0.835"
"9.9e-232","645.0",1,"GEGEGB_02400","0.983"
"9.9e-24","90.1",1,"BEJGEH_03486","0.972"
"9.9e-246","692.0",1,"LNHIMF_02039","1.014"
"9.9e-248","710.0",1,"HFCAGB_02679","0.985"
"9.9e-26","95.5",1,"ONMMKP_00453","1.0"
"9.9e-261","717.0",1,"GEGEGB_00624","0.941"
"9.9e-275","762.0",1,"GEGEGB_02821","1.119"
"9.9e-296","811.0",1,"GEGEGB_03494","0.990"
"9.9e-71","213.0",1,"GEGEGB_02118","1.0"
"9.9e-79","237.0",1,"LNHIMF_02390","1.0"
"9.9e-99","289.0",1,"ONMMKP_00710","1.0"
"Alanine racemase",NA,1,"ODDLKH_02290","SO:0001217, UniRef:UniRef50_A0A376TI24"
"Alpha,alpha-trehalase",NA,1,"GEGEGB_01144","SO:0001217, UniRef:UniRef50_A0A520HP20"
"Alpha-galactosidase",NA,1,"IKCLMC_01104","SO:0001217, UniRef:UniRef50_P06720"
"Bifunctional aspartokinase/homoserine dehydrogenase",NA,1,"IKCLMC_00745","SO:0001217, UniRef:UniRef50_A0A379U5A8"
"Carbon starvation induced protein CsiD","csiD",1,"HFCAGB_02988","SO:0001217, UniRef:UniRef50_A0A377UXM9"
"Cell division protein",NA,1,"HFCAGB_03804","SO:0001217, UniRef:UniRef50_A0A379T3Q0"
"Citrate/succinate antiporter",NA,1,"GEGEGB_02364","SO:0001217, UniRef:UniRef50_P0AE74"
"Copper homeostasis cutC-like protein",NA,1,"GEGEGB_01032","SO:0001217, UniRef:UniRef50_A0A378BGX1"
"Cytochrome b561",NA,1,"GEGEGB_01623","SO:0001217, UniRef:UniRef50_A0A379WU25"
"D-alanyl-D-alanine carboxypeptidase fraction C",NA,1,"ODDLKH_01128","SO:0001217, UniRef:UniRef50_A0A379TG54"
"D-beta-hydroxybutyrate dehydrogenase",NA,1,"GEGEGB_02955","SO:0001217, UniRef:UniRef50_A0A6C8GZE8"
"D-galactarate dehydratase",NA,1,"HFCAGB_03476","SO:0001217, UniRef:UniRef50_A0A378FTC0"
"DNA polymerase",NA,1,"BEJGEH_00101","SO:0001217, UniRef:UniRef50_A0A485AZP5"
"DNA recombination protein RmuC","rmuC",1,"BEJGEH_04015","SO:0001217, UniRef:UniRef50_A0A0A7S1M3"
"DUF2526 domain-containing protein",NA,1,"ONMMKP_00453","SO:0001217, UniRef:UniRef50_A0A089PTN8"
"Dehydrogenase",NA,1,"ODDLKH_01983","SO:0001217, UniRef:UniRef50_A0A376X1N2"
"Dimethyl sulfoxide reductase chain B",NA,1,"GEGEGB_04442","SO:0001217, UniRef:UniRef50_A0A376RI48"
"Dimethyl sulfoxide reductase subunit",NA,1,"GEGEGB_04439","SO:0001217, UniRef:UniRef50_A0A379TB45"
"Dipeptidyl carboxypeptidase II",NA,1,"HFCAGB_01765","SO:0001217, UniRef:UniRef50_A0A377M3M2"
"Flagellar assembly protein FliH","fliH",1,"ONMMKP_00059","SO:0001217, UniRef:UniRef50_P31068"
"Glycogen operon protein GlgX","glgX",1,"GEGEGB_01551","SO:0001217, UniRef:UniRef50_A0A0U5EZ12"
"Gnt-II system L-idonate transporter",NA,1,"GEGEGB_04753","SO:0001217, UniRef:UniRef50_P39344"
"Inner membrane protein YqjF","yqjF",1,"HFCAGB_03457","SO:0001217, UniRef:UniRef50_A0A090UYH4"
"Inner membrane protein yiaH","yiaH",1,"GEGEGB_04072","SO:0001217, UniRef:UniRef50_A0A379TQ83"
"Integral membrane protein YccS N-terminal domain-containing protein","yccS",1,"GEGEGB_04259","SO:0001217, UniRef:UniRef50_A0A828TVJ1"
"Iron-containing alcohol dehydrogenase",NA,1,"HFCAGB_00689","SO:0001217, UniRef:UniRef50_A0A2X1KIQ9"
"Iron-enterobactin ABC transporter permease",NA,1,"HFCAGB_00678","SO:0001217, UniRef:UniRef50_A8AJL8"
"Lipid kinase",NA,1,"GEGEGB_00762","SO:0001217, UniRef:UniRef50_A0A376KSY5"
"Major cold shock protein",NA,1,"IKCLMC_04142","SO:0001217, UniRef:UniRef50_G2GYS4"
"NADH:flavin oxidoreductase/NADH oxidase N-terminal domain-containing protein",NA,1,"GEGEGB_03294","SO:0001217, UniRef:UniRef50_A0A4D4LJ72"
"Ornithine carbamoyltransferase",NA,1,"LNHIMF_04531","SO:0001217, UniRef:UniRef50_A0A3C0QW71"
"Outer membrane autotransporter barrel domain protein",NA,1,"HFCAGB_02785","SO:0001217, UniRef:UniRef50_D4B944"
"Outer membrane porin protein C",NA,1,"GEGEGB_01526","SO:0001217, UniRef:UniRef50_A0A484X247"
"Penicillin-binding protein 2",NA,1,"PKJKAM_00384","SO:0001217, UniRef:UniRef50_A0A485B5T7"
"Penicillin-binding protein 4 [includes: D-alanyl-D-alanine carboxypeptidase D-alanyl-D-alanine-endopeptidase]",NA,1,"PKJKAM_01725","SO:0001217, UniRef:UniRef50_A0A484YQ51"
"Prokaryotic-type class I peptide chain release factors domain-containing protein",NA,1,"ODDLKH_02264","SO:0001217, UniRef:UniRef50_A0A151ULG5"
"Propionate catabolism operon regulatory protein PrpR","prpR",1,"HFCAGB_00387","SO:0001217, UniRef:UniRef50_A0A379XTL0"
"Protein SlyX-like protein",NA,1,"GEGEGB_04274","SO:0001217, UniRef:UniRef50_A0A1H7SNR5"
"Putative glycosyl transferase",NA,1,"GEGEGB_02173","SO:0001217, UniRef:UniRef50_A0A376DEH3"
"Putative pyridoxal kinase PdxY","pdxY",1,"GEGEGB_01392","SO:0001217, UniRef:UniRef50_Q8Z6Q3"
"Putative transport protein YifK","yifK",1,"PKJKAM_01554","SO:0001217, UniRef:UniRef50_A0A517E1G9"
"RNA polymerase sigma-70 domain-containing protein",NA,1,"BEJGEH_02916","SO:0001217, UniRef:UniRef50_A0A455UGB1"
"RNase II stability modulator",NA,1,"PKJKAM_04465","SO:0001217, UniRef:UniRef50_A0A658YVS8"
"Sensor histidine kinase DcuS","dcuS",1,"BEJGEH_04363","SO:0001217, UniRef:UniRef50_P0AEC8"
"Serine/threonine-protein phosphatase 1",NA,1,"LNHIMF_01920","SO:0001217, UniRef:UniRef50_P55798"
"Succinate-semialdehyde dehydrogenase (NADP+)",NA,1,"LNHIMF_02819","SO:0001217, UniRef:UniRef50_S9QGV9"
"Sulfatase",NA,1,"ONMMKP_02139","SO:0001217, UniRef:UniRef50_A0A7H5A1U8"
"Transcriptional regulator, GntR family domain / Aspartate aminotransferase","gntR",1,"GEGEGB_02840","SO:0001217, UniRef:UniRef50_A0A7G2IPV1"
"Transporting ATPase",NA,1,"GEGEGB_00522","SO:0001217, UniRef:UniRef50_A0A7G2K1T6"
"Trp operon repressor-like protein",NA,1,"ONMMKP_02195","SO:0001217, UniRef:UniRef50_Q6LUG2"
"Type III restriction-modification system protein",NA,1,"GEGEGB_02636","SO:0001217, UniRef:UniRef50_A0A3S4G5J0"
"Type-I secretion protein",NA,1,"LNHIMF_04335","SO:0001217, UniRef:UniRef50_A0A379WGM8"
"Tyrosine-specific transport system",NA,1,"BEJGEH_01129","SO:0001217, UniRef:UniRef50_P0AAD4"
"Uncharacterized conserved protein",NA,1,"GEGEGB_01509","SO:0001217, UniRef:UniRef50_Q7UCH0"
"Uncharacterized protein YbgS","ybgS",1,"PKJKAM_00446","SO:0001217, UniRef:UniRef50_P0AAV6"
"Uncharacterized transporter YfbS","yfbS",1,"GEGEGB_00571","SO:0001217, UniRef:UniRef50_P0AFU2"
"YcgL domain-containing protein Patl-2802","ycgL",1,"BEJGEH_01252","SO:0001217, UniRef:UniRef50_Q15S25"
"alanine transaminase",NA,1,"HFCAGB_02590","SO:0001217, UniRef:UniRef50_E4RY94"
"asparaginase",NA,1,"GEGEGB_01239","SO:0001217, UniRef:UniRef50_A0A379TBQ5"
"efflux transporter outer membrane subunit",NA,1,"PKJKAM_03383","SO:0001217, UniRef:UniRef50_UPI0006505D3F"
"glucarate dehydratase",NA,1,"HFCAGB_03172","SO:0001217, UniRef:UniRef50_A0A3D2M1D2"
"putative transcriptional regulatory protein YeeN","yeeN",1,"HFCAGB_04720","SO:0001217, UniRef:UniRef50_P0A8A2"
"quercetin 2,3-dioxygenase","yhhW",1,"BEJGEH_03573","BlastRules:WP_000639811, EC:1.13.11.24, SO:0001217, UniRef:UniRef50_P46852"
"tRNA (cytidine/uridine/adenosine-2'-O-)-methyltransferase TrmJ","trmJ",1,"LNHIMF_02678","SO:0001217, UniRef:UniRef50_A0A0H2ZF87"
