Gene,GCF_000007545,GCF_000020745,GCF_000020885,GCF_000020925,GCF_000022165,GCF_000170215,GCF_000171415,GCF_000171515,GCF_000171535
AJBGEP_00003,peppan_g_2,peppan_g_4507,peppan_g_9045,peppan_g_13552,peppan_g_18177,peppan_g_23272,peppan_g_30241,peppan_g_33852,peppan_g_38433
AJBGEP_00012,peppan_g_11,peppan_g_4516,peppan_g_9054,peppan_g_13561,peppan_g_18186,peppan_g_23281,peppan_g_30232,peppan_g_33843,peppan_g_38424
AJBGEP_00019,peppan_g_18,peppan_g_4523,peppan_g_9061,peppan_g_13568,peppan_g_18193,peppan_g_23288,peppan_g_30225,peppan_g_33836,peppan_g_38417
AJBGEP_00024,peppan_g_23,peppan_g_4528,peppan_g_9066,peppan_g_13573,peppan_g_18198,peppan_g_23293,peppan_g_30220,peppan_g_33831,peppan_g_38412
AJBGEP_00046,peppan_g_45,peppan_g_4550,peppan_g_9088,peppan_g_13595,peppan_g_18220,peppan_g_23315,peppan_g_30198,peppan_g_33809,peppan_g_38391
AJBGEP_00050,peppan_g_49,peppan_g_4554,peppan_g_9092,peppan_g_13599,peppan_g_18224,peppan_g_23319,peppan_g_30194,peppan_g_33805,peppan_g_38387
AJBGEP_00062,peppan_g_60,peppan_g_4565,peppan_g_9103,peppan_g_13610,peppan_g_18235,peppan_g_23330,peppan_g_30183,peppan_g_33794,peppan_g_38376
AJBGEP_00081,peppan_g_77,peppan_g_4582,peppan_g_9120,peppan_g_13627,peppan_g_18253,peppan_g_23347,peppan_g_30166,peppan_g_33777,peppan_g_38359
AJBGEP_00084,peppan_g_79,peppan_g_4584,peppan_g_9122,peppan_g_13629,peppan_g_18255,peppan_g_23349,peppan_g_30164,peppan_g_33775,peppan_g_38357
AJBGEP_00097,peppan_g_91,peppan_g_4596,peppan_g_9134,peppan_g_13638,peppan_g_18267,peppan_g_23361,peppan_g_30152,peppan_g_33763,peppan_g_38345
AJBGEP_00102,peppan_g_96,peppan_g_4601,peppan_g_9139,peppan_g_13643,peppan_g_18272,peppan_g_23366,peppan_g_30147,peppan_g_33758,peppan_g_38340
AJBGEP_00107,peppan_g_104,peppan_g_4606,peppan_g_9147,peppan_g_13648,peppan_g_18277,peppan_g_23371,peppan_g_30142,peppan_g_33753,peppan_g_38335
AJBGEP_00115,peppan_g_111,peppan_g_4613,peppan_g_9154,peppan_g_13655,peppan_g_18284,peppan_g_23378,peppan_g_30135,peppan_g_33746,peppan_g_38328
AJBGEP_00117,peppan_g_113,peppan_g_4615,peppan_g_9156,peppan_g_13658,peppan_g_18286,peppan_g_23380,peppan_g_30132,peppan_g_33744,peppan_g_38325
AJBGEP_00118,peppan_g_114,peppan_g_4616,peppan_g_9157,peppan_g_13659,peppan_g_18287,peppan_g_23381,peppan_g_30131,peppan_g_33743,peppan_g_38324
AJBGEP_00122,peppan_g_117,peppan_g_4619,peppan_g_9160,peppan_g_13662,peppan_g_18290,peppan_g_23384,peppan_g_30128,peppan_g_33740,peppan_g_38321
AJBGEP_00132,peppan_g_127,peppan_g_4629,peppan_g_9170,peppan_g_13672,peppan_g_18300,peppan_g_23394,peppan_g_30118,peppan_g_33730,peppan_g_38311
AJBGEP_00138,peppan_g_133,peppan_g_4635,peppan_g_9176,peppan_g_13678,peppan_g_18306,peppan_g_23400,peppan_g_30112,peppan_g_33724,peppan_g_38305
AJBGEP_00141,peppan_g_135,peppan_g_4637,peppan_g_9178,peppan_g_13680,peppan_g_18308,peppan_g_23402,peppan_g_30110,peppan_g_32611,peppan_g_38303
AJBGEP_00142,peppan_g_136,peppan_g_4638,peppan_g_9179,peppan_g_13681,peppan_g_18309,peppan_g_23403,peppan_g_30109,peppan_g_32610,peppan_g_38302
AJBGEP_00150,peppan_g_145,peppan_g_4645,peppan_g_9188,peppan_g_13690,peppan_g_18316,peppan_g_23410,peppan_g_30102,peppan_g_32603,peppan_g_38293
AJBGEP_00161,peppan_g_155,peppan_g_4655,peppan_g_9198,peppan_g_13700,peppan_g_18326,peppan_g_23420,peppan_g_30092,peppan_g_32593,peppan_g_38283
AJBGEP_00178,peppan_g_169,peppan_g_4669,peppan_g_9219,peppan_g_13716,peppan_g_18341,peppan_g_23435,peppan_g_30076,peppan_g_32577,peppan_g_38267
AJBGEP_00181,peppan_g_172,peppan_g_4672,peppan_g_9222,peppan_g_13719,peppan_g_18344,peppan_g_23438,peppan_g_30073,peppan_g_32574,peppan_g_38264
AJBGEP_00221,peppan_g_207,peppan_g_4711,peppan_g_9263,peppan_g_13759,peppan_g_18384,peppan_g_23478,peppan_g_30033,peppan_g_32527,peppan_g_38217
AJBGEP_00235,peppan_g_219,peppan_g_4724,peppan_g_9275,peppan_g_13772,peppan_g_18396,peppan_g_23490,peppan_g_30021,peppan_g_32515,peppan_g_38205
AJBGEP_00236,peppan_g_220,peppan_g_4725,peppan_g_9276,peppan_g_13773,peppan_g_18397,peppan_g_23491,peppan_g_30020,peppan_g_32514,peppan_g_38204
AJBGEP_00240,peppan_g_224,peppan_g_4729,peppan_g_9280,peppan_g_13777,peppan_g_18401,peppan_g_23495,peppan_g_30016,peppan_g_32005,peppan_g_38200
AJBGEP_00248,peppan_g_233,peppan_g_4737,peppan_g_9288,peppan_g_13785,peppan_g_18409,peppan_g_23503,peppan_g_30008,peppan_g_32013,peppan_g_38192
AJBGEP_00261,peppan_g_247,peppan_g_4750,peppan_g_9301,peppan_g_13798,peppan_g_18422,peppan_g_23516,peppan_g_29995,peppan_g_32029,peppan_g_38179
AJBGEP_00262,peppan_g_248,peppan_g_4751,peppan_g_9302,peppan_g_13799,peppan_g_18423,peppan_g_23517,peppan_g_29994,peppan_g_32030,peppan_g_38178
AJBGEP_00317,peppan_g_2496,peppan_g_4800,peppan_g_9329,peppan_g_13848,peppan_g_18472,peppan_g_23564,peppan_g_29139,peppan_g_35127,peppan_g_38140
AJBGEP_00324,peppan_g_2488,peppan_g_4807,peppan_g_9336,peppan_g_13854,peppan_g_18479,peppan_g_23571,peppan_g_29147,peppan_g_35120,peppan_g_38133
AJBGEP_00332,peppan_g_2468,peppan_g_4827,peppan_g_9347,peppan_g_13864,peppan_g_18489,peppan_g_23581,peppan_g_29157,peppan_g_35110,peppan_g_38113
AJBGEP_00338,peppan_g_2463,peppan_g_4832,peppan_g_9352,peppan_g_13869,peppan_g_18494,peppan_g_23586,peppan_g_29162,peppan_g_35105,peppan_g_38108
AJBGEP_00358,peppan_g_2455,peppan_g_4853,peppan_g_9372,peppan_g_13890,peppan_g_18513,peppan_g_23604,peppan_g_29180,peppan_g_35084,peppan_g_38087
AJBGEP_00369,peppan_g_2444,peppan_g_4864,peppan_g_9383,peppan_g_13901,peppan_g_18524,peppan_g_23615,peppan_g_29191,peppan_g_35073,peppan_g_38076
AJBGEP_00380,peppan_g_2438,peppan_g_4874,peppan_g_9393,peppan_g_13911,peppan_g_18534,peppan_g_23625,peppan_g_29201,peppan_g_35063,peppan_g_38066
AJBGEP_00390,peppan_g_2428,peppan_g_4884,peppan_g_9403,peppan_g_13921,peppan_g_18544,peppan_g_23635,peppan_g_29211,peppan_g_35053,peppan_g_38056
AJBGEP_00400,peppan_g_2418,peppan_g_4894,peppan_g_9413,peppan_g_13931,peppan_g_18554,peppan_g_23645,peppan_g_29221,peppan_g_35043,peppan_g_38046
AJBGEP_00409,peppan_g_2409,peppan_g_4903,peppan_g_9422,peppan_g_13940,peppan_g_18563,peppan_g_23654,peppan_g_29230,peppan_g_35034,peppan_g_38037
AJBGEP_00414,peppan_g_2404,peppan_g_4908,peppan_g_9427,peppan_g_13945,peppan_g_18568,peppan_g_23659,peppan_g_29235,peppan_g_35029,peppan_g_38032
AJBGEP_00433,peppan_g_2385,peppan_g_4924,peppan_g_9443,peppan_g_13963,peppan_g_18586,peppan_g_23677,peppan_g_29253,peppan_g_35011,peppan_g_38014
AJBGEP_00434,peppan_g_2384,peppan_g_4925,peppan_g_9444,peppan_g_13964,peppan_g_18587,peppan_g_23678,peppan_g_29254,peppan_g_35010,peppan_g_38013
AJBGEP_00452,peppan_g_2366,peppan_g_4943,peppan_g_9462,peppan_g_13982,peppan_g_18605,peppan_g_23696,peppan_g_29272,peppan_g_34992,peppan_g_37995
AJBGEP_00465,peppan_g_2352,peppan_g_4954,peppan_g_9475,peppan_g_13995,peppan_g_18618,peppan_g_23709,peppan_g_29285,peppan_g_34979,peppan_g_37982
AJBGEP_00481,peppan_g_2336,peppan_g_4969,peppan_g_9490,peppan_g_14010,peppan_g_18633,peppan_g_23724,peppan_g_29300,peppan_g_34964,peppan_g_37967
AJBGEP_00484,peppan_g_2333,peppan_g_4972,peppan_g_9493,peppan_g_14013,peppan_g_18636,peppan_g_23727,peppan_g_29303,peppan_g_34961,peppan_g_37964
AJBGEP_00494,peppan_g_2323,peppan_g_4982,peppan_g_9503,peppan_g_14023,peppan_g_18646,peppan_g_23737,peppan_g_29313,peppan_g_34951,peppan_g_37954
AJBGEP_00498,peppan_g_2319,peppan_g_4986,peppan_g_9507,peppan_g_14027,peppan_g_18650,peppan_g_23741,peppan_g_29317,peppan_g_34947,peppan_g_37950
AJBGEP_00501,peppan_g_2316,peppan_g_4989,peppan_g_9510,peppan_g_14030,peppan_g_18653,peppan_g_23744,peppan_g_29320,peppan_g_34944,peppan_g_37947
AJBGEP_00530,peppan_g_2288,peppan_g_5017,peppan_g_9539,peppan_g_14058,peppan_g_18681,peppan_g_23772,peppan_g_29348,peppan_g_34916,peppan_g_37919
AJBGEP_00532,peppan_g_2287,peppan_g_5018,peppan_g_9540,peppan_g_14059,peppan_g_18682,peppan_g_23773,peppan_g_29349,peppan_g_34915,peppan_g_37918
AJBGEP_00575,peppan_g_2247,peppan_g_5042,peppan_g_9582,peppan_g_14101,peppan_g_18724,peppan_g_23815,peppan_g_29391,peppan_g_34873;peppan_g_36339,peppan_g_37876
AJBGEP_00589,peppan_g_2234,peppan_g_5190,peppan_g_9597,peppan_g_14180,peppan_g_18739,peppan_g_23830,peppan_g_29465,peppan_g_34807,peppan_g_37857
AJBGEP_00605,peppan_g_2226,peppan_g_5195,peppan_g_9605,peppan_g_14188,peppan_g_18754,peppan_g_23845,peppan_g_29473,peppan_g_34792,peppan_g_37849
AJBGEP_00611,peppan_g_2220,peppan_g_5201,peppan_g_9611,peppan_g_14194,peppan_g_18760,peppan_g_23851,peppan_g_29479,peppan_g_34786,peppan_g_37843
AJBGEP_00655,peppan_g_2176,peppan_g_5244,peppan_g_9654,peppan_g_14237,peppan_g_18803,peppan_g_23894,peppan_g_29522,peppan_g_34743,peppan_g_37800
AJBGEP_00662,peppan_g_2169,peppan_g_5251,peppan_g_9661,peppan_g_14244,peppan_g_18810,peppan_g_23901,peppan_g_29529,peppan_g_32235,peppan_g_37793
AJBGEP_00670,peppan_g_2161,peppan_g_5259,peppan_g_9669,peppan_g_14252,peppan_g_18818,peppan_g_23909,peppan_g_29537,peppan_g_32227,peppan_g_37785
AJBGEP_00691,peppan_g_2147,peppan_g_5272,peppan_g_9689,peppan_g_14272,peppan_g_18838,peppan_g_23929,peppan_g_29557,peppan_g_32207,peppan_g_37765
AJBGEP_00693,peppan_g_2145,peppan_g_5274,peppan_g_9691,peppan_g_14274,peppan_g_18840,peppan_g_23931,peppan_g_29559,peppan_g_32205,peppan_g_37763
AJBGEP_00715,peppan_g_2131,peppan_g_5291,peppan_g_9709,peppan_g_14289,peppan_g_18855,peppan_g_23946,peppan_g_27594,peppan_g_32191,peppan_g_37749
AJBGEP_00752,peppan_g_2093,peppan_g_5329,peppan_g_9735,peppan_g_14315,peppan_g_18893,peppan_g_23984,peppan_g_27556,peppan_g_32264,peppan_g_37711
AJBGEP_00755,peppan_g_2090,peppan_g_5332,peppan_g_9738,peppan_g_14318,peppan_g_18896,peppan_g_23987,peppan_g_27553,peppan_g_32267,peppan_g_37708
AJBGEP_00763,peppan_g_2082,peppan_g_5340,peppan_g_9746,peppan_g_14326,peppan_g_18904,peppan_g_23995,peppan_g_27545,peppan_g_32275,peppan_g_37700
AJBGEP_00772,peppan_g_2074,peppan_g_5348,peppan_g_9754,peppan_g_14334,peppan_g_18912,peppan_g_24003,peppan_g_27537,peppan_g_32283,peppan_g_37692
AJBGEP_00795,peppan_g_2065,peppan_g_5357,peppan_g_9772,peppan_g_14352,peppan_g_18930,peppan_g_24021,peppan_g_28466,peppan_g_32943,peppan_g_37674
AJBGEP_00827,peppan_g_2033,peppan_g_5389,peppan_g_9804,peppan_g_14384,peppan_g_18962,peppan_g_24053,peppan_g_28498,peppan_g_32911,peppan_g_37599
AJBGEP_00830,peppan_g_2030,peppan_g_5392,peppan_g_9807,peppan_g_14387,peppan_g_18965,peppan_g_24056,peppan_g_28501,peppan_g_32908,peppan_g_37596
AJBGEP_00842,peppan_g_2021,peppan_g_5401,peppan_g_9816,peppan_g_14396,peppan_g_18975,peppan_g_24065,peppan_g_28510,peppan_g_32899,peppan_g_37587
AJBGEP_00853,peppan_g_2010,peppan_g_5412,peppan_g_9828,peppan_g_14407,peppan_g_18986,peppan_g_24076,peppan_g_28528,peppan_g_32888,peppan_g_37576
AJBGEP_00863,peppan_g_1999,peppan_g_5422,peppan_g_9838,peppan_g_14417,peppan_g_18996,peppan_g_24086,peppan_g_28538,peppan_g_32878,peppan_g_37566
AJBGEP_00872,peppan_g_1992,peppan_g_5429,peppan_g_9848,peppan_g_14427,peppan_g_19006,peppan_g_24096,peppan_g_28548,peppan_g_32868,peppan_g_37556
AJBGEP_00878,peppan_g_1986,peppan_g_5435,peppan_g_9854,peppan_g_14433,peppan_g_19012,peppan_g_24102,peppan_g_28554,peppan_g_32862,peppan_g_37550
AJBGEP_00894,peppan_g_1979,peppan_g_5451,peppan_g_9861,peppan_g_14449,peppan_g_19028,peppan_g_24118,peppan_g_28570,peppan_g_32846,peppan_g_37534
AJBGEP_00898,peppan_g_1975,peppan_g_5455,peppan_g_9865,peppan_g_14453,peppan_g_19032,peppan_g_24122,peppan_g_28574,peppan_g_32842,peppan_g_37530
AJBGEP_00902,peppan_g_1972,peppan_g_5458,peppan_g_9868,peppan_g_14456,peppan_g_19035,peppan_g_24125,peppan_g_28577,peppan_g_32839,peppan_g_37527
AJBGEP_00913,peppan_g_1961,peppan_g_5469,peppan_g_9879,peppan_g_14467,peppan_g_19046,peppan_g_24136,peppan_g_28588,peppan_g_32828,peppan_g_37516
AJBGEP_00918,peppan_g_1956,peppan_g_5474,peppan_g_9884,peppan_g_14472,peppan_g_19051,peppan_g_24141,peppan_g_28593,peppan_g_32823,peppan_g_37511
AJBGEP_00920,peppan_g_1954,peppan_g_5476,peppan_g_9886,peppan_g_14474,peppan_g_19053,peppan_g_24143,peppan_g_28595,peppan_g_32821,peppan_g_37509
AJBGEP_00930,peppan_g_1944,peppan_g_5486,peppan_g_9896,peppan_g_14484,peppan_g_19063,peppan_g_24153,peppan_g_28605,peppan_g_32811,peppan_g_37499
AJBGEP_00933,peppan_g_1941,peppan_g_5489,peppan_g_9899,peppan_g_14487,peppan_g_19066,peppan_g_24156,peppan_g_28608,peppan_g_32808,peppan_g_37496
AJBGEP_00957,peppan_g_1921,peppan_g_5507,peppan_g_9924,peppan_g_14507,peppan_g_19088,peppan_g_24177,peppan_g_28629,peppan_g_32787,peppan_g_37473
AJBGEP_00965,peppan_g_1913,peppan_g_5515,peppan_g_9932,peppan_g_14515,peppan_g_19096,peppan_g_24185,peppan_g_28637,peppan_g_32779,peppan_g_37465
AJBGEP_00975,peppan_g_1903,peppan_g_5525,peppan_g_9942,peppan_g_14525,peppan_g_19106,peppan_g_24195,peppan_g_28647,peppan_g_32769,peppan_g_37455
AJBGEP_00976,peppan_g_1902,peppan_g_5526,peppan_g_9943,peppan_g_14526,peppan_g_19107,peppan_g_24196,peppan_g_28648,peppan_g_32768,peppan_g_37454
AJBGEP_00989,peppan_g_1889,peppan_g_5539,peppan_g_9956,peppan_g_14539,peppan_g_19120,peppan_g_24209,peppan_g_28661,peppan_g_31991,peppan_g_37441
AJBGEP_00993,peppan_g_1885,peppan_g_5543,peppan_g_9960,peppan_g_14543,peppan_g_19124,peppan_g_24213,peppan_g_28665,peppan_g_31995,peppan_g_37437
AJBGEP_00997,peppan_g_1881,peppan_g_5544,peppan_g_9964,peppan_g_14547,peppan_g_19128,peppan_g_24217,peppan_g_28669,peppan_g_31999,peppan_g_37433
AJBGEP_01063,peppan_g_1809,peppan_g_5552,peppan_g_9972,peppan_g_14610,peppan_g_19193,peppan_g_24225,peppan_g_27703,peppan_g_31930,peppan_g_37369
AJBGEP_01105,peppan_g_1768,peppan_g_5592,peppan_g_10013,peppan_g_14650,peppan_g_19233,peppan_g_24265,peppan_g_27743,peppan_g_32475,peppan_g_37329
AJBGEP_01138,peppan_g_1737,peppan_g_5623,peppan_g_10923,peppan_g_15608,peppan_g_19264,peppan_g_24296,peppan_g_27911,peppan_g_32444,peppan_g_37298
AJBGEP_01147,peppan_g_1729,peppan_g_5631,peppan_g_10915,peppan_g_15600,peppan_g_19272,peppan_g_24304,peppan_g_27919,peppan_g_32436,peppan_g_37290
AJBGEP_01162,peppan_g_1715,peppan_g_5645,peppan_g_10901,peppan_g_15586,peppan_g_19286,peppan_g_24318,peppan_g_27933,peppan_g_32422,peppan_g_37276
AJBGEP_01163,peppan_g_1714,peppan_g_5646,peppan_g_10900,peppan_g_15585,peppan_g_19287,peppan_g_24319,peppan_g_27934,peppan_g_32421,peppan_g_37275
AJBGEP_01173,peppan_g_1704,peppan_g_5656,peppan_g_10890,peppan_g_15575,peppan_g_19297,peppan_g_24329,peppan_g_27944,peppan_g_32411,peppan_g_37265
AJBGEP_01202,peppan_g_1676,peppan_g_5690,peppan_g_10862,peppan_g_15547,peppan_g_19325,peppan_g_24357,peppan_g_27972,peppan_g_32388,peppan_g_37237
AJBGEP_01205,peppan_g_1673,peppan_g_5693,peppan_g_10859,peppan_g_15544,peppan_g_19328,peppan_g_24360,peppan_g_27975,peppan_g_32385,peppan_g_37234
AJBGEP_01211,peppan_g_1667,peppan_g_5699,peppan_g_10853,peppan_g_15538,peppan_g_19334,peppan_g_24366,peppan_g_27981,peppan_g_32379,peppan_g_37228
AJBGEP_01217,peppan_g_1660,peppan_g_5706,peppan_g_10846,peppan_g_15531,peppan_g_19341,peppan_g_24373,peppan_g_27988,peppan_g_32372,peppan_g_37221
AJBGEP_01221,peppan_g_1656,peppan_g_5710,peppan_g_10842,peppan_g_15527,peppan_g_19345,peppan_g_24377,peppan_g_27992,peppan_g_32368,peppan_g_37217
AJBGEP_01227,peppan_g_1650,peppan_g_5716,peppan_g_10836,peppan_g_15521,peppan_g_19351,peppan_g_24383,peppan_g_27998,peppan_g_32362,peppan_g_37211
AJBGEP_01228,peppan_g_1649,peppan_g_5717,peppan_g_10835,peppan_g_15520,peppan_g_19352,peppan_g_24384,peppan_g_27999,peppan_g_32361,peppan_g_37210
AJBGEP_01236,peppan_g_1643,peppan_g_5723,peppan_g_10829,peppan_g_15514,peppan_g_19359,peppan_g_24390,peppan_g_28005,peppan_g_32355,peppan_g_37204
AJBGEP_01240,peppan_g_1639,peppan_g_5727,peppan_g_10825,peppan_g_15510,peppan_g_19363,peppan_g_24394,peppan_g_28009,peppan_g_32351,peppan_g_37200
AJBGEP_01314,peppan_g_1082,peppan_g_5729,peppan_g_10823,peppan_g_15508,peppan_g_19429,peppan_g_24458,peppan_g_28076,peppan_g_32349,peppan_g_37198
AJBGEP_01334,peppan_g_1104,peppan_g_5751,peppan_g_10803,peppan_g_15490,peppan_g_19447,peppan_g_24476,peppan_g_28094,peppan_g_32331,peppan_g_37180
AJBGEP_01373,peppan_g_1141,peppan_g_5788,peppan_g_10766,peppan_g_15445,peppan_g_19484,peppan_g_24513,peppan_g_31845,peppan_g_32744,peppan_g_37144
AJBGEP_01448,peppan_g_1202,peppan_g_5858,peppan_g_10696,peppan_g_15373,peppan_g_19556,peppan_g_24585,peppan_g_31775,peppan_g_32674,peppan_g_36996
AJBGEP_01466,peppan_g_1220,peppan_g_5876,peppan_g_10678,peppan_g_15355,peppan_g_19574,peppan_g_24603,peppan_g_31757,peppan_g_32655,peppan_g_36977
AJBGEP_01472,peppan_g_1226,peppan_g_5882,peppan_g_10672,peppan_g_15349,peppan_g_19580,peppan_g_24609,peppan_g_31751,peppan_g_32649,peppan_g_36971
AJBGEP_01474,peppan_g_1228,peppan_g_5884,peppan_g_10670,peppan_g_15347,peppan_g_19582,peppan_g_24611,peppan_g_31749,peppan_g_32647,peppan_g_36969
AJBGEP_01492,peppan_g_1246,peppan_g_5902,peppan_g_10652,peppan_g_15329,peppan_g_19600,peppan_g_24629,peppan_g_31731,peppan_g_32629,peppan_g_36951
AJBGEP_01501,peppan_g_1255,peppan_g_5911,peppan_g_10643,peppan_g_15320,peppan_g_19609,peppan_g_24638,peppan_g_31722,peppan_g_32620,peppan_g_36942
AJBGEP_01502,peppan_g_1256,peppan_g_5912,peppan_g_10642,peppan_g_15319,peppan_g_19610,peppan_g_24639,peppan_g_31721,peppan_g_32619,peppan_g_36941
AJBGEP_01519,peppan_g_1269,peppan_g_5925,peppan_g_10629,peppan_g_15306,peppan_g_19623,peppan_g_24652,peppan_g_31708,peppan_g_31944,peppan_g_36928
AJBGEP_01524,peppan_g_1274,peppan_g_5930,peppan_g_10624,peppan_g_15301,peppan_g_19628,peppan_g_24657,peppan_g_31703,peppan_g_31949,peppan_g_36923
AJBGEP_01526,peppan_g_1276,peppan_g_5932,peppan_g_10622,peppan_g_15299,peppan_g_19630,peppan_g_24659,peppan_g_31701,peppan_g_31951,peppan_g_36921
AJBGEP_01527,peppan_g_1277,peppan_g_5933,peppan_g_10621,peppan_g_15298,peppan_g_19631,peppan_g_24660,peppan_g_31700,peppan_g_31952,peppan_g_36920
AJBGEP_01556,peppan_g_1306,peppan_g_5965,peppan_g_10590,peppan_g_15269,peppan_g_19660,peppan_g_24689,peppan_g_31671,peppan_g_32032,peppan_g_36891
AJBGEP_01563,peppan_g_1361,peppan_g_5972,peppan_g_10583,peppan_g_15262,peppan_g_19667,peppan_g_24696,peppan_g_31664,peppan_g_36331,peppan_g_36884
AJBGEP_01565,peppan_g_1364,peppan_g_5974,peppan_g_10581,peppan_g_15260,peppan_g_19669,peppan_g_24698,peppan_g_31662,peppan_g_36329,peppan_g_36882
AJBGEP_01622,peppan_g_1416,peppan_g_6027,peppan_g_10528,peppan_g_15207,peppan_g_19722,peppan_g_24751,peppan_g_31609,peppan_g_36276,peppan_g_36829
AJBGEP_01625,peppan_g_1419,peppan_g_6030,peppan_g_10525,peppan_g_15204,peppan_g_19725,peppan_g_24754,peppan_g_31606,peppan_g_36273,peppan_g_36826
AJBGEP_01649,peppan_g_1438,peppan_g_6059,peppan_g_10498,peppan_g_15191,peppan_g_19749,peppan_g_24778,peppan_g_31584,peppan_g_36251,peppan_g_36799
AJBGEP_01661,peppan_g_1446,peppan_g_6071,peppan_g_10484,peppan_g_15179,peppan_g_19761,peppan_g_24790,peppan_g_31572,peppan_g_36239,peppan_g_36787
AJBGEP_01684,peppan_g_1467,peppan_g_6094,peppan_g_10461,peppan_g_15156,peppan_g_19784,peppan_g_24813,peppan_g_31549,peppan_g_36216,peppan_g_36764
AJBGEP_01691,peppan_g_1473,peppan_g_6100,peppan_g_10455,peppan_g_15150,peppan_g_19790,peppan_g_24819,peppan_g_31543,peppan_g_36210,peppan_g_36758
AJBGEP_01697,peppan_g_1479,peppan_g_6106,peppan_g_10449,peppan_g_15144,peppan_g_19796,peppan_g_24825,peppan_g_31537,peppan_g_36204,peppan_g_36752
AJBGEP_01745,peppan_g_1518,peppan_g_6151,peppan_g_10400,peppan_g_15100,peppan_g_19840,peppan_g_24869,peppan_g_31493,peppan_g_36160,peppan_g_36704
AJBGEP_01752,peppan_g_1525,peppan_g_6158,peppan_g_10393,peppan_g_15093,peppan_g_19847,peppan_g_24876,peppan_g_31486,peppan_g_36153,peppan_g_36697
AJBGEP_01766,peppan_g_1540,peppan_g_6173,peppan_g_10378,peppan_g_15078,peppan_g_19862,peppan_g_24891,peppan_g_31471,peppan_g_36138,peppan_g_36682
AJBGEP_01769,peppan_g_1543,peppan_g_6176,peppan_g_10375,peppan_g_15075,peppan_g_19865,peppan_g_24894,peppan_g_31468,peppan_g_36135,peppan_g_36679
AJBGEP_01781,peppan_g_1554,peppan_g_6186,peppan_g_10365,peppan_g_15065,peppan_g_19876,peppan_g_24904,peppan_g_31458,peppan_g_36125,peppan_g_36669
AJBGEP_01783,peppan_g_1556,peppan_g_6188,peppan_g_10363,peppan_g_15063,peppan_g_19878,peppan_g_24906,peppan_g_31456,peppan_g_36123,peppan_g_36667
AJBGEP_01789,peppan_g_1566,peppan_g_6198,peppan_g_10357,peppan_g_15057,peppan_g_19884,peppan_g_24912,peppan_g_31450,peppan_g_36117,peppan_g_36661
AJBGEP_01792,peppan_g_1569,peppan_g_6201,peppan_g_10354,peppan_g_15054,peppan_g_19887,peppan_g_24915,peppan_g_31447,peppan_g_36114,peppan_g_36658
AJBGEP_01801,peppan_g_1578,peppan_g_6210,peppan_g_10345,peppan_g_15045,peppan_g_19896,peppan_g_24924,peppan_g_31438,peppan_g_36105,peppan_g_36649
AJBGEP_01806,peppan_g_1583,peppan_g_6215,peppan_g_10340,peppan_g_15039,peppan_g_19902,peppan_g_24930,peppan_g_31432,peppan_g_36100,peppan_g_36644
AJBGEP_01822,peppan_g_1598,peppan_g_6230,peppan_g_10325,peppan_g_15024,peppan_g_19917,peppan_g_24945,peppan_g_31417,peppan_g_36085,peppan_g_36629
AJBGEP_01835,peppan_g_1611,peppan_g_6243,peppan_g_10312,peppan_g_15011,peppan_g_19930,peppan_g_24958,peppan_g_31404,peppan_g_36072,peppan_g_36616
AJBGEP_01839,peppan_g_1615,peppan_g_6247,peppan_g_10308,peppan_g_15007,peppan_g_19934,peppan_g_24962,peppan_g_31400,peppan_g_36068,peppan_g_36612
AJBGEP_01857,peppan_g_1631,peppan_g_6263,peppan_g_10292,peppan_g_14991,peppan_g_19950,peppan_g_24978,peppan_g_31384,peppan_g_36052,peppan_g_36596
AJBGEP_01872,peppan_g_1071,peppan_g_6278,peppan_g_10277,peppan_g_14976,peppan_g_19965,peppan_g_24993,peppan_g_31369,peppan_g_36037,peppan_g_36581
AJBGEP_01875,peppan_g_1068,peppan_g_6281,peppan_g_10274,peppan_g_14973,peppan_g_19968,peppan_g_24996,peppan_g_31366,peppan_g_36034,peppan_g_36578
AJBGEP_01879,peppan_g_1064,peppan_g_6286,peppan_g_10268,peppan_g_14968,peppan_g_19972,peppan_g_25000,peppan_g_31360,peppan_g_36030,peppan_g_36574
AJBGEP_01883,peppan_g_1060,peppan_g_6290,peppan_g_10264,peppan_g_14964,peppan_g_19976,peppan_g_25004,peppan_g_31356,peppan_g_36026,peppan_g_36570
AJBGEP_01903,peppan_g_1041,peppan_g_6309,peppan_g_10245,peppan_g_14945,peppan_g_19995,peppan_g_25023,peppan_g_31337,peppan_g_36007,peppan_g_36551
AJBGEP_01906,peppan_g_1038,peppan_g_6312,peppan_g_10242,peppan_g_14942,peppan_g_19998,peppan_g_25026,peppan_g_31334,peppan_g_36004,peppan_g_36548
AJBGEP_01915,peppan_g_1032,peppan_g_6318,peppan_g_10236,peppan_g_14936,peppan_g_20005,peppan_g_25032,peppan_g_31328,peppan_g_35998,peppan_g_36542
AJBGEP_01919,peppan_g_1028,peppan_g_6322,peppan_g_10232,peppan_g_14932,peppan_g_20009,peppan_g_25036,peppan_g_31324,peppan_g_35994,peppan_g_36538
AJBGEP_01922,peppan_g_1025,peppan_g_6325,peppan_g_10229,peppan_g_14929,peppan_g_20012,peppan_g_25039,peppan_g_31321,peppan_g_35991,peppan_g_36535
AJBGEP_01935,peppan_g_1012,peppan_g_6338,peppan_g_10216,peppan_g_14916,peppan_g_20025,peppan_g_25052,peppan_g_31308,peppan_g_35978,peppan_g_36522
AJBGEP_01940,peppan_g_1007,peppan_g_6343,peppan_g_10211,peppan_g_14911,peppan_g_20030,peppan_g_25057,peppan_g_31303,peppan_g_35973,peppan_g_36517
AJBGEP_01941,peppan_g_1006,peppan_g_6344,peppan_g_10210,peppan_g_14910,peppan_g_20031,peppan_g_25058,peppan_g_31302,peppan_g_35972,peppan_g_36516
AJBGEP_01950,peppan_g_998,peppan_g_6352,peppan_g_10202,peppan_g_14902,peppan_g_20039,peppan_g_25066,peppan_g_31294,peppan_g_35964,peppan_g_36508
AJBGEP_01971,peppan_g_981,peppan_g_6377,peppan_g_10187,peppan_g_14826,peppan_g_20062,peppan_g_25089,peppan_g_31260,peppan_g_35928,peppan_g_36482
AJBGEP_01979,peppan_g_973,peppan_g_6385,peppan_g_10179,peppan_g_14818,peppan_g_20070,peppan_g_25097,peppan_g_31252,peppan_g_35920,peppan_g_36474
AJBGEP_01996,peppan_g_957,peppan_g_6401,peppan_g_10162,peppan_g_14801,peppan_g_20087,peppan_g_25114,peppan_g_31232,peppan_g_35903,peppan_g_36457
AJBGEP_01998,peppan_g_955,peppan_g_6403,peppan_g_10160,peppan_g_14799,peppan_g_20089,peppan_g_25116,peppan_g_31230,peppan_g_35901,peppan_g_36455
AJBGEP_02001,peppan_g_952,peppan_g_6406,peppan_g_10157,peppan_g_14796,peppan_g_20092,peppan_g_25119,peppan_g_31227,peppan_g_35898,peppan_g_36452
AJBGEP_02012,peppan_g_942,peppan_g_6416,peppan_g_10147,peppan_g_14786,peppan_g_20102,peppan_g_25129,peppan_g_31217,peppan_g_35888,peppan_g_36442
AJBGEP_02019,peppan_g_934,peppan_g_6424,peppan_g_10139,peppan_g_14778,peppan_g_20110,peppan_g_25137,peppan_g_31209,peppan_g_35880,peppan_g_36434
AJBGEP_02022,peppan_g_931,peppan_g_6427,peppan_g_10136,peppan_g_14775,peppan_g_20113,peppan_g_25140,peppan_g_31206,peppan_g_35877,peppan_g_36431
AJBGEP_02029,peppan_g_924,peppan_g_6434,peppan_g_10129,peppan_g_14768,peppan_g_20120,peppan_g_25147,peppan_g_31199,peppan_g_35870,peppan_g_36424
AJBGEP_02038,peppan_g_917,peppan_g_6442,peppan_g_10121,peppan_g_14760,peppan_g_20128,peppan_g_25155,peppan_g_31191,peppan_g_35862,peppan_g_36416
AJBGEP_02039,peppan_g_916,peppan_g_6443,peppan_g_10120,peppan_g_14759,peppan_g_20129,peppan_g_25156,peppan_g_31190,peppan_g_35861,peppan_g_36415
AJBGEP_02062,peppan_g_898,peppan_g_6461,peppan_g_10102,peppan_g_14741,peppan_g_20148,peppan_g_25174,peppan_g_31172,peppan_g_35843,peppan_g_36397
AJBGEP_02065,peppan_g_894,peppan_g_6465,peppan_g_10098,peppan_g_14737,peppan_g_20152,peppan_g_25178,peppan_g_31168,peppan_g_35839,peppan_g_36393
AJBGEP_02088,peppan_g_872,peppan_g_6487,peppan_g_10076,peppan_g_14715,peppan_g_20174,peppan_g_25200,peppan_g_31146,peppan_g_35817,peppan_g_36371
AJBGEP_02172,peppan_g_840,peppan_g_6509,peppan_g_10989,peppan_g_15710,peppan_g_20247,peppan_g_25218,peppan_g_29075,peppan_g_35801,peppan_g_40931
AJBGEP_02188,peppan_g_824,peppan_g_6525,peppan_g_11005,peppan_g_15726,peppan_g_20263,peppan_g_25234,peppan_g_29059,peppan_g_35785,peppan_g_40915
AJBGEP_02206,peppan_g_807,peppan_g_6542,peppan_g_11022,peppan_g_15743,peppan_g_20280,peppan_g_25251,peppan_g_29042,peppan_g_35768,peppan_g_40898
AJBGEP_02224,peppan_g_789,peppan_g_6560,peppan_g_11040,peppan_g_15761,peppan_g_20298,peppan_g_25269,peppan_g_29024,peppan_g_35750,peppan_g_40880
AJBGEP_02226,peppan_g_787,peppan_g_6619,peppan_g_11042,peppan_g_15763,peppan_g_20300,peppan_g_25271,peppan_g_29022,peppan_g_35748,peppan_g_40878
AJBGEP_02230,peppan_g_785,peppan_g_6621,peppan_g_11044,peppan_g_15765,peppan_g_20302,peppan_g_25273,peppan_g_29020,peppan_g_35746,peppan_g_40876
AJBGEP_02235,peppan_g_781,peppan_g_6625,peppan_g_11048,peppan_g_15769,peppan_g_20306,peppan_g_25277,peppan_g_29016,peppan_g_35742,peppan_g_40872
AJBGEP_02262,peppan_g_753,peppan_g_6656,peppan_g_11075,peppan_g_15797,peppan_g_20333,peppan_g_25304,peppan_g_28986,peppan_g_35712,peppan_g_40854
AJBGEP_02264,peppan_g_751,peppan_g_6658,peppan_g_11077,peppan_g_15799,peppan_g_20335,peppan_g_25306,peppan_g_28984,peppan_g_35710,peppan_g_40852
AJBGEP_02276,peppan_g_739,peppan_g_6670,peppan_g_11089,peppan_g_15811,peppan_g_20347,peppan_g_25318,peppan_g_28972,peppan_g_35698,peppan_g_40840
AJBGEP_02278,peppan_g_737,peppan_g_6672,peppan_g_11091,peppan_g_15813,peppan_g_20349,peppan_g_25320,peppan_g_28970,peppan_g_35696,peppan_g_40838
AJBGEP_02281,peppan_g_734,peppan_g_6675,peppan_g_11094,peppan_g_15816,peppan_g_20352,peppan_g_25323,peppan_g_28967,peppan_g_35693,peppan_g_40835
AJBGEP_02294,peppan_g_722,peppan_g_6687,peppan_g_11106,peppan_g_15828,peppan_g_20364,peppan_g_25335,peppan_g_28955,peppan_g_35661,peppan_g_40823
AJBGEP_02302,peppan_g_704,peppan_g_6693,peppan_g_11124,peppan_g_15834,peppan_g_20371,peppan_g_25342,peppan_g_28940,peppan_g_35654,peppan_g_40809
AJBGEP_02303,peppan_g_703,peppan_g_6694,peppan_g_11125,peppan_g_15835,peppan_g_20372,peppan_g_25343,peppan_g_28939,peppan_g_35653,peppan_g_40808
AJBGEP_02322,peppan_g_684,peppan_g_6713,peppan_g_11144,peppan_g_15854,peppan_g_20391,peppan_g_25362,peppan_g_28920,peppan_g_35634,peppan_g_40789
AJBGEP_02346,peppan_g_662,peppan_g_6735,peppan_g_11166,peppan_g_15876,peppan_g_20413,peppan_g_25384,peppan_g_28898,peppan_g_35612,peppan_g_40767
AJBGEP_02357,peppan_g_651,peppan_g_6746,peppan_g_11177,peppan_g_15887,peppan_g_20424,peppan_g_25395,peppan_g_28887,peppan_g_35601,peppan_g_40756
AJBGEP_02360,peppan_g_648,peppan_g_6749,peppan_g_11180,peppan_g_15890,peppan_g_20427,peppan_g_25398,peppan_g_28884,peppan_g_35598,peppan_g_40753
AJBGEP_02361,peppan_g_647,peppan_g_6750,peppan_g_11181,peppan_g_15891,peppan_g_20428,peppan_g_25399,peppan_g_28883,peppan_g_35597,peppan_g_40752
AJBGEP_02362,peppan_g_646,peppan_g_6751,peppan_g_11182,peppan_g_15892,peppan_g_20429,peppan_g_25400,peppan_g_28882,peppan_g_35596,peppan_g_40751
AJBGEP_02381,peppan_g_628,peppan_g_6769,peppan_g_11200,peppan_g_15910,peppan_g_20447,peppan_g_25418,peppan_g_28864,peppan_g_34735,peppan_g_40733
AJBGEP_02382,peppan_g_627,peppan_g_6770,peppan_g_11201,peppan_g_15911,peppan_g_20448,peppan_g_25419,peppan_g_28863,peppan_g_34734,peppan_g_40732
AJBGEP_02409,peppan_g_612,peppan_g_6780,peppan_g_11212,peppan_g_15926,peppan_g_20473,peppan_g_25444,peppan_g_28848,peppan_g_34719,peppan_g_40717
AJBGEP_02413,peppan_g_3586;peppan_g_608,peppan_g_6784;peppan_g_8184,peppan_g_11216;peppan_g_12725,peppan_g_15930;peppan_g_17378,peppan_g_20477;peppan_g_21972,peppan_g_25448;peppan_g_26885,peppan_g_28844;peppan_g_29640,peppan_g_31918;peppan_g_34715;peppan_g_35222,peppan_g_39220;peppan_g_40713
AJBGEP_02418,peppan_g_3581;peppan_g_603,peppan_g_6789;peppan_g_8189,peppan_g_11221;peppan_g_12730,peppan_g_15935;peppan_g_17383,peppan_g_20482;peppan_g_21977,peppan_g_25453;peppan_g_26890,peppan_g_28839;peppan_g_29635,peppan_g_31913;peppan_g_34710;peppan_g_35217,peppan_g_39215;peppan_g_40708
AJBGEP_02440,peppan_g_581,peppan_g_6810,peppan_g_11242,peppan_g_15956,peppan_g_20503,peppan_g_25474,peppan_g_28818,peppan_g_34689,peppan_g_40687
AJBGEP_02447,peppan_g_574,peppan_g_6817,peppan_g_11249,peppan_g_15963,peppan_g_20510,peppan_g_25481,peppan_g_28811,peppan_g_34682,peppan_g_40680
AJBGEP_02448,peppan_g_573,peppan_g_6818,peppan_g_11250,peppan_g_15964,peppan_g_20511,peppan_g_25482,peppan_g_28810,peppan_g_34681,peppan_g_40679
AJBGEP_02468,peppan_g_554,peppan_g_6837,peppan_g_11269,peppan_g_15983,peppan_g_20530,peppan_g_25501,peppan_g_28791,peppan_g_34662,peppan_g_40660
AJBGEP_02486,peppan_g_538,peppan_g_6853,peppan_g_11287,peppan_g_16000,peppan_g_20547,peppan_g_25518,peppan_g_28773,peppan_g_34646,peppan_g_40644
AJBGEP_02492,peppan_g_532,peppan_g_6859,peppan_g_11293,peppan_g_16006,peppan_g_20553,peppan_g_25524,peppan_g_28767,peppan_g_34640,peppan_g_40638
AJBGEP_02506,peppan_g_518,peppan_g_6873,peppan_g_11307,peppan_g_16020,peppan_g_20567,peppan_g_25538,peppan_g_28753,peppan_g_34626,peppan_g_40624
AJBGEP_02530,peppan_g_494,peppan_g_6897,peppan_g_11331,peppan_g_16044,peppan_g_20591,peppan_g_25562,peppan_g_28729,peppan_g_34602,peppan_g_40600
AJBGEP_02536,peppan_g_488,peppan_g_6903,peppan_g_11337,peppan_g_16050,peppan_g_20597,peppan_g_25568,peppan_g_28723,peppan_g_34596,peppan_g_40594
AJBGEP_02551,peppan_g_473,peppan_g_6918,peppan_g_11352,peppan_g_16065,peppan_g_20612,peppan_g_25583,peppan_g_28708,peppan_g_34581,peppan_g_40579
AJBGEP_02558,peppan_g_466,peppan_g_6925,peppan_g_11359,peppan_g_16072,peppan_g_20619,peppan_g_25590,peppan_g_28701,peppan_g_34574,peppan_g_40572
AJBGEP_02574,peppan_g_448,peppan_g_6938,peppan_g_11372,peppan_g_16089,peppan_g_20632,peppan_g_25603,peppan_g_28688,peppan_g_34561,peppan_g_40559
AJBGEP_02598,peppan_g_430,peppan_g_6956,peppan_g_11390,peppan_g_16107,peppan_g_20650,peppan_g_25621,peppan_g_28454,peppan_g_34543,peppan_g_40541
AJBGEP_02602,peppan_g_426,peppan_g_6960,peppan_g_11394,peppan_g_16111,peppan_g_20654,peppan_g_25625,peppan_g_28450,peppan_g_34539,peppan_g_40537
AJBGEP_02608,peppan_g_420,peppan_g_6966,peppan_g_11400,peppan_g_16117,peppan_g_20660,peppan_g_25631,peppan_g_28444,peppan_g_34533,peppan_g_40531
AJBGEP_02655,peppan_g_376,peppan_g_7006,peppan_g_11443,peppan_g_16160,peppan_g_20704,peppan_g_25673,peppan_g_28402,peppan_g_34492,peppan_g_40489
AJBGEP_02663,peppan_g_368,peppan_g_7014,peppan_g_11451,peppan_g_16168,peppan_g_20712,peppan_g_25681,peppan_g_28394,peppan_g_34484,peppan_g_40481
AJBGEP_02668,peppan_g_361,peppan_g_7021,peppan_g_11458,peppan_g_16175,peppan_g_20717,peppan_g_25686,peppan_g_28387,peppan_g_34477,peppan_g_40474
AJBGEP_02673,peppan_g_356,peppan_g_7026,peppan_g_11463,peppan_g_16180,peppan_g_20722,peppan_g_25691,peppan_g_28382,peppan_g_34472,peppan_g_40469
AJBGEP_02689,peppan_g_336,peppan_g_7042,peppan_g_11482,peppan_g_16198,peppan_g_20738,peppan_g_25707,peppan_g_28365,peppan_g_34455,peppan_g_40453
AJBGEP_02690,peppan_g_335,peppan_g_7043,peppan_g_11483,peppan_g_16199,peppan_g_20739,peppan_g_25708,peppan_g_28364,peppan_g_34454,peppan_g_40452
AJBGEP_02698,peppan_g_328,peppan_g_7050,peppan_g_11490,peppan_g_16206,peppan_g_20746,peppan_g_25715,peppan_g_28357,peppan_g_34447,peppan_g_40445
AJBGEP_02717,peppan_g_310,peppan_g_7066,peppan_g_11508,peppan_g_16224,peppan_g_20764,peppan_g_25733,peppan_g_28339,peppan_g_34429,peppan_g_40427
AJBGEP_02730,peppan_g_297,peppan_g_7079,peppan_g_11521,peppan_g_16237,peppan_g_20777,peppan_g_25746,peppan_g_28326,peppan_g_34416,peppan_g_40414
AJBGEP_02735,peppan_g_292,peppan_g_7084,peppan_g_11526,peppan_g_16242,peppan_g_20782,peppan_g_25751,peppan_g_28321,peppan_g_34411,peppan_g_40409
AJBGEP_02753,peppan_g_276,peppan_g_7100,peppan_g_11542,peppan_g_16258,peppan_g_20798,peppan_g_25767,peppan_g_28305,peppan_g_34392,peppan_g_40393
AJBGEP_02837,peppan_g_260,peppan_g_7116,peppan_g_11558,peppan_g_16274,peppan_g_20873,peppan_g_25783,peppan_g_27266,peppan_g_34376,peppan_g_40377
AJBGEP_02843,peppan_g_253,peppan_g_7123,peppan_g_11565,peppan_g_16281,peppan_g_20880,peppan_g_25790,peppan_g_27273,peppan_g_34369,peppan_g_40370
AJBGEP_02873,peppan_g_2562,peppan_g_7148,peppan_g_11624,peppan_g_16306,peppan_g_20905,peppan_g_25815,peppan_g_31117,peppan_g_34343,peppan_g_40345
AJBGEP_02876,peppan_g_2565,peppan_g_7151,peppan_g_11627,peppan_g_16309,peppan_g_20908,peppan_g_25818,peppan_g_31114,peppan_g_34340,peppan_g_40342
AJBGEP_02938,peppan_g_2608,peppan_g_7194,peppan_g_11693,peppan_g_16377,peppan_g_20965,peppan_g_25875,peppan_g_31078,peppan_g_34316,peppan_g_40232
AJBGEP_02939,peppan_g_2609,peppan_g_7195,peppan_g_11694,peppan_g_16378,peppan_g_20966,peppan_g_25876,peppan_g_31077,peppan_g_34315,peppan_g_40231
AJBGEP_02959,peppan_g_2629,peppan_g_7215,peppan_g_11714,peppan_g_16398,peppan_g_20986,peppan_g_25896,peppan_g_31057,peppan_g_34295,peppan_g_40211
AJBGEP_02961,peppan_g_2631,peppan_g_7217,peppan_g_11716,peppan_g_16400,peppan_g_20988,peppan_g_25898,peppan_g_31055,peppan_g_34293,peppan_g_40209
AJBGEP_02966,peppan_g_2636,peppan_g_7222,peppan_g_11721,peppan_g_16405,peppan_g_20993,peppan_g_25903,peppan_g_31050,peppan_g_34288,peppan_g_40204
AJBGEP_02967,peppan_g_2637,peppan_g_7223,peppan_g_11722,peppan_g_16406,peppan_g_20994,peppan_g_25904,peppan_g_31049,peppan_g_34287,peppan_g_40203
AJBGEP_02995,peppan_g_2658,peppan_g_7244,peppan_g_11743,peppan_g_16427,peppan_g_21015,peppan_g_25925,peppan_g_31028,peppan_g_34266,peppan_g_40182
AJBGEP_03067,peppan_g_2724,peppan_g_7311,peppan_g_11815,peppan_g_16496,peppan_g_21085,peppan_g_25995,peppan_g_30957,peppan_g_34194,peppan_g_40112
AJBGEP_03068,peppan_g_2725,peppan_g_7312,peppan_g_11816,peppan_g_16497,peppan_g_21086,peppan_g_25996,peppan_g_30956,peppan_g_34193,peppan_g_40111
AJBGEP_03079,peppan_g_2736,peppan_g_7323,peppan_g_11827,peppan_g_16508,peppan_g_21097,peppan_g_26007,peppan_g_30945,peppan_g_34182,peppan_g_40100
AJBGEP_03091,peppan_g_2748,peppan_g_7335,peppan_g_11841,peppan_g_16520,peppan_g_21109,peppan_g_26019,peppan_g_30933,peppan_g_34170,peppan_g_40088
AJBGEP_03127,peppan_g_2794,peppan_g_7371,peppan_g_11884,peppan_g_16561,peppan_g_21145,peppan_g_26055,peppan_g_30897,peppan_g_34128,peppan_g_40047
AJBGEP_03137,peppan_g_2804,peppan_g_7381,peppan_g_11894,peppan_g_16571,peppan_g_21155,peppan_g_26065,peppan_g_30887,peppan_g_34118,peppan_g_40037
AJBGEP_03139,peppan_g_2806,peppan_g_7383,peppan_g_11896,peppan_g_16573,peppan_g_21157,peppan_g_26067,peppan_g_30885,peppan_g_34116,peppan_g_40035
AJBGEP_03147,peppan_g_2813,peppan_g_7390,peppan_g_11903,peppan_g_16580,peppan_g_21164,peppan_g_26074,peppan_g_30878,peppan_g_34109,peppan_g_40028
AJBGEP_03150,peppan_g_2814,peppan_g_7391,peppan_g_11904,peppan_g_16581,peppan_g_21165,peppan_g_26075,peppan_g_30877,peppan_g_34108,peppan_g_40027
AJBGEP_03153,peppan_g_2817,peppan_g_7394,peppan_g_11907,peppan_g_16584,peppan_g_21168,peppan_g_26078,peppan_g_30874,peppan_g_34105,peppan_g_40024
AJBGEP_03165,peppan_g_2830,peppan_g_7406,peppan_g_11919,peppan_g_16596,peppan_g_21180,peppan_g_26090,peppan_g_30862,peppan_g_34093,peppan_g_40012
AJBGEP_03184,peppan_g_2847,peppan_g_7422,peppan_g_11935,peppan_g_16612,peppan_g_21196,peppan_g_26106,peppan_g_30846,peppan_g_34077,peppan_g_39996
AJBGEP_03188,peppan_g_2851,peppan_g_7426,peppan_g_11939,peppan_g_16616,peppan_g_21200,peppan_g_26110,peppan_g_30842,peppan_g_34073,peppan_g_39992
AJBGEP_03208,peppan_g_2874,peppan_g_7441,peppan_g_11955,peppan_g_16634,peppan_g_21218,peppan_g_26128,peppan_g_30824,peppan_g_34058,peppan_g_39975
AJBGEP_03233,peppan_g_2897,peppan_g_7464,peppan_g_11978,peppan_g_16657,peppan_g_21241,peppan_g_26151,peppan_g_30801,peppan_g_32179,peppan_g_39952
AJBGEP_03239,peppan_g_2905,peppan_g_7470,peppan_g_11984,peppan_g_16663,peppan_g_21247,peppan_g_26157,peppan_g_30795,peppan_g_32173,peppan_g_39946
AJBGEP_03259,peppan_g_2919,peppan_g_7489,peppan_g_12004,peppan_g_16683,peppan_g_21267,peppan_g_26177,peppan_g_30775,peppan_g_32153,peppan_g_39926
AJBGEP_03292,peppan_g_2952,peppan_g_7519,peppan_g_12035,peppan_g_16713,peppan_g_21297,peppan_g_26207,peppan_g_30745,peppan_g_33705,peppan_g_39883
AJBGEP_03304,peppan_g_2963,peppan_g_7534,peppan_g_12046,peppan_g_16724,peppan_g_21308,peppan_g_26218,peppan_g_30734,peppan_g_33694,peppan_g_39872
AJBGEP_03308,peppan_g_2967,peppan_g_7538,peppan_g_12050,peppan_g_16728,peppan_g_21312,peppan_g_26222,peppan_g_30730,peppan_g_33690,peppan_g_39868
AJBGEP_03317,peppan_g_2976,peppan_g_7547,peppan_g_12059,peppan_g_16737,peppan_g_21321,peppan_g_26231,peppan_g_30721,peppan_g_33681,peppan_g_39859
AJBGEP_03333,peppan_g_2992,peppan_g_7563,peppan_g_12075,peppan_g_16753,peppan_g_21337,peppan_g_26247,peppan_g_30705,peppan_g_33665,peppan_g_39842
AJBGEP_03363,peppan_g_3022,peppan_g_7595,peppan_g_12113,peppan_g_16783,peppan_g_21367,peppan_g_26277,peppan_g_30674,peppan_g_33635,peppan_g_39812
AJBGEP_03369,peppan_g_3027,peppan_g_7600,peppan_g_12118,peppan_g_16788,peppan_g_21372,peppan_g_26282,peppan_g_30669,peppan_g_33630,peppan_g_39807
AJBGEP_03372,peppan_g_3030,peppan_g_7603,peppan_g_12121,peppan_g_16791,peppan_g_21375,peppan_g_26285,peppan_g_30666,peppan_g_33627,peppan_g_39804
AJBGEP_03380,peppan_g_3038,peppan_g_7611,peppan_g_12129,peppan_g_16799,peppan_g_21383,peppan_g_26293,peppan_g_30658,peppan_g_33619,peppan_g_39796
AJBGEP_03387,peppan_g_3044,peppan_g_7617,peppan_g_12135,peppan_g_16805,peppan_g_21389,peppan_g_26299,peppan_g_30652,peppan_g_33574,peppan_g_39790
AJBGEP_03408,peppan_g_3064,peppan_g_7637,peppan_g_12155,peppan_g_16825,peppan_g_21409,peppan_g_26319,peppan_g_30632,peppan_g_33554,peppan_g_39770
AJBGEP_03419,peppan_g_3073,peppan_g_7646,peppan_g_12164,peppan_g_16834,peppan_g_21418,peppan_g_26328,peppan_g_30623,peppan_g_33545,peppan_g_39761
AJBGEP_03426,peppan_g_3085,peppan_g_7653,peppan_g_12171,peppan_g_16841,peppan_g_21425,peppan_g_26340,peppan_g_30611,peppan_g_33533,peppan_g_39754
AJBGEP_03436,peppan_g_3095,peppan_g_7663,peppan_g_12181,peppan_g_16851,peppan_g_21435,peppan_g_26350,peppan_g_30601,peppan_g_33523,peppan_g_39744
AJBGEP_03453,peppan_g_3108,peppan_g_7676,peppan_g_12196,peppan_g_16866,peppan_g_21450,peppan_g_26365,peppan_g_30588,peppan_g_33510,peppan_g_39731
AJBGEP_03495,peppan_g_3144,peppan_g_7712,peppan_g_12233,peppan_g_16903,peppan_g_21488,peppan_g_26402,peppan_g_30551,peppan_g_33473,peppan_g_39695
AJBGEP_03505,peppan_g_3153,peppan_g_7721,peppan_g_12242,peppan_g_16912,peppan_g_21497,peppan_g_26411,peppan_g_30542,peppan_g_33464,peppan_g_39686
AJBGEP_03507,peppan_g_3155,peppan_g_7723,peppan_g_12244,peppan_g_16914,peppan_g_21499,peppan_g_26413,peppan_g_30540,peppan_g_33462,peppan_g_39684
AJBGEP_03533,peppan_g_3181,peppan_g_7749,peppan_g_12270,peppan_g_16940,peppan_g_21525,peppan_g_26439,peppan_g_30514,peppan_g_33436,peppan_g_39658
AJBGEP_03540,peppan_g_3188,peppan_g_7756,peppan_g_12277,peppan_g_16947,peppan_g_21532,peppan_g_26446,peppan_g_30507,peppan_g_33429,peppan_g_39651
AJBGEP_03548,peppan_g_3196,peppan_g_7764,peppan_g_12285,peppan_g_16955,peppan_g_21540,peppan_g_26454,peppan_g_30499,peppan_g_33421,peppan_g_39643
AJBGEP_03549,peppan_g_3197,peppan_g_7765,peppan_g_12286,peppan_g_16956,peppan_g_21541,peppan_g_26455,peppan_g_30498,peppan_g_33420,peppan_g_39642
AJBGEP_03555,peppan_g_3203,peppan_g_7771,peppan_g_12292,peppan_g_16962,peppan_g_21547,peppan_g_26461,peppan_g_30492,peppan_g_33414,peppan_g_39636
AJBGEP_03558,peppan_g_3206,peppan_g_7774,peppan_g_12295,peppan_g_16965,peppan_g_21550,peppan_g_26464,peppan_g_30489,peppan_g_33411,peppan_g_39633
AJBGEP_03562,peppan_g_3209,peppan_g_7778,peppan_g_12299,peppan_g_16969,peppan_g_21554,peppan_g_26468,peppan_g_30485,peppan_g_33407,peppan_g_39629
AJBGEP_03564,peppan_g_3211,peppan_g_7780,peppan_g_12301,peppan_g_16971,peppan_g_21556,peppan_g_26470,peppan_g_30483,peppan_g_33405,peppan_g_39627
AJBGEP_03588,peppan_g_3970,peppan_g_7798,peppan_g_12319,peppan_g_16989,peppan_g_21574,peppan_g_26488,peppan_g_27305,peppan_g_31971,peppan_g_39609
AJBGEP_03616,peppan_g_3943,peppan_g_7825,peppan_g_12346,peppan_g_17016,peppan_g_21601,peppan_g_26515,peppan_g_27278,peppan_g_35584,peppan_g_39582
AJBGEP_03626,peppan_g_3933,peppan_g_7835,peppan_g_12356,peppan_g_17026,peppan_g_21611,peppan_g_26525,peppan_g_29986,peppan_g_35574,peppan_g_39572
AJBGEP_03641,peppan_g_3917,peppan_g_7850,peppan_g_12371,peppan_g_17041,peppan_g_21626,peppan_g_26540,peppan_g_29971,peppan_g_35559,peppan_g_39557
AJBGEP_03642,peppan_g_3916,peppan_g_7851,peppan_g_12372,peppan_g_17042,peppan_g_21627,peppan_g_26541,peppan_g_29970,peppan_g_35558,peppan_g_39556
AJBGEP_03649,peppan_g_3908,peppan_g_7859,peppan_g_12380,peppan_g_17050,peppan_g_21635,peppan_g_26549,peppan_g_29963,peppan_g_35550,peppan_g_39548
AJBGEP_03660,peppan_g_3899,peppan_g_7867,peppan_g_12391,peppan_g_17058,peppan_g_21644,peppan_g_26557,peppan_g_29955,peppan_g_35542,peppan_g_39540
AJBGEP_03676,peppan_g_3883,peppan_g_7883,peppan_g_12408,peppan_g_17074,peppan_g_21660,peppan_g_26573,peppan_g_29939,peppan_g_35523,peppan_g_39524
AJBGEP_03677,peppan_g_3882,peppan_g_7884,peppan_g_12409,peppan_g_17075,peppan_g_21661,peppan_g_26574,peppan_g_29938,peppan_g_35522,peppan_g_39523
AJBGEP_03678,peppan_g_3881,peppan_g_7885,peppan_g_12410,peppan_g_17076,peppan_g_21662,peppan_g_26575,peppan_g_29937,peppan_g_35521,peppan_g_39522
AJBGEP_03715,peppan_g_3861,peppan_g_7909,peppan_g_12442,peppan_g_17109,peppan_g_21695,peppan_g_26608,peppan_g_29905,peppan_g_35494,peppan_g_39495
AJBGEP_03723,peppan_g_3852,peppan_g_7918,peppan_g_12451,peppan_g_17118,peppan_g_21704,peppan_g_26617,peppan_g_29896,peppan_g_35485,peppan_g_39486
AJBGEP_03726,peppan_g_3850,peppan_g_7920,peppan_g_12453,peppan_g_17120,peppan_g_21706,peppan_g_26619,peppan_g_29894,peppan_g_35483,peppan_g_39484
AJBGEP_03745,peppan_g_3832,peppan_g_7938,peppan_g_12471,peppan_g_17139,peppan_g_21725,peppan_g_26638,peppan_g_29875,peppan_g_35464,peppan_g_39465
AJBGEP_03759,peppan_g_3818,peppan_g_7952,peppan_g_12485,peppan_g_17153,peppan_g_21739,peppan_g_26652,peppan_g_29861,peppan_g_35450,peppan_g_39451
AJBGEP_03777,peppan_g_3794,peppan_g_7969,peppan_g_12503,peppan_g_17170,peppan_g_21756,peppan_g_26669,peppan_g_29844,peppan_g_35433,peppan_g_39434
AJBGEP_03780,peppan_g_3793,peppan_g_7972,peppan_g_12506,peppan_g_17173,peppan_g_21759,peppan_g_26672,peppan_g_29841,peppan_g_35430,peppan_g_39431
AJBGEP_03785,peppan_g_3788,peppan_g_7977,peppan_g_12511,peppan_g_17178,peppan_g_21764,peppan_g_26677,peppan_g_29836,peppan_g_35425,peppan_g_39426
AJBGEP_03791,peppan_g_3783,peppan_g_7982,peppan_g_12516,peppan_g_17183,peppan_g_21769,peppan_g_26682,peppan_g_29831,peppan_g_35420,peppan_g_39421
AJBGEP_03803,peppan_g_3771,peppan_g_7994,peppan_g_12528,peppan_g_17195,peppan_g_21781,peppan_g_26694,peppan_g_29819,peppan_g_35408,peppan_g_39409
AJBGEP_03807,peppan_g_3769,peppan_g_7996,peppan_g_12530,peppan_g_17197,peppan_g_21783,peppan_g_26696,peppan_g_29817,peppan_g_35406,peppan_g_39407
AJBGEP_03853,peppan_g_3731,peppan_g_8034,peppan_g_12574,peppan_g_17241,peppan_g_21827,peppan_g_26740,peppan_g_29773,peppan_g_35362,peppan_g_39362
AJBGEP_03860,peppan_g_3724,peppan_g_8041,peppan_g_12581,peppan_g_17248,peppan_g_21834,peppan_g_26747,peppan_g_29766,peppan_g_35355,peppan_g_39355
AJBGEP_03863,peppan_g_3721,peppan_g_8044,peppan_g_12584,peppan_g_17251,peppan_g_21837,peppan_g_26750,peppan_g_29763,peppan_g_35352,peppan_g_39352
AJBGEP_03869,peppan_g_3715,peppan_g_8051,peppan_g_12592,peppan_g_17257,peppan_g_21843,peppan_g_26756,peppan_g_29757,peppan_g_35346,peppan_g_39344
AJBGEP_03892,peppan_g_3693,peppan_g_8070,peppan_g_12614,peppan_g_17279,peppan_g_21865,peppan_g_26778,peppan_g_29735,peppan_g_35324,peppan_g_39322
AJBGEP_03912,peppan_g_3673,peppan_g_8090,peppan_g_12634,peppan_g_17299,peppan_g_21885,peppan_g_26798,peppan_g_29715,peppan_g_35304,peppan_g_39302
AJBGEP_03915,peppan_g_3670,peppan_g_8093,peppan_g_12637,peppan_g_17302,peppan_g_21888,peppan_g_26801,peppan_g_29712,peppan_g_35301,peppan_g_39299
AJBGEP_03933,peppan_g_3653,peppan_g_8120,peppan_g_12655,peppan_g_17319,peppan_g_21906,peppan_g_26819,peppan_g_29695,peppan_g_35284,peppan_g_39282
AJBGEP_03945,peppan_g_3640,peppan_g_8128,peppan_g_12671,peppan_g_17331,peppan_g_21918,peppan_g_26831,peppan_g_29687,peppan_g_35276,peppan_g_39274
AJBGEP_03975,peppan_g_3611,peppan_g_8159,peppan_g_12700,peppan_g_17353,peppan_g_21947,peppan_g_26860,peppan_g_29665,peppan_g_35247,peppan_g_39245
AJBGEP_03976,peppan_g_3610,peppan_g_8160,peppan_g_12701,peppan_g_17354,peppan_g_21948,peppan_g_26861,peppan_g_29664,peppan_g_35246,peppan_g_39244
AJBGEP_03983,peppan_g_3603,peppan_g_8167,peppan_g_12708,peppan_g_17361,peppan_g_21955,peppan_g_26868,peppan_g_29657,peppan_g_35239,peppan_g_39237
AJBGEP_03996,peppan_g_3592,peppan_g_8178,peppan_g_12719,peppan_g_17372,peppan_g_21966,peppan_g_26879,peppan_g_29646,peppan_g_35228,peppan_g_39226
AJBGEP_04000,peppan_g_3588,peppan_g_8182,peppan_g_12723,peppan_g_17376,peppan_g_21970,peppan_g_26883,peppan_g_29642,peppan_g_35224,peppan_g_39222
AJBGEP_04013,peppan_g_3575,peppan_g_8195,peppan_g_12736,peppan_g_17389,peppan_g_21983,peppan_g_26896,peppan_g_29629,peppan_g_35211,peppan_g_39209
AJBGEP_04025,peppan_g_3565,peppan_g_8206,peppan_g_12744,peppan_g_17402,peppan_g_21996,peppan_g_26909,peppan_g_29616,peppan_g_35198,peppan_g_39199
AJBGEP_04027,peppan_g_3563,peppan_g_8208,peppan_g_12746,peppan_g_17404,peppan_g_21998,peppan_g_26911,peppan_g_29614,peppan_g_35196,peppan_g_39197
AJBGEP_04030,peppan_g_3561,peppan_g_8210,peppan_g_12748,peppan_g_17406,peppan_g_22000,peppan_g_26913,peppan_g_29612,peppan_g_35194,peppan_g_39195
AJBGEP_04049,peppan_g_3549,peppan_g_8222,peppan_g_12762,peppan_g_17418,peppan_g_22017,peppan_g_26925,peppan_g_29596,peppan_g_35182,peppan_g_39127
AJBGEP_04053,peppan_g_3546,peppan_g_8225,peppan_g_12765,peppan_g_17421,peppan_g_22020,peppan_g_26928,peppan_g_29593,peppan_g_33401,peppan_g_39124
AJBGEP_04054,peppan_g_3545,peppan_g_8226,peppan_g_12766,peppan_g_17422,peppan_g_22021,peppan_g_26929,peppan_g_29592,peppan_g_33400,peppan_g_39123
AJBGEP_04056,peppan_g_3538,peppan_g_8228,peppan_g_12768,peppan_g_17424,peppan_g_22023,peppan_g_26931,peppan_g_29590,peppan_g_33398,peppan_g_39121
AJBGEP_04071,peppan_g_3524,peppan_g_8242,peppan_g_12782,peppan_g_17438,peppan_g_22037,peppan_g_26945,peppan_g_29576,peppan_g_33384,peppan_g_39107
AJBGEP_04078,peppan_g_3517,peppan_g_8249,peppan_g_12789,peppan_g_17445,peppan_g_22044,peppan_g_26952,peppan_g_29569,peppan_g_33377,peppan_g_39100
AJBGEP_04079,peppan_g_3516,peppan_g_8250,peppan_g_12790,peppan_g_17446,peppan_g_22045,peppan_g_26953,peppan_g_29568,peppan_g_33376,peppan_g_39099
AJBGEP_04095,peppan_g_3294,peppan_g_8260,peppan_g_12800,peppan_g_17456,peppan_g_22055,peppan_g_26963,peppan_g_27681,peppan_g_33366,peppan_g_39089
AJBGEP_04106,peppan_g_3280,peppan_g_8275,peppan_g_12814,peppan_g_17467,peppan_g_22066,peppan_g_26974,peppan_g_27670,peppan_g_33355,peppan_g_39078
AJBGEP_04161,peppan_g_3232,peppan_g_8318,peppan_g_12863,peppan_g_17513,peppan_g_22115,peppan_g_27023,peppan_g_27624,peppan_g_33309,peppan_g_39032
AJBGEP_04162,peppan_g_3231,peppan_g_8319,peppan_g_12864,peppan_g_17514,peppan_g_22116,peppan_g_27024,peppan_g_27623,peppan_g_33308,peppan_g_39031
AJBGEP_04170,peppan_g_3224,peppan_g_8326,peppan_g_12871,peppan_g_17521,peppan_g_22123,peppan_g_27031,peppan_g_27616,peppan_g_33301,peppan_g_39024
AJBGEP_04171,peppan_g_3223,peppan_g_8327,peppan_g_12872,peppan_g_17522,peppan_g_22124,peppan_g_27032,peppan_g_27615,peppan_g_33300,peppan_g_39023
AJBGEP_04173,peppan_g_3221,peppan_g_8329,peppan_g_12874,peppan_g_17524,peppan_g_22126,peppan_g_27034,peppan_g_27613,peppan_g_33298,peppan_g_39021
AJBGEP_04174,peppan_g_3220,peppan_g_8330,peppan_g_12875,peppan_g_17525,peppan_g_22127,peppan_g_27035,peppan_g_27612,peppan_g_33297,peppan_g_39020
AJBGEP_04191,peppan_g_3507,peppan_g_8342,peppan_g_12887,peppan_g_17537,peppan_g_22139,peppan_g_27047,peppan_g_27773,peppan_g_33285,peppan_g_39008
AJBGEP_04193,peppan_g_3505,peppan_g_8344,peppan_g_12889,peppan_g_17539,peppan_g_22141,peppan_g_27049,peppan_g_27775,peppan_g_33283,peppan_g_39006
AJBGEP_04202,peppan_g_3499,peppan_g_8350,peppan_g_12895,peppan_g_17545,peppan_g_22147,peppan_g_27055,peppan_g_27781,peppan_g_33277,peppan_g_39000
AJBGEP_04223,peppan_g_3479,peppan_g_8370,peppan_g_12916,peppan_g_17565,peppan_g_22167,peppan_g_27075,peppan_g_27802,peppan_g_33261,peppan_g_38984
AJBGEP_04224,peppan_g_3478,peppan_g_8371,peppan_g_12917,peppan_g_17566,peppan_g_22168,peppan_g_27076,peppan_g_27803,peppan_g_33260,peppan_g_38983
AJBGEP_04225,peppan_g_3477,peppan_g_8372,peppan_g_12918,peppan_g_17567,peppan_g_22169,peppan_g_27077,peppan_g_27804,peppan_g_33259,peppan_g_38982
AJBGEP_04258,peppan_g_3446,peppan_g_8402,peppan_g_12952,peppan_g_17598,peppan_g_22200,peppan_g_27108,peppan_g_27835,peppan_g_33228,peppan_g_38951
AJBGEP_04274,peppan_g_3430,peppan_g_8418,peppan_g_12968,peppan_g_17614,peppan_g_22216,peppan_g_27124,peppan_g_27851,peppan_g_33212,peppan_g_38935
AJBGEP_04294,peppan_g_3410,peppan_g_8438,peppan_g_12988,peppan_g_17634,peppan_g_22236,peppan_g_27144,peppan_g_27871,peppan_g_33192,peppan_g_38915
AJBGEP_04296,peppan_g_3408,peppan_g_8440,peppan_g_12990,peppan_g_17636,peppan_g_22238,peppan_g_27146,peppan_g_27873,peppan_g_33190,peppan_g_38910
AJBGEP_04317,peppan_g_3392,peppan_g_8453,peppan_g_13005,peppan_g_17659,peppan_g_22258,peppan_g_27166,peppan_g_27893,peppan_g_33170,peppan_g_38895
AJBGEP_04359,peppan_g_3361,peppan_g_8484,peppan_g_13036,peppan_g_17690,peppan_g_22290,peppan_g_22837,peppan_g_27408,peppan_g_32078,peppan_g_38864
AJBGEP_04371,peppan_g_3349,peppan_g_8496,peppan_g_13048,peppan_g_17702,peppan_g_22302,peppan_g_22849,peppan_g_27396,peppan_g_32066,peppan_g_38852
AJBGEP_04382,peppan_g_3989,peppan_g_8503,peppan_g_13055,peppan_g_17709,peppan_g_22309,peppan_g_22856,peppan_g_28103,peppan_g_33151,peppan_g_38845
AJBGEP_04388,peppan_g_3994,peppan_g_8509,peppan_g_13061,peppan_g_17715,peppan_g_22315,peppan_g_22862,peppan_g_28109,peppan_g_33145,peppan_g_38839
AJBGEP_04393,peppan_g_3999,peppan_g_8514,peppan_g_13070,peppan_g_17720,peppan_g_22320,peppan_g_22867,peppan_g_28114,peppan_g_33140,peppan_g_38834
AJBGEP_04426,peppan_g_4011,peppan_g_8527,peppan_g_13103,peppan_g_17735,peppan_g_22353,peppan_g_22901,peppan_g_28148,peppan_g_33106,peppan_g_38800
AJBGEP_04443,peppan_g_4028,peppan_g_8603,peppan_g_13120,peppan_g_17752,peppan_g_22370,peppan_g_22918,peppan_g_28165,peppan_g_33089,peppan_g_38783
AJBGEP_04446,peppan_g_4031,peppan_g_8606,peppan_g_13123,peppan_g_17755,peppan_g_22373,peppan_g_22921,peppan_g_28168,peppan_g_33086,peppan_g_38780
AJBGEP_04451,peppan_g_4036,peppan_g_8611,peppan_g_13128,peppan_g_17760,peppan_g_22378,peppan_g_22926,peppan_g_28173,peppan_g_33081,peppan_g_38775
AJBGEP_04452,peppan_g_4037,peppan_g_8612,peppan_g_13129,peppan_g_17761,peppan_g_22379,peppan_g_22927,peppan_g_28174,peppan_g_33080,peppan_g_38774
AJBGEP_04460,peppan_g_4045,peppan_g_8620,peppan_g_13137,peppan_g_17769,peppan_g_22387,peppan_g_22935,peppan_g_28182,peppan_g_33072,peppan_g_38766
AJBGEP_04468,peppan_g_4052,peppan_g_8627,peppan_g_13144,peppan_g_17776,peppan_g_22394,peppan_g_22942,peppan_g_28189,peppan_g_33065,peppan_g_38759
AJBGEP_04474,peppan_g_4058,peppan_g_8633,peppan_g_13150,peppan_g_17782,peppan_g_22400,peppan_g_22948,peppan_g_28195,peppan_g_33059,peppan_g_38753
AJBGEP_04479,peppan_g_4063,peppan_g_8638,peppan_g_13155,peppan_g_17787,peppan_g_22405,peppan_g_22953,peppan_g_28200,peppan_g_33054,peppan_g_38748
AJBGEP_04482,peppan_g_4066,peppan_g_8641,peppan_g_13159,peppan_g_17790,peppan_g_22408,peppan_g_22956,peppan_g_28203,peppan_g_33051,peppan_g_38745
AJBGEP_04485,peppan_g_4068,peppan_g_8643,peppan_g_13161,peppan_g_17792,peppan_g_22410,peppan_g_22958,peppan_g_28205,peppan_g_33049,peppan_g_38743
AJBGEP_04502,peppan_g_4083,peppan_g_8658,peppan_g_13178,peppan_g_17807,peppan_g_22425,peppan_g_22973,peppan_g_28220,peppan_g_33034,peppan_g_38728
AJBGEP_04506,peppan_g_4087,peppan_g_8662,peppan_g_13182,peppan_g_17811,peppan_g_22429,peppan_g_22977,peppan_g_28224,peppan_g_33030,peppan_g_38724
AJBGEP_04526,peppan_g_4251,peppan_g_8692,peppan_g_13215,peppan_g_17827,peppan_g_22447,peppan_g_23006,peppan_g_28247,peppan_g_33008,peppan_g_38702
AJBGEP_04532,peppan_g_4257,peppan_g_8698,peppan_g_13221,peppan_g_17833,peppan_g_22453,peppan_g_23012,peppan_g_28253,peppan_g_33002,peppan_g_38696
AJBGEP_04533,peppan_g_4258,peppan_g_8699,peppan_g_13222,peppan_g_17834,peppan_g_22454,peppan_g_23013,peppan_g_28254,peppan_g_33001,peppan_g_38695
AJBGEP_04549,peppan_g_4274,peppan_g_8714,peppan_g_13238,peppan_g_17850,peppan_g_22470,peppan_g_23029,peppan_g_28270,peppan_g_32985,peppan_g_38679
AJBGEP_04558,peppan_g_4280,peppan_g_8720,peppan_g_13244,peppan_g_17856,peppan_g_22476,peppan_g_23035,peppan_g_30477,peppan_g_32979,peppan_g_38673
AJBGEP_04559,peppan_g_4281,peppan_g_8721,peppan_g_13245,peppan_g_17857,peppan_g_22477,peppan_g_23036,peppan_g_30476,peppan_g_32978,peppan_g_38672
AJBGEP_04564,peppan_g_4286,peppan_g_8726,peppan_g_13250,peppan_g_17862,peppan_g_22482,peppan_g_23041,peppan_g_30471,peppan_g_32973,peppan_g_38667
AJBGEP_04572,peppan_g_4294,peppan_g_8734,peppan_g_13258,peppan_g_17870,peppan_g_22490,peppan_g_23049,peppan_g_30463,peppan_g_32965,peppan_g_38659
AJBGEP_04575,peppan_g_4297,peppan_g_8737,peppan_g_13261,peppan_g_17873,peppan_g_22493,peppan_g_23052,peppan_g_30460,peppan_g_32962,peppan_g_38656
AJBGEP_04586,peppan_g_4308,peppan_g_8748,peppan_g_13272,peppan_g_17884,peppan_g_22504,peppan_g_23063,peppan_g_30449,peppan_g_32951,peppan_g_38645
AJBGEP_04673,peppan_g_4375,peppan_g_8813,peppan_g_13356,peppan_g_17950,peppan_g_22587,peppan_g_23146,peppan_g_30384,peppan_g_33969,peppan_g_38562
AJBGEP_04700,peppan_g_4420,peppan_g_8833,peppan_g_13416,peppan_g_17987,peppan_g_22612,peppan_g_23174,peppan_g_30344,peppan_g_33949,peppan_g_38522
AJBGEP_04702,peppan_g_4422,peppan_g_8835,peppan_g_13418,peppan_g_17989,peppan_g_22614,peppan_g_23176,peppan_g_30342,peppan_g_33947,peppan_g_38520
AJBGEP_04706,peppan_g_4424,peppan_g_8837,peppan_g_13420,peppan_g_17991,peppan_g_22617,peppan_g_23179,peppan_g_30340,peppan_g_33944,peppan_g_38518
AJBGEP_04714,peppan_g_4431,peppan_g_8844,peppan_g_13427,peppan_g_17998,peppan_g_22624,peppan_g_23186,peppan_g_30333,peppan_g_33937,peppan_g_38511
AJBGEP_04717,peppan_g_4434,peppan_g_8847,peppan_g_13430,peppan_g_18001,peppan_g_22627,peppan_g_23189,peppan_g_30330,peppan_g_33934,peppan_g_38508
AJBGEP_04718,peppan_g_4435,peppan_g_8848,peppan_g_13431,peppan_g_18002,peppan_g_22628,peppan_g_23190,peppan_g_30329,peppan_g_33933,peppan_g_38507
AJBGEP_04723,peppan_g_4440,peppan_g_8853,peppan_g_13436,peppan_g_18007,peppan_g_22633,peppan_g_23195,peppan_g_30324,peppan_g_33928,peppan_g_38502
AJBGEP_04736,peppan_g_4453,peppan_g_8860,peppan_g_13443,peppan_g_18026,peppan_g_22645,peppan_g_23207,peppan_g_30306,peppan_g_33917,peppan_g_38491
AJBGEP_04760,peppan_g_4467,peppan_g_8881,peppan_g_13457,peppan_g_18047,peppan_g_22666,peppan_g_23228,peppan_g_30285,peppan_g_33896,peppan_g_38477
AJBGEP_04763,peppan_g_4470,peppan_g_8884,peppan_g_13460,peppan_g_18050,peppan_g_22669,peppan_g_23231,peppan_g_30282,peppan_g_33893,peppan_g_38474
AJBGEP_04768,peppan_g_4475,peppan_g_8889,peppan_g_13465,peppan_g_18055,peppan_g_22674,peppan_g_23236,peppan_g_30277,peppan_g_33888,peppan_g_38469
AJBGEP_04771,peppan_g_4478,peppan_g_8892,peppan_g_13468,peppan_g_18058,peppan_g_22677,peppan_g_23239,peppan_g_30274,peppan_g_33885,peppan_g_38466
AJBGEP_04792,peppan_g_4494,peppan_g_8908,peppan_g_13488,peppan_g_18074,peppan_g_22697,peppan_g_23259,peppan_g_30254,peppan_g_33865,peppan_g_38446
BEJGEH_00048,peppan_g_46,peppan_g_4551,peppan_g_9089,peppan_g_13596,peppan_g_18221,peppan_g_23316,peppan_g_30197,peppan_g_33808,peppan_g_38390
BEJGEH_00066,peppan_g_63,peppan_g_4568,peppan_g_9106,peppan_g_13613,peppan_g_18238,peppan_g_23333,peppan_g_30180,peppan_g_33791,peppan_g_38373
BEJGEH_00073,peppan_g_70,peppan_g_4575,peppan_g_9113,peppan_g_13620,peppan_g_18246,peppan_g_23340,peppan_g_30173,peppan_g_33784,peppan_g_38366
BEJGEH_00095,peppan_g_90,peppan_g_4595,peppan_g_9133,peppan_g_13637,peppan_g_18266,peppan_g_23360,peppan_g_30153,peppan_g_33764,peppan_g_38346
BEJGEH_00099,peppan_g_94,peppan_g_4599,peppan_g_9137,peppan_g_13641,peppan_g_18270,peppan_g_23364,peppan_g_30149,peppan_g_33760,peppan_g_38342
BEJGEH_00108,peppan_g_103,peppan_g_4605,peppan_g_9146,peppan_g_13647,peppan_g_18276,peppan_g_23370,peppan_g_30143,peppan_g_33754,peppan_g_38336
BEJGEH_00110,peppan_g_105,peppan_g_4607,peppan_g_9148,peppan_g_13649,peppan_g_18278,peppan_g_23372,peppan_g_30141,peppan_g_33752,peppan_g_38334
BEJGEH_00121,peppan_g_115,peppan_g_4617,peppan_g_9158,peppan_g_13660,peppan_g_18288,peppan_g_23382,peppan_g_30130,peppan_g_33742,peppan_g_38323
BEJGEH_00123,peppan_g_116,peppan_g_4618,peppan_g_9159,peppan_g_13661,peppan_g_18289,peppan_g_23383,peppan_g_30129,peppan_g_33741,peppan_g_38322
BEJGEH_00136,peppan_g_129,peppan_g_4631,peppan_g_9172,peppan_g_13674,peppan_g_18302,peppan_g_23396,peppan_g_30116,peppan_g_33728,peppan_g_38309
BEJGEH_00156,peppan_g_147,peppan_g_4647,peppan_g_9190,peppan_g_13692,peppan_g_18318,peppan_g_23412,peppan_g_30100,peppan_g_32601,peppan_g_38291
BEJGEH_00161,peppan_g_152,peppan_g_4652,peppan_g_9195,peppan_g_13697,peppan_g_18323,peppan_g_23417,peppan_g_30095,peppan_g_32596,peppan_g_38286
BEJGEH_00172,peppan_g_161,peppan_g_4661,peppan_g_9204,peppan_g_13706,peppan_g_18332,peppan_g_23426,peppan_g_30086,peppan_g_32587,peppan_g_38277
BEJGEH_00184,peppan_g_166,peppan_g_4666,peppan_g_9216,peppan_g_13713,peppan_g_18338,peppan_g_23432,peppan_g_30079,peppan_g_32580,peppan_g_38270
BEJGEH_00193,peppan_g_175,peppan_g_4675,peppan_g_9225,peppan_g_13722,peppan_g_18347,peppan_g_23441,peppan_g_30070,peppan_g_32571,peppan_g_38261
BEJGEH_00213,peppan_g_198,peppan_g_4702,peppan_g_9245,peppan_g_13742,peppan_g_18367,peppan_g_23461,peppan_g_30050,peppan_g_32544,peppan_g_38234
BEJGEH_00229,peppan_g_205,peppan_g_4709,peppan_g_9261,peppan_g_13757,peppan_g_18382,peppan_g_23476,peppan_g_30035,peppan_g_32529,peppan_g_38219
BEJGEH_00235,peppan_g_211,peppan_g_4716,peppan_g_9267,peppan_g_13764,peppan_g_18388,peppan_g_23482,peppan_g_30029,peppan_g_32523,peppan_g_38213
BEJGEH_00280,peppan_g_2540,peppan_g_4753,peppan_g_9304,peppan_g_13801,peppan_g_18425,peppan_g_23519,peppan_g_29083,peppan_g_35180,peppan_g_38177
BEJGEH_00285,peppan_g_2535,peppan_g_4758,peppan_g_9309,peppan_g_13806,peppan_g_18430,peppan_g_23524,peppan_g_29088,peppan_g_35175,peppan_g_38172
BEJGEH_00325,peppan_g_2465,peppan_g_4830,peppan_g_9350,peppan_g_13867,peppan_g_18492,peppan_g_23584,peppan_g_29160,peppan_g_35107,peppan_g_38110
BEJGEH_00378,peppan_g_2430,peppan_g_4882,peppan_g_9401,peppan_g_13919,peppan_g_18542,peppan_g_23633,peppan_g_29209,peppan_g_35055,peppan_g_38058
BEJGEH_00383,peppan_g_2425,peppan_g_4887,peppan_g_9406,peppan_g_13924,peppan_g_18547,peppan_g_23638,peppan_g_29214,peppan_g_35050,peppan_g_38053
BEJGEH_00393,peppan_g_2415,peppan_g_4897,peppan_g_9416,peppan_g_13934,peppan_g_18557,peppan_g_23648,peppan_g_29224,peppan_g_35040,peppan_g_38043
BEJGEH_00396,peppan_g_2412,peppan_g_4900,peppan_g_9419,peppan_g_13937,peppan_g_18560,peppan_g_23651,peppan_g_29227,peppan_g_35037,peppan_g_38040
BEJGEH_00400,peppan_g_2408,peppan_g_4904,peppan_g_9423,peppan_g_13941,peppan_g_18564,peppan_g_23655,peppan_g_29231,peppan_g_35033,peppan_g_38036
BEJGEH_00402,peppan_g_2406,peppan_g_4906,peppan_g_9425,peppan_g_13943,peppan_g_18566,peppan_g_23657,peppan_g_29233,peppan_g_35031,peppan_g_38034
BEJGEH_00407,peppan_g_2401,peppan_g_4911,peppan_g_9430,peppan_g_13948,peppan_g_18571,peppan_g_23662,peppan_g_29238,peppan_g_35026,peppan_g_38029
BEJGEH_00410,peppan_g_2397,peppan_g_4914,peppan_g_9433,peppan_g_13951,peppan_g_18574,peppan_g_23665,peppan_g_29241,peppan_g_35023,peppan_g_38026
BEJGEH_00431,peppan_g_2375,peppan_g_4934,peppan_g_9453,peppan_g_13973,peppan_g_18596,peppan_g_23687,peppan_g_29263,peppan_g_35001,peppan_g_38004
BEJGEH_00439,peppan_g_2367,peppan_g_4942,peppan_g_9461,peppan_g_13981,peppan_g_18604,peppan_g_23695,peppan_g_29271,peppan_g_34993,peppan_g_37996
BEJGEH_00443,peppan_g_2363,peppan_g_4946,peppan_g_9465,peppan_g_13985,peppan_g_18608,peppan_g_23699,peppan_g_29275,peppan_g_34989,peppan_g_37992
BEJGEH_00462,peppan_g_2344,peppan_g_4962,peppan_g_9483,peppan_g_14003,peppan_g_18626,peppan_g_23717,peppan_g_29293,peppan_g_34971,peppan_g_37974
BEJGEH_00478,peppan_g_2328,peppan_g_4977,peppan_g_9498,peppan_g_14018,peppan_g_18641,peppan_g_23732,peppan_g_29308,peppan_g_34956,peppan_g_37959
BEJGEH_00506,peppan_g_2302,peppan_g_5003,peppan_g_9525,peppan_g_14044,peppan_g_18667,peppan_g_23758,peppan_g_29334,peppan_g_34930,peppan_g_37933
BEJGEH_00548,peppan_g_2263,peppan_g_5024,peppan_g_9564,peppan_g_14083,peppan_g_18706,peppan_g_23797,peppan_g_29373,peppan_g_34891,peppan_g_37894
BEJGEH_00560,peppan_g_2253,peppan_g_5036,peppan_g_9576,peppan_g_14095,peppan_g_18718,peppan_g_23809,peppan_g_29385,peppan_g_34879,peppan_g_37882
BEJGEH_00572,peppan_g_2240,peppan_g_5182,peppan_g_9589,peppan_g_14172,peppan_g_18731,peppan_g_23822,peppan_g_29457,peppan_g_34815,peppan_g_37865
BEJGEH_00582,peppan_g_2233,peppan_g_5191,peppan_g_9598,peppan_g_14181,peppan_g_18740,peppan_g_23831,peppan_g_29466,peppan_g_34806,peppan_g_37856
BEJGEH_00583,peppan_g_2232,peppan_g_5192,peppan_g_9599,peppan_g_14182,peppan_g_18741,peppan_g_23832,peppan_g_29467,peppan_g_34805,peppan_g_37855
BEJGEH_00589,peppan_g_2227,peppan_g_5194,peppan_g_9604,peppan_g_14187,peppan_g_18753,peppan_g_23844,peppan_g_29472,peppan_g_34793,peppan_g_37850
BEJGEH_00591,peppan_g_2225,peppan_g_5196,peppan_g_9606,peppan_g_14189,peppan_g_18755,peppan_g_23846,peppan_g_29474,peppan_g_34791,peppan_g_37848
BEJGEH_00594,peppan_g_2222,peppan_g_5199,peppan_g_9609,peppan_g_14192,peppan_g_18758,peppan_g_23849,peppan_g_29477,peppan_g_34788,peppan_g_37845
BEJGEH_00598,peppan_g_2218,peppan_g_5203,peppan_g_9613,peppan_g_14196,peppan_g_18762,peppan_g_23853,peppan_g_29481,peppan_g_34784,peppan_g_37841
BEJGEH_00608,peppan_g_2208,peppan_g_5213,peppan_g_9623,peppan_g_14206,peppan_g_18772,peppan_g_23863,peppan_g_29491,peppan_g_34774,peppan_g_37831
BEJGEH_00645,peppan_g_2172,peppan_g_5248,peppan_g_9658,peppan_g_14241,peppan_g_18807,peppan_g_23898,peppan_g_29526,peppan_g_32238,peppan_g_37796
BEJGEH_00653,peppan_g_2164,peppan_g_5256,peppan_g_9666,peppan_g_14249,peppan_g_18815,peppan_g_23906,peppan_g_29534,peppan_g_32230,peppan_g_37788
BEJGEH_00661,peppan_g_2156,peppan_g_5264,peppan_g_9674,peppan_g_14257,peppan_g_18823,peppan_g_23914,peppan_g_29542,peppan_g_32222,peppan_g_37780
BEJGEH_00671,peppan_g_2152,peppan_g_5267,peppan_g_9684,peppan_g_14267,peppan_g_18833,peppan_g_23924,peppan_g_29552,peppan_g_32212,peppan_g_37770
BEJGEH_00681,peppan_g_2143,peppan_g_5276,peppan_g_9693,peppan_g_14276,peppan_g_18842,peppan_g_23933,peppan_g_29561,peppan_g_32203,peppan_g_37761
BEJGEH_00694,peppan_g_2140,peppan_g_5282,peppan_g_9700,peppan_g_14280,peppan_g_18846,peppan_g_23937,peppan_g_27603,peppan_g_32200,peppan_g_37758
BEJGEH_00697,peppan_g_2137,peppan_g_5285,peppan_g_9703,peppan_g_14283,peppan_g_18849,peppan_g_23940,peppan_g_27600,peppan_g_32197,peppan_g_37755
BEJGEH_00704,peppan_g_2130,peppan_g_5292,peppan_g_9710,peppan_g_14290,peppan_g_18856,peppan_g_23947,peppan_g_27593,peppan_g_32190,peppan_g_37748
BEJGEH_00712,peppan_g_2121,peppan_g_5301,peppan_g_9719,peppan_g_14299,peppan_g_18865,peppan_g_23956,peppan_g_27584,peppan_g_32248,peppan_g_37739
BEJGEH_00714,peppan_g_2119,peppan_g_5303,peppan_g_9721,peppan_g_14301,peppan_g_18867,peppan_g_23958,peppan_g_27582,peppan_g_32250,peppan_g_37737
BEJGEH_00723,peppan_g_2110,peppan_g_5312,peppan_g_9730,peppan_g_14310,peppan_g_18876,peppan_g_23967,peppan_g_27573,peppan_g_32259,peppan_g_37728
BEJGEH_00724,peppan_g_2109,peppan_g_5313,peppan_g_9731,peppan_g_14311,peppan_g_18877,peppan_g_23968,peppan_g_27572,peppan_g_32260,peppan_g_37727
BEJGEH_00726,peppan_g_2107,peppan_g_5315,peppan_g_9733,peppan_g_14313,peppan_g_18879,peppan_g_23970,peppan_g_27570,peppan_g_32262,peppan_g_37725
BEJGEH_00727,peppan_g_2106,peppan_g_5316,peppan_g_9734,peppan_g_14314,peppan_g_18880,peppan_g_23971,peppan_g_27569,peppan_g_32263,peppan_g_37724
BEJGEH_00734,peppan_g_2087,peppan_g_5335,peppan_g_9741,peppan_g_14321,peppan_g_18899,peppan_g_23990,peppan_g_27550,peppan_g_32270,peppan_g_37705
BEJGEH_00737,peppan_g_2084,peppan_g_5338,peppan_g_9744,peppan_g_14324,peppan_g_18902,peppan_g_23993,peppan_g_27547,peppan_g_32273,peppan_g_37702
BEJGEH_00744,peppan_g_2078,peppan_g_5344,peppan_g_9750,peppan_g_14330,peppan_g_18908,peppan_g_23999,peppan_g_27541,peppan_g_32279,peppan_g_37696
BEJGEH_00757,peppan_g_2070,peppan_g_5352,peppan_g_9758,peppan_g_14338,peppan_g_18916,peppan_g_24007,peppan_g_27232,peppan_g_32287,peppan_g_37688
BEJGEH_00758,peppan_g_2069,peppan_g_5353,peppan_g_9759,peppan_g_14339,peppan_g_18917,peppan_g_24008,peppan_g_27231,peppan_g_32288,peppan_g_37687
BEJGEH_00772,peppan_g_2064,peppan_g_5358,peppan_g_9773,peppan_g_14353,peppan_g_18931,peppan_g_24022,peppan_g_28467,peppan_g_32942,peppan_g_37673
BEJGEH_00775,peppan_g_2061,peppan_g_5361,peppan_g_9776,peppan_g_14356,peppan_g_18934,peppan_g_24025,peppan_g_28470,peppan_g_32939,peppan_g_37670
BEJGEH_00776,peppan_g_2060,peppan_g_5362,peppan_g_9777,peppan_g_14357,peppan_g_18935,peppan_g_24026,peppan_g_28471,peppan_g_32938,peppan_g_37669
BEJGEH_00785,peppan_g_2051,peppan_g_5371,peppan_g_9786,peppan_g_14366,peppan_g_18944,peppan_g_24035,peppan_g_28480,peppan_g_32929,peppan_g_37660
BEJGEH_00786,peppan_g_2050,peppan_g_5372,peppan_g_9787,peppan_g_14367,peppan_g_18945,peppan_g_24036,peppan_g_28481,peppan_g_32928,peppan_g_37616
BEJGEH_00790,peppan_g_2046,peppan_g_5376,peppan_g_9791,peppan_g_14371,peppan_g_18949,peppan_g_24040,peppan_g_28485,peppan_g_32924,peppan_g_37612
BEJGEH_00801,peppan_g_2035,peppan_g_5387,peppan_g_9802,peppan_g_14382,peppan_g_18960,peppan_g_24051,peppan_g_28496,peppan_g_32913,peppan_g_37601
BEJGEH_00810,peppan_g_2026,peppan_g_5396,peppan_g_9811,peppan_g_14391,peppan_g_18970,peppan_g_24060,peppan_g_28505,peppan_g_32904,peppan_g_37592
BEJGEH_00832,peppan_g_2005,peppan_g_5417,peppan_g_9833,peppan_g_14412,peppan_g_18991,peppan_g_24081,peppan_g_28533,peppan_g_32883,peppan_g_37571
BEJGEH_00842,peppan_g_1996,peppan_g_5425,peppan_g_9844,peppan_g_14423,peppan_g_19002,peppan_g_24092,peppan_g_28544,peppan_g_32872,peppan_g_37560
BEJGEH_00855,peppan_g_1983,peppan_g_5447,peppan_g_9857,peppan_g_14445,peppan_g_19024,peppan_g_24114,peppan_g_28566,peppan_g_32850,peppan_g_37538
BEJGEH_00856,peppan_g_1982,peppan_g_5448,peppan_g_9858,peppan_g_14446,peppan_g_19025,peppan_g_24115,peppan_g_28567,peppan_g_32849,peppan_g_37537
BEJGEH_00860,peppan_g_1978,peppan_g_5452,peppan_g_9862,peppan_g_14450,peppan_g_19029,peppan_g_24119,peppan_g_28571,peppan_g_32845,peppan_g_37533
BEJGEH_00865,peppan_g_1974,peppan_g_5456,peppan_g_9866,peppan_g_14454,peppan_g_19033,peppan_g_24123,peppan_g_28575,peppan_g_32841,peppan_g_37529
BEJGEH_00902,peppan_g_1937,peppan_g_5493,peppan_g_9903,peppan_g_14491,peppan_g_19070,peppan_g_24160,peppan_g_28612,peppan_g_32804,peppan_g_37492
BEJGEH_00916,peppan_g_1927,peppan_g_5501,peppan_g_9918,peppan_g_14501,peppan_g_19082,peppan_g_24171,peppan_g_28623,peppan_g_32793,peppan_g_37479
BEJGEH_00926,peppan_g_1918,peppan_g_5510,peppan_g_9927,peppan_g_14510,peppan_g_19091,peppan_g_24180,peppan_g_28632,peppan_g_32784,peppan_g_37470
BEJGEH_00927,peppan_g_1917,peppan_g_5511,peppan_g_9928,peppan_g_14511,peppan_g_19092,peppan_g_24181,peppan_g_28633,peppan_g_32783,peppan_g_37469
BEJGEH_00932,peppan_g_1911,peppan_g_5517,peppan_g_9934,peppan_g_14517,peppan_g_19098,peppan_g_24187,peppan_g_28639,peppan_g_32777,peppan_g_37463
BEJGEH_00942,peppan_g_1901,peppan_g_5527,peppan_g_9944,peppan_g_14527,peppan_g_19108,peppan_g_24197,peppan_g_28649,peppan_g_32767,peppan_g_37453
BEJGEH_00948,peppan_g_1895,peppan_g_5533,peppan_g_9950,peppan_g_14533,peppan_g_19114,peppan_g_24203,peppan_g_28655,peppan_g_32761,peppan_g_37447
BEJGEH_00974,peppan_g_1804,peppan_g_5557,peppan_g_9977,peppan_g_14615,peppan_g_19198,peppan_g_24230,peppan_g_27708,peppan_g_32510,peppan_g_37364
BEJGEH_00979,peppan_g_1798,peppan_g_5563,peppan_g_9983,peppan_g_14621,peppan_g_19204,peppan_g_24236,peppan_g_27714,peppan_g_32504,peppan_g_37358
BEJGEH_00983,peppan_g_1794,peppan_g_5567,peppan_g_9987,peppan_g_14625,peppan_g_19208,peppan_g_24240,peppan_g_27718,peppan_g_32500,peppan_g_37354
BEJGEH_00984,peppan_g_1793,peppan_g_5568,peppan_g_9988,peppan_g_14626,peppan_g_19209,peppan_g_24241,peppan_g_27185;peppan_g_27719,peppan_g_32499,peppan_g_37353
BEJGEH_00985,peppan_g_1792,peppan_g_5569,peppan_g_9989,peppan_g_14627,peppan_g_19210,peppan_g_24242,peppan_g_27720,peppan_g_32498,peppan_g_37352
BEJGEH_00991,peppan_g_1786,peppan_g_5574,peppan_g_9994,peppan_g_14632,peppan_g_19215,peppan_g_24247,peppan_g_27725,peppan_g_32493,peppan_g_37347
BEJGEH_00992,peppan_g_1785,peppan_g_5575,peppan_g_9995,peppan_g_14633,peppan_g_19216,peppan_g_24248,peppan_g_27726,peppan_g_32492,peppan_g_37346
BEJGEH_00999,peppan_g_1780,peppan_g_5580,peppan_g_10001,peppan_g_14638,peppan_g_19221,peppan_g_24253,peppan_g_27731,peppan_g_32487,peppan_g_37341
BEJGEH_01003,peppan_g_1776,peppan_g_5584,peppan_g_10005,peppan_g_14642,peppan_g_19225,peppan_g_24257,peppan_g_27735,peppan_g_32483,peppan_g_37337
BEJGEH_01024,peppan_g_1754,peppan_g_5606,peppan_g_10027,peppan_g_14664,peppan_g_19247,peppan_g_24279,peppan_g_27757,peppan_g_32461,peppan_g_37315
BEJGEH_01026,peppan_g_1752,peppan_g_5608,peppan_g_10029,peppan_g_14666,peppan_g_19249,peppan_g_24281,peppan_g_27759,peppan_g_32459,peppan_g_37313
BEJGEH_01084,peppan_g_879,peppan_g_6480,peppan_g_10083,peppan_g_14722,peppan_g_20167,peppan_g_25193,peppan_g_31153,peppan_g_35824,peppan_g_36378
BEJGEH_01106,peppan_g_901,peppan_g_6458,peppan_g_10105,peppan_g_14744,peppan_g_20145,peppan_g_25171,peppan_g_31175,peppan_g_35846,peppan_g_36400
BEJGEH_01114,peppan_g_909,peppan_g_6450,peppan_g_10113,peppan_g_14752,peppan_g_20136,peppan_g_25163,peppan_g_31183,peppan_g_35854,peppan_g_36408
BEJGEH_01128,peppan_g_919,peppan_g_6440,peppan_g_10123,peppan_g_14762,peppan_g_20126,peppan_g_25153,peppan_g_31193,peppan_g_35864,peppan_g_36418
BEJGEH_01130,peppan_g_921,peppan_g_6438,peppan_g_10125,peppan_g_14764,peppan_g_20124,peppan_g_25151,peppan_g_31195,peppan_g_35866,peppan_g_36420
BEJGEH_01131,peppan_g_922,peppan_g_6437,peppan_g_10126,peppan_g_14765,peppan_g_20123,peppan_g_25150,peppan_g_31196,peppan_g_35867,peppan_g_36421
BEJGEH_01135,peppan_g_925,peppan_g_6433,peppan_g_10130,peppan_g_14769,peppan_g_20119,peppan_g_25146,peppan_g_31200,peppan_g_35871,peppan_g_36425
BEJGEH_01146,peppan_g_937,peppan_g_6421,peppan_g_10142,peppan_g_14781,peppan_g_20107,peppan_g_25134,peppan_g_31212,peppan_g_35883,peppan_g_36437
BEJGEH_01154,peppan_g_946,peppan_g_6412,peppan_g_10151,peppan_g_14790,peppan_g_20098,peppan_g_25125,peppan_g_31221,peppan_g_35892,peppan_g_36446
BEJGEH_01155,peppan_g_947,peppan_g_6411,peppan_g_10152,peppan_g_14791,peppan_g_20097,peppan_g_25124,peppan_g_31222,peppan_g_35893,peppan_g_36447
BEJGEH_01159,peppan_g_950,peppan_g_6408,peppan_g_10155,peppan_g_14794,peppan_g_20094,peppan_g_25121,peppan_g_31225,peppan_g_35896,peppan_g_36450
BEJGEH_01165,peppan_g_956,peppan_g_6402,peppan_g_10161,peppan_g_14800,peppan_g_20088,peppan_g_25115,peppan_g_31231,peppan_g_35902,peppan_g_36456
BEJGEH_01167,peppan_g_958,peppan_g_6400,peppan_g_10163,peppan_g_14802,peppan_g_20086,peppan_g_25113,peppan_g_31233,peppan_g_35904,peppan_g_36458
BEJGEH_01178,peppan_g_969,peppan_g_6389,peppan_g_10175,peppan_g_14814,peppan_g_20074,peppan_g_25101,peppan_g_31248,peppan_g_35916,peppan_g_36470
BEJGEH_01180,peppan_g_971,peppan_g_6387,peppan_g_10177,peppan_g_14816,peppan_g_20072,peppan_g_25099,peppan_g_31250,peppan_g_35918,peppan_g_36472
BEJGEH_01186,peppan_g_977,peppan_g_6381,peppan_g_10183,peppan_g_14822,peppan_g_20066,peppan_g_25093,peppan_g_31256,peppan_g_35924,peppan_g_36478
BEJGEH_01188,peppan_g_979,peppan_g_6379,peppan_g_10185,peppan_g_14824,peppan_g_20064,peppan_g_25091,peppan_g_31258,peppan_g_35926,peppan_g_36480
BEJGEH_01198,peppan_g_997,peppan_g_6353,peppan_g_10194,peppan_g_14901,peppan_g_20040,peppan_g_25067,peppan_g_31286,peppan_g_35956,peppan_g_36507
BEJGEH_01214,peppan_g_1004,peppan_g_6346,peppan_g_10208,peppan_g_14908,peppan_g_20033,peppan_g_25060,peppan_g_31300,peppan_g_35970,peppan_g_36514
BEJGEH_01231,peppan_g_1020,peppan_g_6330,peppan_g_10224,peppan_g_14924,peppan_g_20017,peppan_g_25044,peppan_g_31316,peppan_g_35986,peppan_g_36530
BEJGEH_01249,peppan_g_1037,peppan_g_6313,peppan_g_10241,peppan_g_14941,peppan_g_19999,peppan_g_25027,peppan_g_31333,peppan_g_36003,peppan_g_36547
BEJGEH_01259,peppan_g_1047,peppan_g_6303,peppan_g_10251,peppan_g_14951,peppan_g_19989,peppan_g_25017,peppan_g_31343,peppan_g_36013,peppan_g_36557
BEJGEH_01279,peppan_g_1066,peppan_g_6284,peppan_g_10270,peppan_g_14970,peppan_g_19970,peppan_g_24998,peppan_g_31362,peppan_g_36032,peppan_g_36576
BEJGEH_01287,peppan_g_1072,peppan_g_6277,peppan_g_10278,peppan_g_14977,peppan_g_19964,peppan_g_24992,peppan_g_31370,peppan_g_36038,peppan_g_36582
BEJGEH_01291,peppan_g_1076,peppan_g_6273,peppan_g_10282,peppan_g_14981,peppan_g_19960,peppan_g_24988,peppan_g_31374,peppan_g_36042,peppan_g_36586
BEJGEH_01292,peppan_g_1077,peppan_g_6272,peppan_g_10283,peppan_g_14982,peppan_g_19959,peppan_g_24987,peppan_g_31375,peppan_g_36043,peppan_g_36587
BEJGEH_01293,peppan_g_1078,peppan_g_6271,peppan_g_10284,peppan_g_14983,peppan_g_19958,peppan_g_24986,peppan_g_31376,peppan_g_36044,peppan_g_36588
BEJGEH_01303,peppan_g_1629,peppan_g_6261,peppan_g_10294,peppan_g_14993,peppan_g_19948,peppan_g_24976,peppan_g_31386,peppan_g_36054,peppan_g_36598
BEJGEH_01338,peppan_g_1595,peppan_g_6227,peppan_g_10328,peppan_g_15027,peppan_g_19914,peppan_g_24942,peppan_g_31420,peppan_g_36088,peppan_g_36632
BEJGEH_01344,peppan_g_1590,peppan_g_6222,peppan_g_10333,peppan_g_15032,peppan_g_19909,peppan_g_24937,peppan_g_31425,peppan_g_36093,peppan_g_36637
BEJGEH_01345,peppan_g_1589,peppan_g_6221,peppan_g_10334,peppan_g_15033,peppan_g_19908,peppan_g_24936,peppan_g_31426,peppan_g_36094,peppan_g_36638
BEJGEH_01354,peppan_g_1580,peppan_g_6212,peppan_g_10343,peppan_g_15043,peppan_g_19898,peppan_g_24926,peppan_g_31436,peppan_g_36103,peppan_g_36647
BEJGEH_01364,peppan_g_1571,peppan_g_6203,peppan_g_10352,peppan_g_15052,peppan_g_19889,peppan_g_24917,peppan_g_31445,peppan_g_36112,peppan_g_36656
BEJGEH_01365,peppan_g_1570,peppan_g_6202,peppan_g_10353,peppan_g_15053,peppan_g_19888,peppan_g_24916,peppan_g_31446,peppan_g_36113,peppan_g_36657
BEJGEH_01367,peppan_g_1568,peppan_g_6200,peppan_g_10355,peppan_g_15055,peppan_g_19886,peppan_g_24914,peppan_g_27186;peppan_g_31448,peppan_g_36115,peppan_g_36659
BEJGEH_01373,peppan_g_1562,peppan_g_6194,peppan_g_10361,peppan_g_15061,peppan_g_19880,peppan_g_24908,peppan_g_31454,peppan_g_36121,peppan_g_36665
BEJGEH_01394,peppan_g_1536,peppan_g_6169,peppan_g_10382,peppan_g_15082,peppan_g_19858,peppan_g_24887,peppan_g_31475,peppan_g_36142,peppan_g_36686
BEJGEH_01395,peppan_g_1535,peppan_g_6168,peppan_g_10383,peppan_g_15083,peppan_g_19857,peppan_g_24886,peppan_g_31476,peppan_g_36143,peppan_g_36687
BEJGEH_01398,peppan_g_1532,peppan_g_6165,peppan_g_10386,peppan_g_15086,peppan_g_19854,peppan_g_24883,peppan_g_31479,peppan_g_36146,peppan_g_36690
BEJGEH_01421,peppan_g_1510,peppan_g_6144,peppan_g_10407,peppan_g_15106,peppan_g_19834,peppan_g_24863,peppan_g_31499,peppan_g_36166,peppan_g_36710
BEJGEH_01424,peppan_g_1507,peppan_g_6141,peppan_g_10410,peppan_g_15109,peppan_g_19831,peppan_g_24860,peppan_g_31502,peppan_g_36169,peppan_g_36713
BEJGEH_01426,peppan_g_1505,peppan_g_6139,peppan_g_10412,peppan_g_15111,peppan_g_19829,peppan_g_24858,peppan_g_31504,peppan_g_36171,peppan_g_36715
BEJGEH_01437,peppan_g_1496,peppan_g_6130,peppan_g_10421,peppan_g_15120,peppan_g_19820,peppan_g_24849,peppan_g_31513,peppan_g_36180,peppan_g_36724
BEJGEH_01448,peppan_g_1492,peppan_g_6119,peppan_g_10432,peppan_g_15131,peppan_g_19809,peppan_g_24838,peppan_g_31524,peppan_g_36191,peppan_g_36735
BEJGEH_01464,peppan_g_1480,peppan_g_6107,peppan_g_10448,peppan_g_15143,peppan_g_19797,peppan_g_24826,peppan_g_31536,peppan_g_36203,peppan_g_36751
BEJGEH_01472,peppan_g_1472,peppan_g_6099,peppan_g_10456,peppan_g_15151,peppan_g_19789,peppan_g_24818,peppan_g_31544,peppan_g_36211,peppan_g_36759
BEJGEH_01483,peppan_g_1462,peppan_g_6088,peppan_g_10467,peppan_g_15162,peppan_g_19778,peppan_g_24807,peppan_g_31555,peppan_g_36222,peppan_g_36770
BEJGEH_01496,peppan_g_1450,peppan_g_6075,peppan_g_10480,peppan_g_15175,peppan_g_19765,peppan_g_24794,peppan_g_31568,peppan_g_36235,peppan_g_36783
BEJGEH_01498,peppan_g_1448,peppan_g_6073,peppan_g_10482,peppan_g_15177,peppan_g_19763,peppan_g_24792,peppan_g_31570,peppan_g_36237,peppan_g_36785
BEJGEH_01520,peppan_g_1431,peppan_g_6052,peppan_g_10503,peppan_g_15196,peppan_g_19744,peppan_g_24773,peppan_g_31589,peppan_g_36256,peppan_g_36804
BEJGEH_01522,peppan_g_1429,peppan_g_6050,peppan_g_10505,peppan_g_15198,peppan_g_19742,peppan_g_24771,peppan_g_31591,peppan_g_36258,peppan_g_36806
BEJGEH_01540,peppan_g_1421,peppan_g_6032,peppan_g_10523,peppan_g_15202,peppan_g_19727,peppan_g_24756,peppan_g_31604,peppan_g_36271,peppan_g_36824
BEJGEH_01541,peppan_g_1420,peppan_g_6031,peppan_g_10524,peppan_g_15203,peppan_g_19726,peppan_g_24755,peppan_g_31605,peppan_g_36272,peppan_g_36825
BEJGEH_01546,peppan_g_1414,peppan_g_6025,peppan_g_10530,peppan_g_15209,peppan_g_19720,peppan_g_24749,peppan_g_31611,peppan_g_36278,peppan_g_36831
BEJGEH_01552,peppan_g_1408,peppan_g_6019,peppan_g_10536,peppan_g_15215,peppan_g_19714,peppan_g_24743,peppan_g_31617,peppan_g_36284,peppan_g_36837
BEJGEH_01564,peppan_g_1398,peppan_g_6008,peppan_g_10547,peppan_g_15226,peppan_g_19703,peppan_g_24732,peppan_g_31628,peppan_g_36295,peppan_g_36848
BEJGEH_01571,peppan_g_1393,peppan_g_6003,peppan_g_10552,peppan_g_15231,peppan_g_19698,peppan_g_24727,peppan_g_31633,peppan_g_36300,peppan_g_36853
BEJGEH_01575,peppan_g_1389,peppan_g_5999,peppan_g_10556,peppan_g_15235,peppan_g_19694,peppan_g_24723,peppan_g_31637,peppan_g_36304,peppan_g_36857
BEJGEH_01578,peppan_g_1386,peppan_g_5996,peppan_g_10559,peppan_g_15238,peppan_g_19691,peppan_g_24720,peppan_g_31640,peppan_g_36307,peppan_g_36860
BEJGEH_01590,peppan_g_1374,peppan_g_5984,peppan_g_10571,peppan_g_15250,peppan_g_19679,peppan_g_24708,peppan_g_31652,peppan_g_36319,peppan_g_36872
BEJGEH_01592,peppan_g_1372,peppan_g_5982,peppan_g_10573,peppan_g_15252,peppan_g_19677,peppan_g_24706,peppan_g_31654,peppan_g_36321,peppan_g_36874
BEJGEH_01603,peppan_g_1360,peppan_g_5971,peppan_g_10584,peppan_g_15263,peppan_g_19666,peppan_g_24695,peppan_g_31665,peppan_g_36332,peppan_g_36885
BEJGEH_01625,peppan_g_1292,peppan_g_5948,peppan_g_10606,peppan_g_15283,peppan_g_19646,peppan_g_24675,peppan_g_31685,peppan_g_32046,peppan_g_36905
BEJGEH_01632,peppan_g_1285,peppan_g_5941,peppan_g_10613,peppan_g_15290,peppan_g_19639,peppan_g_24668,peppan_g_31692,peppan_g_32053,peppan_g_36912
BEJGEH_01636,peppan_g_1281,peppan_g_5937,peppan_g_10617,peppan_g_15294,peppan_g_19635,peppan_g_24664,peppan_g_31696,peppan_g_32057,peppan_g_36916
BEJGEH_01639,peppan_g_1278,peppan_g_5934,peppan_g_10620,peppan_g_15297,peppan_g_19632,peppan_g_24661,peppan_g_31699,peppan_g_32060,peppan_g_36919
BEJGEH_01642,peppan_g_1275,peppan_g_5931,peppan_g_10623,peppan_g_15300,peppan_g_19629,peppan_g_24658,peppan_g_31702,peppan_g_31950,peppan_g_36922
BEJGEH_01652,peppan_g_1264,peppan_g_5920,peppan_g_10634,peppan_g_15311,peppan_g_19618,peppan_g_24647,peppan_g_31713,peppan_g_31939,peppan_g_36933
BEJGEH_01656,peppan_g_1262,peppan_g_5918,peppan_g_10636,peppan_g_15313,peppan_g_19616,peppan_g_24645,peppan_g_31715,peppan_g_31937,peppan_g_36935
BEJGEH_01659,peppan_g_1259,peppan_g_5915,peppan_g_10639,peppan_g_15316,peppan_g_19613,peppan_g_24642,peppan_g_31718,peppan_g_32616,peppan_g_36938
BEJGEH_01672,peppan_g_1248,peppan_g_5904,peppan_g_10650,peppan_g_15327,peppan_g_19602,peppan_g_24631,peppan_g_31729,peppan_g_32627,peppan_g_36949
BEJGEH_01676,peppan_g_1244,peppan_g_5900,peppan_g_10654,peppan_g_15331,peppan_g_19598,peppan_g_24627,peppan_g_31733,peppan_g_32631,peppan_g_36953
BEJGEH_01680,peppan_g_1240,peppan_g_5896,peppan_g_10658,peppan_g_15335,peppan_g_19594,peppan_g_24623,peppan_g_31737,peppan_g_32635,peppan_g_36957
BEJGEH_01684,peppan_g_1236,peppan_g_5892,peppan_g_10662,peppan_g_15339,peppan_g_19590,peppan_g_24619,peppan_g_31741,peppan_g_32639,peppan_g_36961
BEJGEH_01688,peppan_g_1232,peppan_g_5888,peppan_g_10666,peppan_g_15343,peppan_g_19586,peppan_g_24615,peppan_g_31745,peppan_g_32643,peppan_g_36965
BEJGEH_01693,peppan_g_1227,peppan_g_5883,peppan_g_10671,peppan_g_15348,peppan_g_19581,peppan_g_24610,peppan_g_31750,peppan_g_32648,peppan_g_36970
BEJGEH_01695,peppan_g_1225,peppan_g_5881,peppan_g_10673,peppan_g_15350,peppan_g_19579,peppan_g_24608,peppan_g_31752,peppan_g_32650,peppan_g_36972
BEJGEH_01712,peppan_g_1208,peppan_g_5864,peppan_g_10690,peppan_g_15367,peppan_g_19562,peppan_g_24591,peppan_g_31769,peppan_g_32668,peppan_g_36990
BEJGEH_01713,peppan_g_1207,peppan_g_5863,peppan_g_10691,peppan_g_15368,peppan_g_19561,peppan_g_24590,peppan_g_31770,peppan_g_32669,peppan_g_36991
BEJGEH_01717,peppan_g_1203,peppan_g_5859,peppan_g_10695,peppan_g_15372,peppan_g_19557,peppan_g_24586,peppan_g_31774,peppan_g_32673,peppan_g_36995
BEJGEH_01723,peppan_g_1198,peppan_g_5854,peppan_g_10700,peppan_g_15377,peppan_g_19552,peppan_g_24581,peppan_g_31779,peppan_g_32678,peppan_g_37000
BEJGEH_01739,peppan_g_1195,peppan_g_5839,peppan_g_10715,peppan_g_15392,peppan_g_19537,peppan_g_24566,peppan_g_31794,peppan_g_32693,peppan_g_37015
BEJGEH_01745,peppan_g_1189,peppan_g_5833,peppan_g_10721,peppan_g_15398,peppan_g_19531,peppan_g_24560,peppan_g_31800,peppan_g_32699,peppan_g_37021
BEJGEH_01747,peppan_g_1187,peppan_g_5831,peppan_g_10723,peppan_g_15400,peppan_g_19529,peppan_g_24558,peppan_g_31802,peppan_g_32701,peppan_g_37023
BEJGEH_01757,peppan_g_1176,peppan_g_5822,peppan_g_10732,peppan_g_15411,peppan_g_19518,peppan_g_24547,peppan_g_31811,peppan_g_32710,peppan_g_37110
BEJGEH_01763,peppan_g_1170,peppan_g_5816,peppan_g_10738,peppan_g_15417,peppan_g_19512,peppan_g_24541,peppan_g_31817,peppan_g_32716,peppan_g_37116
BEJGEH_01765,peppan_g_1168,peppan_g_5814,peppan_g_10740,peppan_g_15419,peppan_g_19510,peppan_g_24539,peppan_g_31819,peppan_g_32718,peppan_g_37118
BEJGEH_01767,peppan_g_1166,peppan_g_5812,peppan_g_10742,peppan_g_15421,peppan_g_19508,peppan_g_24537,peppan_g_31821,peppan_g_32720,peppan_g_37120
BEJGEH_01776,peppan_g_1156,peppan_g_5803,peppan_g_10751,peppan_g_15430,peppan_g_19499,peppan_g_24528,peppan_g_31830,peppan_g_32729,peppan_g_37129
BEJGEH_01779,peppan_g_1153,peppan_g_5800,peppan_g_10754,peppan_g_15433,peppan_g_19496,peppan_g_24525,peppan_g_31833,peppan_g_32732,peppan_g_37132
BEJGEH_01780,peppan_g_1152,peppan_g_5799,peppan_g_10755,peppan_g_15434,peppan_g_19495,peppan_g_24524,peppan_g_31834,peppan_g_32733,peppan_g_37133
BEJGEH_01783,peppan_g_1149,peppan_g_5796,peppan_g_10758,peppan_g_15437,peppan_g_19492,peppan_g_24521,peppan_g_31837,peppan_g_32736,peppan_g_37136
BEJGEH_01784,peppan_g_1148,peppan_g_5795,peppan_g_10759,peppan_g_15438,peppan_g_19491,peppan_g_24520,peppan_g_31838,peppan_g_32737,peppan_g_37137
BEJGEH_01785,peppan_g_1147,peppan_g_5794,peppan_g_10760,peppan_g_15439,peppan_g_19490,peppan_g_24519,peppan_g_31839,peppan_g_32738,peppan_g_37138
BEJGEH_01787,peppan_g_1145,peppan_g_5792,peppan_g_10762,peppan_g_15441,peppan_g_19488,peppan_g_24517,peppan_g_31841,peppan_g_32740,peppan_g_37140
BEJGEH_01789,peppan_g_1143,peppan_g_5790,peppan_g_10764,peppan_g_15443,peppan_g_19486,peppan_g_24515,peppan_g_31843,peppan_g_32742,peppan_g_37142
BEJGEH_01790,peppan_g_1142,peppan_g_5789,peppan_g_10765,peppan_g_15444,peppan_g_19485,peppan_g_24514,peppan_g_31844,peppan_g_32743,peppan_g_37143
BEJGEH_01792,peppan_g_1140,peppan_g_5787,peppan_g_10767,peppan_g_15446,peppan_g_19483,peppan_g_24512,peppan_g_31846,peppan_g_32745,peppan_g_37145
BEJGEH_01808,peppan_g_1125,peppan_g_5771,peppan_g_10783,peppan_g_15470,peppan_g_19467,peppan_g_24496,peppan_g_31862,peppan_g_32311,peppan_g_37160
BEJGEH_01812,peppan_g_1121,peppan_g_5767,peppan_g_10787,peppan_g_15474,peppan_g_19463,peppan_g_24492,peppan_g_31866,peppan_g_32315,peppan_g_37164
BEJGEH_01813,peppan_g_1120,peppan_g_5766,peppan_g_10788,peppan_g_15475,peppan_g_19462,peppan_g_24491,peppan_g_31867,peppan_g_32316,peppan_g_37165
BEJGEH_01820,peppan_g_1113,peppan_g_5760,peppan_g_10794,peppan_g_15481,peppan_g_19456,peppan_g_24485,peppan_g_31873,peppan_g_32322,peppan_g_37171
BEJGEH_01823,peppan_g_1110,peppan_g_5757,peppan_g_10797,peppan_g_15484,peppan_g_19453,peppan_g_24482,peppan_g_28100,peppan_g_32325,peppan_g_37174
BEJGEH_01824,peppan_g_1109,peppan_g_5756,peppan_g_10798,peppan_g_15485,peppan_g_19452,peppan_g_24481,peppan_g_28099,peppan_g_32326,peppan_g_37175
BEJGEH_01828,peppan_g_1107,peppan_g_5754,peppan_g_10800,peppan_g_15487,peppan_g_19450,peppan_g_24479,peppan_g_28097,peppan_g_32328,peppan_g_37177
BEJGEH_01832,peppan_g_1103,peppan_g_5750,peppan_g_10804,peppan_g_15491,peppan_g_19446,peppan_g_24475,peppan_g_28093,peppan_g_32332,peppan_g_37181
BEJGEH_01839,peppan_g_1096,peppan_g_5743,peppan_g_10811,peppan_g_15498,peppan_g_19439,peppan_g_24468,peppan_g_28086,peppan_g_32339,peppan_g_37188
BEJGEH_01843,peppan_g_1094,peppan_g_5741,peppan_g_10813,peppan_g_15500,peppan_g_19437,peppan_g_24466,peppan_g_28084,peppan_g_32341,peppan_g_37190
BEJGEH_01847,peppan_g_1090,peppan_g_5737,peppan_g_10817,peppan_g_15504,peppan_g_19433,peppan_g_24462,peppan_g_28080,peppan_g_32345,peppan_g_37194
BEJGEH_01861,peppan_g_1644,peppan_g_5722,peppan_g_10830,peppan_g_15515,peppan_g_19358,peppan_g_24389,peppan_g_28004,peppan_g_32356,peppan_g_37205
BEJGEH_01870,peppan_g_1653,peppan_g_5713,peppan_g_10839,peppan_g_15524,peppan_g_19348,peppan_g_24380,peppan_g_27995,peppan_g_32365,peppan_g_37214
BEJGEH_01871,peppan_g_1654,peppan_g_5712,peppan_g_10840,peppan_g_15525,peppan_g_19347,peppan_g_24379,peppan_g_27994,peppan_g_32366,peppan_g_37215
BEJGEH_01878,peppan_g_1661,peppan_g_5705,peppan_g_10847,peppan_g_15532,peppan_g_19340,peppan_g_24372,peppan_g_27987,peppan_g_32373,peppan_g_37222
BEJGEH_01886,peppan_g_1670,peppan_g_5696,peppan_g_10856,peppan_g_15541,peppan_g_19331,peppan_g_24363,peppan_g_27978,peppan_g_32382,peppan_g_37231
BEJGEH_01903,peppan_g_1687,peppan_g_5673,peppan_g_10873,peppan_g_15558,peppan_g_19314,peppan_g_24346,peppan_g_27961,peppan_g_31885,peppan_g_37248
BEJGEH_01905,peppan_g_1688,peppan_g_5672,peppan_g_10874,peppan_g_15559,peppan_g_19313,peppan_g_24345,peppan_g_27960,peppan_g_32613,peppan_g_37249
BEJGEH_01914,peppan_g_1698,peppan_g_5662,peppan_g_10884,peppan_g_15569,peppan_g_19303,peppan_g_24335,peppan_g_27950,peppan_g_32405,peppan_g_37259
BEJGEH_01917,peppan_g_1701,peppan_g_5659,peppan_g_10887,peppan_g_15572,peppan_g_19300,peppan_g_24332,peppan_g_27947,peppan_g_32408,peppan_g_37262
BEJGEH_01923,peppan_g_1707,peppan_g_5653,peppan_g_10893,peppan_g_15578,peppan_g_19294,peppan_g_24326,peppan_g_27941,peppan_g_32414,peppan_g_37268
BEJGEH_01937,peppan_g_1720,peppan_g_5640,peppan_g_10906,peppan_g_15591,peppan_g_19281,peppan_g_24313,peppan_g_27928,peppan_g_32427,peppan_g_37281
BEJGEH_01941,peppan_g_1724,peppan_g_5636,peppan_g_10910,peppan_g_15595,peppan_g_19277,peppan_g_24309,peppan_g_27924,peppan_g_32431,peppan_g_37285
BEJGEH_01950,peppan_g_1733,peppan_g_5627,peppan_g_10919,peppan_g_15604,peppan_g_19268,peppan_g_24300,peppan_g_27915,peppan_g_32440,peppan_g_37294
BEJGEH_01958,peppan_g_1740,peppan_g_5620,peppan_g_10926,peppan_g_15611,peppan_g_19261,peppan_g_24293,peppan_g_27908,peppan_g_32447,peppan_g_37301
BEJGEH_02036,peppan_g_835,peppan_g_6514,peppan_g_10994,peppan_g_15715,peppan_g_20252,peppan_g_25223,peppan_g_29070,peppan_g_35796,peppan_g_40926
BEJGEH_02040,peppan_g_831,peppan_g_6518,peppan_g_10998,peppan_g_15719,peppan_g_20256,peppan_g_25227,peppan_g_29066,peppan_g_35792,peppan_g_40922
BEJGEH_02042,peppan_g_829,peppan_g_6520,peppan_g_11000,peppan_g_15721,peppan_g_20258,peppan_g_25229,peppan_g_29064,peppan_g_35790,peppan_g_40920
BEJGEH_02043,peppan_g_828,peppan_g_6521,peppan_g_11001,peppan_g_15722,peppan_g_20259,peppan_g_25230,peppan_g_29063,peppan_g_35789,peppan_g_40919
BEJGEH_02048,peppan_g_823,peppan_g_6526,peppan_g_11006,peppan_g_15727,peppan_g_20264,peppan_g_25235,peppan_g_29058,peppan_g_35784,peppan_g_40914
BEJGEH_02054,peppan_g_818,peppan_g_6531,peppan_g_11011,peppan_g_15732,peppan_g_20269,peppan_g_25240,peppan_g_29053,peppan_g_35779,peppan_g_40909
BEJGEH_02060,peppan_g_812,peppan_g_6537,peppan_g_11017,peppan_g_15738,peppan_g_20275,peppan_g_25246,peppan_g_29047,peppan_g_35773,peppan_g_40903
BEJGEH_02074,peppan_g_798,peppan_g_6551,peppan_g_11031,peppan_g_15752,peppan_g_20289,peppan_g_25260,peppan_g_29033,peppan_g_35759,peppan_g_40889
BEJGEH_02076,peppan_g_796,peppan_g_6553,peppan_g_11033,peppan_g_15754,peppan_g_20291,peppan_g_25262,peppan_g_29031,peppan_g_35757,peppan_g_40887
BEJGEH_02079,peppan_g_793,peppan_g_6556,peppan_g_11036,peppan_g_15757,peppan_g_20294,peppan_g_25265,peppan_g_29028,peppan_g_35754,peppan_g_40884
BEJGEH_02081,peppan_g_791,peppan_g_6558,peppan_g_11038,peppan_g_15759,peppan_g_20296,peppan_g_25267,peppan_g_29026,peppan_g_35752,peppan_g_40882
BEJGEH_02092,peppan_g_783,peppan_g_6623,peppan_g_11046,peppan_g_15767,peppan_g_20304,peppan_g_25275,peppan_g_29018,peppan_g_35744,peppan_g_40874
BEJGEH_02093,peppan_g_782,peppan_g_6624,peppan_g_11047,peppan_g_15768,peppan_g_20305,peppan_g_25276,peppan_g_29017,peppan_g_35743,peppan_g_40873
BEJGEH_02118,peppan_g_756,peppan_g_6653,peppan_g_11072,peppan_g_15794,peppan_g_20330,peppan_g_25301,peppan_g_28989,peppan_g_35715,peppan_g_40857
BEJGEH_02131,peppan_g_743,peppan_g_6666,peppan_g_11085,peppan_g_15807,peppan_g_20343,peppan_g_25314,peppan_g_28976,peppan_g_35702,peppan_g_40844
BEJGEH_02133,peppan_g_741,peppan_g_6668,peppan_g_11087,peppan_g_15809,peppan_g_20345,peppan_g_25316,peppan_g_28974,peppan_g_35700,peppan_g_40842
BEJGEH_02141,peppan_g_733,peppan_g_6676,peppan_g_11095,peppan_g_15817,peppan_g_20353,peppan_g_25324,peppan_g_28966,peppan_g_35692,peppan_g_40834
BEJGEH_02149,peppan_g_726,peppan_g_6683,peppan_g_11102,peppan_g_15824,peppan_g_20360,peppan_g_25331,peppan_g_28959,peppan_g_35665,peppan_g_40827
BEJGEH_02154,peppan_g_721,peppan_g_6688,peppan_g_11107,peppan_g_15829,peppan_g_20365,peppan_g_25336,peppan_g_28954,peppan_g_35660,peppan_g_40822
BEJGEH_02171,peppan_g_705,peppan_g_6692,peppan_g_11123,peppan_g_15833,peppan_g_20370,peppan_g_25341,peppan_g_28941,peppan_g_35655,peppan_g_40810
BEJGEH_02178,peppan_g_698,peppan_g_6699,peppan_g_11130,peppan_g_15840,peppan_g_20377,peppan_g_25348,peppan_g_28934,peppan_g_35648,peppan_g_40803
BEJGEH_02186,peppan_g_690,peppan_g_6707,peppan_g_11138,peppan_g_15848,peppan_g_20385,peppan_g_25356,peppan_g_28926,peppan_g_35640,peppan_g_40795
BEJGEH_02202,peppan_g_675,peppan_g_6722,peppan_g_11153,peppan_g_15863,peppan_g_20400,peppan_g_25371,peppan_g_28911,peppan_g_35625,peppan_g_40780
BEJGEH_02248,peppan_g_632,peppan_g_6765,peppan_g_11196,peppan_g_15906,peppan_g_20443,peppan_g_25414,peppan_g_28868,peppan_g_34739,peppan_g_40737
BEJGEH_02255,peppan_g_625,peppan_g_6772,peppan_g_11203,peppan_g_15913,peppan_g_20450,peppan_g_25421,peppan_g_28861,peppan_g_34732,peppan_g_40730
BEJGEH_02267,peppan_g_610,peppan_g_6782,peppan_g_11214,peppan_g_15928,peppan_g_20475,peppan_g_25446,peppan_g_28846,peppan_g_34717,peppan_g_40715
BEJGEH_02277,peppan_g_600,peppan_g_6792,peppan_g_11224,peppan_g_15938,peppan_g_20485,peppan_g_25456,peppan_g_28836,peppan_g_34707,peppan_g_40705
BEJGEH_02286,peppan_g_591,peppan_g_6801,peppan_g_11233,peppan_g_15947,peppan_g_20494,peppan_g_25465,peppan_g_28827,peppan_g_34698,peppan_g_40696
BEJGEH_02287,peppan_g_590,peppan_g_6802,peppan_g_11234,peppan_g_15948,peppan_g_20495,peppan_g_25466,peppan_g_28826,peppan_g_34697,peppan_g_40695
BEJGEH_02298,peppan_g_579,peppan_g_6812,peppan_g_11244,peppan_g_15958,peppan_g_20505,peppan_g_25476,peppan_g_28816,peppan_g_34687,peppan_g_40685
BEJGEH_02319,peppan_g_559,peppan_g_6832,peppan_g_11264,peppan_g_15978,peppan_g_20525,peppan_g_25496,peppan_g_28796,peppan_g_34667,peppan_g_40665
BEJGEH_02326,peppan_g_552,peppan_g_6839,peppan_g_11271,peppan_g_15985,peppan_g_20532,peppan_g_25503,peppan_g_28789,peppan_g_34660,peppan_g_40658
BEJGEH_02327,peppan_g_551,peppan_g_6840,peppan_g_11272,peppan_g_15986,peppan_g_20533,peppan_g_25504,peppan_g_28788,peppan_g_34659,peppan_g_40657
BEJGEH_02332,peppan_g_546,peppan_g_6845,peppan_g_11277,peppan_g_15991,peppan_g_20538,peppan_g_25509,peppan_g_28783,peppan_g_34654,peppan_g_40652
BEJGEH_02340,peppan_g_540,peppan_g_6851,peppan_g_11285,peppan_g_15998,peppan_g_20545,peppan_g_25516,peppan_g_28775,peppan_g_34648,peppan_g_40646
BEJGEH_02345,peppan_g_535,peppan_g_6856,peppan_g_11290,peppan_g_16003,peppan_g_20550,peppan_g_25521,peppan_g_28770,peppan_g_34643,peppan_g_40641
BEJGEH_02351,peppan_g_529,peppan_g_6862,peppan_g_11296,peppan_g_16009,peppan_g_20556,peppan_g_25527,peppan_g_28764,peppan_g_34637,peppan_g_40635
BEJGEH_02365,peppan_g_515,peppan_g_6876,peppan_g_11310,peppan_g_16023,peppan_g_20570,peppan_g_25541,peppan_g_28750,peppan_g_34623,peppan_g_40621
BEJGEH_02369,peppan_g_511,peppan_g_6880,peppan_g_11314,peppan_g_16027,peppan_g_20574,peppan_g_25545,peppan_g_28746,peppan_g_34619,peppan_g_40617
BEJGEH_02370,peppan_g_510,peppan_g_6881,peppan_g_11315,peppan_g_16028,peppan_g_20575,peppan_g_25546,peppan_g_28745,peppan_g_34618,peppan_g_40616
BEJGEH_02371,peppan_g_509,peppan_g_6882,peppan_g_11316,peppan_g_16029,peppan_g_20576,peppan_g_25547,peppan_g_28744,peppan_g_34617,peppan_g_40615
BEJGEH_02372,peppan_g_508,peppan_g_6883,peppan_g_11317,peppan_g_16030,peppan_g_20577,peppan_g_25548,peppan_g_28743,peppan_g_34616,peppan_g_40614
BEJGEH_02379,peppan_g_501,peppan_g_6890,peppan_g_11324,peppan_g_16037,peppan_g_20584,peppan_g_25555,peppan_g_28736,peppan_g_34609,peppan_g_40607
BEJGEH_02380,peppan_g_500,peppan_g_6891,peppan_g_11325,peppan_g_16038,peppan_g_20585,peppan_g_25556,peppan_g_28735,peppan_g_34608,peppan_g_40606
BEJGEH_02383,peppan_g_497,peppan_g_6894,peppan_g_11328,peppan_g_16041,peppan_g_20588,peppan_g_25559,peppan_g_28732,peppan_g_34605,peppan_g_40603
BEJGEH_02393,peppan_g_487,peppan_g_6904,peppan_g_11338,peppan_g_16051,peppan_g_20598,peppan_g_25569,peppan_g_28722,peppan_g_34595,peppan_g_40593
BEJGEH_02398,peppan_g_481,peppan_g_6910,peppan_g_11344,peppan_g_16057,peppan_g_20604,peppan_g_25575,peppan_g_28716,peppan_g_34589,peppan_g_40587
BEJGEH_02404,peppan_g_475,peppan_g_6916,peppan_g_11350,peppan_g_16063,peppan_g_20610,peppan_g_25581,peppan_g_28710,peppan_g_34583,peppan_g_40581
BEJGEH_02405,peppan_g_474,peppan_g_6917,peppan_g_11351,peppan_g_16064,peppan_g_20611,peppan_g_25582,peppan_g_28709,peppan_g_34582,peppan_g_40580
BEJGEH_02407,peppan_g_472,peppan_g_6919,peppan_g_11353,peppan_g_16066,peppan_g_20613,peppan_g_25584,peppan_g_28707,peppan_g_34580,peppan_g_40578
BEJGEH_02415,peppan_g_464,peppan_g_6927,peppan_g_11361,peppan_g_16074,peppan_g_20621,peppan_g_25592,peppan_g_28699,peppan_g_34572,peppan_g_40570
BEJGEH_02419,peppan_g_458,peppan_g_6929,peppan_g_11363,peppan_g_16080,peppan_g_20623,peppan_g_25594,peppan_g_28697,peppan_g_34570,peppan_g_40568
BEJGEH_02423,peppan_g_454,peppan_g_6933,peppan_g_11367,peppan_g_16084,peppan_g_20627,peppan_g_25598,peppan_g_28693,peppan_g_34566,peppan_g_40564
BEJGEH_02430,peppan_g_447,peppan_g_6939,peppan_g_11373,peppan_g_16090,peppan_g_20633,peppan_g_25604,peppan_g_28687,peppan_g_34560,peppan_g_40558
BEJGEH_02437,peppan_g_442,peppan_g_6944,peppan_g_11378,peppan_g_16095,peppan_g_20638,peppan_g_25609,peppan_g_28682,peppan_g_34555,peppan_g_40553
BEJGEH_02455,peppan_g_428,peppan_g_6958,peppan_g_11392,peppan_g_16109,peppan_g_20652,peppan_g_25623,peppan_g_28452,peppan_g_34541,peppan_g_40539
BEJGEH_02486,peppan_g_397,peppan_g_6987,peppan_g_11424,peppan_g_16141,peppan_g_20684,peppan_g_25654,peppan_g_28421,peppan_g_34511,peppan_g_40508
BEJGEH_02491,peppan_g_393,peppan_g_6991,peppan_g_11428,peppan_g_16145,peppan_g_20688,peppan_g_25658,peppan_g_28417,peppan_g_34507,peppan_g_40504
BEJGEH_02494,peppan_g_390,peppan_g_6994,peppan_g_11431,peppan_g_16148,peppan_g_20691,peppan_g_25661,peppan_g_28414,peppan_g_34504,peppan_g_40501
BEJGEH_02497,peppan_g_386,peppan_g_6997,peppan_g_11434,peppan_g_16151,peppan_g_20695,peppan_g_25664,peppan_g_28411,peppan_g_34501,peppan_g_40498
BEJGEH_02503,peppan_g_380,peppan_g_7003,peppan_g_11440,peppan_g_16157,peppan_g_20701,peppan_g_25670,peppan_g_28405,peppan_g_34495,peppan_g_40492
BEJGEH_02509,peppan_g_375,peppan_g_7007,peppan_g_11444,peppan_g_16161,peppan_g_20705,peppan_g_25674,peppan_g_28401,peppan_g_34491,peppan_g_40488
BEJGEH_02525,peppan_g_360,peppan_g_7022,peppan_g_11459,peppan_g_16176,peppan_g_20718,peppan_g_25687,peppan_g_28386,peppan_g_34476,peppan_g_40473
BEJGEH_02533,peppan_g_352,peppan_g_7030,peppan_g_11467,peppan_g_16184,peppan_g_20726,peppan_g_25695,peppan_g_28378,peppan_g_34468,peppan_g_40465
BEJGEH_02543,peppan_g_338,peppan_g_7040,peppan_g_11480,peppan_g_16196,peppan_g_20736,peppan_g_25705,peppan_g_28367,peppan_g_34457,peppan_g_40455
BEJGEH_02544,peppan_g_337,peppan_g_7041,peppan_g_11481,peppan_g_16197,peppan_g_20737,peppan_g_25706,peppan_g_28366,peppan_g_34456,peppan_g_40454
BEJGEH_02555,peppan_g_327,peppan_g_7051,peppan_g_11491,peppan_g_16207,peppan_g_20747,peppan_g_25716,peppan_g_28356,peppan_g_34446,peppan_g_40444
BEJGEH_02556,peppan_g_326,peppan_g_7052,peppan_g_11492,peppan_g_16208,peppan_g_20748,peppan_g_25717,peppan_g_28355,peppan_g_34445,peppan_g_40443
BEJGEH_02558,peppan_g_324,peppan_g_7054,peppan_g_11494,peppan_g_16210,peppan_g_20750,peppan_g_25719,peppan_g_28353,peppan_g_34443,peppan_g_40441
BEJGEH_02560,peppan_g_322,peppan_g_7056,peppan_g_11496,peppan_g_16212,peppan_g_20752,peppan_g_25721,peppan_g_28351,peppan_g_34441,peppan_g_40439
BEJGEH_02567,peppan_g_316,peppan_g_7060,peppan_g_11502,peppan_g_16218,peppan_g_20758,peppan_g_25727,peppan_g_28345,peppan_g_34435,peppan_g_40433
BEJGEH_02570,peppan_g_313,peppan_g_7063,peppan_g_11505,peppan_g_16221,peppan_g_20761,peppan_g_25730,peppan_g_28342,peppan_g_34432,peppan_g_40430
BEJGEH_02572,peppan_g_311,peppan_g_7065,peppan_g_11507,peppan_g_16223,peppan_g_20763,peppan_g_25732,peppan_g_28340,peppan_g_34430,peppan_g_40428
BEJGEH_02577,peppan_g_306,peppan_g_7070,peppan_g_11512,peppan_g_16228,peppan_g_20768,peppan_g_25737,peppan_g_28335,peppan_g_34425,peppan_g_40423
BEJGEH_02579,peppan_g_304,peppan_g_7072,peppan_g_11514,peppan_g_16230,peppan_g_20770,peppan_g_25739,peppan_g_28333,peppan_g_34423,peppan_g_40421
BEJGEH_02593,peppan_g_293,peppan_g_7083,peppan_g_11525,peppan_g_16241,peppan_g_20781,peppan_g_25750,peppan_g_28322,peppan_g_34412,peppan_g_40410
BEJGEH_02601,peppan_g_287,peppan_g_7089,peppan_g_11531,peppan_g_16247,peppan_g_20787,peppan_g_25756,peppan_g_28316,peppan_g_34403,peppan_g_40404
BEJGEH_02611,peppan_g_277,peppan_g_7099,peppan_g_11541,peppan_g_16257,peppan_g_20797,peppan_g_25766,peppan_g_28306,peppan_g_34393,peppan_g_40394
BEJGEH_02613,peppan_g_275,peppan_g_7101,peppan_g_11543,peppan_g_16259,peppan_g_20799,peppan_g_25768,peppan_g_28304,peppan_g_34391,peppan_g_40392
BEJGEH_02617,peppan_g_271,peppan_g_7105,peppan_g_11547,peppan_g_16263,peppan_g_20803,peppan_g_25772,peppan_g_28300,peppan_g_34387,peppan_g_40388
BEJGEH_02630,peppan_g_259,peppan_g_7117,peppan_g_11559,peppan_g_16275,peppan_g_20874,peppan_g_25784,peppan_g_27267,peppan_g_34375,peppan_g_40376
BEJGEH_02683,peppan_g_2547,peppan_g_7133,peppan_g_11609,peppan_g_16291,peppan_g_20890,peppan_g_25800,peppan_g_31132,peppan_g_34358,peppan_g_40360
BEJGEH_02696,peppan_g_2560,peppan_g_7146,peppan_g_11622,peppan_g_16304,peppan_g_20903,peppan_g_25813,peppan_g_31119,peppan_g_34345,peppan_g_40347
BEJGEH_02700,peppan_g_2564,peppan_g_7150,peppan_g_11626,peppan_g_16308,peppan_g_20907,peppan_g_25817,peppan_g_31115,peppan_g_34341,peppan_g_40343
BEJGEH_02765,peppan_g_2603,peppan_g_7189,peppan_g_11688,peppan_g_16372,peppan_g_20960,peppan_g_25870,peppan_g_31083,peppan_g_34321,peppan_g_40237
BEJGEH_02768,peppan_g_2606,peppan_g_7192,peppan_g_11691,peppan_g_16375,peppan_g_20963,peppan_g_25873,peppan_g_31080,peppan_g_34318,peppan_g_40234
BEJGEH_02776,peppan_g_2615,peppan_g_7201,peppan_g_11700,peppan_g_16384,peppan_g_20972,peppan_g_25882,peppan_g_31071,peppan_g_34309,peppan_g_40225
BEJGEH_02777,peppan_g_2616,peppan_g_7202,peppan_g_11701,peppan_g_16385,peppan_g_20973,peppan_g_25883,peppan_g_31070,peppan_g_34308,peppan_g_40224
BEJGEH_02781,peppan_g_2620,peppan_g_7206,peppan_g_11705,peppan_g_16389,peppan_g_20977,peppan_g_25887,peppan_g_31066,peppan_g_34304,peppan_g_40220
BEJGEH_02784,peppan_g_2623,peppan_g_7209,peppan_g_11708,peppan_g_16392,peppan_g_20980,peppan_g_25890,peppan_g_31063,peppan_g_34301,peppan_g_40217
BEJGEH_02786,peppan_g_2625,peppan_g_7211,peppan_g_11710,peppan_g_16394,peppan_g_20982,peppan_g_25892,peppan_g_31061,peppan_g_34299,peppan_g_40215
BEJGEH_02788,peppan_g_2627,peppan_g_7213,peppan_g_11712,peppan_g_16396,peppan_g_20984,peppan_g_25894,peppan_g_31059,peppan_g_34297,peppan_g_40213
BEJGEH_02799,peppan_g_2638,peppan_g_7224,peppan_g_11723,peppan_g_16407,peppan_g_20995,peppan_g_25905,peppan_g_31048,peppan_g_34286,peppan_g_40202
BEJGEH_02803,peppan_g_2640,peppan_g_7226,peppan_g_11725,peppan_g_16409,peppan_g_20997,peppan_g_25907,peppan_g_31046,peppan_g_34284,peppan_g_40200
BEJGEH_02814,peppan_g_2646,peppan_g_7232,peppan_g_11731,peppan_g_16415,peppan_g_21003,peppan_g_25913,peppan_g_31040,peppan_g_34278,peppan_g_40194
BEJGEH_02827,peppan_g_2659,peppan_g_7245,peppan_g_11744,peppan_g_16428,peppan_g_21016,peppan_g_25926,peppan_g_31027,peppan_g_34265,peppan_g_40181
BEJGEH_02828,peppan_g_2660,peppan_g_7246,peppan_g_11745,peppan_g_16429,peppan_g_21017,peppan_g_25927,peppan_g_31026,peppan_g_34264,peppan_g_40180
BEJGEH_02835,peppan_g_2667,peppan_g_7253,peppan_g_11752,peppan_g_16436,peppan_g_21024,peppan_g_25934,peppan_g_31019,peppan_g_34257,peppan_g_40173
BEJGEH_02843,peppan_g_2675,peppan_g_7261,peppan_g_11760,peppan_g_16444,peppan_g_21032,peppan_g_25942,peppan_g_31011,peppan_g_34249,peppan_g_40165
BEJGEH_02858,peppan_g_2688,peppan_g_7275,peppan_g_11774,peppan_g_16458,peppan_g_21046,peppan_g_25956,peppan_g_30997,peppan_g_34235,peppan_g_40151
BEJGEH_02864,peppan_g_2694,peppan_g_7281,peppan_g_11780,peppan_g_16464,peppan_g_21052,peppan_g_25962,peppan_g_30991,peppan_g_34229,peppan_g_40145
BEJGEH_02868,peppan_g_2698,peppan_g_7285,peppan_g_11784,peppan_g_16468,peppan_g_21056,peppan_g_25966,peppan_g_30987,peppan_g_34225,peppan_g_40141
BEJGEH_02872,peppan_g_2702,peppan_g_7289,peppan_g_11788,peppan_g_16472,peppan_g_21060,peppan_g_25970,peppan_g_30983,peppan_g_34221,peppan_g_40137
BEJGEH_02904,peppan_g_2728,peppan_g_7315,peppan_g_11819,peppan_g_16500,peppan_g_21089,peppan_g_25999,peppan_g_30953,peppan_g_34190,peppan_g_40108
BEJGEH_02911,peppan_g_2735,peppan_g_7322,peppan_g_11826,peppan_g_16507,peppan_g_21096,peppan_g_26006,peppan_g_30946,peppan_g_34183,peppan_g_40101
BEJGEH_02923,peppan_g_2744,peppan_g_7331,peppan_g_11837,peppan_g_16516,peppan_g_21105,peppan_g_26015,peppan_g_30937,peppan_g_34174,peppan_g_40092
BEJGEH_02926,peppan_g_2747,peppan_g_7334,peppan_g_11840,peppan_g_16519,peppan_g_21108,peppan_g_26018,peppan_g_30934,peppan_g_34171,peppan_g_40089
BEJGEH_02928,peppan_g_2749,peppan_g_7336,peppan_g_11842,peppan_g_16521,peppan_g_21110,peppan_g_26020,peppan_g_30932,peppan_g_34169,peppan_g_40087
BEJGEH_02938,peppan_g_2760,peppan_g_7346,peppan_g_11852,peppan_g_16531,peppan_g_21120,peppan_g_26030,peppan_g_30922,peppan_g_34158,peppan_g_40077
BEJGEH_02943,peppan_g_2766,peppan_g_7352,peppan_g_11858,peppan_g_16537,peppan_g_21126,peppan_g_26036,peppan_g_30916,peppan_g_34152,peppan_g_40071
BEJGEH_02958,peppan_g_2783,peppan_g_7360,peppan_g_11873,peppan_g_16550,peppan_g_21134,peppan_g_26044,peppan_g_30908,peppan_g_34139,peppan_g_40058
BEJGEH_02975,peppan_g_2799,peppan_g_7376,peppan_g_11889,peppan_g_16566,peppan_g_21150,peppan_g_26060,peppan_g_30892,peppan_g_34123,peppan_g_40042
BEJGEH_02981,peppan_g_2805,peppan_g_7382,peppan_g_11895,peppan_g_16572,peppan_g_21156,peppan_g_26066,peppan_g_30886,peppan_g_34117,peppan_g_40036
BEJGEH_02983,peppan_g_2807,peppan_g_7384,peppan_g_11897,peppan_g_16574,peppan_g_21158,peppan_g_26068,peppan_g_30884,peppan_g_34115,peppan_g_40034
BEJGEH_02998,peppan_g_2819,peppan_g_7396,peppan_g_11909,peppan_g_16586,peppan_g_21170,peppan_g_26080,peppan_g_30872,peppan_g_34103,peppan_g_40022
BEJGEH_02999,peppan_g_2820,peppan_g_7397,peppan_g_11910,peppan_g_16587,peppan_g_21171,peppan_g_26081,peppan_g_30871,peppan_g_34102,peppan_g_40021
BEJGEH_03001,peppan_g_2822,peppan_g_7399,peppan_g_11912,peppan_g_16589,peppan_g_21173,peppan_g_26083,peppan_g_30869,peppan_g_34100,peppan_g_40019
BEJGEH_03017,peppan_g_2838,peppan_g_7413,peppan_g_11926,peppan_g_16603,peppan_g_21187,peppan_g_26097,peppan_g_30855,peppan_g_34086,peppan_g_40005
BEJGEH_03030,peppan_g_2850,peppan_g_7425,peppan_g_11938,peppan_g_16615,peppan_g_21199,peppan_g_26109,peppan_g_30843,peppan_g_34074,peppan_g_39993
BEJGEH_03037,peppan_g_2854,peppan_g_7429,peppan_g_11943,peppan_g_16619,peppan_g_21203,peppan_g_26113,peppan_g_30839,peppan_g_34070,peppan_g_39989
BEJGEH_03051,peppan_g_2873,peppan_g_7440,peppan_g_11954,peppan_g_16633,peppan_g_21217,peppan_g_26127,peppan_g_30825,peppan_g_34059,peppan_g_39976
BEJGEH_03064,peppan_g_2886,peppan_g_7453,peppan_g_11967,peppan_g_16646,peppan_g_21230,peppan_g_26140,peppan_g_30812,peppan_g_34046,peppan_g_39963
BEJGEH_03079,peppan_g_2901,peppan_g_7466,peppan_g_11980,peppan_g_16659,peppan_g_21243,peppan_g_26153,peppan_g_30799,peppan_g_32177,peppan_g_39950
BEJGEH_03080,peppan_g_2902,peppan_g_7467,peppan_g_11981,peppan_g_16660,peppan_g_21244,peppan_g_26154,peppan_g_30798,peppan_g_32176,peppan_g_39949
BEJGEH_03099,peppan_g_2915,peppan_g_7485,peppan_g_12000,peppan_g_16679,peppan_g_21263,peppan_g_26173,peppan_g_30779,peppan_g_32157,peppan_g_39930
BEJGEH_03106,peppan_g_2922,peppan_g_7492,peppan_g_12007,peppan_g_16686,peppan_g_21270,peppan_g_26180,peppan_g_30772,peppan_g_32150,peppan_g_39923
BEJGEH_03110,peppan_g_2926,peppan_g_7496,peppan_g_12011,peppan_g_16690,peppan_g_21274,peppan_g_26184,peppan_g_30768,peppan_g_32146,peppan_g_39919
BEJGEH_03123,peppan_g_2941,peppan_g_7509,peppan_g_12024,peppan_g_16703,peppan_g_21287,peppan_g_26197,peppan_g_30755,peppan_g_31905,peppan_g_39906
BEJGEH_03140,peppan_g_2956,peppan_g_7523,peppan_g_12039,peppan_g_16717,peppan_g_21301,peppan_g_26211,peppan_g_30741,peppan_g_33701,peppan_g_39879
BEJGEH_03143,peppan_g_2959,peppan_g_7526,peppan_g_12042,peppan_g_16720,peppan_g_21304,peppan_g_26214,peppan_g_30738,peppan_g_33698,peppan_g_39876
BEJGEH_03146,peppan_g_2962,peppan_g_7533,peppan_g_12045,peppan_g_16723,peppan_g_21307,peppan_g_26217,peppan_g_30735,peppan_g_33695,peppan_g_39873
BEJGEH_03163,peppan_g_2979,peppan_g_7550,peppan_g_12062,peppan_g_16740,peppan_g_21324,peppan_g_26234,peppan_g_30718,peppan_g_33678,peppan_g_39855
BEJGEH_03214,peppan_g_3021,peppan_g_7594,peppan_g_12112,peppan_g_16782,peppan_g_21366,peppan_g_26276,peppan_g_30675,peppan_g_33636,peppan_g_39813
BEJGEH_03218,peppan_g_3025,peppan_g_7598,peppan_g_12116,peppan_g_16786,peppan_g_21370,peppan_g_26280,peppan_g_30671,peppan_g_33632,peppan_g_39809
BEJGEH_03226,peppan_g_3032,peppan_g_7605,peppan_g_12123,peppan_g_16793,peppan_g_21377,peppan_g_26287,peppan_g_30664,peppan_g_33625,peppan_g_39802
BEJGEH_03228,peppan_g_3034,peppan_g_7607,peppan_g_12125,peppan_g_16795,peppan_g_21379,peppan_g_26289,peppan_g_30662,peppan_g_33623,peppan_g_39800
BEJGEH_03235,peppan_g_3040,peppan_g_7613,peppan_g_12131,peppan_g_16801,peppan_g_21385,peppan_g_26295,peppan_g_30656,peppan_g_33578,peppan_g_39794
BEJGEH_03249,peppan_g_3053,peppan_g_7626,peppan_g_12144,peppan_g_16814,peppan_g_21398,peppan_g_26308,peppan_g_30643,peppan_g_33565,peppan_g_39781
BEJGEH_03267,peppan_g_3070,peppan_g_7643,peppan_g_12161,peppan_g_16831,peppan_g_21415,peppan_g_26325,peppan_g_30626,peppan_g_33548,peppan_g_39764
BEJGEH_03272,peppan_g_3074,peppan_g_7647,peppan_g_12165,peppan_g_16835,peppan_g_21419,peppan_g_26329,peppan_g_30622,peppan_g_33544,peppan_g_39760
BEJGEH_03333,peppan_g_3132,peppan_g_7700,peppan_g_12221,peppan_g_16891,peppan_g_21476,peppan_g_26390,peppan_g_30563,peppan_g_33485,peppan_g_39707
BEJGEH_03348,peppan_g_3146,peppan_g_7714,peppan_g_12235,peppan_g_16905,peppan_g_21490,peppan_g_26404,peppan_g_30549,peppan_g_33471,peppan_g_39693
BEJGEH_03350,peppan_g_3147,peppan_g_7715,peppan_g_12236,peppan_g_16906,peppan_g_21491,peppan_g_26405,peppan_g_30548,peppan_g_33470,peppan_g_39692
BEJGEH_03353,peppan_g_3150,peppan_g_7718,peppan_g_12239,peppan_g_16909,peppan_g_21494,peppan_g_26408,peppan_g_30545,peppan_g_33467,peppan_g_39689
BEJGEH_03369,peppan_g_3166,peppan_g_7734,peppan_g_12255,peppan_g_16925,peppan_g_21510,peppan_g_26424,peppan_g_30529,peppan_g_33451,peppan_g_39673
BEJGEH_03380,peppan_g_3177,peppan_g_7745,peppan_g_12266,peppan_g_16936,peppan_g_21521,peppan_g_26435,peppan_g_30518,peppan_g_33440,peppan_g_39662
BEJGEH_03389,peppan_g_3186,peppan_g_7754,peppan_g_12275,peppan_g_16945,peppan_g_21530,peppan_g_26444,peppan_g_30509,peppan_g_33431,peppan_g_39653
BEJGEH_03390,peppan_g_3187,peppan_g_7755,peppan_g_12276,peppan_g_16946,peppan_g_21531,peppan_g_26445,peppan_g_30508,peppan_g_33430,peppan_g_39652
BEJGEH_03423,peppan_g_3985,peppan_g_7783,peppan_g_12304,peppan_g_16974,peppan_g_21559,peppan_g_26473,peppan_g_27192;peppan_g_27195;peppan_g_27320,peppan_g_31986,peppan_g_39624
BEJGEH_03457,peppan_g_3952,peppan_g_7816,peppan_g_12337,peppan_g_17007,peppan_g_21592,peppan_g_26506,peppan_g_27287,peppan_g_31953,peppan_g_39591
BEJGEH_03472,peppan_g_3937,peppan_g_7831,peppan_g_12352,peppan_g_17022,peppan_g_21607,peppan_g_26521,peppan_g_29990,peppan_g_35578,peppan_g_39576
BEJGEH_03480,peppan_g_3929,peppan_g_7839,peppan_g_12360,peppan_g_17030,peppan_g_21615,peppan_g_26529,peppan_g_29982,peppan_g_35570,peppan_g_39568
BEJGEH_03481,peppan_g_3928,peppan_g_7840,peppan_g_12361,peppan_g_17031,peppan_g_21616,peppan_g_26530,peppan_g_29981,peppan_g_35569,peppan_g_39567
BEJGEH_03483,peppan_g_3926,peppan_g_7842,peppan_g_12363,peppan_g_17033,peppan_g_21618,peppan_g_26532,peppan_g_29979,peppan_g_35567,peppan_g_39565
BEJGEH_03494,peppan_g_3914,peppan_g_7853,peppan_g_12374,peppan_g_17044,peppan_g_21629,peppan_g_26543,peppan_g_29968,peppan_g_35556,peppan_g_39554
BEJGEH_03496,peppan_g_3912,peppan_g_7855,peppan_g_12376,peppan_g_17046,peppan_g_21631,peppan_g_26545,peppan_g_29966,peppan_g_35554,peppan_g_39552
BEJGEH_03497,peppan_g_3910,peppan_g_7857,peppan_g_12378,peppan_g_17048,peppan_g_21633,peppan_g_26547,peppan_g_29965,peppan_g_35552,peppan_g_39550
BEJGEH_03500,peppan_g_3907,peppan_g_7860,peppan_g_12381,peppan_g_17051,peppan_g_21636,peppan_g_26550,peppan_g_29962,peppan_g_35549,peppan_g_39547
BEJGEH_03512,peppan_g_3898,peppan_g_7868,peppan_g_12392,peppan_g_17059,peppan_g_21645,peppan_g_26558,peppan_g_29954,peppan_g_35541,peppan_g_39539
BEJGEH_03515,peppan_g_3895,peppan_g_7871,peppan_g_12395,peppan_g_17062,peppan_g_21648,peppan_g_26561,peppan_g_29951,peppan_g_35538,peppan_g_39536
BEJGEH_03516,peppan_g_3894,peppan_g_7872,peppan_g_12396,peppan_g_17063,peppan_g_21649,peppan_g_26562,peppan_g_29950,peppan_g_35537,peppan_g_39535
BEJGEH_03523,peppan_g_3887,peppan_g_7879,peppan_g_12403,peppan_g_17070,peppan_g_21656,peppan_g_26569,peppan_g_29943,peppan_g_35527,peppan_g_39528
BEJGEH_03537,peppan_g_3874,peppan_g_7892,peppan_g_12417,peppan_g_17083,peppan_g_21669,peppan_g_26582,peppan_g_29930,peppan_g_35514,peppan_g_39515
BEJGEH_03554,peppan_g_3866,peppan_g_7900,peppan_g_12430,peppan_g_17097,peppan_g_21683,peppan_g_26596,peppan_g_29917,peppan_g_35506,peppan_g_39507
BEJGEH_03569,peppan_g_3858,peppan_g_7912,peppan_g_12445,peppan_g_17112,peppan_g_21698,peppan_g_26611,peppan_g_29902,peppan_g_35491,peppan_g_39492
BEJGEH_03587,peppan_g_3841,peppan_g_7929,peppan_g_12462,peppan_g_17129,peppan_g_21715,peppan_g_26628,peppan_g_29885,peppan_g_35474,peppan_g_39475
BEJGEH_03590,peppan_g_3838,peppan_g_7932,peppan_g_12465,peppan_g_17133,peppan_g_21719,peppan_g_26632,peppan_g_29881,peppan_g_35470,peppan_g_39471
BEJGEH_03591,peppan_g_3837,peppan_g_7933,peppan_g_12466,peppan_g_17134,peppan_g_21720,peppan_g_26633,peppan_g_29880,peppan_g_35469,peppan_g_39470
BEJGEH_03592,peppan_g_3836,peppan_g_7934,peppan_g_12467,peppan_g_17135,peppan_g_21721,peppan_g_26634,peppan_g_29879,peppan_g_35468,peppan_g_39469
BEJGEH_03598,peppan_g_3830,peppan_g_7940,peppan_g_12473,peppan_g_17141,peppan_g_21727,peppan_g_26640,peppan_g_29873,peppan_g_35462,peppan_g_39463
BEJGEH_03599,peppan_g_3829,peppan_g_7941,peppan_g_12474,peppan_g_17142,peppan_g_21728,peppan_g_26641,peppan_g_29872,peppan_g_35461,peppan_g_39462
BEJGEH_03602,peppan_g_3826,peppan_g_7944,peppan_g_12477,peppan_g_17145,peppan_g_21731,peppan_g_26644,peppan_g_29869,peppan_g_35458,peppan_g_39459
BEJGEH_03603,peppan_g_3825,peppan_g_7945,peppan_g_12478,peppan_g_17146,peppan_g_21732,peppan_g_26645,peppan_g_29868,peppan_g_35457,peppan_g_39458
BEJGEH_03611,peppan_g_3817,peppan_g_7953,peppan_g_12486,peppan_g_17154,peppan_g_21740,peppan_g_26653,peppan_g_29860,peppan_g_35449,peppan_g_39450
BEJGEH_03618,peppan_g_3804,peppan_g_7960,peppan_g_12493,peppan_g_17161,peppan_g_21747,peppan_g_26660,peppan_g_29853,peppan_g_35442,peppan_g_39443
BEJGEH_03636,peppan_g_3789,peppan_g_7976,peppan_g_12510,peppan_g_17177,peppan_g_21763,peppan_g_26676,peppan_g_29837,peppan_g_35426,peppan_g_39427
BEJGEH_03654,peppan_g_3772,peppan_g_7993,peppan_g_12527,peppan_g_17194,peppan_g_21780,peppan_g_26693,peppan_g_29820,peppan_g_35409,peppan_g_39410
BEJGEH_03661,peppan_g_3767,peppan_g_7998,peppan_g_12532,peppan_g_17199,peppan_g_21785,peppan_g_26698,peppan_g_29815,peppan_g_35404,peppan_g_39405
BEJGEH_03663,peppan_g_3765,peppan_g_8000,peppan_g_12534,peppan_g_17201,peppan_g_21787,peppan_g_26700,peppan_g_29813,peppan_g_35402,peppan_g_39403
BEJGEH_03675,peppan_g_3759,peppan_g_8006,peppan_g_12546,peppan_g_17213,peppan_g_21799,peppan_g_26712,peppan_g_29801,peppan_g_35390,peppan_g_39391
BEJGEH_03708,peppan_g_3727,peppan_g_8038,peppan_g_12578,peppan_g_17245,peppan_g_21831,peppan_g_26744,peppan_g_29769,peppan_g_35358,peppan_g_39358
BEJGEH_03723,peppan_g_3714,peppan_g_8052,peppan_g_12593,peppan_g_17258,peppan_g_21844,peppan_g_26757,peppan_g_29756,peppan_g_35345,peppan_g_39343
BEJGEH_03732,peppan_g_3706,peppan_g_8060,peppan_g_12601,peppan_g_17266,peppan_g_21852,peppan_g_26765,peppan_g_29748,peppan_g_35337,peppan_g_39335
BEJGEH_03733,peppan_g_3705,peppan_g_8061,peppan_g_12602,peppan_g_17267,peppan_g_21853,peppan_g_26766,peppan_g_29747,peppan_g_35336,peppan_g_39334
BEJGEH_03748,peppan_g_3690,peppan_g_8073,peppan_g_12617,peppan_g_17282,peppan_g_21868,peppan_g_26781,peppan_g_29732,peppan_g_35321,peppan_g_39319
BEJGEH_03763,peppan_g_3675,peppan_g_8088,peppan_g_12632,peppan_g_17297,peppan_g_21883,peppan_g_26796,peppan_g_29717,peppan_g_35306,peppan_g_39304
BEJGEH_03764,peppan_g_3674,peppan_g_8089,peppan_g_12633,peppan_g_17298,peppan_g_21884,peppan_g_26797,peppan_g_29716,peppan_g_35305,peppan_g_39303
BEJGEH_03769,peppan_g_3669,peppan_g_8094,peppan_g_12638,peppan_g_17303,peppan_g_21889,peppan_g_26802,peppan_g_29711,peppan_g_35300,peppan_g_39298
BEJGEH_03777,peppan_g_3661,peppan_g_8112,peppan_g_12646,peppan_g_17311,peppan_g_21897,peppan_g_26810,peppan_g_29703,peppan_g_35292,peppan_g_39290
BEJGEH_03779,peppan_g_3659,peppan_g_8114,peppan_g_12648,peppan_g_17313,peppan_g_21899,peppan_g_26812,peppan_g_29701,peppan_g_35290,peppan_g_39288
BEJGEH_03807,peppan_g_3637,peppan_g_8131,peppan_g_12674,peppan_g_17334,peppan_g_21921,peppan_g_26834,peppan_g_29684,peppan_g_35273,peppan_g_39271
BEJGEH_03814,peppan_g_3631,peppan_g_8137,peppan_g_12680,peppan_g_17340,peppan_g_21927,peppan_g_26840,peppan_g_29678,peppan_g_35267,peppan_g_39265
BEJGEH_03856,peppan_g_3591,peppan_g_8179,peppan_g_12720,peppan_g_17373,peppan_g_21967,peppan_g_26880,peppan_g_29645,peppan_g_35227,peppan_g_39225
BEJGEH_03862,peppan_g_3585;peppan_g_607,peppan_g_6785;peppan_g_8185,peppan_g_11217;peppan_g_12726,peppan_g_15931;peppan_g_17379,peppan_g_20478;peppan_g_21973,peppan_g_25449;peppan_g_26886,peppan_g_28843;peppan_g_29639,peppan_g_31917;peppan_g_34714;peppan_g_35221,peppan_g_39219;peppan_g_40712
BEJGEH_03865,peppan_g_3582;peppan_g_604,peppan_g_6788;peppan_g_8188,peppan_g_11220;peppan_g_12729,peppan_g_15934;peppan_g_17382,peppan_g_20481;peppan_g_21976,peppan_g_25452;peppan_g_26889,peppan_g_28840;peppan_g_29636,peppan_g_31914;peppan_g_34711;peppan_g_35218,peppan_g_39216;peppan_g_40709
BEJGEH_03874,peppan_g_3573,peppan_g_8197,peppan_g_12738,peppan_g_17391,peppan_g_21985,peppan_g_26898,peppan_g_29627,peppan_g_35209,peppan_g_39207
BEJGEH_03886,peppan_g_3560,peppan_g_8211,peppan_g_12749,peppan_g_17407,peppan_g_22001,peppan_g_26914,peppan_g_29611,peppan_g_35193,peppan_g_39194
BEJGEH_03893,peppan_g_3554,peppan_g_8217,peppan_g_12756,peppan_g_17413,peppan_g_22012,peppan_g_26920,peppan_g_29601,peppan_g_35187,peppan_g_39132
BEJGEH_03896,peppan_g_3552,peppan_g_8219,peppan_g_12759,peppan_g_17415,peppan_g_22014,peppan_g_26922,peppan_g_29599,peppan_g_35185,peppan_g_39130
BEJGEH_03900,peppan_g_3548,peppan_g_8223,peppan_g_12763,peppan_g_17419,peppan_g_22018,peppan_g_26926,peppan_g_29595,peppan_g_33403,peppan_g_39126
BEJGEH_03912,peppan_g_3533,peppan_g_8233,peppan_g_12773,peppan_g_17429,peppan_g_22028,peppan_g_26936,peppan_g_29585,peppan_g_33393,peppan_g_39116
BEJGEH_03913,peppan_g_3532,peppan_g_8234,peppan_g_12774,peppan_g_17430,peppan_g_22029,peppan_g_26937,peppan_g_29584,peppan_g_33392,peppan_g_39115
BEJGEH_03922,peppan_g_3523,peppan_g_8243,peppan_g_12783,peppan_g_17439,peppan_g_22038,peppan_g_26946,peppan_g_29575,peppan_g_33383,peppan_g_39106
BEJGEH_03923,peppan_g_3522,peppan_g_8244,peppan_g_12784,peppan_g_17440,peppan_g_22039,peppan_g_26947,peppan_g_29574,peppan_g_33382,peppan_g_39105
BEJGEH_03942,peppan_g_3342,peppan_g_8257,peppan_g_12797,peppan_g_17453,peppan_g_22052,peppan_g_26960,peppan_g_27684,peppan_g_33369,peppan_g_39092
BEJGEH_03959,peppan_g_3279,peppan_g_8276,peppan_g_12815,peppan_g_17468,peppan_g_22067,peppan_g_26975,peppan_g_27669,peppan_g_33354,peppan_g_39077
BEJGEH_03968,peppan_g_3270,peppan_g_8285,peppan_g_12824,peppan_g_17477,peppan_g_22076,peppan_g_26984,peppan_g_27660,peppan_g_33345,peppan_g_39068
BEJGEH_03973,peppan_g_3265,peppan_g_8290,peppan_g_12829,peppan_g_17482,peppan_g_22081,peppan_g_26989,peppan_g_27655,peppan_g_33340,peppan_g_39063
BEJGEH_03988,peppan_g_3256,peppan_g_8296,peppan_g_12838,peppan_g_17488,peppan_g_22090,peppan_g_26998,peppan_g_27649,peppan_g_33334,peppan_g_39057
BEJGEH_04009,peppan_g_3236,peppan_g_8314,peppan_g_12859,peppan_g_17509,peppan_g_22111,peppan_g_27019,peppan_g_27628,peppan_g_33313,peppan_g_39036
BEJGEH_04015,peppan_g_3230,peppan_g_8320,peppan_g_12865,peppan_g_17515,peppan_g_22117,peppan_g_27025,peppan_g_27622,peppan_g_33307,peppan_g_39030
BEJGEH_04016,peppan_g_3229,peppan_g_8321,peppan_g_12866,peppan_g_17516,peppan_g_22118,peppan_g_27026,peppan_g_27621,peppan_g_33306,peppan_g_39029
BEJGEH_04019,peppan_g_3227,peppan_g_8323,peppan_g_12868,peppan_g_17518,peppan_g_22120,peppan_g_27028,peppan_g_27619,peppan_g_33304,peppan_g_39027
BEJGEH_04021,peppan_g_3225,peppan_g_8325,peppan_g_12870,peppan_g_17520,peppan_g_22122,peppan_g_27030,peppan_g_27617,peppan_g_33302,peppan_g_39025
BEJGEH_04052,peppan_g_3500,peppan_g_8349,peppan_g_12894,peppan_g_17544,peppan_g_22146,peppan_g_27054,peppan_g_27780,peppan_g_33278,peppan_g_39001
BEJGEH_04055,peppan_g_3498,peppan_g_8351,peppan_g_12896,peppan_g_17546,peppan_g_22148,peppan_g_27056,peppan_g_27782,peppan_g_33276,peppan_g_38999
BEJGEH_04065,peppan_g_3489,peppan_g_8360,peppan_g_12905,peppan_g_17555,peppan_g_22157,peppan_g_27065,peppan_g_27791,peppan_g_33272,peppan_g_38995
BEJGEH_04072,peppan_g_3483,peppan_g_8366,peppan_g_12912,peppan_g_17561,peppan_g_22163,peppan_g_27071,peppan_g_27798,peppan_g_33265,peppan_g_38988
BEJGEH_04080,peppan_g_3475,peppan_g_8374,peppan_g_12920,peppan_g_17569,peppan_g_22171,peppan_g_27079,peppan_g_27806,peppan_g_33257,peppan_g_38980
BEJGEH_04087,peppan_g_3468,peppan_g_8381,peppan_g_12927,peppan_g_17576,peppan_g_22178,peppan_g_27086,peppan_g_27813,peppan_g_33250,peppan_g_38973
BEJGEH_04100,peppan_g_3460,peppan_g_8388,peppan_g_12938,peppan_g_17584,peppan_g_22186,peppan_g_27094,peppan_g_27821,peppan_g_33242,peppan_g_38965
BEJGEH_04110,peppan_g_3450,peppan_g_8398,peppan_g_12948,peppan_g_17594,peppan_g_22196,peppan_g_27104,peppan_g_27831,peppan_g_33232,peppan_g_38955
BEJGEH_04115,peppan_g_3445,peppan_g_8403,peppan_g_12953,peppan_g_17599,peppan_g_22201,peppan_g_27109,peppan_g_27836,peppan_g_33227,peppan_g_38950
BEJGEH_04118,peppan_g_3442,peppan_g_8406,peppan_g_12956,peppan_g_17602,peppan_g_22204,peppan_g_27112,peppan_g_27839,peppan_g_33224,peppan_g_38947
BEJGEH_04133,peppan_g_3427,peppan_g_8421,peppan_g_12971,peppan_g_17617,peppan_g_22219,peppan_g_27127,peppan_g_27854,peppan_g_33209,peppan_g_38932
BEJGEH_04170,peppan_g_3390,peppan_g_8455,peppan_g_13007,peppan_g_17661,peppan_g_22260,peppan_g_27168,peppan_g_27895,peppan_g_33168,peppan_g_38893
BEJGEH_04173,peppan_g_3387,peppan_g_8458,peppan_g_13010,peppan_g_17664,peppan_g_22263,peppan_g_27171,peppan_g_27898,peppan_g_33165,peppan_g_38890
BEJGEH_04179,peppan_g_3382,peppan_g_8463,peppan_g_13015,peppan_g_17669,peppan_g_22268,peppan_g_27176,peppan_g_27903,peppan_g_33160,peppan_g_38885
BEJGEH_04189,peppan_g_3377,peppan_g_8468,peppan_g_13020,peppan_g_17674,peppan_g_22273,peppan_g_22824,peppan_g_27210,peppan_g_33155,peppan_g_38880
BEJGEH_04201,peppan_g_3369,peppan_g_8476,peppan_g_13028,peppan_g_17682,peppan_g_22281,peppan_g_22829,peppan_g_27416,peppan_g_32086,peppan_g_38872
BEJGEH_04223,peppan_g_3348,peppan_g_8497,peppan_g_13049,peppan_g_17703,peppan_g_22303,peppan_g_22850,peppan_g_27395,peppan_g_32065,peppan_g_38851
BEJGEH_04224,peppan_g_3347,peppan_g_8498,peppan_g_13050,peppan_g_17704,peppan_g_22304,peppan_g_22851,peppan_g_27394,peppan_g_32064,peppan_g_38850
BEJGEH_04279,peppan_g_4009,peppan_g_8524,peppan_g_13101,peppan_g_17733,peppan_g_22351,peppan_g_22899,peppan_g_28146,peppan_g_33108,peppan_g_38802
BEJGEH_04283,peppan_g_4013,peppan_g_8529,peppan_g_13105,peppan_g_17737,peppan_g_22355,peppan_g_22903,peppan_g_28150,peppan_g_33104,peppan_g_38798
BEJGEH_04291,peppan_g_4021,peppan_g_8537,peppan_g_13113,peppan_g_17745,peppan_g_22363,peppan_g_22911,peppan_g_28158,peppan_g_33096,peppan_g_38790
BEJGEH_04292,peppan_g_4022,peppan_g_8538,peppan_g_13114,peppan_g_17746,peppan_g_22364,peppan_g_22912,peppan_g_28159,peppan_g_33095,peppan_g_38789
BEJGEH_04311,peppan_g_4041,peppan_g_8616,peppan_g_13133,peppan_g_17765,peppan_g_22383,peppan_g_22931,peppan_g_28178,peppan_g_33076,peppan_g_38770
BEJGEH_04321,peppan_g_4050,peppan_g_8625,peppan_g_13142,peppan_g_17774,peppan_g_22392,peppan_g_22940,peppan_g_28187,peppan_g_33067,peppan_g_38761
BEJGEH_04324,peppan_g_4053,peppan_g_8628,peppan_g_13145,peppan_g_17777,peppan_g_22395,peppan_g_22943,peppan_g_28190,peppan_g_33064,peppan_g_38758
BEJGEH_04325,peppan_g_4054,peppan_g_8629,peppan_g_13146,peppan_g_17778,peppan_g_22396,peppan_g_22944,peppan_g_28191,peppan_g_33063,peppan_g_38757
BEJGEH_04331,peppan_g_4060,peppan_g_8635,peppan_g_13152,peppan_g_17784,peppan_g_22402,peppan_g_22950,peppan_g_28197,peppan_g_33057,peppan_g_38751
BEJGEH_04335,peppan_g_4064,peppan_g_8639,peppan_g_13156,peppan_g_17788,peppan_g_22406,peppan_g_22954,peppan_g_28201,peppan_g_33053,peppan_g_38747
BEJGEH_04403,peppan_g_4259,peppan_g_8700,peppan_g_13223,peppan_g_17835,peppan_g_22455,peppan_g_23014,peppan_g_28255,peppan_g_33000,peppan_g_38694
BEJGEH_04423,peppan_g_4276,peppan_g_8716,peppan_g_13240,peppan_g_17852,peppan_g_22472,peppan_g_23031,peppan_g_30481,peppan_g_32983,peppan_g_38677
BEJGEH_04446,peppan_g_4299,peppan_g_8739,peppan_g_13263,peppan_g_17875,peppan_g_22495,peppan_g_23054,peppan_g_30458,peppan_g_32960,peppan_g_38654
BEJGEH_04452,peppan_g_4305,peppan_g_8745,peppan_g_13269,peppan_g_17881,peppan_g_22501,peppan_g_23060,peppan_g_30452,peppan_g_32954,peppan_g_38648
BEJGEH_04462,peppan_g_4314,peppan_g_8755,peppan_g_13279,peppan_g_17890,peppan_g_22510,peppan_g_23069,peppan_g_30443,peppan_g_32945,peppan_g_38639
BEJGEH_04538,peppan_g_4373,peppan_g_8811,peppan_g_13354,peppan_g_17948,peppan_g_22585,peppan_g_23144,peppan_g_30386,peppan_g_33971,peppan_g_38564
BEJGEH_04544,peppan_g_4378,peppan_g_8816,peppan_g_13359,peppan_g_17953,peppan_g_22590,peppan_g_23149,peppan_g_30381,peppan_g_33966,peppan_g_38559
BEJGEH_04546,peppan_g_4380,peppan_g_8818,peppan_g_13361,peppan_g_17955,peppan_g_22592,peppan_g_23151,peppan_g_30379,peppan_g_33964,peppan_g_38557
BEJGEH_04606,peppan_g_4423,peppan_g_8836,peppan_g_13419,peppan_g_17990,peppan_g_22615,peppan_g_23177,peppan_g_30341,peppan_g_33946,peppan_g_38519
BEJGEH_04611,peppan_g_4428,peppan_g_8841,peppan_g_13424,peppan_g_17995,peppan_g_22621,peppan_g_23183,peppan_g_30336,peppan_g_33940,peppan_g_38514
BEJGEH_04622,peppan_g_4438,peppan_g_8851,peppan_g_13434,peppan_g_18005,peppan_g_22631,peppan_g_23193,peppan_g_30326,peppan_g_33930,peppan_g_38504
BEJGEH_04651,peppan_g_4469,peppan_g_8883,peppan_g_13459,peppan_g_18049,peppan_g_22668,peppan_g_23230,peppan_g_30283,peppan_g_33894,peppan_g_38475
BEJGEH_04668,peppan_g_4482,peppan_g_8896,peppan_g_13476,peppan_g_18062,peppan_g_22685,peppan_g_23247,peppan_g_30266,peppan_g_33877,peppan_g_38458
BEJGEH_04678,peppan_g_4492,peppan_g_8906,peppan_g_13486,peppan_g_18072,peppan_g_22695,peppan_g_23257,peppan_g_30256,peppan_g_33867,peppan_g_38448
BEJGEH_04687,peppan_g_4500,peppan_g_8914,peppan_g_13494,peppan_g_18080,peppan_g_22703,peppan_g_23265,peppan_g_30248,peppan_g_33859,peppan_g_38440
BEJGEH_04688,peppan_g_4501,peppan_g_8915,peppan_g_13495,peppan_g_18081,peppan_g_22704,peppan_g_23266,peppan_g_30247,peppan_g_33858,peppan_g_38439
GEGEGB_00002,peppan_g_1,peppan_g_4506,peppan_g_9044,peppan_g_13551,peppan_g_18176,peppan_g_23271,peppan_g_30242,peppan_g_33853,peppan_g_38434
GEGEGB_00011,peppan_g_10,peppan_g_4515,peppan_g_9053,peppan_g_13560,peppan_g_18185,peppan_g_23280,peppan_g_30233,peppan_g_33844,peppan_g_38425
GEGEGB_00016,peppan_g_15,peppan_g_4520,peppan_g_9058,peppan_g_13565,peppan_g_18190,peppan_g_23285,peppan_g_30228,peppan_g_33839,peppan_g_38420
GEGEGB_00017,peppan_g_16,peppan_g_4521,peppan_g_9059,peppan_g_13566,peppan_g_18191,peppan_g_23286,peppan_g_30227,peppan_g_33838,peppan_g_38419
GEGEGB_00022,peppan_g_20,peppan_g_4525,peppan_g_9063,peppan_g_13570,peppan_g_18195,peppan_g_23290,peppan_g_30223,peppan_g_33834,peppan_g_38415
GEGEGB_00045,peppan_g_41,peppan_g_4546,peppan_g_9084,peppan_g_13591,peppan_g_18216,peppan_g_23311,peppan_g_30202,peppan_g_33813,peppan_g_38395
GEGEGB_00047,peppan_g_43,peppan_g_4548,peppan_g_9086,peppan_g_13593,peppan_g_18218,peppan_g_23313,peppan_g_30200,peppan_g_33811,peppan_g_38393
GEGEGB_00048,peppan_g_44,peppan_g_4549,peppan_g_9087,peppan_g_13594,peppan_g_18219,peppan_g_23314,peppan_g_30199,peppan_g_33810,peppan_g_38392
GEGEGB_00077,peppan_g_73,peppan_g_4578,peppan_g_9116,peppan_g_13623,peppan_g_18249,peppan_g_23343,peppan_g_30170,peppan_g_33781,peppan_g_38363
GEGEGB_00080,peppan_g_76,peppan_g_4581,peppan_g_9119,peppan_g_13626,peppan_g_18252,peppan_g_23346,peppan_g_30167,peppan_g_33778,peppan_g_38360
GEGEGB_00093,peppan_g_85,peppan_g_4590,peppan_g_9128,peppan_g_13632,peppan_g_18261,peppan_g_23355,peppan_g_30158,peppan_g_33769,peppan_g_38351
GEGEGB_00094,peppan_g_86,peppan_g_4591,peppan_g_9129,peppan_g_13633,peppan_g_18262,peppan_g_23356,peppan_g_30157,peppan_g_33768,peppan_g_38350
GEGEGB_00095,peppan_g_87,peppan_g_4592,peppan_g_9130,peppan_g_13634,peppan_g_18263,peppan_g_23357,peppan_g_30156,peppan_g_33767,peppan_g_38349
GEGEGB_00096,peppan_g_88,peppan_g_4593,peppan_g_9131,peppan_g_13635,peppan_g_18264,peppan_g_23358,peppan_g_30155,peppan_g_33766,peppan_g_38348
GEGEGB_00132,peppan_g_122,peppan_g_4624,peppan_g_9165,peppan_g_13667,peppan_g_18295,peppan_g_23389,peppan_g_30123,peppan_g_33735,peppan_g_38316
GEGEGB_00140,peppan_g_130,peppan_g_4632,peppan_g_9173,peppan_g_13675,peppan_g_18303,peppan_g_23397,peppan_g_30115,peppan_g_33727,peppan_g_38308
GEGEGB_00148,peppan_g_137,peppan_g_4639,peppan_g_9180,peppan_g_13682,peppan_g_18310,peppan_g_23404,peppan_g_30108,peppan_g_32609,peppan_g_38301
GEGEGB_00150,peppan_g_138,peppan_g_4640,peppan_g_9181,peppan_g_13683,peppan_g_18311,peppan_g_23405,peppan_g_30107,peppan_g_32608,peppan_g_38300
GEGEGB_00153,peppan_g_141,peppan_g_4641,peppan_g_9184,peppan_g_13686,peppan_g_18312,peppan_g_23406,peppan_g_30106,peppan_g_32607,peppan_g_38297
GEGEGB_00163,peppan_g_151,peppan_g_4651,peppan_g_9194,peppan_g_13696,peppan_g_18322,peppan_g_23416,peppan_g_30096,peppan_g_32597,peppan_g_38287
GEGEGB_00172,peppan_g_158,peppan_g_4658,peppan_g_9201,peppan_g_13703,peppan_g_18329,peppan_g_23423,peppan_g_30089,peppan_g_32590,peppan_g_38280
GEGEGB_00176,peppan_g_162,peppan_g_4662,peppan_g_9212,peppan_g_13709,peppan_g_18334,peppan_g_23428,peppan_g_30083,peppan_g_32584,peppan_g_38274
GEGEGB_00177,peppan_g_163,peppan_g_4663,peppan_g_9213,peppan_g_13710,peppan_g_18335,peppan_g_23429,peppan_g_30082,peppan_g_32583,peppan_g_38273
GEGEGB_00178,peppan_g_164,peppan_g_4664,peppan_g_9214,peppan_g_13711,peppan_g_18336,peppan_g_23430,peppan_g_30081,peppan_g_32582,peppan_g_38272
GEGEGB_00179,peppan_g_165,peppan_g_4665,peppan_g_9215,peppan_g_13712,peppan_g_18337,peppan_g_23431,peppan_g_30080,peppan_g_32581,peppan_g_38271
GEGEGB_00187,peppan_g_173,peppan_g_4673,peppan_g_9223,peppan_g_13720,peppan_g_18345,peppan_g_23439,peppan_g_30072,peppan_g_32573,peppan_g_38263
GEGEGB_00205,peppan_g_191,peppan_g_4695,peppan_g_9238,peppan_g_13735,peppan_g_18360,peppan_g_23454,peppan_g_30057,peppan_g_32551,peppan_g_38241
GEGEGB_00228,peppan_g_212,peppan_g_4717,peppan_g_9268,peppan_g_13765,peppan_g_18389,peppan_g_23483,peppan_g_30028,peppan_g_32522,peppan_g_38212
GEGEGB_00236,peppan_g_218,peppan_g_4723,peppan_g_9274,peppan_g_13771,peppan_g_18395,peppan_g_23489,peppan_g_30022,peppan_g_32516,peppan_g_38206
GEGEGB_00239,peppan_g_221,peppan_g_4726,peppan_g_9277,peppan_g_13774,peppan_g_18398,peppan_g_23492,peppan_g_30019,peppan_g_32513,peppan_g_38203
GEGEGB_00246,peppan_g_228,peppan_g_4733,peppan_g_9284,peppan_g_13781,peppan_g_18405,peppan_g_23499,peppan_g_30012,peppan_g_32009,peppan_g_38196
GEGEGB_00266,peppan_g_244,peppan_g_4747,peppan_g_9298,peppan_g_13795,peppan_g_18419,peppan_g_23513,peppan_g_29998,peppan_g_32026,peppan_g_38182
GEGEGB_00278,peppan_g_252,peppan_g_7124,peppan_g_11566,peppan_g_16282,peppan_g_20881,peppan_g_25791,peppan_g_27274,peppan_g_34368,peppan_g_40369
GEGEGB_00291,peppan_g_266,peppan_g_7110,peppan_g_11552,peppan_g_16268,peppan_g_20867,peppan_g_25777,peppan_g_27260,peppan_g_34382,peppan_g_40383
GEGEGB_00292,peppan_g_267,peppan_g_7109,peppan_g_11551,peppan_g_16267,peppan_g_20866,peppan_g_25776,peppan_g_27259,peppan_g_34383,peppan_g_40384
GEGEGB_00296,peppan_g_270,peppan_g_7106,peppan_g_11548,peppan_g_16264,peppan_g_20804,peppan_g_25773,peppan_g_28299,peppan_g_34386,peppan_g_40387
GEGEGB_00299,peppan_g_273,peppan_g_7103,peppan_g_11545,peppan_g_16261,peppan_g_20801,peppan_g_25770,peppan_g_28302,peppan_g_34389,peppan_g_40390
GEGEGB_00306,peppan_g_280,peppan_g_7096,peppan_g_11538,peppan_g_16254,peppan_g_20794,peppan_g_25763,peppan_g_28309,peppan_g_34396,peppan_g_40397
GEGEGB_00310,peppan_g_284,peppan_g_7092,peppan_g_11534,peppan_g_16250,peppan_g_20790,peppan_g_25759,peppan_g_28313,peppan_g_34400,peppan_g_40401
GEGEGB_00346,peppan_g_317,peppan_g_7059,peppan_g_11501,peppan_g_16217,peppan_g_20757,peppan_g_25726,peppan_g_28346,peppan_g_34436,peppan_g_40434
GEGEGB_00351,peppan_g_321,peppan_g_7057,peppan_g_11497,peppan_g_16213,peppan_g_20753,peppan_g_25722,peppan_g_28350,peppan_g_34440,peppan_g_40438
GEGEGB_00366,peppan_g_334,peppan_g_7044,peppan_g_11484,peppan_g_16200,peppan_g_20740,peppan_g_25709,peppan_g_28363,peppan_g_34453,peppan_g_40451
GEGEGB_00387,peppan_g_354,peppan_g_7028,peppan_g_11465,peppan_g_16182,peppan_g_20724,peppan_g_25693,peppan_g_28380,peppan_g_34470,peppan_g_40467
GEGEGB_00392,peppan_g_359,peppan_g_7023,peppan_g_11460,peppan_g_16177,peppan_g_20719,peppan_g_25688,peppan_g_28385,peppan_g_34475,peppan_g_40472
GEGEGB_00405,peppan_g_371,peppan_g_7011,peppan_g_11448,peppan_g_16165,peppan_g_20709,peppan_g_25678,peppan_g_28397,peppan_g_34487,peppan_g_40484
GEGEGB_00406,peppan_g_372,peppan_g_7010,peppan_g_11447,peppan_g_16164,peppan_g_20708,peppan_g_25677,peppan_g_28398,peppan_g_34488,peppan_g_40485
GEGEGB_00408,peppan_g_374,peppan_g_7008,peppan_g_11445,peppan_g_16162,peppan_g_20706,peppan_g_25675,peppan_g_28400,peppan_g_34490,peppan_g_40487
GEGEGB_00430,peppan_g_394,peppan_g_6990,peppan_g_11427,peppan_g_16144,peppan_g_20687,peppan_g_25657,peppan_g_28418,peppan_g_34508,peppan_g_40505
GEGEGB_00432,peppan_g_396,peppan_g_6988,peppan_g_11425,peppan_g_16142,peppan_g_20685,peppan_g_25655,peppan_g_28420,peppan_g_34510,peppan_g_40507
GEGEGB_00435,peppan_g_399,peppan_g_6985,peppan_g_11422,peppan_g_16139,peppan_g_20682,peppan_g_25652,peppan_g_28423,peppan_g_34513,peppan_g_40510
GEGEGB_00440,peppan_g_404,peppan_g_6980,peppan_g_11417,peppan_g_16134,peppan_g_20677,peppan_g_25647,peppan_g_28428,peppan_g_34518,peppan_g_40515
GEGEGB_00445,peppan_g_409,peppan_g_6977,peppan_g_11412,peppan_g_16129,peppan_g_20672,peppan_g_25642,peppan_g_28432,peppan_g_34522,peppan_g_40519
GEGEGB_00446,peppan_g_410,peppan_g_6976,peppan_g_11411,peppan_g_16128,peppan_g_20671,peppan_g_25641,peppan_g_28433,peppan_g_34523,peppan_g_40520
GEGEGB_00451,peppan_g_416,peppan_g_6970,peppan_g_11405,peppan_g_16122,peppan_g_20665,peppan_g_25635,peppan_g_28439,peppan_g_34529,peppan_g_40526
GEGEGB_00452,peppan_g_417,peppan_g_6969,peppan_g_11404,peppan_g_16121,peppan_g_20664,peppan_g_25634,peppan_g_28440,peppan_g_34530,peppan_g_40527
GEGEGB_00466,peppan_g_431,peppan_g_6955,peppan_g_11389,peppan_g_16106,peppan_g_20649,peppan_g_25620,peppan_g_28455,peppan_g_34544,peppan_g_40542
GEGEGB_00467,peppan_g_432,peppan_g_6954,peppan_g_11388,peppan_g_16105,peppan_g_20648,peppan_g_25619,peppan_g_28456,peppan_g_34545,peppan_g_40543
GEGEGB_00470,peppan_g_435,peppan_g_6951,peppan_g_11385,peppan_g_16102,peppan_g_20645,peppan_g_25616,peppan_g_28459,peppan_g_34548,peppan_g_40546
GEGEGB_00471,peppan_g_436,peppan_g_6950,peppan_g_11384,peppan_g_16101,peppan_g_20644,peppan_g_25615,peppan_g_28460,peppan_g_34549,peppan_g_40547
GEGEGB_00474,peppan_g_439,peppan_g_6947,peppan_g_11381,peppan_g_16098,peppan_g_20641,peppan_g_25612,peppan_g_28463,peppan_g_34552,peppan_g_40550
GEGEGB_00485,peppan_g_444,peppan_g_6942,peppan_g_11376,peppan_g_16093,peppan_g_20636,peppan_g_25607,peppan_g_28684,peppan_g_34557,peppan_g_40555
GEGEGB_00490,peppan_g_449,peppan_g_6937,peppan_g_11371,peppan_g_16088,peppan_g_20631,peppan_g_25602,peppan_g_28689,peppan_g_34562,peppan_g_40560
GEGEGB_00499,peppan_g_456,peppan_g_6931,peppan_g_11365,peppan_g_16082,peppan_g_20625,peppan_g_25596,peppan_g_28695,peppan_g_34568,peppan_g_40566
GEGEGB_00527,peppan_g_480,peppan_g_6911,peppan_g_11345,peppan_g_16058,peppan_g_20605,peppan_g_25576,peppan_g_28715,peppan_g_34588,peppan_g_40586
GEGEGB_00529,peppan_g_482,peppan_g_6909,peppan_g_11343,peppan_g_16056,peppan_g_20603,peppan_g_25574,peppan_g_28717,peppan_g_34590,peppan_g_40588
GEGEGB_00533,peppan_g_486,peppan_g_6905,peppan_g_11339,peppan_g_16052,peppan_g_20599,peppan_g_25570,peppan_g_28721,peppan_g_34594,peppan_g_40592
GEGEGB_00536,peppan_g_489,peppan_g_6902,peppan_g_11336,peppan_g_16049,peppan_g_20596,peppan_g_25567,peppan_g_28724,peppan_g_34597,peppan_g_40595
GEGEGB_00538,peppan_g_491,peppan_g_6900,peppan_g_11334,peppan_g_16047,peppan_g_20594,peppan_g_25565,peppan_g_28726,peppan_g_34599,peppan_g_40597
GEGEGB_00546,peppan_g_499,peppan_g_6892,peppan_g_11326,peppan_g_16039,peppan_g_20586,peppan_g_25557,peppan_g_28734,peppan_g_34607,peppan_g_40605
GEGEGB_00550,peppan_g_503,peppan_g_6888,peppan_g_11322,peppan_g_16035,peppan_g_20582,peppan_g_25553,peppan_g_28738,peppan_g_34611,peppan_g_40609
GEGEGB_00560,peppan_g_513,peppan_g_6878,peppan_g_11312,peppan_g_16025,peppan_g_20572,peppan_g_25543,peppan_g_28748,peppan_g_34621,peppan_g_40619
GEGEGB_00566,peppan_g_519,peppan_g_6872,peppan_g_11306,peppan_g_16019,peppan_g_20566,peppan_g_25537,peppan_g_28754,peppan_g_34627,peppan_g_40625
GEGEGB_00571,peppan_g_524,peppan_g_6867,peppan_g_11301,peppan_g_16014,peppan_g_20561,peppan_g_25532,peppan_g_28759,peppan_g_34632,peppan_g_40630
GEGEGB_00572,peppan_g_525,peppan_g_6866,peppan_g_11300,peppan_g_16013,peppan_g_20560,peppan_g_25531,peppan_g_28760,peppan_g_34633,peppan_g_40631
GEGEGB_00574,peppan_g_527,peppan_g_6864,peppan_g_11298,peppan_g_16011,peppan_g_20558,peppan_g_25529,peppan_g_28762,peppan_g_34635,peppan_g_40633
GEGEGB_00578,peppan_g_531,peppan_g_6860,peppan_g_11294,peppan_g_16007,peppan_g_20554,peppan_g_25525,peppan_g_28766,peppan_g_34639,peppan_g_40637
GEGEGB_00589,peppan_g_541,peppan_g_6850,peppan_g_11282,peppan_g_15996,peppan_g_20543,peppan_g_25514,peppan_g_28778,peppan_g_34649,peppan_g_40647
GEGEGB_00601,peppan_g_553,peppan_g_6838,peppan_g_11270,peppan_g_15984,peppan_g_20531,peppan_g_25502,peppan_g_28790,peppan_g_34661,peppan_g_40659
GEGEGB_00616,peppan_g_568,peppan_g_6823,peppan_g_11255,peppan_g_15969,peppan_g_20516,peppan_g_25487,peppan_g_28805,peppan_g_34676,peppan_g_40674
GEGEGB_00627,peppan_g_578,peppan_g_6813,peppan_g_11245,peppan_g_15959,peppan_g_20506,peppan_g_25477,peppan_g_28815,peppan_g_34686,peppan_g_40684
GEGEGB_00637,peppan_g_585,peppan_g_6807,peppan_g_11239,peppan_g_15953,peppan_g_20500,peppan_g_25471,peppan_g_28821,peppan_g_34692,peppan_g_40690
GEGEGB_00639,peppan_g_587,peppan_g_6805,peppan_g_11237,peppan_g_15951,peppan_g_20498,peppan_g_25469,peppan_g_28823,peppan_g_34694,peppan_g_40692
GEGEGB_00647,peppan_g_594,peppan_g_6798,peppan_g_11230,peppan_g_15944,peppan_g_20491,peppan_g_25462,peppan_g_28830,peppan_g_34701,peppan_g_40699
GEGEGB_00649,peppan_g_596,peppan_g_6796,peppan_g_11228,peppan_g_15942,peppan_g_20489,peppan_g_25460,peppan_g_28832,peppan_g_34703,peppan_g_40701
GEGEGB_00670,peppan_g_618,peppan_g_6778,peppan_g_11210,peppan_g_15920,peppan_g_20457,peppan_g_25428,peppan_g_28854,peppan_g_34725,peppan_g_40723
GEGEGB_00688,peppan_g_636,peppan_g_6761,peppan_g_11192,peppan_g_15902,peppan_g_20439,peppan_g_25410,peppan_g_28872,peppan_g_31924,peppan_g_40741
GEGEGB_00690,peppan_g_638,peppan_g_6759,peppan_g_11190,peppan_g_15900,peppan_g_20437,peppan_g_25408,peppan_g_28874,peppan_g_31922,peppan_g_40743
GEGEGB_00692,peppan_g_640,peppan_g_6757,peppan_g_11188,peppan_g_15898,peppan_g_20435,peppan_g_25406,peppan_g_28876,peppan_g_31920,peppan_g_40745
GEGEGB_00698,peppan_g_645,peppan_g_6752,peppan_g_11183,peppan_g_15893,peppan_g_20430,peppan_g_25401,peppan_g_28881,peppan_g_35595,peppan_g_40750
GEGEGB_00707,peppan_g_653,peppan_g_6744,peppan_g_11175,peppan_g_15885,peppan_g_20422,peppan_g_25393,peppan_g_28889,peppan_g_35603,peppan_g_40758
GEGEGB_00725,peppan_g_669,peppan_g_6728,peppan_g_11159,peppan_g_15869,peppan_g_20406,peppan_g_25377,peppan_g_28905,peppan_g_35619,peppan_g_40774
GEGEGB_00728,peppan_g_671,peppan_g_6726,peppan_g_11157,peppan_g_15867,peppan_g_20404,peppan_g_25375,peppan_g_28907,peppan_g_35621,peppan_g_40776
GEGEGB_00729,peppan_g_672,peppan_g_6725,peppan_g_11156,peppan_g_15866,peppan_g_20403,peppan_g_25374,peppan_g_28908,peppan_g_35622,peppan_g_40777
GEGEGB_00734,peppan_g_677,peppan_g_6720,peppan_g_11151,peppan_g_15861,peppan_g_20398,peppan_g_25369,peppan_g_28913,peppan_g_35627,peppan_g_40782
GEGEGB_00787,peppan_g_727,peppan_g_6682,peppan_g_11101,peppan_g_15823,peppan_g_20359,peppan_g_25330,peppan_g_28960,peppan_g_35666,peppan_g_40828
GEGEGB_00837,peppan_g_774,peppan_g_6632,peppan_g_11055,peppan_g_15776,peppan_g_20313,peppan_g_25284,peppan_g_29009,peppan_g_35735,peppan_g_40865
GEGEGB_00838,peppan_g_775,peppan_g_6631,peppan_g_11054,peppan_g_15775,peppan_g_20312,peppan_g_25283,peppan_g_29010,peppan_g_35736,peppan_g_40866
GEGEGB_00843,peppan_g_780,peppan_g_6626,peppan_g_11049,peppan_g_15770,peppan_g_20307,peppan_g_25278,peppan_g_29015,peppan_g_35741,peppan_g_40871
GEGEGB_00863,peppan_g_794,peppan_g_6555,peppan_g_11035,peppan_g_15756,peppan_g_20293,peppan_g_25264,peppan_g_29029,peppan_g_35755,peppan_g_40885
GEGEGB_00866,peppan_g_797,peppan_g_6552,peppan_g_11032,peppan_g_15753,peppan_g_20290,peppan_g_25261,peppan_g_29032,peppan_g_35758,peppan_g_40888
GEGEGB_00870,peppan_g_801,peppan_g_6548,peppan_g_11028,peppan_g_15749,peppan_g_20286,peppan_g_25257,peppan_g_29036,peppan_g_35762,peppan_g_40892
GEGEGB_00877,peppan_g_809,peppan_g_6540,peppan_g_11020,peppan_g_15741,peppan_g_20278,peppan_g_25249,peppan_g_29044,peppan_g_35770,peppan_g_40900
GEGEGB_00878,peppan_g_810,peppan_g_6539,peppan_g_11019,peppan_g_15740,peppan_g_20277,peppan_g_25248,peppan_g_29045,peppan_g_35771,peppan_g_40901
GEGEGB_00888,peppan_g_819,peppan_g_6530,peppan_g_11010,peppan_g_15731,peppan_g_20268,peppan_g_25239,peppan_g_29054,peppan_g_35780,peppan_g_40910
GEGEGB_00889,peppan_g_820,peppan_g_6529,peppan_g_11009,peppan_g_15730,peppan_g_20267,peppan_g_25238,peppan_g_29055,peppan_g_35781,peppan_g_40911
GEGEGB_00968,peppan_g_888,peppan_g_6471,peppan_g_10092,peppan_g_14731,peppan_g_20158,peppan_g_25184,peppan_g_31162,peppan_g_35833,peppan_g_36387
GEGEGB_00973,peppan_g_893,peppan_g_6466,peppan_g_10097,peppan_g_14736,peppan_g_20153,peppan_g_25179,peppan_g_31167,peppan_g_35838,peppan_g_36392
GEGEGB_01013,peppan_g_930,peppan_g_6428,peppan_g_10135,peppan_g_14774,peppan_g_20114,peppan_g_25141,peppan_g_31205,peppan_g_35876,peppan_g_36430
GEGEGB_01015,peppan_g_932,peppan_g_6426,peppan_g_10137,peppan_g_14776,peppan_g_20112,peppan_g_25139,peppan_g_31207,peppan_g_35878,peppan_g_36432
GEGEGB_01022,peppan_g_939,peppan_g_6419,peppan_g_10144,peppan_g_14783,peppan_g_20105,peppan_g_25132,peppan_g_31214,peppan_g_35885,peppan_g_36439
GEGEGB_01031,peppan_g_948,peppan_g_6410,peppan_g_10153,peppan_g_14792,peppan_g_20096,peppan_g_25123,peppan_g_31223,peppan_g_35894,peppan_g_36448
GEGEGB_01032,peppan_g_949,peppan_g_6409,peppan_g_10154,peppan_g_14793,peppan_g_20095,peppan_g_25122,peppan_g_31224,peppan_g_35895,peppan_g_36449
GEGEGB_01043,peppan_g_959,peppan_g_6399,peppan_g_10164,peppan_g_14804,peppan_g_20085,peppan_g_25112,peppan_g_31234,peppan_g_35906,peppan_g_36460
GEGEGB_01047,peppan_g_963,peppan_g_6395,peppan_g_10169,peppan_g_14808,peppan_g_20080,peppan_g_25107,peppan_g_31239,peppan_g_35910,peppan_g_36464
GEGEGB_01102,peppan_g_1016,peppan_g_6334,peppan_g_10220,peppan_g_14920,peppan_g_20021,peppan_g_25048,peppan_g_31312,peppan_g_35982,peppan_g_36526
GEGEGB_01121,peppan_g_1035,peppan_g_6315,peppan_g_10239,peppan_g_14939,peppan_g_20002,peppan_g_25029,peppan_g_31331,peppan_g_36001,peppan_g_36545
GEGEGB_01127,peppan_g_1040,peppan_g_6310,peppan_g_10244,peppan_g_14944,peppan_g_19996,peppan_g_25024,peppan_g_31336,peppan_g_36006,peppan_g_36550
GEGEGB_01130,peppan_g_1043,peppan_g_6307,peppan_g_10247,peppan_g_14947,peppan_g_19993,peppan_g_25021,peppan_g_31339,peppan_g_36009,peppan_g_36553
GEGEGB_01131,peppan_g_1044,peppan_g_6306,peppan_g_10248,peppan_g_14948,peppan_g_19992,peppan_g_25020,peppan_g_31340,peppan_g_36010,peppan_g_36554
GEGEGB_01132,peppan_g_1045,peppan_g_6305,peppan_g_10249,peppan_g_14949,peppan_g_19991,peppan_g_25019,peppan_g_31341,peppan_g_36011,peppan_g_36555
GEGEGB_01138,peppan_g_1051,peppan_g_6299,peppan_g_10255,peppan_g_14955,peppan_g_19985,peppan_g_25013,peppan_g_31347,peppan_g_36017,peppan_g_36561
GEGEGB_01151,peppan_g_1061,peppan_g_6289,peppan_g_10265,peppan_g_14965,peppan_g_19975,peppan_g_25003,peppan_g_31357,peppan_g_36027,peppan_g_36571
GEGEGB_01181,peppan_g_1089,peppan_g_5736,peppan_g_10818,peppan_g_15505,peppan_g_19432,peppan_g_24461,peppan_g_28079,peppan_g_32346,peppan_g_37195
GEGEGB_01200,peppan_g_1106,peppan_g_5753,peppan_g_10801,peppan_g_15488,peppan_g_19449,peppan_g_24478,peppan_g_28096,peppan_g_32329,peppan_g_37178
GEGEGB_01204,peppan_g_1108,peppan_g_5755,peppan_g_10799,peppan_g_15486,peppan_g_19451,peppan_g_24480,peppan_g_28098,peppan_g_32327,peppan_g_37176
GEGEGB_01228,peppan_g_1129,peppan_g_5776,peppan_g_10778,peppan_g_15466,peppan_g_19472,peppan_g_24501,peppan_g_31857,peppan_g_32306,peppan_g_37156
GEGEGB_01229,peppan_g_1130,peppan_g_5777,peppan_g_10777,peppan_g_15465,peppan_g_19473,peppan_g_24502,peppan_g_31856,peppan_g_32305,peppan_g_37155
GEGEGB_01252,peppan_g_1151,peppan_g_5798,peppan_g_10756,peppan_g_15435,peppan_g_19494,peppan_g_24523,peppan_g_27193;peppan_g_31835,peppan_g_32734,peppan_g_37134
GEGEGB_01258,peppan_g_1157,peppan_g_5804,peppan_g_10750,peppan_g_15429,peppan_g_19500,peppan_g_24529,peppan_g_31829,peppan_g_32728,peppan_g_37128
GEGEGB_01264,peppan_g_1163,peppan_g_5810,peppan_g_10744,peppan_g_15423,peppan_g_19506,peppan_g_24535,peppan_g_31823,peppan_g_32722,peppan_g_37122
GEGEGB_01275,peppan_g_1173,peppan_g_5819,peppan_g_10735,peppan_g_15414,peppan_g_19515,peppan_g_24544,peppan_g_31814,peppan_g_32713,peppan_g_37113
GEGEGB_01277,peppan_g_1175,peppan_g_5821,peppan_g_10733,peppan_g_15412,peppan_g_19517,peppan_g_24546,peppan_g_31812,peppan_g_32711,peppan_g_37111
GEGEGB_01283,peppan_g_1181,peppan_g_5825,peppan_g_10729,peppan_g_15406,peppan_g_19523,peppan_g_24552,peppan_g_31808,peppan_g_32707,peppan_g_37029
GEGEGB_01321,peppan_g_1215,peppan_g_5871,peppan_g_10683,peppan_g_15360,peppan_g_19569,peppan_g_24598,peppan_g_31762,peppan_g_32660,peppan_g_36982
GEGEGB_01324,peppan_g_1217,peppan_g_5873,peppan_g_10681,peppan_g_15358,peppan_g_19571,peppan_g_24600,peppan_g_31760,peppan_g_32658,peppan_g_36980
GEGEGB_01331,peppan_g_1224,peppan_g_5880,peppan_g_10674,peppan_g_15351,peppan_g_19578,peppan_g_24607,peppan_g_31753,peppan_g_32651,peppan_g_36973
GEGEGB_01338,peppan_g_1231,peppan_g_5887,peppan_g_10667,peppan_g_15344,peppan_g_19585,peppan_g_24614,peppan_g_31746,peppan_g_32644,peppan_g_36966
GEGEGB_01344,peppan_g_1237,peppan_g_5893,peppan_g_10661,peppan_g_15338,peppan_g_19591,peppan_g_24620,peppan_g_31740,peppan_g_32638,peppan_g_36960
GEGEGB_01398,peppan_g_1288,peppan_g_5944,peppan_g_10610,peppan_g_15287,peppan_g_19642,peppan_g_24671,peppan_g_31689,peppan_g_32050,peppan_g_36909
GEGEGB_01410,peppan_g_1299,peppan_g_5958,peppan_g_10597,peppan_g_15276,peppan_g_19653,peppan_g_24682,peppan_g_31678,peppan_g_32039,peppan_g_36898
GEGEGB_01411,peppan_g_1300,peppan_g_5959,peppan_g_10596,peppan_g_15275,peppan_g_19654,peppan_g_24683,peppan_g_31677,peppan_g_32038,peppan_g_36897
GEGEGB_01471,peppan_g_1359,peppan_g_5970,peppan_g_10585,peppan_g_15264,peppan_g_19665,peppan_g_24694,peppan_g_31666,peppan_g_36333,peppan_g_36886
GEGEGB_01474,peppan_g_1362,peppan_g_5973,peppan_g_10582,peppan_g_15261,peppan_g_19668,peppan_g_24697,peppan_g_31663,peppan_g_36330,peppan_g_36883
GEGEGB_01482,peppan_g_1367,peppan_g_5977,peppan_g_10578,peppan_g_15257,peppan_g_19672,peppan_g_24701,peppan_g_31659,peppan_g_36326,peppan_g_36879
GEGEGB_01494,peppan_g_1379,peppan_g_5989,peppan_g_10566,peppan_g_15245,peppan_g_19684,peppan_g_24713,peppan_g_31647,peppan_g_36314,peppan_g_36867
GEGEGB_01500,peppan_g_1385,peppan_g_5995,peppan_g_10560,peppan_g_15239,peppan_g_19690,peppan_g_24719,peppan_g_31641,peppan_g_36308,peppan_g_36861
GEGEGB_01508,peppan_g_1392,peppan_g_6002,peppan_g_10553,peppan_g_15232,peppan_g_19697,peppan_g_24726,peppan_g_31634,peppan_g_36301,peppan_g_36854
GEGEGB_01514,peppan_g_1396,peppan_g_6006,peppan_g_10549,peppan_g_15228,peppan_g_19701,peppan_g_24730,peppan_g_31630,peppan_g_36297,peppan_g_36850
GEGEGB_01520,peppan_g_1402,peppan_g_6012,peppan_g_10543,peppan_g_15222,peppan_g_19707,peppan_g_24736,peppan_g_31624,peppan_g_36291,peppan_g_36844
GEGEGB_01522,peppan_g_1404,peppan_g_6014,peppan_g_10541,peppan_g_15220,peppan_g_19709,peppan_g_24738,peppan_g_31622,peppan_g_36289,peppan_g_36842
GEGEGB_01524,peppan_g_1406,peppan_g_6016,peppan_g_10539,peppan_g_15218,peppan_g_19711,peppan_g_24740,peppan_g_31620,peppan_g_36287,peppan_g_36840
GEGEGB_01531,peppan_g_1412,peppan_g_6023,peppan_g_10532,peppan_g_15211,peppan_g_19718,peppan_g_24747,peppan_g_31613,peppan_g_36280,peppan_g_36833
GEGEGB_01552,peppan_g_1432,peppan_g_6053,peppan_g_10502,peppan_g_15195,peppan_g_19745,peppan_g_24774,peppan_g_31588,peppan_g_36255,peppan_g_36803
GEGEGB_01553,peppan_g_1433,peppan_g_6054,peppan_g_10501,peppan_g_15194,peppan_g_19746,peppan_g_24775,peppan_g_31587,peppan_g_36254,peppan_g_36802
GEGEGB_01555,peppan_g_1435,peppan_g_6056,peppan_g_10499,peppan_g_15192,peppan_g_19748,peppan_g_24777,peppan_g_31585,peppan_g_36252,peppan_g_36800
GEGEGB_01561,peppan_g_1441,peppan_g_6062,peppan_g_10495,peppan_g_15188,peppan_g_19752,peppan_g_24781,peppan_g_31581,peppan_g_36248,peppan_g_36796
GEGEGB_01562,peppan_g_1442,peppan_g_6063,peppan_g_10494,peppan_g_15187,peppan_g_19753,peppan_g_24782,peppan_g_31580,peppan_g_36247,peppan_g_36795
GEGEGB_01563,peppan_g_1443,peppan_g_6066,peppan_g_10491,peppan_g_15184,peppan_g_19756,peppan_g_24785,peppan_g_31577,peppan_g_36244,peppan_g_36792
GEGEGB_01574,peppan_g_1454,peppan_g_6080,peppan_g_10475,peppan_g_15170,peppan_g_19770,peppan_g_24799,peppan_g_31563,peppan_g_36230,peppan_g_36778
GEGEGB_01577,peppan_g_1457,peppan_g_6083,peppan_g_10472,peppan_g_15167,peppan_g_19773,peppan_g_24802,peppan_g_31560,peppan_g_36227,peppan_g_36775
GEGEGB_01581,peppan_g_1461,peppan_g_6087,peppan_g_10468,peppan_g_15163,peppan_g_19777,peppan_g_24806,peppan_g_31556,peppan_g_36223,peppan_g_36771
GEGEGB_01585,peppan_g_1465,peppan_g_6091,peppan_g_10464,peppan_g_15159,peppan_g_19781,peppan_g_24810,peppan_g_31552,peppan_g_36219,peppan_g_36767
GEGEGB_01596,peppan_g_1475,peppan_g_6102,peppan_g_10453,peppan_g_15148,peppan_g_19792,peppan_g_24821,peppan_g_31541,peppan_g_36208,peppan_g_36756
GEGEGB_01608,peppan_g_1487,peppan_g_6114,peppan_g_10441,peppan_g_15136,peppan_g_19804,peppan_g_24833,peppan_g_31529,peppan_g_36196,peppan_g_36744
GEGEGB_01616,peppan_g_1495,peppan_g_6129,peppan_g_10422,peppan_g_15121,peppan_g_19819,peppan_g_24848,peppan_g_31514,peppan_g_36181,peppan_g_36725
GEGEGB_01642,peppan_g_1514,peppan_g_6147,peppan_g_10404,peppan_g_15103,peppan_g_19837,peppan_g_24866,peppan_g_31496,peppan_g_36163,peppan_g_36707
GEGEGB_01644,peppan_g_1516,peppan_g_6149,peppan_g_10402,peppan_g_15102,peppan_g_19838,peppan_g_24867,peppan_g_31495,peppan_g_36162,peppan_g_36706
GEGEGB_01663,peppan_g_1533,peppan_g_6166,peppan_g_10385,peppan_g_15085,peppan_g_19855,peppan_g_24884,peppan_g_31478,peppan_g_36145,peppan_g_36689
GEGEGB_01664,peppan_g_1534,peppan_g_6167,peppan_g_10384,peppan_g_15084,peppan_g_19856,peppan_g_24885,peppan_g_31477,peppan_g_36144,peppan_g_36688
GEGEGB_01667,peppan_g_1537,peppan_g_6170,peppan_g_10381,peppan_g_15081,peppan_g_19859,peppan_g_24888,peppan_g_31474,peppan_g_36141,peppan_g_36685
GEGEGB_01678,peppan_g_1546,peppan_g_6178,peppan_g_10373,peppan_g_15073,peppan_g_19868,peppan_g_24896,peppan_g_31466,peppan_g_36133,peppan_g_36677
GEGEGB_01680,peppan_g_1548,peppan_g_6180,peppan_g_10371,peppan_g_15071,peppan_g_19870,peppan_g_24898,peppan_g_31464,peppan_g_36131,peppan_g_36675
GEGEGB_01695,peppan_g_1563,peppan_g_6195,peppan_g_10360,peppan_g_15060,peppan_g_19881,peppan_g_24909,peppan_g_31453,peppan_g_36120,peppan_g_36664
GEGEGB_01697,peppan_g_1565,peppan_g_6197,peppan_g_10358,peppan_g_15058,peppan_g_19883,peppan_g_24911,peppan_g_31451,peppan_g_36118,peppan_g_36662
GEGEGB_01706,peppan_g_1574,peppan_g_6206,peppan_g_10349,peppan_g_15049,peppan_g_19892,peppan_g_24920,peppan_g_31442,peppan_g_36109,peppan_g_36653
GEGEGB_01720,peppan_g_1587,peppan_g_6219,peppan_g_10336,peppan_g_15035,peppan_g_19906,peppan_g_24934,peppan_g_31428,peppan_g_36096,peppan_g_36640
GEGEGB_01721,peppan_g_1588,peppan_g_6220,peppan_g_10335,peppan_g_15034,peppan_g_19907,peppan_g_24935,peppan_g_31427,peppan_g_36095,peppan_g_36639
GEGEGB_01733,peppan_g_1599,peppan_g_6231,peppan_g_10324,peppan_g_15023,peppan_g_19918,peppan_g_24946,peppan_g_31416,peppan_g_36084,peppan_g_36628
GEGEGB_01735,peppan_g_1601,peppan_g_6233,peppan_g_10322,peppan_g_15021,peppan_g_19920,peppan_g_24948,peppan_g_31414,peppan_g_36082,peppan_g_36626
GEGEGB_01744,peppan_g_1610,peppan_g_6242,peppan_g_10313,peppan_g_15012,peppan_g_19929,peppan_g_24957,peppan_g_31405,peppan_g_36073,peppan_g_36617
GEGEGB_01770,peppan_g_1634,peppan_g_6266,peppan_g_10289,peppan_g_14988,peppan_g_19953,peppan_g_24981,peppan_g_31381;peppan_g_31877,peppan_g_36049,peppan_g_36593
GEGEGB_01771,peppan_g_1635,peppan_g_6267,peppan_g_10288,peppan_g_14987,peppan_g_19954,peppan_g_24982,peppan_g_31380,peppan_g_36048,peppan_g_36592
GEGEGB_01772,peppan_g_1636,peppan_g_6268,peppan_g_10287,peppan_g_14986,peppan_g_19955,peppan_g_24983,peppan_g_31379,peppan_g_36047,peppan_g_36591
GEGEGB_01795,peppan_g_1658,peppan_g_5708,peppan_g_10844,peppan_g_15529,peppan_g_19343,peppan_g_24375,peppan_g_27990,peppan_g_32370,peppan_g_37219
GEGEGB_01801,peppan_g_1664,peppan_g_5702,peppan_g_10850,peppan_g_15535,peppan_g_19337,peppan_g_24369,peppan_g_27984,peppan_g_32376,peppan_g_37225
GEGEGB_01808,peppan_g_1671,peppan_g_5695,peppan_g_10857,peppan_g_15542,peppan_g_19330,peppan_g_24362,peppan_g_27977,peppan_g_32383,peppan_g_37232
GEGEGB_01809,peppan_g_1672,peppan_g_5694,peppan_g_10858,peppan_g_15543,peppan_g_19329,peppan_g_24361,peppan_g_27976,peppan_g_32384,peppan_g_37233
GEGEGB_01813,peppan_g_1675,peppan_g_5691,peppan_g_10861,peppan_g_15546,peppan_g_19326,peppan_g_24358,peppan_g_27973,peppan_g_32387,peppan_g_37236
GEGEGB_01820,peppan_g_1682,peppan_g_5678,peppan_g_10868,peppan_g_15553,peppan_g_19319,peppan_g_24351,peppan_g_27966,peppan_g_32394,peppan_g_37243
GEGEGB_01833,peppan_g_1694,peppan_g_5666,peppan_g_10880,peppan_g_15565,peppan_g_19307,peppan_g_24339,peppan_g_27954,peppan_g_32401,peppan_g_37255
GEGEGB_01835,peppan_g_1696,peppan_g_5664,peppan_g_10882,peppan_g_15567,peppan_g_19305,peppan_g_24337,peppan_g_27952,peppan_g_32403,peppan_g_37257
GEGEGB_01850,peppan_g_1711,peppan_g_5649,peppan_g_10897,peppan_g_15582,peppan_g_19290,peppan_g_24322,peppan_g_27937,peppan_g_32418,peppan_g_37272
GEGEGB_01851,peppan_g_1712,peppan_g_5648,peppan_g_10898,peppan_g_15583,peppan_g_19289,peppan_g_24321,peppan_g_27936,peppan_g_32419,peppan_g_37273
GEGEGB_01852,peppan_g_1713,peppan_g_5647,peppan_g_10899,peppan_g_15584,peppan_g_19288,peppan_g_24320,peppan_g_27935,peppan_g_32420,peppan_g_37274
GEGEGB_01855,peppan_g_1716,peppan_g_5644,peppan_g_10902,peppan_g_15587,peppan_g_19285,peppan_g_24317,peppan_g_27932,peppan_g_32423,peppan_g_37277
GEGEGB_01880,peppan_g_1739,peppan_g_5621,peppan_g_10925,peppan_g_15610,peppan_g_19262,peppan_g_24294,peppan_g_27909,peppan_g_32446,peppan_g_37300
GEGEGB_01882,peppan_g_1741,peppan_g_5619,peppan_g_10927,peppan_g_15612,peppan_g_19260,peppan_g_24292,peppan_g_27907,peppan_g_32448,peppan_g_37302
GEGEGB_01893,peppan_g_1750,peppan_g_5610,peppan_g_10031,peppan_g_14668,peppan_g_19251,peppan_g_24283,peppan_g_27761,peppan_g_32457,peppan_g_37311
GEGEGB_01900,peppan_g_1756,peppan_g_5604,peppan_g_10025,peppan_g_14662,peppan_g_19245,peppan_g_24277,peppan_g_27755,peppan_g_32463,peppan_g_37317
GEGEGB_01902,peppan_g_1758,peppan_g_5602,peppan_g_10023,peppan_g_14660,peppan_g_19243,peppan_g_24275,peppan_g_27753,peppan_g_32465,peppan_g_37319
GEGEGB_01904,peppan_g_1760,peppan_g_5600,peppan_g_10021,peppan_g_14658,peppan_g_19241,peppan_g_24273,peppan_g_27751,peppan_g_32467,peppan_g_37321
GEGEGB_01905,peppan_g_1761,peppan_g_5599,peppan_g_10020,peppan_g_14657,peppan_g_19240,peppan_g_24272,peppan_g_27750,peppan_g_32468,peppan_g_37322
GEGEGB_01910,peppan_g_1767,peppan_g_5593,peppan_g_10014,peppan_g_14651,peppan_g_19234,peppan_g_24266,peppan_g_27744,peppan_g_32474,peppan_g_37328
GEGEGB_01923,peppan_g_1779,peppan_g_5581,peppan_g_10002,peppan_g_14639,peppan_g_19222,peppan_g_24254,peppan_g_27732,peppan_g_32486,peppan_g_37340
GEGEGB_01925,peppan_g_1781,peppan_g_5579,peppan_g_10000,peppan_g_14637,peppan_g_19220,peppan_g_24252,peppan_g_27730,peppan_g_32488,peppan_g_37342
GEGEGB_01928,peppan_g_1784,peppan_g_5576,peppan_g_9997,peppan_g_14634,peppan_g_19217,peppan_g_24249,peppan_g_27727,peppan_g_32491,peppan_g_37345
GEGEGB_01936,peppan_g_1789,peppan_g_5572,peppan_g_9992,peppan_g_14630,peppan_g_19213,peppan_g_24245,peppan_g_27723,peppan_g_32495,peppan_g_37349
GEGEGB_02038,peppan_g_1887,peppan_g_5541,peppan_g_9958,peppan_g_14541,peppan_g_19122,peppan_g_24211,peppan_g_28663,peppan_g_31993,peppan_g_37439
GEGEGB_02049,peppan_g_1898,peppan_g_5530,peppan_g_9947,peppan_g_14530,peppan_g_19111,peppan_g_24200,peppan_g_28652,peppan_g_32764,peppan_g_37450
GEGEGB_02058,peppan_g_1906,peppan_g_5522,peppan_g_9939,peppan_g_14522,peppan_g_19103,peppan_g_24192,peppan_g_28644,peppan_g_32772,peppan_g_37458
GEGEGB_02102,peppan_g_1947,peppan_g_5483,peppan_g_9893,peppan_g_14481,peppan_g_19060,peppan_g_24150,peppan_g_28602,peppan_g_32814,peppan_g_37502
GEGEGB_02114,peppan_g_1959,peppan_g_5471,peppan_g_9881,peppan_g_14469,peppan_g_19048,peppan_g_24138,peppan_g_28590,peppan_g_32826,peppan_g_37514
GEGEGB_02132,peppan_g_1976,peppan_g_5454,peppan_g_9864,peppan_g_14452,peppan_g_19031,peppan_g_24121,peppan_g_28573,peppan_g_32843,peppan_g_37531
GEGEGB_02136,peppan_g_1980,peppan_g_5450,peppan_g_9860,peppan_g_14448,peppan_g_19027,peppan_g_24117,peppan_g_28569,peppan_g_32847,peppan_g_37535
GEGEGB_02153,peppan_g_1997,peppan_g_5424,peppan_g_9840,peppan_g_14419,peppan_g_18998,peppan_g_24088,peppan_g_28540,peppan_g_32876,peppan_g_37564
GEGEGB_02157,peppan_g_2001,peppan_g_5420,peppan_g_9836,peppan_g_14415,peppan_g_18994,peppan_g_24084,peppan_g_28536,peppan_g_32880,peppan_g_37568
GEGEGB_02166,peppan_g_2008,peppan_g_5414,peppan_g_9830,peppan_g_14409,peppan_g_18988,peppan_g_24078,peppan_g_28530,peppan_g_32886,peppan_g_37574
GEGEGB_02177,peppan_g_2016,peppan_g_5406,peppan_g_9821,peppan_g_14401,peppan_g_18980,peppan_g_24070,peppan_g_28522,peppan_g_32894,peppan_g_37582
GEGEGB_02178,peppan_g_2017,peppan_g_5405,peppan_g_9820,peppan_g_14400,peppan_g_18979,peppan_g_24069,peppan_g_28514,peppan_g_32895,peppan_g_37583
GEGEGB_02181,peppan_g_2020,peppan_g_5402,peppan_g_9817,peppan_g_14397,peppan_g_18976,peppan_g_24066,peppan_g_28511,peppan_g_32898,peppan_g_37586
GEGEGB_02195,peppan_g_2034,peppan_g_5388,peppan_g_9803,peppan_g_14383,peppan_g_18961,peppan_g_24052,peppan_g_28497,peppan_g_32912,peppan_g_37600
GEGEGB_02201,peppan_g_2039,peppan_g_5383,peppan_g_9798,peppan_g_14378,peppan_g_18956,peppan_g_24047,peppan_g_28492,peppan_g_32917,peppan_g_37605
GEGEGB_02205,peppan_g_2043,peppan_g_5379,peppan_g_9794,peppan_g_14374,peppan_g_18952,peppan_g_24043,peppan_g_28488,peppan_g_32921,peppan_g_37609
GEGEGB_02220,peppan_g_2058,peppan_g_5364,peppan_g_9779,peppan_g_14359,peppan_g_18937,peppan_g_24028,peppan_g_28473,peppan_g_32936,peppan_g_37667
GEGEGB_02229,peppan_g_2067,peppan_g_5355,peppan_g_9761,peppan_g_14341,peppan_g_18919,peppan_g_24010,peppan_g_27229,peppan_g_32290,peppan_g_37685
GEGEGB_02237,peppan_g_2072,peppan_g_5350,peppan_g_9756,peppan_g_14336,peppan_g_18914,peppan_g_24005,peppan_g_27535,peppan_g_32285,peppan_g_37690
GEGEGB_02242,peppan_g_2077,peppan_g_5345,peppan_g_9751,peppan_g_14331,peppan_g_18909,peppan_g_24000,peppan_g_27540,peppan_g_32280,peppan_g_37695
GEGEGB_02245,peppan_g_2079,peppan_g_5343,peppan_g_9749,peppan_g_14329,peppan_g_18907,peppan_g_23998,peppan_g_27542,peppan_g_32278,peppan_g_37697
GEGEGB_02249,peppan_g_2083,peppan_g_5339,peppan_g_9745,peppan_g_14325,peppan_g_18903,peppan_g_23994,peppan_g_27546,peppan_g_32274,peppan_g_37701
GEGEGB_02254,peppan_g_2088,peppan_g_5334,peppan_g_9740,peppan_g_14320,peppan_g_18898,peppan_g_23989,peppan_g_27551,peppan_g_32269,peppan_g_37706
GEGEGB_02279,peppan_g_2112,peppan_g_5310,peppan_g_9728,peppan_g_14308,peppan_g_18874,peppan_g_23965,peppan_g_27575,peppan_g_32257,peppan_g_37730
GEGEGB_02285,peppan_g_2118,peppan_g_5304,peppan_g_9722,peppan_g_14302,peppan_g_18868,peppan_g_23959,peppan_g_27581,peppan_g_32251,peppan_g_37736
GEGEGB_02292,peppan_g_2123,peppan_g_5299,peppan_g_9717,peppan_g_14297,peppan_g_18863,peppan_g_23954,peppan_g_27586,peppan_g_32246,peppan_g_37741
GEGEGB_02293,peppan_g_2124,peppan_g_5298,peppan_g_9716,peppan_g_14296,peppan_g_18862,peppan_g_23953,peppan_g_27587,peppan_g_32245,peppan_g_37742
GEGEGB_02295,peppan_g_2126,peppan_g_5296,peppan_g_9714,peppan_g_14294,peppan_g_18860,peppan_g_23951,peppan_g_27589,peppan_g_32243,peppan_g_37744
GEGEGB_02296,peppan_g_2128,peppan_g_5294,peppan_g_9712,peppan_g_14292,peppan_g_18858,peppan_g_23949,peppan_g_27591,peppan_g_32241,peppan_g_37746
GEGEGB_02297,peppan_g_2129,peppan_g_5293,peppan_g_9711,peppan_g_14291,peppan_g_18857,peppan_g_23948,peppan_g_27592,peppan_g_32189,peppan_g_37747
GEGEGB_02322,peppan_g_2148,peppan_g_5271,peppan_g_9688,peppan_g_14271,peppan_g_18837,peppan_g_23928,peppan_g_29556,peppan_g_32208,peppan_g_37766
GEGEGB_02333,peppan_g_2158,peppan_g_5262,peppan_g_9672,peppan_g_14255,peppan_g_18821,peppan_g_23912,peppan_g_29540,peppan_g_32224,peppan_g_37782
GEGEGB_02340,peppan_g_2165,peppan_g_5255,peppan_g_9665,peppan_g_14248,peppan_g_18814,peppan_g_23905,peppan_g_29533,peppan_g_32231,peppan_g_37789
GEGEGB_02345,peppan_g_2170,peppan_g_5250,peppan_g_9660,peppan_g_14243,peppan_g_18809,peppan_g_23900,peppan_g_29528,peppan_g_32236,peppan_g_37794
GEGEGB_02350,peppan_g_2175,peppan_g_5245,peppan_g_9655,peppan_g_14238,peppan_g_18804,peppan_g_23895,peppan_g_29523,peppan_g_34742,peppan_g_37799
GEGEGB_02353,peppan_g_2178,peppan_g_5242,peppan_g_9652,peppan_g_14235,peppan_g_18801,peppan_g_23892,peppan_g_29520,peppan_g_34745,peppan_g_37802
GEGEGB_02356,peppan_g_2181,peppan_g_5239,peppan_g_9649,peppan_g_14232,peppan_g_18798,peppan_g_23889,peppan_g_29517,peppan_g_34748,peppan_g_37805
GEGEGB_02357,peppan_g_2182,peppan_g_5238,peppan_g_9648,peppan_g_14231,peppan_g_18797,peppan_g_23888,peppan_g_29516,peppan_g_34749,peppan_g_37806
GEGEGB_02364,peppan_g_2189,peppan_g_5231,peppan_g_9641,peppan_g_14224,peppan_g_18790,peppan_g_23881,peppan_g_29509,peppan_g_34756,peppan_g_37813
GEGEGB_02368,peppan_g_2193,peppan_g_5227,peppan_g_9637,peppan_g_14220,peppan_g_18786,peppan_g_23877,peppan_g_29505,peppan_g_34760,peppan_g_37817
GEGEGB_02382,peppan_g_2205,peppan_g_5216,peppan_g_9626,peppan_g_14209,peppan_g_18775,peppan_g_23866,peppan_g_29494,peppan_g_34771,peppan_g_37828
GEGEGB_02392,peppan_g_2215,peppan_g_5206,peppan_g_9616,peppan_g_14199,peppan_g_18765,peppan_g_23856,peppan_g_29484,peppan_g_34781,peppan_g_37838
GEGEGB_02399,peppan_g_2221,peppan_g_5200,peppan_g_9610,peppan_g_14193,peppan_g_18759,peppan_g_23850,peppan_g_29478,peppan_g_34787,peppan_g_37844
GEGEGB_02410,peppan_g_2231,peppan_g_5193,peppan_g_9600,peppan_g_14183,peppan_g_18742,peppan_g_23833,peppan_g_29468,peppan_g_34804,peppan_g_37854
GEGEGB_02417,peppan_g_2237,peppan_g_5187,peppan_g_9594,peppan_g_14177,peppan_g_18736,peppan_g_23827,peppan_g_29462,peppan_g_34810,peppan_g_37860
GEGEGB_02419,peppan_g_2239,peppan_g_5183,peppan_g_9590,peppan_g_14173,peppan_g_18732,peppan_g_23823,peppan_g_29458,peppan_g_34814,peppan_g_37864
GEGEGB_02439,peppan_g_2259,peppan_g_5030,peppan_g_9570,peppan_g_14089,peppan_g_18712,peppan_g_23803,peppan_g_29379,peppan_g_34885,peppan_g_37888
GEGEGB_02475,peppan_g_2291,peppan_g_5014,peppan_g_9536,peppan_g_14055,peppan_g_18678,peppan_g_23769,peppan_g_29345,peppan_g_34919,peppan_g_37922
GEGEGB_02503,peppan_g_2317,peppan_g_4988,peppan_g_9509,peppan_g_14029,peppan_g_18652,peppan_g_23743,peppan_g_29319,peppan_g_34945,peppan_g_37948
GEGEGB_02506,peppan_g_2320,peppan_g_4985,peppan_g_9506,peppan_g_14026,peppan_g_18649,peppan_g_23740,peppan_g_29316,peppan_g_34948,peppan_g_37951
GEGEGB_02508,peppan_g_2322,peppan_g_4983,peppan_g_9504,peppan_g_14024,peppan_g_18647,peppan_g_23738,peppan_g_29314,peppan_g_34950,peppan_g_37953
GEGEGB_02510,peppan_g_2324,peppan_g_4981,peppan_g_9502,peppan_g_14022,peppan_g_18645,peppan_g_23736,peppan_g_29312,peppan_g_34952,peppan_g_37955
GEGEGB_02511,peppan_g_2325,peppan_g_4980,peppan_g_9501,peppan_g_14021,peppan_g_18644,peppan_g_23735,peppan_g_29311,peppan_g_34953,peppan_g_37956
GEGEGB_02512,peppan_g_2326,peppan_g_4979,peppan_g_9500,peppan_g_14020,peppan_g_18643,peppan_g_23734,peppan_g_29310,peppan_g_34954,peppan_g_37957
GEGEGB_02533,peppan_g_2345,peppan_g_4961,peppan_g_9482,peppan_g_14002,peppan_g_18625,peppan_g_23716,peppan_g_29292,peppan_g_34972,peppan_g_37975
GEGEGB_02562,peppan_g_2371,peppan_g_4938,peppan_g_9457,peppan_g_13977,peppan_g_18600,peppan_g_23691,peppan_g_29267,peppan_g_34997,peppan_g_38000
GEGEGB_02568,peppan_g_2377,peppan_g_4932,peppan_g_9451,peppan_g_13971,peppan_g_18594,peppan_g_23685,peppan_g_29261,peppan_g_35003,peppan_g_38006
GEGEGB_02572,peppan_g_2381,peppan_g_4928,peppan_g_9447,peppan_g_13967,peppan_g_18590,peppan_g_23681,peppan_g_29257,peppan_g_35007,peppan_g_38010
GEGEGB_02574,peppan_g_2383,peppan_g_4926,peppan_g_9445,peppan_g_13965,peppan_g_18588,peppan_g_23679,peppan_g_29255,peppan_g_35009,peppan_g_38012
GEGEGB_02582,peppan_g_2390,peppan_g_4921,peppan_g_9440,peppan_g_13958,peppan_g_18581,peppan_g_23672,peppan_g_29248,peppan_g_35016,peppan_g_38019
GEGEGB_02593,peppan_g_2400,peppan_g_4912,peppan_g_9431,peppan_g_13949,peppan_g_18572,peppan_g_23663,peppan_g_29239,peppan_g_35025,peppan_g_38028
GEGEGB_02609,peppan_g_2414,peppan_g_4898,peppan_g_9417,peppan_g_13935,peppan_g_18558,peppan_g_23649,peppan_g_29225,peppan_g_35039,peppan_g_38042
GEGEGB_02630,peppan_g_2435,peppan_g_4877,peppan_g_9396,peppan_g_13914,peppan_g_18537,peppan_g_23628,peppan_g_29204,peppan_g_35060,peppan_g_38063
GEGEGB_02641,peppan_g_2443,peppan_g_4869,peppan_g_9388,peppan_g_13906,peppan_g_18529,peppan_g_23620,peppan_g_29196,peppan_g_35068,peppan_g_38071
GEGEGB_02646,peppan_g_2448,peppan_g_4860,peppan_g_9379,peppan_g_13897,peppan_g_18520,peppan_g_23611,peppan_g_29187,peppan_g_35077,peppan_g_38080
GEGEGB_02661,peppan_g_2460,peppan_g_4835,peppan_g_9355,peppan_g_13872,peppan_g_18497,peppan_g_23589,peppan_g_29165,peppan_g_35102,peppan_g_38105
GEGEGB_02686,peppan_g_2489,peppan_g_4806,peppan_g_9335,peppan_g_13853,peppan_g_18478,peppan_g_23570,peppan_g_29146,peppan_g_35121,peppan_g_38134
GEGEGB_02688,peppan_g_2491,peppan_g_4804,peppan_g_9333,peppan_g_13851,peppan_g_18476,peppan_g_23568,peppan_g_29144,peppan_g_35123,peppan_g_38136
GEGEGB_02690,peppan_g_2493,peppan_g_4802,peppan_g_9331,peppan_g_13849,peppan_g_18474,peppan_g_23566,peppan_g_29142,peppan_g_35125,peppan_g_38138
GEGEGB_02752,peppan_g_2544,peppan_g_7130,peppan_g_11572,peppan_g_16288,peppan_g_20887,peppan_g_25797,peppan_g_31135,peppan_g_34361,peppan_g_40363
GEGEGB_02757,peppan_g_2549,peppan_g_7135,peppan_g_11611,peppan_g_16293,peppan_g_20892,peppan_g_25802,peppan_g_31130,peppan_g_34356,peppan_g_40358
GEGEGB_02759,peppan_g_2551,peppan_g_7137,peppan_g_11613,peppan_g_16295,peppan_g_20894,peppan_g_25804,peppan_g_31128,peppan_g_34354,peppan_g_40356
GEGEGB_02761,peppan_g_2553,peppan_g_7139,peppan_g_11615,peppan_g_16297,peppan_g_20896,peppan_g_25806,peppan_g_31126,peppan_g_34352,peppan_g_40354
GEGEGB_02763,peppan_g_2555,peppan_g_7141,peppan_g_11617,peppan_g_16299,peppan_g_20898,peppan_g_25808,peppan_g_31124,peppan_g_34350,peppan_g_40352
GEGEGB_02812,peppan_g_2600,peppan_g_7186,peppan_g_11685,peppan_g_16369,peppan_g_20957,peppan_g_25867,peppan_g_31086,peppan_g_34324,peppan_g_40240
GEGEGB_02831,peppan_g_2617,peppan_g_7203,peppan_g_11702,peppan_g_16386,peppan_g_20974,peppan_g_25884,peppan_g_31069,peppan_g_34307,peppan_g_40223
GEGEGB_02832,peppan_g_2618,peppan_g_7204,peppan_g_11703,peppan_g_16387,peppan_g_20975,peppan_g_25885,peppan_g_31068,peppan_g_34306,peppan_g_40222
GEGEGB_02849,peppan_g_2633,peppan_g_7219,peppan_g_11718,peppan_g_16402,peppan_g_20990,peppan_g_25900,peppan_g_31053,peppan_g_34291,peppan_g_40207
GEGEGB_02859,peppan_g_2641,peppan_g_7227,peppan_g_11726,peppan_g_16410,peppan_g_20998,peppan_g_25908,peppan_g_31045,peppan_g_34283,peppan_g_40199
GEGEGB_02867,peppan_g_2644,peppan_g_7230,peppan_g_11729,peppan_g_16413,peppan_g_21001,peppan_g_25911,peppan_g_31042,peppan_g_34280,peppan_g_40196
GEGEGB_02868,peppan_g_2645,peppan_g_7231,peppan_g_11730,peppan_g_16414,peppan_g_21002,peppan_g_25912,peppan_g_31041,peppan_g_34279,peppan_g_40195
GEGEGB_02871,peppan_g_2648,peppan_g_7234,peppan_g_11733,peppan_g_16417,peppan_g_21005,peppan_g_25915,peppan_g_31038,peppan_g_34276,peppan_g_40192
GEGEGB_02872,peppan_g_2649,peppan_g_7235,peppan_g_11734,peppan_g_16418,peppan_g_21006,peppan_g_25916,peppan_g_31037,peppan_g_34275,peppan_g_40191
GEGEGB_02893,peppan_g_2670,peppan_g_7256,peppan_g_11755,peppan_g_16439,peppan_g_21027,peppan_g_25937,peppan_g_31016,peppan_g_34254,peppan_g_40170
GEGEGB_02910,peppan_g_2687,peppan_g_7274,peppan_g_11773,peppan_g_16457,peppan_g_21045,peppan_g_25955,peppan_g_30998,peppan_g_34236,peppan_g_40152
GEGEGB_02912,peppan_g_2689,peppan_g_7276,peppan_g_11775,peppan_g_16459,peppan_g_21047,peppan_g_25957,peppan_g_30996,peppan_g_34234,peppan_g_40150
GEGEGB_02914,peppan_g_2691,peppan_g_7278,peppan_g_11777,peppan_g_16461,peppan_g_21049,peppan_g_25959,peppan_g_30994,peppan_g_34232,peppan_g_40148
GEGEGB_02918,peppan_g_2695,peppan_g_7282,peppan_g_11781,peppan_g_16465,peppan_g_21053,peppan_g_25963,peppan_g_30990,peppan_g_34228,peppan_g_40144
GEGEGB_02919,peppan_g_2696,peppan_g_7283,peppan_g_11782,peppan_g_16466,peppan_g_21054,peppan_g_25964,peppan_g_30989,peppan_g_34227,peppan_g_40143
GEGEGB_02930,peppan_g_2707,peppan_g_7294,peppan_g_11793,peppan_g_16477,peppan_g_21065,peppan_g_25975,peppan_g_30978,peppan_g_34216,peppan_g_40132
GEGEGB_02933,peppan_g_2710,peppan_g_7297,peppan_g_11796,peppan_g_16480,peppan_g_21068,peppan_g_25978,peppan_g_30975,peppan_g_34213,peppan_g_40129
GEGEGB_02935,peppan_g_2712,peppan_g_7299,peppan_g_11798,peppan_g_16482,peppan_g_21070,peppan_g_25980,peppan_g_30973,peppan_g_34211,peppan_g_40127
GEGEGB_02937,peppan_g_2714,peppan_g_7301,peppan_g_11800,peppan_g_16484,peppan_g_21072,peppan_g_25982,peppan_g_30971,peppan_g_34209,peppan_g_40125
GEGEGB_02946,peppan_g_2722,peppan_g_7309,peppan_g_11813,peppan_g_16494,peppan_g_21083,peppan_g_25993,peppan_g_30959,peppan_g_34196,peppan_g_40114
GEGEGB_02947,peppan_g_2723,peppan_g_7310,peppan_g_11814,peppan_g_16495,peppan_g_21084,peppan_g_25994,peppan_g_30958,peppan_g_34195,peppan_g_40113
GEGEGB_02961,peppan_g_2737,peppan_g_7324,peppan_g_11828;peppan_g_11830,peppan_g_16509,peppan_g_21098,peppan_g_26008,peppan_g_30944,peppan_g_34181,peppan_g_40099
GEGEGB_02966,peppan_g_2742,peppan_g_7329,peppan_g_11835,peppan_g_16514,peppan_g_21103,peppan_g_26013,peppan_g_30939,peppan_g_34176,peppan_g_40094
GEGEGB_02986,peppan_g_2762,peppan_g_7348,peppan_g_11854,peppan_g_16533,peppan_g_21122,peppan_g_26032,peppan_g_30920,peppan_g_34156,peppan_g_40075
GEGEGB_02991,peppan_g_2768,peppan_g_7354,peppan_g_11860,peppan_g_16539,peppan_g_21128,peppan_g_26038,peppan_g_30914,peppan_g_34150,peppan_g_40069
GEGEGB_03008,peppan_g_2785,peppan_g_7362,peppan_g_11875,peppan_g_16552,peppan_g_21136,peppan_g_26046,peppan_g_30906,peppan_g_34137,peppan_g_40056
GEGEGB_03020,peppan_g_2796,peppan_g_7373,peppan_g_11886,peppan_g_16563,peppan_g_21147,peppan_g_26057,peppan_g_30895;peppan_g_31876,peppan_g_34126,peppan_g_40045
GEGEGB_03021,peppan_g_2797,peppan_g_7374,peppan_g_11887,peppan_g_16564,peppan_g_21148,peppan_g_26058,peppan_g_30894,peppan_g_34125,peppan_g_40044
GEGEGB_03061,peppan_g_2833,peppan_g_7409,peppan_g_11922,peppan_g_16599,peppan_g_21183,peppan_g_26093,peppan_g_30859,peppan_g_34090,peppan_g_40009
GEGEGB_03081,peppan_g_2848,peppan_g_7423,peppan_g_11936,peppan_g_16613,peppan_g_21197,peppan_g_26107,peppan_g_30845,peppan_g_34076,peppan_g_39995
GEGEGB_03109,peppan_g_2872,peppan_g_7439,peppan_g_11953,peppan_g_16632,peppan_g_21216,peppan_g_26126,peppan_g_30826,peppan_g_34060,peppan_g_39977
GEGEGB_03114,peppan_g_2877,peppan_g_7444,peppan_g_11958,peppan_g_16637,peppan_g_21221,peppan_g_26131,peppan_g_30821,peppan_g_34055,peppan_g_39972
GEGEGB_03120,peppan_g_2883,peppan_g_7450,peppan_g_11964,peppan_g_16643,peppan_g_21227,peppan_g_26137,peppan_g_30815,peppan_g_34049,peppan_g_39966
GEGEGB_03124,peppan_g_2887,peppan_g_7454,peppan_g_11968,peppan_g_16647,peppan_g_21231,peppan_g_26141,peppan_g_30811,peppan_g_34045,peppan_g_39962
GEGEGB_03127,peppan_g_2890,peppan_g_7457,peppan_g_11971,peppan_g_16650,peppan_g_21234,peppan_g_26144,peppan_g_30808,peppan_g_32186,peppan_g_39959
GEGEGB_03144,peppan_g_2904,peppan_g_7469,peppan_g_11983,peppan_g_16662,peppan_g_21246,peppan_g_26156,peppan_g_30796,peppan_g_32174,peppan_g_39947
GEGEGB_03159,peppan_g_2918,peppan_g_7488,peppan_g_12003,peppan_g_16682,peppan_g_21266,peppan_g_26176,peppan_g_30776,peppan_g_32154,peppan_g_39927
GEGEGB_03165,peppan_g_2924,peppan_g_7494,peppan_g_12009,peppan_g_16688,peppan_g_21272,peppan_g_26182,peppan_g_30770,peppan_g_32148,peppan_g_39921
GEGEGB_03175,peppan_g_2934,peppan_g_7502,peppan_g_12017,peppan_g_16696,peppan_g_21280,peppan_g_26190,peppan_g_30762,peppan_g_32140,peppan_g_39913
GEGEGB_03203,peppan_g_2958,peppan_g_7525,peppan_g_12041,peppan_g_16719,peppan_g_21303,peppan_g_26213,peppan_g_30739,peppan_g_33699,peppan_g_39877
GEGEGB_03204,peppan_g_2960,peppan_g_7531,peppan_g_12043,peppan_g_16721,peppan_g_21305,peppan_g_26215,peppan_g_30737,peppan_g_33697,peppan_g_39875
GEGEGB_03214,peppan_g_2970,peppan_g_7541,peppan_g_12053,peppan_g_16731,peppan_g_21315,peppan_g_26225,peppan_g_30727,peppan_g_33687,peppan_g_39865
GEGEGB_03230,peppan_g_2985,peppan_g_7556,peppan_g_12068,peppan_g_16746,peppan_g_21330,peppan_g_26240,peppan_g_30712,peppan_g_33672,peppan_g_39849
GEGEGB_03234,peppan_g_2989,peppan_g_7560,peppan_g_12072,peppan_g_16750,peppan_g_21334,peppan_g_26244,peppan_g_30708,peppan_g_33668,peppan_g_39845
GEGEGB_03248,peppan_g_3000,peppan_g_7571,peppan_g_12088,peppan_g_16761,peppan_g_21345,peppan_g_26255,peppan_g_30697,peppan_g_33657,peppan_g_39834
GEGEGB_03249,peppan_g_3001,peppan_g_7572,peppan_g_12089,peppan_g_16762,peppan_g_21346,peppan_g_26256,peppan_g_30696,peppan_g_33656,peppan_g_39833
GEGEGB_03257,peppan_g_3009,peppan_g_7579,peppan_g_12097,peppan_g_16770,peppan_g_21354,peppan_g_26264,peppan_g_30687,peppan_g_33648,peppan_g_39825
GEGEGB_03260,peppan_g_3012,peppan_g_7582,peppan_g_12100,peppan_g_16773,peppan_g_21357,peppan_g_26267,peppan_g_30684,peppan_g_33645,peppan_g_39822
GEGEGB_03261,peppan_g_3013,peppan_g_7583,peppan_g_12101,peppan_g_16774,peppan_g_21358,peppan_g_26268,peppan_g_30683,peppan_g_33644,peppan_g_39821
GEGEGB_03278,peppan_g_3029,peppan_g_7602,peppan_g_12120,peppan_g_16790,peppan_g_21374,peppan_g_26284,peppan_g_30667,peppan_g_33628,peppan_g_39805
GEGEGB_03292,peppan_g_3042,peppan_g_7615,peppan_g_12133,peppan_g_16803,peppan_g_21387,peppan_g_26297,peppan_g_30654,peppan_g_33576,peppan_g_39792
GEGEGB_03293,peppan_g_3043,peppan_g_7616,peppan_g_12134,peppan_g_16804,peppan_g_21388,peppan_g_26298,peppan_g_30653,peppan_g_33575,peppan_g_39791
GEGEGB_03301,peppan_g_3049,peppan_g_7622,peppan_g_12140,peppan_g_16810,peppan_g_21394,peppan_g_26304,peppan_g_30647,peppan_g_33569,peppan_g_39785
GEGEGB_03304,peppan_g_3051,peppan_g_7624,peppan_g_12142,peppan_g_16812,peppan_g_21396,peppan_g_26306,peppan_g_30645,peppan_g_33567,peppan_g_39783
GEGEGB_03305,peppan_g_3052,peppan_g_7625,peppan_g_12143,peppan_g_16813,peppan_g_21397,peppan_g_26307,peppan_g_30644,peppan_g_33566,peppan_g_39782
GEGEGB_03308,peppan_g_3055,peppan_g_7628,peppan_g_12146,peppan_g_16816,peppan_g_21400,peppan_g_26310,peppan_g_30641,peppan_g_33563,peppan_g_39779
GEGEGB_03310,peppan_g_3057,peppan_g_7630,peppan_g_12148,peppan_g_16818,peppan_g_21402,peppan_g_26312,peppan_g_30639,peppan_g_33561,peppan_g_39777
GEGEGB_03321,peppan_g_3065,peppan_g_7638,peppan_g_12156,peppan_g_16826,peppan_g_21410,peppan_g_26320,peppan_g_30631,peppan_g_33553,peppan_g_39769
GEGEGB_03330,peppan_g_3072,peppan_g_7645,peppan_g_12163,peppan_g_16833,peppan_g_21417,peppan_g_26327,peppan_g_30624,peppan_g_33546,peppan_g_39762
GEGEGB_03346,peppan_g_3087,peppan_g_7655,peppan_g_12173,peppan_g_16843,peppan_g_21427,peppan_g_26342,peppan_g_30609,peppan_g_33531,peppan_g_39752
GEGEGB_03347,peppan_g_3088,peppan_g_7656,peppan_g_12174,peppan_g_16844,peppan_g_21428,peppan_g_26343,peppan_g_30608,peppan_g_33530,peppan_g_39751
GEGEGB_03359,peppan_g_3100,peppan_g_7668,peppan_g_12186,peppan_g_16856,peppan_g_21440,peppan_g_26355,peppan_g_30596,peppan_g_33518,peppan_g_39739
GEGEGB_03375,peppan_g_3112,peppan_g_7680,peppan_g_12201,peppan_g_16871,peppan_g_21455,peppan_g_26370,peppan_g_30583,peppan_g_33505,peppan_g_39727
GEGEGB_03377,peppan_g_3114,peppan_g_7682,peppan_g_12203,peppan_g_16873,peppan_g_21457,peppan_g_26372,peppan_g_30581,peppan_g_33503,peppan_g_39725
GEGEGB_03385,peppan_g_3121,peppan_g_7689,peppan_g_12210,peppan_g_16880,peppan_g_21465,peppan_g_26379,peppan_g_30574,peppan_g_33496,peppan_g_39718
GEGEGB_03389,peppan_g_3125,peppan_g_7693,peppan_g_12214,peppan_g_16884,peppan_g_21469,peppan_g_26383,peppan_g_30570,peppan_g_33492,peppan_g_39714
GEGEGB_03391,peppan_g_3127,peppan_g_7695,peppan_g_12216,peppan_g_16886,peppan_g_21471,peppan_g_26385,peppan_g_30568,peppan_g_33490,peppan_g_39712
GEGEGB_03394,peppan_g_3130,peppan_g_7698,peppan_g_12219,peppan_g_16889,peppan_g_21474,peppan_g_26388,peppan_g_30565,peppan_g_33487,peppan_g_39709
GEGEGB_03397,peppan_g_3133,peppan_g_7701,peppan_g_12222,peppan_g_16892,peppan_g_21477,peppan_g_26391,peppan_g_30562,peppan_g_33484,peppan_g_39706
GEGEGB_03405,peppan_g_3141,peppan_g_7709,peppan_g_12230,peppan_g_16900,peppan_g_21485,peppan_g_26399,peppan_g_30554,peppan_g_33476,peppan_g_39698
GEGEGB_03413,peppan_g_3148,peppan_g_7716,peppan_g_12237,peppan_g_16907,peppan_g_21492,peppan_g_26406,peppan_g_30547,peppan_g_33469,peppan_g_39691
GEGEGB_03414,peppan_g_3149,peppan_g_7717,peppan_g_12238,peppan_g_16908,peppan_g_21493,peppan_g_26407,peppan_g_30546,peppan_g_33468,peppan_g_39690
GEGEGB_03417,peppan_g_3152,peppan_g_7720,peppan_g_12241,peppan_g_16911,peppan_g_21496,peppan_g_26410,peppan_g_30543,peppan_g_33465,peppan_g_39687
GEGEGB_03419,peppan_g_3154,peppan_g_7722,peppan_g_12243,peppan_g_16913,peppan_g_21498,peppan_g_26412,peppan_g_30541,peppan_g_33463,peppan_g_39685
GEGEGB_03435,peppan_g_3169,peppan_g_7737,peppan_g_12258,peppan_g_16928,peppan_g_21513,peppan_g_26427,peppan_g_30526,peppan_g_33448,peppan_g_39670
GEGEGB_03441,peppan_g_3175,peppan_g_7743,peppan_g_12264,peppan_g_16934,peppan_g_21519,peppan_g_26433,peppan_g_30520,peppan_g_33442,peppan_g_39664
GEGEGB_03449,peppan_g_3183,peppan_g_7751,peppan_g_12272,peppan_g_16942,peppan_g_21527,peppan_g_26441,peppan_g_30512,peppan_g_33434,peppan_g_39656
GEGEGB_03458,peppan_g_3192,peppan_g_7760,peppan_g_12281,peppan_g_16951,peppan_g_21536,peppan_g_26450,peppan_g_30503,peppan_g_33425,peppan_g_39647
GEGEGB_03464,peppan_g_3198,peppan_g_7766,peppan_g_12287,peppan_g_16957,peppan_g_21542,peppan_g_26456,peppan_g_30497,peppan_g_33419,peppan_g_39641
GEGEGB_03490,peppan_g_3217,peppan_g_8333,peppan_g_12878,peppan_g_17528,peppan_g_22130,peppan_g_27038,peppan_g_27609,peppan_g_33294,peppan_g_39017
GEGEGB_03492,peppan_g_3219,peppan_g_8331,peppan_g_12876,peppan_g_17526,peppan_g_22128,peppan_g_27036,peppan_g_27611,peppan_g_33296,peppan_g_39019
GEGEGB_03499,peppan_g_3226,peppan_g_8324,peppan_g_12869,peppan_g_17519,peppan_g_22121,peppan_g_27029,peppan_g_27618,peppan_g_33303,peppan_g_39026
GEGEGB_03507,peppan_g_3233,peppan_g_8317,peppan_g_12862,peppan_g_17512,peppan_g_22114,peppan_g_27022,peppan_g_27625,peppan_g_33310,peppan_g_39033
GEGEGB_03515,peppan_g_3241,peppan_g_8309,peppan_g_12854,peppan_g_17504,peppan_g_22106,peppan_g_27014,peppan_g_27633,peppan_g_33318,peppan_g_39041
GEGEGB_03549,peppan_g_3269,peppan_g_8286,peppan_g_12825,peppan_g_17478,peppan_g_22077,peppan_g_26985,peppan_g_27659,peppan_g_33344,peppan_g_39067
GEGEGB_03554,peppan_g_3274,peppan_g_8281,peppan_g_12820,peppan_g_17473,peppan_g_22072,peppan_g_26980,peppan_g_27664,peppan_g_33349,peppan_g_39072
GEGEGB_03641,peppan_g_3353,peppan_g_8492,peppan_g_13044,peppan_g_17698,peppan_g_22298,peppan_g_22845,peppan_g_27400,peppan_g_32070,peppan_g_38856
GEGEGB_03658,peppan_g_3370,peppan_g_8475,peppan_g_13027,peppan_g_17681,peppan_g_22280,peppan_g_22828,peppan_g_27417,peppan_g_32087,peppan_g_38873
GEGEGB_03680,peppan_g_3383,peppan_g_8462,peppan_g_13014,peppan_g_17668,peppan_g_22267,peppan_g_27175,peppan_g_27902,peppan_g_33161,peppan_g_38886
GEGEGB_03695,peppan_g_3397,peppan_g_8448,peppan_g_12999,peppan_g_17648,peppan_g_22247,peppan_g_27155,peppan_g_27882,peppan_g_33181,peppan_g_38901
GEGEGB_03713,peppan_g_3413,peppan_g_8435,peppan_g_12985,peppan_g_17631,peppan_g_22233,peppan_g_27141,peppan_g_27868,peppan_g_33195,peppan_g_38918
GEGEGB_03715,peppan_g_3415,peppan_g_8433,peppan_g_12983,peppan_g_17629,peppan_g_22231,peppan_g_27139,peppan_g_27866,peppan_g_33197,peppan_g_38920
GEGEGB_03717,peppan_g_3417,peppan_g_8431,peppan_g_12981,peppan_g_17627,peppan_g_22229,peppan_g_27137,peppan_g_27864,peppan_g_33199,peppan_g_38922
GEGEGB_03720,peppan_g_3420,peppan_g_8428,peppan_g_12978,peppan_g_17624,peppan_g_22226,peppan_g_27134,peppan_g_27861,peppan_g_33202,peppan_g_38925
GEGEGB_03725,peppan_g_3425,peppan_g_8423,peppan_g_12973,peppan_g_17619,peppan_g_22221,peppan_g_27129,peppan_g_27856,peppan_g_33207,peppan_g_38930
GEGEGB_03731,peppan_g_3431,peppan_g_8417,peppan_g_12967,peppan_g_17613,peppan_g_22215,peppan_g_27123,peppan_g_27850,peppan_g_33213,peppan_g_38936
GEGEGB_03760,peppan_g_3458,peppan_g_8390,peppan_g_12940,peppan_g_17586,peppan_g_22188,peppan_g_27096,peppan_g_27823,peppan_g_33240,peppan_g_38963
GEGEGB_03780,peppan_g_3476,peppan_g_8373,peppan_g_12919,peppan_g_17568,peppan_g_22170,peppan_g_27078,peppan_g_27805,peppan_g_33258,peppan_g_38981
GEGEGB_03814,peppan_g_3504,peppan_g_8345,peppan_g_12890,peppan_g_17540,peppan_g_22142,peppan_g_27050,peppan_g_27776,peppan_g_33282,peppan_g_39005
GEGEGB_03816,peppan_g_3506,peppan_g_8343,peppan_g_12888,peppan_g_17538,peppan_g_22140,peppan_g_27048,peppan_g_27774,peppan_g_33284,peppan_g_39007
GEGEGB_03829,peppan_g_3514,peppan_g_8252,peppan_g_12792,peppan_g_17448,peppan_g_22047,peppan_g_26955,peppan_g_29566,peppan_g_33374,peppan_g_39097
GEGEGB_03841,peppan_g_3526,peppan_g_8240,peppan_g_12780,peppan_g_17436,peppan_g_22035,peppan_g_26943,peppan_g_29578,peppan_g_33386,peppan_g_39109
GEGEGB_03846,peppan_g_3531,peppan_g_8235,peppan_g_12775,peppan_g_17431,peppan_g_22030,peppan_g_26938,peppan_g_29583,peppan_g_33391,peppan_g_39114
GEGEGB_03863,peppan_g_3547,peppan_g_8224,peppan_g_12764,peppan_g_17420,peppan_g_22019,peppan_g_26927,peppan_g_29594,peppan_g_33402,peppan_g_39125
GEGEGB_03873,peppan_g_3557,peppan_g_8214,peppan_g_12752,peppan_g_17410,peppan_g_22009,peppan_g_26917,peppan_g_29604,peppan_g_35190,peppan_g_39136
GEGEGB_03878,peppan_g_3562,peppan_g_8209,peppan_g_12747,peppan_g_17405,peppan_g_21999,peppan_g_26912,peppan_g_29613,peppan_g_35195,peppan_g_39196
GEGEGB_03897,peppan_g_3579,peppan_g_8191,peppan_g_12732,peppan_g_17385,peppan_g_21979,peppan_g_26892,peppan_g_29633,peppan_g_35215,peppan_g_39213
GEGEGB_03908,peppan_g_3590,peppan_g_8180,peppan_g_12721,peppan_g_17374,peppan_g_21968,peppan_g_26881,peppan_g_29644,peppan_g_35226,peppan_g_39224
GEGEGB_03912,peppan_g_3595,peppan_g_8175,peppan_g_12716,peppan_g_17369,peppan_g_21963,peppan_g_26876,peppan_g_29649,peppan_g_35231,peppan_g_39229
GEGEGB_03933,peppan_g_3612,peppan_g_8158,peppan_g_12699,peppan_g_17352,peppan_g_21946,peppan_g_26859,peppan_g_29666,peppan_g_35248,peppan_g_39246
GEGEGB_03951,peppan_g_3629,peppan_g_8139,peppan_g_12682,peppan_g_17342,peppan_g_21929,peppan_g_26842,peppan_g_29676,peppan_g_35265,peppan_g_39263
GEGEGB_03955,peppan_g_3633,peppan_g_8135,peppan_g_12678,peppan_g_17338,peppan_g_21925,peppan_g_26838,peppan_g_29680,peppan_g_35269,peppan_g_39267
GEGEGB_03957,peppan_g_3635,peppan_g_8133,peppan_g_12676,peppan_g_17336,peppan_g_21923,peppan_g_26836,peppan_g_29682,peppan_g_35271,peppan_g_39269
GEGEGB_03977,peppan_g_3650,peppan_g_8123,peppan_g_12658,peppan_g_17322,peppan_g_21909,peppan_g_26822,peppan_g_29692,peppan_g_35281,peppan_g_39279
GEGEGB_03979,peppan_g_3652,peppan_g_8121,peppan_g_12656,peppan_g_17320,peppan_g_21907,peppan_g_26820,peppan_g_29694,peppan_g_35283,peppan_g_39281
GEGEGB_03981,peppan_g_3654,peppan_g_8119,peppan_g_12654,peppan_g_17318,peppan_g_21905,peppan_g_26818,peppan_g_29696,peppan_g_35285,peppan_g_39283
GEGEGB_03983,peppan_g_3656,peppan_g_8117,peppan_g_12651,peppan_g_17316,peppan_g_21902,peppan_g_26815,peppan_g_29698,peppan_g_35287,peppan_g_39285
GEGEGB_04004,peppan_g_3676,peppan_g_8087,peppan_g_12631,peppan_g_17296,peppan_g_21882,peppan_g_26795,peppan_g_29718,peppan_g_35307,peppan_g_39305
GEGEGB_04011,peppan_g_3683,peppan_g_8080,peppan_g_12624,peppan_g_17289,peppan_g_21875,peppan_g_26788,peppan_g_29725,peppan_g_35314,peppan_g_39312
GEGEGB_04012,peppan_g_3684,peppan_g_8079,peppan_g_12623,peppan_g_17288,peppan_g_21874,peppan_g_26787,peppan_g_29726,peppan_g_35315,peppan_g_39313
GEGEGB_04015,peppan_g_3687,peppan_g_8076,peppan_g_12620,peppan_g_17285,peppan_g_21871,peppan_g_26784,peppan_g_29729,peppan_g_35318,peppan_g_39316
GEGEGB_04016,peppan_g_3688,peppan_g_8075,peppan_g_12619,peppan_g_17284,peppan_g_21870,peppan_g_26783,peppan_g_29730,peppan_g_35319,peppan_g_39317
GEGEGB_04019,peppan_g_3691,peppan_g_8072,peppan_g_12616,peppan_g_17281,peppan_g_21867,peppan_g_26780,peppan_g_29733,peppan_g_35322,peppan_g_39320
GEGEGB_04046,peppan_g_3716,peppan_g_8050,peppan_g_12589,peppan_g_17256,peppan_g_21842,peppan_g_26755,peppan_g_29758,peppan_g_35347,peppan_g_39347
GEGEGB_04056,peppan_g_3726,peppan_g_8039,peppan_g_12579,peppan_g_17246,peppan_g_21832,peppan_g_26745,peppan_g_29768,peppan_g_35357,peppan_g_39357
GEGEGB_04064,peppan_g_3734,peppan_g_8031,peppan_g_12571,peppan_g_17238,peppan_g_21824,peppan_g_26737,peppan_g_29776,peppan_g_35365,peppan_g_39365
GEGEGB_04067,peppan_g_3737,peppan_g_8028,peppan_g_12568,peppan_g_17235,peppan_g_21821,peppan_g_26734,peppan_g_29779,peppan_g_35368,peppan_g_39368
GEGEGB_04071,peppan_g_3741,peppan_g_8024,peppan_g_12564,peppan_g_17231,peppan_g_21817,peppan_g_26730,peppan_g_29783,peppan_g_35372,peppan_g_39372
GEGEGB_04079,peppan_g_3748,peppan_g_8017,peppan_g_12557,peppan_g_17224,peppan_g_21810,peppan_g_26723,peppan_g_29790,peppan_g_35379,peppan_g_39380
GEGEGB_04080,peppan_g_3749,peppan_g_8016,peppan_g_12556,peppan_g_17223,peppan_g_21809,peppan_g_26722,peppan_g_29791,peppan_g_35380,peppan_g_39381
GEGEGB_04083,peppan_g_3752,peppan_g_8013,peppan_g_12553,peppan_g_17220,peppan_g_21806,peppan_g_26719,peppan_g_29794,peppan_g_35383,peppan_g_39384
GEGEGB_04087,peppan_g_3756,peppan_g_8009,peppan_g_12549,peppan_g_17216,peppan_g_21802,peppan_g_26715,peppan_g_29798,peppan_g_35387,peppan_g_39388
GEGEGB_04111,peppan_g_3776,peppan_g_7989,peppan_g_12523,peppan_g_17190,peppan_g_21776,peppan_g_26689,peppan_g_29824,peppan_g_35413,peppan_g_39414
GEGEGB_04123,peppan_g_3786,peppan_g_7979,peppan_g_12513,peppan_g_17180,peppan_g_21766,peppan_g_26679,peppan_g_29834,peppan_g_35423,peppan_g_39424
GEGEGB_04143,peppan_g_3805,peppan_g_7959,peppan_g_12492,peppan_g_17160,peppan_g_21746,peppan_g_26659,peppan_g_29854,peppan_g_35443,peppan_g_39444
GEGEGB_04159,peppan_g_3820,peppan_g_7950,peppan_g_12483,peppan_g_17151,peppan_g_21737,peppan_g_26650,peppan_g_29863,peppan_g_35452,peppan_g_39453
GEGEGB_04160,peppan_g_3821,peppan_g_7949,peppan_g_12482,peppan_g_17150,peppan_g_21736,peppan_g_26649,peppan_g_29864,peppan_g_35453,peppan_g_39454
GEGEGB_04170,peppan_g_3831,peppan_g_7939,peppan_g_12472,peppan_g_17140,peppan_g_21726,peppan_g_26639,peppan_g_29874,peppan_g_35463,peppan_g_39464
GEGEGB_04182,peppan_g_3842,peppan_g_7928,peppan_g_12461,peppan_g_17128,peppan_g_21714,peppan_g_26627,peppan_g_29886,peppan_g_35475,peppan_g_39476
GEGEGB_04194,peppan_g_3853,peppan_g_7917,peppan_g_12450,peppan_g_17117,peppan_g_21703,peppan_g_26616,peppan_g_29897,peppan_g_35486,peppan_g_39487
GEGEGB_04212,peppan_g_3871,peppan_g_7895,peppan_g_12420,peppan_g_17086,peppan_g_21672,peppan_g_26585,peppan_g_29927,peppan_g_35511,peppan_g_39512
GEGEGB_04217,peppan_g_3876,peppan_g_7890,peppan_g_12415,peppan_g_17081,peppan_g_21667,peppan_g_26580,peppan_g_29932,peppan_g_35516,peppan_g_39517
GEGEGB_04225,peppan_g_3884,peppan_g_7882,peppan_g_12407,peppan_g_17073,peppan_g_21659,peppan_g_26572,peppan_g_29940,peppan_g_35524,peppan_g_39525
GEGEGB_04226,peppan_g_3885,peppan_g_7881,peppan_g_12406,peppan_g_17072,peppan_g_21658,peppan_g_26571,peppan_g_29941,peppan_g_35525,peppan_g_39526
GEGEGB_04234,peppan_g_3893,peppan_g_7873,peppan_g_12397,peppan_g_17064,peppan_g_21650,peppan_g_26563,peppan_g_29949,peppan_g_35536,peppan_g_39534
GEGEGB_04244,peppan_g_3903,peppan_g_7863,peppan_g_12387,peppan_g_17054,peppan_g_21640,peppan_g_26553,peppan_g_29959,peppan_g_35546,peppan_g_39544
GEGEGB_04245,peppan_g_3904,peppan_g_7862,peppan_g_12386,peppan_g_17053,peppan_g_21639,peppan_g_26552,peppan_g_29960,peppan_g_35547,peppan_g_39545
GEGEGB_04272,peppan_g_3930,peppan_g_7838,peppan_g_12359,peppan_g_17029,peppan_g_21614,peppan_g_26528,peppan_g_29983,peppan_g_35571,peppan_g_39569
GEGEGB_04273,peppan_g_3931,peppan_g_7837,peppan_g_12358,peppan_g_17028,peppan_g_21613,peppan_g_26527,peppan_g_29984,peppan_g_35572,peppan_g_39570
GEGEGB_04291,peppan_g_3949,peppan_g_7819,peppan_g_12340,peppan_g_17010,peppan_g_21595,peppan_g_26509,peppan_g_27284,peppan_g_35590,peppan_g_39588
GEGEGB_04299,peppan_g_3957,peppan_g_7811,peppan_g_12332,peppan_g_17002,peppan_g_21587,peppan_g_26501,peppan_g_27292,peppan_g_31958,peppan_g_39596
GEGEGB_04304,peppan_g_3962,peppan_g_7806,peppan_g_12327,peppan_g_16997,peppan_g_21582,peppan_g_26496,peppan_g_27297,peppan_g_31963,peppan_g_39601
GEGEGB_04327,peppan_g_3984,peppan_g_7784,peppan_g_12305,peppan_g_16975,peppan_g_21560,peppan_g_26474,peppan_g_27319,peppan_g_31985,peppan_g_39623
GEGEGB_04329,peppan_g_3986,peppan_g_7782,peppan_g_12303,peppan_g_16973,peppan_g_21558,peppan_g_26472,peppan_g_27191;peppan_g_27196;peppan_g_27321,peppan_g_31987,peppan_g_39625
GEGEGB_04339,peppan_g_3992,peppan_g_8506,peppan_g_13058,peppan_g_17712,peppan_g_22312,peppan_g_22859,peppan_g_28106,peppan_g_33148,peppan_g_38842
GEGEGB_04396,peppan_g_4047,peppan_g_8622,peppan_g_13139,peppan_g_17771,peppan_g_22389,peppan_g_22937,peppan_g_28184,peppan_g_33070,peppan_g_38764
GEGEGB_04407,peppan_g_4057,peppan_g_8632,peppan_g_13149,peppan_g_17781,peppan_g_22399,peppan_g_22947,peppan_g_28194,peppan_g_33060,peppan_g_38754
GEGEGB_04412,peppan_g_4062,peppan_g_8637,peppan_g_13154,peppan_g_17786,peppan_g_22404,peppan_g_22952,peppan_g_28199,peppan_g_33055,peppan_g_38749
GEGEGB_04421,peppan_g_4070,peppan_g_8645,peppan_g_13163,peppan_g_17794,peppan_g_22412,peppan_g_22960,peppan_g_28207,peppan_g_33047,peppan_g_38741
GEGEGB_04432,peppan_g_4079,peppan_g_8654,peppan_g_13174,peppan_g_17803,peppan_g_22421,peppan_g_22969,peppan_g_28216,peppan_g_33038,peppan_g_38732
GEGEGB_04630,peppan_g_4267,peppan_g_8708,peppan_g_13231,peppan_g_17843,peppan_g_22463,peppan_g_23022,peppan_g_28263,peppan_g_32992,peppan_g_38686
GEGEGB_04647,peppan_g_4282,peppan_g_8722,peppan_g_13246,peppan_g_17858,peppan_g_22478,peppan_g_23037,peppan_g_30475,peppan_g_32977,peppan_g_38671
GEGEGB_04685,peppan_g_4320,peppan_g_8759,peppan_g_13283,peppan_g_17896,peppan_g_22514,peppan_g_23073,peppan_g_30437,peppan_g_34041,peppan_g_38635
GEGEGB_04687,peppan_g_4322,peppan_g_8761,peppan_g_13285,peppan_g_17898,peppan_g_22516,peppan_g_23075,peppan_g_30435,peppan_g_34039,peppan_g_38633
GEGEGB_04688,peppan_g_4323,peppan_g_8762,peppan_g_13286,peppan_g_17899,peppan_g_22517,peppan_g_23076,peppan_g_30434,peppan_g_34038,peppan_g_38632
GEGEGB_04689,peppan_g_4324,peppan_g_8763,peppan_g_13287,peppan_g_17900,peppan_g_22518,peppan_g_23077,peppan_g_30433,peppan_g_34037,peppan_g_38631
GEGEGB_04702,peppan_g_4334,peppan_g_8772,peppan_g_13296,peppan_g_17909,peppan_g_22527,peppan_g_23086,peppan_g_30424,peppan_g_34028,peppan_g_38622
GEGEGB_04703,peppan_g_4335,peppan_g_8773,peppan_g_13297,peppan_g_17910,peppan_g_22528,peppan_g_23087,peppan_g_30423,peppan_g_34027,peppan_g_38621
GEGEGB_04709,peppan_g_4341,peppan_g_8779,peppan_g_13322,peppan_g_17916,peppan_g_22553,peppan_g_23112,peppan_g_30417,peppan_g_34002,peppan_g_38596
GEGEGB_04710,peppan_g_4342,peppan_g_8780,peppan_g_13323,peppan_g_17917,peppan_g_22554,peppan_g_23113,peppan_g_30416,peppan_g_34001,peppan_g_38595
GEGEGB_04711,peppan_g_4343,peppan_g_8781,peppan_g_13324,peppan_g_17918,peppan_g_22555,peppan_g_23114,peppan_g_30415,peppan_g_34000,peppan_g_38594
GEGEGB_04725,peppan_g_4356,peppan_g_8794,peppan_g_13337,peppan_g_17931,peppan_g_22568,peppan_g_23127,peppan_g_30402,peppan_g_33987,peppan_g_38581
GEGEGB_04726,peppan_g_4357,peppan_g_8795,peppan_g_13338,peppan_g_17932,peppan_g_22569,peppan_g_23128,peppan_g_30401,peppan_g_33986,peppan_g_38580
GEGEGB_04727,peppan_g_4358,peppan_g_8796,peppan_g_13339,peppan_g_17933,peppan_g_22570,peppan_g_23129,peppan_g_30400,peppan_g_33985,peppan_g_38579
GEGEGB_04730,peppan_g_4361,peppan_g_8799,peppan_g_13342,peppan_g_17936,peppan_g_22573,peppan_g_23132,peppan_g_30398,peppan_g_33983,peppan_g_38576
GEGEGB_04740,peppan_g_4370,peppan_g_8808,peppan_g_13351,peppan_g_17945,peppan_g_22582,peppan_g_23141,peppan_g_30389,peppan_g_33974,peppan_g_38567
GEGEGB_04842,peppan_g_4465,peppan_g_8879,peppan_g_13455,peppan_g_18045,peppan_g_22664,peppan_g_23226,peppan_g_30287,peppan_g_33898,peppan_g_38479
GEGEGB_04848,peppan_g_4468,peppan_g_8882,peppan_g_13458,peppan_g_18048,peppan_g_22667,peppan_g_23229,peppan_g_30284,peppan_g_33895,peppan_g_38476
GEGEGB_04874,peppan_g_4493,peppan_g_8907,peppan_g_13487,peppan_g_18073,peppan_g_22696,peppan_g_23258,peppan_g_30255,peppan_g_33866,peppan_g_38447
GEGEGB_04876,peppan_g_4495,peppan_g_8909,peppan_g_13489,peppan_g_18075,peppan_g_22698,peppan_g_23260,peppan_g_30253,peppan_g_33864,peppan_g_38445
GEGEGB_04880,peppan_g_4498,peppan_g_8912,peppan_g_13492,peppan_g_18078,peppan_g_22701,peppan_g_23263,peppan_g_30250,peppan_g_33861,peppan_g_38442
GEGEGB_04885,peppan_g_4503,peppan_g_8917,peppan_g_13497,peppan_g_18083,peppan_g_22706,peppan_g_23268,peppan_g_30245,peppan_g_33856,peppan_g_38437
HFCAGB_00007,peppan_g_6,peppan_g_4511,peppan_g_9049,peppan_g_13556,peppan_g_18181,peppan_g_23276,peppan_g_30237,peppan_g_33848,peppan_g_38429
HFCAGB_00016,peppan_g_14,peppan_g_4519,peppan_g_9057,peppan_g_13564,peppan_g_18189,peppan_g_23284,peppan_g_30229,peppan_g_33840,peppan_g_38421
HFCAGB_00021,peppan_g_19,peppan_g_4524,peppan_g_9062,peppan_g_13569,peppan_g_18194,peppan_g_23289,peppan_g_30224,peppan_g_33835,peppan_g_38416
HFCAGB_00041,peppan_g_39,peppan_g_4544,peppan_g_9082,peppan_g_13589,peppan_g_18214,peppan_g_23309,peppan_g_30204,peppan_g_33815,peppan_g_38397
HFCAGB_00071,peppan_g_68,peppan_g_4573,peppan_g_9111,peppan_g_13618,peppan_g_18244,peppan_g_23338,peppan_g_30175,peppan_g_33786,peppan_g_38368
HFCAGB_00098,peppan_g_100,peppan_g_4602,peppan_g_9143,peppan_g_13644,peppan_g_18273,peppan_g_23367,peppan_g_30146,peppan_g_33757,peppan_g_38339
HFCAGB_00128,peppan_g_126,peppan_g_4628,peppan_g_9169,peppan_g_13671,peppan_g_18299,peppan_g_23393,peppan_g_30119,peppan_g_33731,peppan_g_38312
HFCAGB_00150,peppan_g_146,peppan_g_4646,peppan_g_9189,peppan_g_13691,peppan_g_18317,peppan_g_23411,peppan_g_30101,peppan_g_32602,peppan_g_38292
HFCAGB_00157,peppan_g_153,peppan_g_4653,peppan_g_9196,peppan_g_13698,peppan_g_18324,peppan_g_23418,peppan_g_30094,peppan_g_32595,peppan_g_38285
HFCAGB_00161,peppan_g_156,peppan_g_4656,peppan_g_9199,peppan_g_13701,peppan_g_18327,peppan_g_23421,peppan_g_30091,peppan_g_32592,peppan_g_38282
HFCAGB_00189,peppan_g_177,peppan_g_4681,peppan_g_9231,peppan_g_13728,peppan_g_18353,peppan_g_23447,peppan_g_30064,peppan_g_32565,peppan_g_38255
HFCAGB_00190,peppan_g_178,peppan_g_4682,peppan_g_9232,peppan_g_13729,peppan_g_18354,peppan_g_23448,peppan_g_30063,peppan_g_32557,peppan_g_38247
HFCAGB_00195,peppan_g_190,peppan_g_4694,peppan_g_9237,peppan_g_13734,peppan_g_18359,peppan_g_23453,peppan_g_30058,peppan_g_32552,peppan_g_38242
HFCAGB_00199,peppan_g_194,peppan_g_4698,peppan_g_9241,peppan_g_13738,peppan_g_18363,peppan_g_23457,peppan_g_30054,peppan_g_32548,peppan_g_38238
HFCAGB_00214,peppan_g_201,peppan_g_4705,peppan_g_9256,peppan_g_13753,peppan_g_18378,peppan_g_23472,peppan_g_30039,peppan_g_32533,peppan_g_38223
HFCAGB_00233,peppan_g_217,peppan_g_4722,peppan_g_9273,peppan_g_13770,peppan_g_18394,peppan_g_23488,peppan_g_30023,peppan_g_32517,peppan_g_38207
HFCAGB_00242,peppan_g_226,peppan_g_4731,peppan_g_9282,peppan_g_13779,peppan_g_18403,peppan_g_23497,peppan_g_30014,peppan_g_32007,peppan_g_38198
HFCAGB_00243,peppan_g_227,peppan_g_4732,peppan_g_9283,peppan_g_13780,peppan_g_18404,peppan_g_23498,peppan_g_30013,peppan_g_32008,peppan_g_38197
HFCAGB_00245,peppan_g_229,peppan_g_4734,peppan_g_9285,peppan_g_13782,peppan_g_18406,peppan_g_23500,peppan_g_30011,peppan_g_32010,peppan_g_38195
HFCAGB_00247,peppan_g_232,peppan_g_4736,peppan_g_9287,peppan_g_13784,peppan_g_18408,peppan_g_23502,peppan_g_30009,peppan_g_32012,peppan_g_38193
HFCAGB_00271,peppan_g_2539,peppan_g_4754,peppan_g_9305,peppan_g_13802,peppan_g_18426,peppan_g_23520,peppan_g_29084,peppan_g_35179,peppan_g_38176
HFCAGB_00274,peppan_g_2536,peppan_g_4757,peppan_g_9308,peppan_g_13805,peppan_g_18429,peppan_g_23523,peppan_g_29087,peppan_g_35176,peppan_g_38173
HFCAGB_00276,peppan_g_2534,peppan_g_4759,peppan_g_9310,peppan_g_13807,peppan_g_18431,peppan_g_23525,peppan_g_29089,peppan_g_35174,peppan_g_38171
HFCAGB_00327,peppan_g_2472,peppan_g_4823,peppan_g_9343,peppan_g_13860,peppan_g_18485,peppan_g_23577,peppan_g_29153,peppan_g_35114,peppan_g_38117
HFCAGB_00330,peppan_g_2469,peppan_g_4826,peppan_g_9346,peppan_g_13863,peppan_g_18488,peppan_g_23580,peppan_g_29156,peppan_g_35111,peppan_g_38114
HFCAGB_00359,peppan_g_2454,peppan_g_4854,peppan_g_9373,peppan_g_13891,peppan_g_18514,peppan_g_23605,peppan_g_29181,peppan_g_35083,peppan_g_38086
HFCAGB_00361,peppan_g_2452,peppan_g_4856,peppan_g_9375,peppan_g_13893,peppan_g_18516,peppan_g_23607,peppan_g_29183,peppan_g_35081,peppan_g_38084
HFCAGB_00364,peppan_g_2449,peppan_g_4859,peppan_g_9378,peppan_g_13896,peppan_g_18519,peppan_g_23610,peppan_g_29186,peppan_g_35078,peppan_g_38081
HFCAGB_00366,peppan_g_2447,peppan_g_4861,peppan_g_9380,peppan_g_13898,peppan_g_18521,peppan_g_23612,peppan_g_29188,peppan_g_35076,peppan_g_38079
HFCAGB_00368,peppan_g_2445,peppan_g_4863,peppan_g_9382,peppan_g_13900,peppan_g_18523,peppan_g_23614,peppan_g_29190,peppan_g_35074,peppan_g_38077
HFCAGB_00386,peppan_g_2433,peppan_g_4879,peppan_g_9398,peppan_g_13916,peppan_g_18539,peppan_g_23630,peppan_g_29206,peppan_g_35058,peppan_g_38061
HFCAGB_00397,peppan_g_2423,peppan_g_4889,peppan_g_9408,peppan_g_13926,peppan_g_18549,peppan_g_23640,peppan_g_29216,peppan_g_35048,peppan_g_38051
HFCAGB_00400,peppan_g_2420,peppan_g_4892,peppan_g_9411,peppan_g_13929,peppan_g_18552,peppan_g_23643,peppan_g_29219,peppan_g_35045,peppan_g_38048
HFCAGB_00440,peppan_g_2382,peppan_g_4927,peppan_g_9446,peppan_g_13966,peppan_g_18589,peppan_g_23680,peppan_g_29256,peppan_g_35008,peppan_g_38011
HFCAGB_00450,peppan_g_2372,peppan_g_4937,peppan_g_9456,peppan_g_13976,peppan_g_18599,peppan_g_23690,peppan_g_29266,peppan_g_34998,peppan_g_38001
HFCAGB_00453,peppan_g_2369,peppan_g_4940,peppan_g_9459,peppan_g_13979,peppan_g_18602,peppan_g_23693,peppan_g_29269,peppan_g_34995,peppan_g_37998
HFCAGB_00457,peppan_g_2365,peppan_g_4944,peppan_g_9463,peppan_g_13983,peppan_g_18606,peppan_g_23697,peppan_g_29273,peppan_g_34991,peppan_g_37994
HFCAGB_00458,peppan_g_2364,peppan_g_4945,peppan_g_9464,peppan_g_13984,peppan_g_18607,peppan_g_23698,peppan_g_29274,peppan_g_34990,peppan_g_37993
HFCAGB_00466,peppan_g_2355,peppan_g_4951,peppan_g_9472,peppan_g_13992,peppan_g_18615,peppan_g_23706,peppan_g_29282,peppan_g_34982,peppan_g_37985
HFCAGB_00470,peppan_g_2351,peppan_g_4955,peppan_g_9476,peppan_g_13996,peppan_g_18619,peppan_g_23710,peppan_g_29286,peppan_g_34978,peppan_g_37981
HFCAGB_00480,peppan_g_2342,peppan_g_4964,peppan_g_9485,peppan_g_14005,peppan_g_18628,peppan_g_23719,peppan_g_29295,peppan_g_34969,peppan_g_37972
HFCAGB_00490,peppan_g_2332,peppan_g_4973,peppan_g_9494,peppan_g_14014,peppan_g_18637,peppan_g_23728,peppan_g_29304,peppan_g_34960,peppan_g_37963
HFCAGB_00507,peppan_g_2315,peppan_g_4990,peppan_g_9512,peppan_g_14031,peppan_g_18654,peppan_g_23745,peppan_g_29321,peppan_g_34943,peppan_g_37946
HFCAGB_00514,peppan_g_2308,peppan_g_4997,peppan_g_9519,peppan_g_14038,peppan_g_18661,peppan_g_23752,peppan_g_29328,peppan_g_34936,peppan_g_37939
HFCAGB_00515,peppan_g_2307,peppan_g_4998,peppan_g_9520,peppan_g_14039,peppan_g_18662,peppan_g_23753,peppan_g_29329,peppan_g_34935,peppan_g_37938
HFCAGB_00516,peppan_g_2306,peppan_g_4999,peppan_g_9521,peppan_g_14040,peppan_g_18663,peppan_g_23754,peppan_g_29330,peppan_g_34934,peppan_g_37937
HFCAGB_00517,peppan_g_2305,peppan_g_5000,peppan_g_9522,peppan_g_14041,peppan_g_18664,peppan_g_23755,peppan_g_29331,peppan_g_34933,peppan_g_37936
HFCAGB_00530,peppan_g_2293,peppan_g_5012,peppan_g_9534,peppan_g_14053,peppan_g_18676,peppan_g_23767,peppan_g_29343,peppan_g_34921,peppan_g_37924
HFCAGB_00655,peppan_g_2238,peppan_g_5186,peppan_g_9593,peppan_g_14176,peppan_g_18735,peppan_g_23826,peppan_g_29461,peppan_g_34811,peppan_g_37861
HFCAGB_00657,peppan_g_2236,peppan_g_5188,peppan_g_9595,peppan_g_14178,peppan_g_18737,peppan_g_23828,peppan_g_29463,peppan_g_34809,peppan_g_37859
HFCAGB_00682,peppan_g_2213,peppan_g_5208,peppan_g_9618,peppan_g_14201,peppan_g_18767,peppan_g_23858,peppan_g_29486,peppan_g_34779,peppan_g_37836
HFCAGB_00685,peppan_g_2210,peppan_g_5211,peppan_g_9621,peppan_g_14204,peppan_g_18770,peppan_g_23861,peppan_g_29489,peppan_g_34776,peppan_g_37833
HFCAGB_00686,peppan_g_2209,peppan_g_5212,peppan_g_9622,peppan_g_14205,peppan_g_18771,peppan_g_23862,peppan_g_29490,peppan_g_34775,peppan_g_37832
HFCAGB_00694,peppan_g_2202,peppan_g_5219,peppan_g_9629,peppan_g_14212,peppan_g_18778,peppan_g_23869,peppan_g_29497,peppan_g_34768,peppan_g_37825
HFCAGB_00702,peppan_g_2195,peppan_g_5225,peppan_g_9635,peppan_g_14218,peppan_g_18784,peppan_g_23875,peppan_g_29503,peppan_g_34762,peppan_g_37819
HFCAGB_00705,peppan_g_2192,peppan_g_5228,peppan_g_9638,peppan_g_14221,peppan_g_18787,peppan_g_23878,peppan_g_29506,peppan_g_34759,peppan_g_37816
HFCAGB_00711,peppan_g_2188,peppan_g_5232,peppan_g_9642,peppan_g_14225,peppan_g_18791,peppan_g_23882,peppan_g_29510,peppan_g_34755,peppan_g_37812
HFCAGB_00714,peppan_g_2185,peppan_g_5235,peppan_g_9645,peppan_g_14228,peppan_g_18794,peppan_g_23885,peppan_g_29513,peppan_g_34752,peppan_g_37809
HFCAGB_00719,peppan_g_2180,peppan_g_5240,peppan_g_9650,peppan_g_14233,peppan_g_18799,peppan_g_23890,peppan_g_29518,peppan_g_34747,peppan_g_37804
HFCAGB_00731,peppan_g_2168,peppan_g_5252,peppan_g_9662,peppan_g_14245,peppan_g_18811,peppan_g_23902,peppan_g_29530,peppan_g_32234,peppan_g_37792
HFCAGB_00733,peppan_g_2166,peppan_g_5254,peppan_g_9664,peppan_g_14247,peppan_g_18813,peppan_g_23904,peppan_g_29532,peppan_g_32232,peppan_g_37790
HFCAGB_00736,peppan_g_2163,peppan_g_5257,peppan_g_9667,peppan_g_14250,peppan_g_18816,peppan_g_23907,peppan_g_29535,peppan_g_32229,peppan_g_37787
HFCAGB_00739,peppan_g_2160,peppan_g_5260,peppan_g_9670,peppan_g_14253,peppan_g_18819,peppan_g_23910,peppan_g_29538,peppan_g_32226,peppan_g_37784
HFCAGB_00740,peppan_g_2159,peppan_g_5261,peppan_g_9671,peppan_g_14254,peppan_g_18820,peppan_g_23911,peppan_g_29539,peppan_g_32225,peppan_g_37783
HFCAGB_00783,peppan_g_2133,peppan_g_5289,peppan_g_9707,peppan_g_14287,peppan_g_18853,peppan_g_23944,peppan_g_27596,peppan_g_32193,peppan_g_37751
HFCAGB_00797,peppan_g_2117,peppan_g_5305,peppan_g_9723,peppan_g_14303,peppan_g_18869,peppan_g_23960,peppan_g_27580,peppan_g_32252,peppan_g_37735
HFCAGB_00800,peppan_g_2114,peppan_g_5308,peppan_g_9726,peppan_g_14306,peppan_g_18872,peppan_g_23963,peppan_g_27577,peppan_g_32255,peppan_g_37732
HFCAGB_00810,peppan_g_2092,peppan_g_5330,peppan_g_9736,peppan_g_14316,peppan_g_18894,peppan_g_23985,peppan_g_27555,peppan_g_32265,peppan_g_37710
HFCAGB_00858,peppan_g_2057,peppan_g_5365,peppan_g_9780,peppan_g_14360,peppan_g_18938,peppan_g_24029,peppan_g_28474,peppan_g_32935,peppan_g_37666
HFCAGB_00859,peppan_g_2056,peppan_g_5366,peppan_g_9781,peppan_g_14361,peppan_g_18939,peppan_g_24030,peppan_g_28475,peppan_g_32934,peppan_g_37665
HFCAGB_00867,peppan_g_2048,peppan_g_5374,peppan_g_9789,peppan_g_14369,peppan_g_18947,peppan_g_24038,peppan_g_28483,peppan_g_32926,peppan_g_37614
HFCAGB_00873,peppan_g_2042,peppan_g_5380,peppan_g_9795,peppan_g_14375,peppan_g_18953,peppan_g_24044,peppan_g_28489,peppan_g_32920,peppan_g_37608
HFCAGB_00891,peppan_g_2025,peppan_g_5397,peppan_g_9812,peppan_g_14392,peppan_g_18971,peppan_g_24061,peppan_g_28506,peppan_g_32903,peppan_g_37591
HFCAGB_00892,peppan_g_2024,peppan_g_5398,peppan_g_9813,peppan_g_14393,peppan_g_18972,peppan_g_24062,peppan_g_28507,peppan_g_32902,peppan_g_37590
HFCAGB_00897,peppan_g_2019,peppan_g_5403,peppan_g_9818,peppan_g_14398,peppan_g_18977,peppan_g_24067,peppan_g_28512,peppan_g_32897,peppan_g_37585
HFCAGB_00898,peppan_g_2018,peppan_g_5404,peppan_g_9819,peppan_g_14399,peppan_g_18978,peppan_g_24068,peppan_g_28513,peppan_g_32896,peppan_g_37584
HFCAGB_00905,peppan_g_2011,peppan_g_5411,peppan_g_9827,peppan_g_14406,peppan_g_18985,peppan_g_24075,peppan_g_28527,peppan_g_32889,peppan_g_37577
HFCAGB_00924,peppan_g_1994,peppan_g_5427,peppan_g_9846,peppan_g_14425,peppan_g_19004,peppan_g_24094,peppan_g_28546,peppan_g_32870,peppan_g_37558
HFCAGB_00965,peppan_g_1964,peppan_g_5466,peppan_g_9876,peppan_g_14464,peppan_g_19043,peppan_g_24133,peppan_g_28585,peppan_g_32831,peppan_g_37519
HFCAGB_00966,peppan_g_1963,peppan_g_5467,peppan_g_9877,peppan_g_14465,peppan_g_19044,peppan_g_24134,peppan_g_28586,peppan_g_32830,peppan_g_37518
HFCAGB_00969,peppan_g_1960,peppan_g_5470,peppan_g_9880,peppan_g_14468,peppan_g_19047,peppan_g_24137,peppan_g_28589,peppan_g_32827,peppan_g_37515
HFCAGB_00976,peppan_g_1953,peppan_g_5477,peppan_g_9887,peppan_g_14475,peppan_g_19054,peppan_g_24144,peppan_g_28596,peppan_g_32820,peppan_g_37508
HFCAGB_00979,peppan_g_1950,peppan_g_5480,peppan_g_9890,peppan_g_14478,peppan_g_19057,peppan_g_24147,peppan_g_28599,peppan_g_32817,peppan_g_37505
HFCAGB_00989,peppan_g_1940,peppan_g_5490,peppan_g_9900,peppan_g_14488,peppan_g_19067,peppan_g_24157,peppan_g_28609,peppan_g_32807,peppan_g_37495
HFCAGB_00999,peppan_g_1930,peppan_g_5498,peppan_g_9915,peppan_g_14498,peppan_g_19079,peppan_g_24168,peppan_g_28620,peppan_g_32796,peppan_g_37482
HFCAGB_01007,peppan_g_1922,peppan_g_5506,peppan_g_9923,peppan_g_14506,peppan_g_19087,peppan_g_24176,peppan_g_28628,peppan_g_32788,peppan_g_37474
HFCAGB_01023,peppan_g_1907,peppan_g_5521,peppan_g_9938,peppan_g_14521,peppan_g_19102,peppan_g_24191,peppan_g_28643,peppan_g_32773,peppan_g_37459
HFCAGB_01034,peppan_g_1896,peppan_g_5532,peppan_g_9949,peppan_g_14532,peppan_g_19113,peppan_g_24202,peppan_g_28654,peppan_g_32762,peppan_g_37448
HFCAGB_01105,peppan_g_1816,peppan_g_5545,peppan_g_9965,peppan_g_14603,peppan_g_19186,peppan_g_24218,peppan_g_27696,peppan_g_32088,peppan_g_37376
HFCAGB_01107,peppan_g_1814,peppan_g_5547,peppan_g_9967,peppan_g_14605,peppan_g_19188,peppan_g_24220,peppan_g_27698,peppan_g_31935,peppan_g_37374
HFCAGB_01115,peppan_g_1806,peppan_g_5555,peppan_g_9975,peppan_g_14613,peppan_g_19196,peppan_g_24228,peppan_g_27706,peppan_g_31927,peppan_g_37366
HFCAGB_01116,peppan_g_1805,peppan_g_5556,peppan_g_9976,peppan_g_14614,peppan_g_19197,peppan_g_24229,peppan_g_27707,peppan_g_31926,peppan_g_37365
HFCAGB_01124,peppan_g_1796,peppan_g_5565,peppan_g_9985,peppan_g_14623,peppan_g_19206,peppan_g_24238,peppan_g_27716,peppan_g_32502,peppan_g_37356
HFCAGB_01129,peppan_g_1791,peppan_g_5570,peppan_g_9990,peppan_g_14628,peppan_g_19211,peppan_g_24243,peppan_g_27721,peppan_g_32497,peppan_g_37351
HFCAGB_01148,peppan_g_1774,peppan_g_5586,peppan_g_10007,peppan_g_14644,peppan_g_19227,peppan_g_24259,peppan_g_27737,peppan_g_32481,peppan_g_37335
HFCAGB_01156,peppan_g_1766,peppan_g_5594,peppan_g_10015,peppan_g_14652,peppan_g_19235,peppan_g_24267,peppan_g_27745,peppan_g_32473,peppan_g_37327
HFCAGB_01159,peppan_g_1763,peppan_g_5597,peppan_g_10018,peppan_g_14655,peppan_g_19238,peppan_g_24270,peppan_g_27748,peppan_g_32470,peppan_g_37324
HFCAGB_01160,peppan_g_1762,peppan_g_5598,peppan_g_10019,peppan_g_14656,peppan_g_19239,peppan_g_24271,peppan_g_27749,peppan_g_32469,peppan_g_37323
HFCAGB_01171,peppan_g_1751,peppan_g_5609,peppan_g_10030,peppan_g_14667,peppan_g_19250,peppan_g_24282,peppan_g_27760,peppan_g_32458,peppan_g_37312
HFCAGB_01222,peppan_g_869,peppan_g_6490,peppan_g_10073,peppan_g_14712,peppan_g_20177,peppan_g_25203,peppan_g_31143,peppan_g_35814,peppan_g_36368
HFCAGB_01227,peppan_g_874,peppan_g_6485,peppan_g_10078,peppan_g_14717,peppan_g_20172,peppan_g_25198,peppan_g_31148,peppan_g_35819,peppan_g_36373
HFCAGB_01230,peppan_g_877,peppan_g_6482,peppan_g_10081,peppan_g_14720,peppan_g_20169,peppan_g_25195,peppan_g_31151,peppan_g_35822,peppan_g_36376
HFCAGB_01237,peppan_g_883,peppan_g_6476,peppan_g_10087,peppan_g_14726,peppan_g_20163,peppan_g_25189,peppan_g_31157,peppan_g_35828,peppan_g_36382
HFCAGB_01259,peppan_g_905,peppan_g_6454,peppan_g_10109,peppan_g_14748,peppan_g_20140,peppan_g_25167,peppan_g_31179,peppan_g_35850,peppan_g_36404
HFCAGB_01261,peppan_g_907,peppan_g_6452,peppan_g_10111,peppan_g_14750,peppan_g_20138,peppan_g_25165,peppan_g_31181,peppan_g_35852,peppan_g_36406
HFCAGB_01269,peppan_g_915,peppan_g_6444,peppan_g_10119,peppan_g_14758,peppan_g_20130,peppan_g_25157,peppan_g_31189,peppan_g_35860,peppan_g_36414
HFCAGB_01280,peppan_g_923,peppan_g_6436,peppan_g_10127,peppan_g_14766,peppan_g_20122,peppan_g_25149,peppan_g_31197,peppan_g_35868,peppan_g_36422
HFCAGB_01295,peppan_g_938,peppan_g_6420,peppan_g_10143,peppan_g_14782,peppan_g_20106,peppan_g_25133,peppan_g_31213,peppan_g_35884,peppan_g_36438
HFCAGB_01308,peppan_g_951,peppan_g_6407,peppan_g_10156,peppan_g_14795,peppan_g_20093,peppan_g_25120,peppan_g_31226,peppan_g_35897,peppan_g_36451
HFCAGB_01320,peppan_g_962,peppan_g_6396,peppan_g_10168,peppan_g_14807,peppan_g_20081,peppan_g_25108,peppan_g_31238,peppan_g_35909,peppan_g_36463
HFCAGB_01322,peppan_g_964,peppan_g_6394,peppan_g_10170,peppan_g_14809,peppan_g_20079,peppan_g_25106,peppan_g_31240,peppan_g_35911,peppan_g_36465
HFCAGB_01325,peppan_g_967,peppan_g_6391,peppan_g_10173,peppan_g_14812,peppan_g_20076,peppan_g_25103,peppan_g_31243,peppan_g_35914,peppan_g_36468
HFCAGB_01328,peppan_g_970,peppan_g_6388,peppan_g_10176,peppan_g_14815,peppan_g_20073,peppan_g_25100,peppan_g_31249,peppan_g_35917,peppan_g_36471
HFCAGB_01332,peppan_g_974,peppan_g_6384,peppan_g_10180,peppan_g_14819,peppan_g_20069,peppan_g_25096,peppan_g_31253,peppan_g_35921,peppan_g_36475
HFCAGB_01334,peppan_g_976,peppan_g_6382,peppan_g_10182,peppan_g_14821,peppan_g_20067,peppan_g_25094,peppan_g_31255,peppan_g_35923,peppan_g_36477
HFCAGB_01336,peppan_g_978,peppan_g_6380,peppan_g_10184,peppan_g_14823,peppan_g_20065,peppan_g_25092,peppan_g_31257,peppan_g_35925,peppan_g_36479
HFCAGB_01340,peppan_g_982,peppan_g_6376,peppan_g_10188,peppan_g_14827,peppan_g_20061,peppan_g_25088,peppan_g_31261,peppan_g_35929,peppan_g_36483
HFCAGB_01341,peppan_g_983,peppan_g_6375,peppan_g_10189,peppan_g_14828,peppan_g_20060,peppan_g_25087,peppan_g_31262,peppan_g_35930,peppan_g_36484
HFCAGB_01448,peppan_g_1027,peppan_g_6323,peppan_g_10231,peppan_g_14931,peppan_g_20010,peppan_g_25037,peppan_g_31323,peppan_g_35993,peppan_g_36537
HFCAGB_01476,peppan_g_1054,peppan_g_6296,peppan_g_10258,peppan_g_14958,peppan_g_19982,peppan_g_25010,peppan_g_31350,peppan_g_36020,peppan_g_36564
HFCAGB_01480,peppan_g_1058,peppan_g_6292,peppan_g_10262,peppan_g_14962,peppan_g_19978,peppan_g_25006,peppan_g_31354,peppan_g_36024,peppan_g_36568
HFCAGB_01498,peppan_g_1074,peppan_g_6275,peppan_g_10280,peppan_g_14979,peppan_g_19962,peppan_g_24990,peppan_g_31372,peppan_g_36040,peppan_g_36584
HFCAGB_01513,peppan_g_1628,peppan_g_6260,peppan_g_10295,peppan_g_14994,peppan_g_19947,peppan_g_24975,peppan_g_31387,peppan_g_36055,peppan_g_36599
HFCAGB_01515,peppan_g_1626,peppan_g_6258,peppan_g_10297,peppan_g_14996,peppan_g_19945,peppan_g_24973,peppan_g_31389,peppan_g_36057,peppan_g_36601
HFCAGB_01527,peppan_g_1616,peppan_g_6248,peppan_g_10307,peppan_g_15006,peppan_g_19935,peppan_g_24963,peppan_g_31399,peppan_g_36067,peppan_g_36611
HFCAGB_01534,peppan_g_1609,peppan_g_6241,peppan_g_10314,peppan_g_15013,peppan_g_19928,peppan_g_24956,peppan_g_31406,peppan_g_36074,peppan_g_36618
HFCAGB_01535,peppan_g_1608,peppan_g_6240,peppan_g_10315,peppan_g_15014,peppan_g_19927,peppan_g_24955,peppan_g_31407,peppan_g_36075,peppan_g_36619
HFCAGB_01538,peppan_g_1605,peppan_g_6237,peppan_g_10318,peppan_g_15017,peppan_g_19924,peppan_g_24952,peppan_g_31410,peppan_g_36078,peppan_g_36622
HFCAGB_01546,peppan_g_1597,peppan_g_6229,peppan_g_10326,peppan_g_15025,peppan_g_19916,peppan_g_24944,peppan_g_31418,peppan_g_36086,peppan_g_36630
HFCAGB_01558,peppan_g_1586,peppan_g_6218,peppan_g_10337,peppan_g_15036,peppan_g_19905,peppan_g_24933,peppan_g_31429,peppan_g_36097,peppan_g_36641
HFCAGB_01568,peppan_g_1577,peppan_g_6209,peppan_g_10346,peppan_g_15046,peppan_g_19895,peppan_g_24923,peppan_g_31439,peppan_g_36106,peppan_g_36650
HFCAGB_01569,peppan_g_1576,peppan_g_6208,peppan_g_10347,peppan_g_15047,peppan_g_19894,peppan_g_24922,peppan_g_31440,peppan_g_36107,peppan_g_36651
HFCAGB_01586,peppan_g_1555,peppan_g_6187,peppan_g_10364,peppan_g_15064,peppan_g_19877,peppan_g_24905,peppan_g_31457,peppan_g_36124,peppan_g_36668
HFCAGB_01611,peppan_g_1529,peppan_g_6162,peppan_g_10389,peppan_g_15089,peppan_g_19851,peppan_g_24880,peppan_g_31482,peppan_g_36149,peppan_g_36693
HFCAGB_01632,peppan_g_1508,peppan_g_6142,peppan_g_10409,peppan_g_15108,peppan_g_19832,peppan_g_24861,peppan_g_31501,peppan_g_36168,peppan_g_36712
HFCAGB_01636,peppan_g_1504,peppan_g_6138,peppan_g_10413,peppan_g_15112,peppan_g_19828,peppan_g_24857,peppan_g_31505,peppan_g_36172,peppan_g_36716
HFCAGB_01638,peppan_g_1502,peppan_g_6136,peppan_g_10415,peppan_g_15114,peppan_g_19826,peppan_g_24855,peppan_g_31507,peppan_g_36174,peppan_g_36718
HFCAGB_01667,peppan_g_1484,peppan_g_6111,peppan_g_10444,peppan_g_15139,peppan_g_19801,peppan_g_24830,peppan_g_31532,peppan_g_36199,peppan_g_36747
HFCAGB_01690,peppan_g_1463,peppan_g_6089,peppan_g_10466,peppan_g_15161,peppan_g_19779,peppan_g_24808,peppan_g_31554,peppan_g_36221,peppan_g_36769
HFCAGB_01701,peppan_g_1452,peppan_g_6078,peppan_g_10477,peppan_g_15172,peppan_g_19768,peppan_g_24797,peppan_g_31565,peppan_g_36232,peppan_g_36780
HFCAGB_01702,peppan_g_1451,peppan_g_6077,peppan_g_10478,peppan_g_15173,peppan_g_19767,peppan_g_24796,peppan_g_31566,peppan_g_36233,peppan_g_36781
HFCAGB_01707,peppan_g_1447,peppan_g_6072,peppan_g_10483,peppan_g_15178,peppan_g_19762,peppan_g_24791,peppan_g_31571,peppan_g_36238,peppan_g_36786
HFCAGB_01709,peppan_g_1445,peppan_g_6070,peppan_g_10485,peppan_g_15180,peppan_g_19760,peppan_g_24789,peppan_g_31573,peppan_g_36240,peppan_g_36788
HFCAGB_01722,peppan_g_1434,peppan_g_6055,peppan_g_10500,peppan_g_15193,peppan_g_19747,peppan_g_24776,peppan_g_31586,peppan_g_36253,peppan_g_36801
HFCAGB_01734,peppan_g_1418,peppan_g_6029,peppan_g_10526,peppan_g_15205,peppan_g_19724,peppan_g_24753,peppan_g_31607,peppan_g_36274,peppan_g_36827
HFCAGB_01783,peppan_g_1373,peppan_g_5983,peppan_g_10572,peppan_g_15251,peppan_g_19678,peppan_g_24707,peppan_g_31653,peppan_g_36320,peppan_g_36873
HFCAGB_01791,peppan_g_1365,peppan_g_5975,peppan_g_10580,peppan_g_15259,peppan_g_19670,peppan_g_24699,peppan_g_31661,peppan_g_36328,peppan_g_36881
HFCAGB_01800,peppan_g_1355,peppan_g_5966,peppan_g_10589,peppan_g_15268,peppan_g_19661,peppan_g_24690,peppan_g_31670,peppan_g_32031,peppan_g_36890
HFCAGB_01810,peppan_g_1298,peppan_g_5957,peppan_g_10598,peppan_g_15277,peppan_g_19652,peppan_g_24681,peppan_g_31679,peppan_g_32040,peppan_g_36899
HFCAGB_01812,peppan_g_1296,peppan_g_5955,peppan_g_10600,peppan_g_15279,peppan_g_19650,peppan_g_24679,peppan_g_31681,peppan_g_32042,peppan_g_36901
HFCAGB_01814,peppan_g_1295,peppan_g_5951,peppan_g_10603,peppan_g_15280,peppan_g_19649,peppan_g_24678,peppan_g_31682,peppan_g_32043,peppan_g_36902
HFCAGB_01818,peppan_g_1291,peppan_g_5947,peppan_g_10607,peppan_g_15284,peppan_g_19645,peppan_g_24674,peppan_g_31686,peppan_g_32047,peppan_g_36906
HFCAGB_01852,peppan_g_1260,peppan_g_5916,peppan_g_10638,peppan_g_15315,peppan_g_19614,peppan_g_24643,peppan_g_31717,peppan_g_32615,peppan_g_36937
HFCAGB_01854,peppan_g_1258,peppan_g_5914,peppan_g_10640,peppan_g_15317,peppan_g_19612,peppan_g_24641,peppan_g_31719,peppan_g_32617,peppan_g_36939
HFCAGB_01862,peppan_g_1252,peppan_g_5908,peppan_g_10646,peppan_g_15323,peppan_g_19606,peppan_g_24635,peppan_g_31725,peppan_g_32623,peppan_g_36945
HFCAGB_01864,peppan_g_1250,peppan_g_5906,peppan_g_10648,peppan_g_15325,peppan_g_19604,peppan_g_24633,peppan_g_31727,peppan_g_32625,peppan_g_36947
HFCAGB_01875,peppan_g_1239,peppan_g_5895,peppan_g_10659,peppan_g_15336,peppan_g_19593,peppan_g_24622,peppan_g_31738,peppan_g_32636,peppan_g_36958
HFCAGB_01892,peppan_g_1223,peppan_g_5879,peppan_g_10675,peppan_g_15352,peppan_g_19577,peppan_g_24606,peppan_g_31754,peppan_g_32652,peppan_g_36974
HFCAGB_01906,peppan_g_1209,peppan_g_5865,peppan_g_10689,peppan_g_15366,peppan_g_19563,peppan_g_24592,peppan_g_31768,peppan_g_32667,peppan_g_36989
HFCAGB_01909,peppan_g_1206,peppan_g_5862,peppan_g_10692,peppan_g_15369,peppan_g_19560,peppan_g_24589,peppan_g_31771,peppan_g_32670,peppan_g_36992
HFCAGB_01933,peppan_g_1196,peppan_g_5840,peppan_g_10714,peppan_g_15391,peppan_g_19538,peppan_g_24567,peppan_g_31793,peppan_g_32692,peppan_g_37014
HFCAGB_01957,peppan_g_1172,peppan_g_5818,peppan_g_10736,peppan_g_15415,peppan_g_19514,peppan_g_24543,peppan_g_31815,peppan_g_32714,peppan_g_37114
HFCAGB_01973,peppan_g_1155,peppan_g_5802,peppan_g_10752,peppan_g_15431,peppan_g_19498,peppan_g_24527,peppan_g_31831,peppan_g_32730,peppan_g_37130
HFCAGB_01984,peppan_g_1144,peppan_g_5791,peppan_g_10763,peppan_g_15442,peppan_g_19487,peppan_g_24516,peppan_g_31842,peppan_g_32741,peppan_g_37141
HFCAGB_02001,peppan_g_1135,peppan_g_5782,peppan_g_10772,peppan_g_15460,peppan_g_19478,peppan_g_24507,peppan_g_31851,peppan_g_32300,peppan_g_37150
HFCAGB_02008,peppan_g_1127,peppan_g_5774,peppan_g_10780,peppan_g_15467,peppan_g_19470,peppan_g_24499,peppan_g_31859,peppan_g_32308,peppan_g_37158
HFCAGB_02020,peppan_g_1116,peppan_g_5763,peppan_g_10791,peppan_g_15478,peppan_g_19459,peppan_g_24488,peppan_g_31870,peppan_g_32319,peppan_g_37168
HFCAGB_02036,peppan_g_1102,peppan_g_5749,peppan_g_10805,peppan_g_15492,peppan_g_19445,peppan_g_24474,peppan_g_28092,peppan_g_32333,peppan_g_37182
HFCAGB_02038,peppan_g_1100,peppan_g_5747,peppan_g_10807,peppan_g_15494,peppan_g_19443,peppan_g_24472,peppan_g_28090,peppan_g_32335,peppan_g_37184
HFCAGB_02039,peppan_g_1099,peppan_g_5746,peppan_g_10808,peppan_g_15495,peppan_g_19442,peppan_g_24471,peppan_g_28089,peppan_g_32336,peppan_g_37185
HFCAGB_02067,peppan_g_1648,peppan_g_5718,peppan_g_10834,peppan_g_15519,peppan_g_19354,peppan_g_24385,peppan_g_28000,peppan_g_32360,peppan_g_37209
HFCAGB_02082,peppan_g_1663,peppan_g_5703,peppan_g_10849,peppan_g_15534,peppan_g_19338,peppan_g_24370,peppan_g_27985,peppan_g_32375,peppan_g_37224
HFCAGB_02084,peppan_g_1666,peppan_g_5700,peppan_g_10852,peppan_g_15537,peppan_g_19335,peppan_g_24367,peppan_g_27982,peppan_g_32378,peppan_g_37227
HFCAGB_02119,peppan_g_1699,peppan_g_5661,peppan_g_10885,peppan_g_15570,peppan_g_19302,peppan_g_24334,peppan_g_27949,peppan_g_32406,peppan_g_37260
HFCAGB_02146,peppan_g_1725,peppan_g_5635,peppan_g_10911,peppan_g_15596,peppan_g_19276,peppan_g_24308,peppan_g_27923,peppan_g_32432,peppan_g_37286
HFCAGB_02153,peppan_g_1732,peppan_g_5628,peppan_g_10918,peppan_g_15603,peppan_g_19269,peppan_g_24301,peppan_g_27916,peppan_g_32439,peppan_g_37293
HFCAGB_02266,peppan_g_844,peppan_g_6496,peppan_g_10970,peppan_g_15706,peppan_g_20243,peppan_g_25214,peppan_g_27220,peppan_g_35803,peppan_g_40935
HFCAGB_02274,peppan_g_837,peppan_g_6512,peppan_g_10992,peppan_g_15713,peppan_g_20250,peppan_g_25221,peppan_g_29072,peppan_g_35798,peppan_g_40928
HFCAGB_02286,peppan_g_825,peppan_g_6524,peppan_g_11004,peppan_g_15725,peppan_g_20262,peppan_g_25233,peppan_g_29060,peppan_g_35786,peppan_g_40916
HFCAGB_02290,peppan_g_821,peppan_g_6528,peppan_g_11008,peppan_g_15729,peppan_g_20266,peppan_g_25237,peppan_g_29056,peppan_g_35782,peppan_g_40912
HFCAGB_02296,peppan_g_816,peppan_g_6533,peppan_g_11013,peppan_g_15734,peppan_g_20271,peppan_g_25242,peppan_g_29051,peppan_g_35777,peppan_g_40907
HFCAGB_02307,peppan_g_805,peppan_g_6544,peppan_g_11024,peppan_g_15745,peppan_g_20282,peppan_g_25253,peppan_g_29040,peppan_g_35766,peppan_g_40896
HFCAGB_02328,peppan_g_786,peppan_g_6620,peppan_g_11043,peppan_g_15764,peppan_g_20301,peppan_g_25272,peppan_g_29021,peppan_g_35747,peppan_g_40877
HFCAGB_02331,peppan_g_784,peppan_g_6622,peppan_g_11045,peppan_g_15766,peppan_g_20303,peppan_g_25274,peppan_g_29019,peppan_g_35745,peppan_g_40875
HFCAGB_02336,peppan_g_779,peppan_g_6627,peppan_g_11050,peppan_g_15771,peppan_g_20308,peppan_g_25279,peppan_g_29014,peppan_g_35740,peppan_g_40870
HFCAGB_02361,peppan_g_754,peppan_g_6655,peppan_g_11074,peppan_g_15796,peppan_g_20332,peppan_g_25303,peppan_g_28987,peppan_g_35713,peppan_g_40855
HFCAGB_02367,peppan_g_748,peppan_g_6661,peppan_g_11080,peppan_g_15802,peppan_g_20338,peppan_g_25309,peppan_g_28981,peppan_g_35707,peppan_g_40849
HFCAGB_02394,peppan_g_724,peppan_g_6685,peppan_g_11104,peppan_g_15826,peppan_g_20362,peppan_g_25333,peppan_g_28957,peppan_g_35663,peppan_g_40825
HFCAGB_02399,peppan_g_719,peppan_g_6690,peppan_g_11109,peppan_g_15831,peppan_g_20367,peppan_g_25338,peppan_g_28952,peppan_g_35658,peppan_g_40820
HFCAGB_02410,peppan_g_697,peppan_g_6700,peppan_g_11131,peppan_g_15841,peppan_g_20378,peppan_g_25349,peppan_g_28933,peppan_g_35647,peppan_g_40802
HFCAGB_02412,peppan_g_695,peppan_g_6702,peppan_g_11133,peppan_g_15843,peppan_g_20380,peppan_g_25351,peppan_g_28931,peppan_g_35645,peppan_g_40800
HFCAGB_02420,peppan_g_687,peppan_g_6710,peppan_g_11141,peppan_g_15851,peppan_g_20388,peppan_g_25359,peppan_g_28923,peppan_g_35637,peppan_g_40792
HFCAGB_02428,peppan_g_680,peppan_g_6717,peppan_g_11148,peppan_g_15858,peppan_g_20395,peppan_g_25366,peppan_g_28916,peppan_g_35630,peppan_g_40785
HFCAGB_02448,peppan_g_661,peppan_g_6736,peppan_g_11167,peppan_g_15877,peppan_g_20414,peppan_g_25385,peppan_g_28897,peppan_g_35611,peppan_g_40766
HFCAGB_02461,peppan_g_650,peppan_g_6747,peppan_g_11178,peppan_g_15888,peppan_g_20425,peppan_g_25396,peppan_g_28886,peppan_g_35600,peppan_g_40755
HFCAGB_02478,peppan_g_633,peppan_g_6764,peppan_g_11195,peppan_g_15905,peppan_g_20442,peppan_g_25413,peppan_g_28869,peppan_g_34740,peppan_g_40738
HFCAGB_02494,peppan_g_617,peppan_g_6779,peppan_g_11211,peppan_g_15921,peppan_g_20458,peppan_g_25429,peppan_g_28853,peppan_g_34724,peppan_g_40722
HFCAGB_02502,peppan_g_611,peppan_g_6781,peppan_g_11213,peppan_g_15927,peppan_g_20474,peppan_g_25445,peppan_g_28847,peppan_g_34718,peppan_g_40716
HFCAGB_02507,peppan_g_3584;peppan_g_606,peppan_g_6786;peppan_g_8186,peppan_g_11218;peppan_g_12727,peppan_g_15932;peppan_g_17380,peppan_g_20479;peppan_g_21974,peppan_g_25450;peppan_g_26887,peppan_g_28842;peppan_g_29638,peppan_g_31916;peppan_g_34713;peppan_g_35220,peppan_g_39218;peppan_g_40711
HFCAGB_02515,peppan_g_598,peppan_g_6794,peppan_g_11226,peppan_g_15940,peppan_g_20487,peppan_g_25458,peppan_g_28834,peppan_g_34705,peppan_g_40703
HFCAGB_02518,peppan_g_595,peppan_g_6797,peppan_g_11229,peppan_g_15943,peppan_g_20490,peppan_g_25461,peppan_g_28831,peppan_g_34702,peppan_g_40700
HFCAGB_02520,peppan_g_593,peppan_g_6799,peppan_g_11231,peppan_g_15945,peppan_g_20492,peppan_g_25463,peppan_g_28829,peppan_g_34700,peppan_g_40698
HFCAGB_02538,peppan_g_575,peppan_g_6816,peppan_g_11248,peppan_g_15962,peppan_g_20509,peppan_g_25480,peppan_g_28812,peppan_g_34683,peppan_g_40681
HFCAGB_02547,peppan_g_567,peppan_g_6824,peppan_g_11256,peppan_g_15970,peppan_g_20517,peppan_g_25488,peppan_g_28804,peppan_g_34675,peppan_g_40673
HFCAGB_02548,peppan_g_566,peppan_g_6825,peppan_g_11257,peppan_g_15971,peppan_g_20518,peppan_g_25489,peppan_g_28803,peppan_g_34674,peppan_g_40672
HFCAGB_02549,peppan_g_565,peppan_g_6826,peppan_g_11258,peppan_g_15972,peppan_g_20519,peppan_g_25490,peppan_g_28802,peppan_g_34673,peppan_g_40671
HFCAGB_02550,peppan_g_564,peppan_g_6827,peppan_g_11259,peppan_g_15973,peppan_g_20520,peppan_g_25491,peppan_g_28801,peppan_g_34672,peppan_g_40670
HFCAGB_02553,peppan_g_561,peppan_g_6830,peppan_g_11262,peppan_g_15976,peppan_g_20523,peppan_g_25494,peppan_g_28798,peppan_g_34669,peppan_g_40667
HFCAGB_02554,peppan_g_560,peppan_g_6831,peppan_g_11263,peppan_g_15977,peppan_g_20524,peppan_g_25495,peppan_g_28797,peppan_g_34668,peppan_g_40666
HFCAGB_02569,peppan_g_545,peppan_g_6846,peppan_g_11278,peppan_g_15992,peppan_g_20539,peppan_g_25510,peppan_g_28782,peppan_g_34653,peppan_g_40651
HFCAGB_02572,peppan_g_542,peppan_g_6849,peppan_g_11281,peppan_g_15995,peppan_g_20542,peppan_g_25513,peppan_g_28779,peppan_g_34650,peppan_g_40648
HFCAGB_02580,peppan_g_536,peppan_g_6855,peppan_g_11289,peppan_g_16002,peppan_g_20549,peppan_g_25520,peppan_g_28771,peppan_g_34644,peppan_g_40642
HFCAGB_02594,peppan_g_523,peppan_g_6868,peppan_g_11302,peppan_g_16015,peppan_g_20562,peppan_g_25533,peppan_g_28758,peppan_g_34631,peppan_g_40629
HFCAGB_02596,peppan_g_521,peppan_g_6870,peppan_g_11304,peppan_g_16017,peppan_g_20564,peppan_g_25535,peppan_g_28756,peppan_g_34629,peppan_g_40627
HFCAGB_02613,peppan_g_504,peppan_g_6887,peppan_g_11321,peppan_g_16034,peppan_g_20581,peppan_g_25552,peppan_g_28739,peppan_g_34612,peppan_g_40610
HFCAGB_02619,peppan_g_498,peppan_g_6893,peppan_g_11327,peppan_g_16040,peppan_g_20587,peppan_g_25558,peppan_g_28733,peppan_g_34606,peppan_g_40604
HFCAGB_02621,peppan_g_496,peppan_g_6895,peppan_g_11329,peppan_g_16042,peppan_g_20589,peppan_g_25560,peppan_g_28731,peppan_g_34604,peppan_g_40602
HFCAGB_02634,peppan_g_484,peppan_g_6907,peppan_g_11341,peppan_g_16054,peppan_g_20601,peppan_g_25572,peppan_g_28719,peppan_g_34592,peppan_g_40590
HFCAGB_02647,peppan_g_471,peppan_g_6920,peppan_g_11354,peppan_g_16067,peppan_g_20614,peppan_g_25585,peppan_g_28706,peppan_g_34579,peppan_g_40577
HFCAGB_02653,peppan_g_465,peppan_g_6926,peppan_g_11360,peppan_g_16073,peppan_g_20620,peppan_g_25591,peppan_g_28700,peppan_g_34573,peppan_g_40571
HFCAGB_02683,peppan_g_441,peppan_g_6945,peppan_g_11379,peppan_g_16096,peppan_g_20639,peppan_g_25610,peppan_g_28681,peppan_g_34554,peppan_g_40552
HFCAGB_02691,peppan_g_437,peppan_g_6949,peppan_g_11383,peppan_g_16100,peppan_g_20643,peppan_g_25614,peppan_g_28461,peppan_g_34550,peppan_g_40548
HFCAGB_02705,peppan_g_423,peppan_g_6963,peppan_g_11397,peppan_g_16114,peppan_g_20657,peppan_g_25628,peppan_g_28447,peppan_g_34536,peppan_g_40534
HFCAGB_02714,peppan_g_415,peppan_g_6971,peppan_g_11406,peppan_g_16123,peppan_g_20666,peppan_g_25636,peppan_g_28438,peppan_g_34528,peppan_g_40525
HFCAGB_02725,peppan_g_403,peppan_g_6981,peppan_g_11418,peppan_g_16135,peppan_g_20678,peppan_g_25648,peppan_g_28427,peppan_g_34517,peppan_g_40514
HFCAGB_02756,peppan_g_373,peppan_g_7009,peppan_g_11446,peppan_g_16163,peppan_g_20707,peppan_g_25676,peppan_g_28399,peppan_g_34489,peppan_g_40486
HFCAGB_02759,peppan_g_370,peppan_g_7012,peppan_g_11449,peppan_g_16166,peppan_g_20710,peppan_g_25679,peppan_g_28396,peppan_g_34486,peppan_g_40483
HFCAGB_02760,peppan_g_369,peppan_g_7013,peppan_g_11450,peppan_g_16167,peppan_g_20711,peppan_g_25680,peppan_g_28395,peppan_g_34485,peppan_g_40482
HFCAGB_02774,peppan_g_355,peppan_g_7027,peppan_g_11464,peppan_g_16181,peppan_g_20723,peppan_g_25692,peppan_g_28381,peppan_g_34471,peppan_g_40468
HFCAGB_02806,peppan_g_323,peppan_g_7055,peppan_g_11495,peppan_g_16211,peppan_g_20751,peppan_g_25720,peppan_g_28352,peppan_g_34442,peppan_g_40440
HFCAGB_02823,peppan_g_308,peppan_g_7068,peppan_g_11510,peppan_g_16226,peppan_g_20766,peppan_g_25735,peppan_g_28337,peppan_g_34427,peppan_g_40425
HFCAGB_02841,peppan_g_290,peppan_g_7086,peppan_g_11528,peppan_g_16244,peppan_g_20784,peppan_g_25753,peppan_g_28319,peppan_g_34409,peppan_g_40407
HFCAGB_02852,peppan_g_281,peppan_g_7095,peppan_g_11537,peppan_g_16253,peppan_g_20793,peppan_g_25762,peppan_g_28310,peppan_g_34397,peppan_g_40398
HFCAGB_02859,peppan_g_274,peppan_g_7102,peppan_g_11544,peppan_g_16260,peppan_g_20800,peppan_g_25769,peppan_g_28303,peppan_g_34390,peppan_g_40391
HFCAGB_02871,peppan_g_263,peppan_g_7113,peppan_g_11555,peppan_g_16271,peppan_g_20870,peppan_g_25780,peppan_g_27263,peppan_g_34379,peppan_g_40380
HFCAGB_02872,peppan_g_262,peppan_g_7114,peppan_g_11556,peppan_g_16272,peppan_g_20871,peppan_g_25781,peppan_g_27264,peppan_g_34378,peppan_g_40379
HFCAGB_02894,peppan_g_2546,peppan_g_7132,peppan_g_11574,peppan_g_16290,peppan_g_20889,peppan_g_25799,peppan_g_31133,peppan_g_34359,peppan_g_40361
HFCAGB_02907,peppan_g_2559,peppan_g_7145,peppan_g_11621,peppan_g_16303,peppan_g_20902,peppan_g_25812,peppan_g_31120,peppan_g_34346,peppan_g_40348
HFCAGB_02909,peppan_g_2561,peppan_g_7147,peppan_g_11623,peppan_g_16305,peppan_g_20904,peppan_g_25814,peppan_g_31118,peppan_g_34344,peppan_g_40346
HFCAGB_02975,peppan_g_2598,peppan_g_7184,peppan_g_11683,peppan_g_16367,peppan_g_20955,peppan_g_25865,peppan_g_31088,peppan_g_34326,peppan_g_40242
HFCAGB_02984,peppan_g_2607,peppan_g_7193,peppan_g_11692,peppan_g_16376,peppan_g_20964,peppan_g_25874,peppan_g_31079,peppan_g_34317,peppan_g_40233
HFCAGB_02990,peppan_g_2612,peppan_g_7198,peppan_g_11697,peppan_g_16381,peppan_g_20969,peppan_g_25879,peppan_g_31074,peppan_g_34312,peppan_g_40228
HFCAGB_03003,peppan_g_2624,peppan_g_7210,peppan_g_11709,peppan_g_16393,peppan_g_20981,peppan_g_25891,peppan_g_31062,peppan_g_34300,peppan_g_40216
HFCAGB_03005,peppan_g_2626,peppan_g_7212,peppan_g_11711,peppan_g_16395,peppan_g_20983,peppan_g_25893,peppan_g_31060,peppan_g_34298,peppan_g_40214
HFCAGB_03007,peppan_g_2628,peppan_g_7214,peppan_g_11713,peppan_g_16397,peppan_g_20985,peppan_g_25895,peppan_g_31058,peppan_g_34296,peppan_g_40212
HFCAGB_03013,peppan_g_2634,peppan_g_7220,peppan_g_11719,peppan_g_16403,peppan_g_20991,peppan_g_25901,peppan_g_31052,peppan_g_34290,peppan_g_40206
HFCAGB_03039,peppan_g_2653,peppan_g_7239,peppan_g_11738,peppan_g_16422,peppan_g_21010,peppan_g_25920,peppan_g_31033,peppan_g_34271,peppan_g_40187
HFCAGB_03042,peppan_g_2656,peppan_g_7242,peppan_g_11741,peppan_g_16425,peppan_g_21013,peppan_g_25923,peppan_g_31030,peppan_g_34268,peppan_g_40184
HFCAGB_03049,peppan_g_2663,peppan_g_7249,peppan_g_11748,peppan_g_16432,peppan_g_21020,peppan_g_25930,peppan_g_31023,peppan_g_34261,peppan_g_40177
HFCAGB_03066,peppan_g_2680,peppan_g_7266,peppan_g_11765,peppan_g_16449,peppan_g_21037,peppan_g_25947,peppan_g_31006,peppan_g_34244,peppan_g_40160
HFCAGB_03068,peppan_g_2682,peppan_g_7268,peppan_g_11767,peppan_g_16451,peppan_g_21039,peppan_g_25949,peppan_g_31004,peppan_g_34242,peppan_g_40158
HFCAGB_03073,peppan_g_2685,peppan_g_7272,peppan_g_11771,peppan_g_16455,peppan_g_21043,peppan_g_25953,peppan_g_31000,peppan_g_34238,peppan_g_40154
HFCAGB_03081,peppan_g_2693,peppan_g_7280,peppan_g_11779,peppan_g_16463,peppan_g_21051,peppan_g_25961,peppan_g_30992,peppan_g_34230,peppan_g_40146
HFCAGB_03093,peppan_g_2705,peppan_g_7292,peppan_g_11791,peppan_g_16475,peppan_g_21063,peppan_g_25973,peppan_g_30980,peppan_g_34218,peppan_g_40134
HFCAGB_03096,peppan_g_2708,peppan_g_7295,peppan_g_11794,peppan_g_16478,peppan_g_21066,peppan_g_25976,peppan_g_30977,peppan_g_34215,peppan_g_40131
HFCAGB_03099,peppan_g_2711,peppan_g_7298,peppan_g_11797,peppan_g_16481,peppan_g_21069,peppan_g_25979,peppan_g_30974,peppan_g_34212,peppan_g_40128
HFCAGB_03117,peppan_g_2726,peppan_g_7313,peppan_g_11817,peppan_g_16498,peppan_g_21087,peppan_g_25997,peppan_g_30955,peppan_g_34192,peppan_g_40110
HFCAGB_03123,peppan_g_2732,peppan_g_7319,peppan_g_11823,peppan_g_16504,peppan_g_21093,peppan_g_26003,peppan_g_30949,peppan_g_34186,peppan_g_40104
HFCAGB_03124,peppan_g_2733,peppan_g_7320,peppan_g_11824,peppan_g_16505,peppan_g_21094,peppan_g_26004,peppan_g_30948,peppan_g_34185,peppan_g_40103
HFCAGB_03152,peppan_g_2761,peppan_g_7347,peppan_g_11853,peppan_g_16532,peppan_g_21121,peppan_g_26031,peppan_g_30921,peppan_g_34157,peppan_g_40076
HFCAGB_03155,peppan_g_2764,peppan_g_7350,peppan_g_11856,peppan_g_16535,peppan_g_21124,peppan_g_26034,peppan_g_30918,peppan_g_34154,peppan_g_40073
HFCAGB_03170,peppan_g_2784,peppan_g_7361,peppan_g_11874,peppan_g_16551,peppan_g_21135,peppan_g_26045,peppan_g_30907,peppan_g_34138,peppan_g_40057
HFCAGB_03179,peppan_g_2791,peppan_g_7368,peppan_g_11881,peppan_g_16558,peppan_g_21142,peppan_g_26052,peppan_g_30900,peppan_g_34131,peppan_g_40050
HFCAGB_03181,peppan_g_2793,peppan_g_7370,peppan_g_11883,peppan_g_16560,peppan_g_21144,peppan_g_26054,peppan_g_30898,peppan_g_34129,peppan_g_40048
HFCAGB_03188,peppan_g_2800,peppan_g_7377,peppan_g_11890,peppan_g_16567,peppan_g_21151,peppan_g_26061,peppan_g_30891,peppan_g_34122,peppan_g_40041
HFCAGB_03189,peppan_g_2801,peppan_g_7378,peppan_g_11891,peppan_g_16568,peppan_g_21152,peppan_g_26062,peppan_g_30890,peppan_g_34121,peppan_g_40040
HFCAGB_03201,peppan_g_2812,peppan_g_7389,peppan_g_11902,peppan_g_16579,peppan_g_21163,peppan_g_26073,peppan_g_30879,peppan_g_34110,peppan_g_40029
HFCAGB_03212,peppan_g_2821,peppan_g_7398,peppan_g_11911,peppan_g_16588,peppan_g_21172,peppan_g_26082,peppan_g_30870,peppan_g_34101,peppan_g_40020
HFCAGB_03230,peppan_g_2839,peppan_g_7414,peppan_g_11927,peppan_g_16604,peppan_g_21188,peppan_g_26098,peppan_g_30854,peppan_g_34085,peppan_g_40004
HFCAGB_03231,peppan_g_2840,peppan_g_7415,peppan_g_11928,peppan_g_16605,peppan_g_21189,peppan_g_26099,peppan_g_30853,peppan_g_34084,peppan_g_40003
HFCAGB_03238,peppan_g_2846,peppan_g_7421,peppan_g_11934,peppan_g_16611,peppan_g_21195,peppan_g_26105,peppan_g_30847,peppan_g_34078,peppan_g_39997
HFCAGB_03250,peppan_g_2858,peppan_g_7433,peppan_g_11947,peppan_g_16623,peppan_g_21207,peppan_g_26117,peppan_g_30835,peppan_g_34066,peppan_g_39985
HFCAGB_03274,peppan_g_2884,peppan_g_7451,peppan_g_11965,peppan_g_16644,peppan_g_21228,peppan_g_26138,peppan_g_30814,peppan_g_34048,peppan_g_39965
HFCAGB_03278,peppan_g_2888,peppan_g_7455,peppan_g_11969,peppan_g_16648,peppan_g_21232,peppan_g_26142,peppan_g_30810,peppan_g_32188,peppan_g_39961
HFCAGB_03279,peppan_g_2889,peppan_g_7456,peppan_g_11970,peppan_g_16649,peppan_g_21233,peppan_g_26143,peppan_g_30809,peppan_g_32187,peppan_g_39960
HFCAGB_03291,peppan_g_2898,peppan_g_7465,peppan_g_11979,peppan_g_16658,peppan_g_21242,peppan_g_26152,peppan_g_30800,peppan_g_32178,peppan_g_39951
HFCAGB_03320,peppan_g_2923,peppan_g_7493,peppan_g_12008,peppan_g_16687,peppan_g_21271,peppan_g_26181,peppan_g_30771,peppan_g_32149,peppan_g_39922
HFCAGB_03325,peppan_g_2928,peppan_g_7498,peppan_g_12013,peppan_g_16692,peppan_g_21276,peppan_g_26186,peppan_g_30766,peppan_g_32144,peppan_g_39917
HFCAGB_03330,peppan_g_2935,peppan_g_7503,peppan_g_12018,peppan_g_16697,peppan_g_21281,peppan_g_26191,peppan_g_30761,peppan_g_32139,peppan_g_39912
HFCAGB_03333,peppan_g_2938,peppan_g_7506,peppan_g_12021,peppan_g_16700,peppan_g_21284,peppan_g_26194,peppan_g_30758,peppan_g_32136,peppan_g_39909
HFCAGB_03349,peppan_g_2953,peppan_g_7520,peppan_g_12036,peppan_g_16714,peppan_g_21298,peppan_g_26208,peppan_g_30744,peppan_g_33704,peppan_g_39882
HFCAGB_03360,peppan_g_2964,peppan_g_7535,peppan_g_12047,peppan_g_16725,peppan_g_21309,peppan_g_26219,peppan_g_30733,peppan_g_33693,peppan_g_39871
HFCAGB_03366,peppan_g_2969,peppan_g_7540,peppan_g_12052,peppan_g_16730,peppan_g_21314,peppan_g_26224,peppan_g_30728,peppan_g_33688,peppan_g_39866
HFCAGB_03396,peppan_g_2999,peppan_g_7570,peppan_g_12087,peppan_g_16760,peppan_g_21344,peppan_g_26254,peppan_g_30698,peppan_g_33658,peppan_g_39835
HFCAGB_03400,peppan_g_3003,peppan_g_7573,peppan_g_12091,peppan_g_16764,peppan_g_21348,peppan_g_26258,peppan_g_30693,peppan_g_33654,peppan_g_39831
HFCAGB_03401,peppan_g_3004,peppan_g_7574,peppan_g_12092,peppan_g_16765,peppan_g_21349,peppan_g_26259,peppan_g_30692,peppan_g_33653,peppan_g_39830
HFCAGB_03429,peppan_g_3031,peppan_g_7604,peppan_g_12122,peppan_g_16792,peppan_g_21376,peppan_g_26286,peppan_g_30665,peppan_g_33626,peppan_g_39803
HFCAGB_03435,peppan_g_3037,peppan_g_7610,peppan_g_12128,peppan_g_16798,peppan_g_21382,peppan_g_26292,peppan_g_30659,peppan_g_33620,peppan_g_39797
HFCAGB_03440,peppan_g_3041,peppan_g_7614,peppan_g_12132,peppan_g_16802,peppan_g_21386,peppan_g_26296,peppan_g_30655,peppan_g_33577,peppan_g_39793
HFCAGB_03473,peppan_g_3071,peppan_g_7644,peppan_g_12162,peppan_g_16832,peppan_g_21416,peppan_g_26326,peppan_g_30625,peppan_g_33547,peppan_g_39763
HFCAGB_03493,peppan_g_3096,peppan_g_7664,peppan_g_12182,peppan_g_16852,peppan_g_21436,peppan_g_26351,peppan_g_30600,peppan_g_33522,peppan_g_39743
HFCAGB_03500,peppan_g_3101,peppan_g_7669,peppan_g_12189,peppan_g_16859,peppan_g_21443,peppan_g_26358,peppan_g_30595,peppan_g_33517,peppan_g_39738
HFCAGB_03504,peppan_g_3104,peppan_g_7672,peppan_g_12192,peppan_g_16862,peppan_g_21446,peppan_g_26361,peppan_g_30592,peppan_g_33514,peppan_g_39735
HFCAGB_03507,peppan_g_3106,peppan_g_7674,peppan_g_12194,peppan_g_16864,peppan_g_21448,peppan_g_26363,peppan_g_30590,peppan_g_33512,peppan_g_39733
HFCAGB_03513,peppan_g_3111,peppan_g_7679,peppan_g_12199,peppan_g_16869,peppan_g_21453,peppan_g_26368,peppan_g_30585,peppan_g_33507,peppan_g_39728
HFCAGB_03540,peppan_g_3135,peppan_g_7703,peppan_g_12224,peppan_g_16894,peppan_g_21479,peppan_g_26393,peppan_g_30560,peppan_g_33482,peppan_g_39704
HFCAGB_03541,peppan_g_3136,peppan_g_7704,peppan_g_12225,peppan_g_16895,peppan_g_21480,peppan_g_26394,peppan_g_30559,peppan_g_33481,peppan_g_39703
HFCAGB_03548,peppan_g_3143,peppan_g_7711,peppan_g_12232,peppan_g_16902,peppan_g_21487,peppan_g_26401,peppan_g_30552,peppan_g_33474,peppan_g_39696
HFCAGB_03575,peppan_g_3168,peppan_g_7736,peppan_g_12257,peppan_g_16927,peppan_g_21512,peppan_g_26426,peppan_g_30527,peppan_g_33449,peppan_g_39671
HFCAGB_03583,peppan_g_3176,peppan_g_7744,peppan_g_12265,peppan_g_16935,peppan_g_21520,peppan_g_26434,peppan_g_30519,peppan_g_33441,peppan_g_39663
HFCAGB_03585,peppan_g_3178,peppan_g_7746,peppan_g_12267,peppan_g_16937,peppan_g_21522,peppan_g_26436,peppan_g_30517,peppan_g_33439,peppan_g_39661
HFCAGB_03596,peppan_g_3189,peppan_g_7757,peppan_g_12278,peppan_g_16948,peppan_g_21533,peppan_g_26447,peppan_g_30506,peppan_g_33428,peppan_g_39650
HFCAGB_03601,peppan_g_3194,peppan_g_7762,peppan_g_12283,peppan_g_16953,peppan_g_21538,peppan_g_26452,peppan_g_30501,peppan_g_33423,peppan_g_39645
HFCAGB_03632,peppan_g_3982,peppan_g_7786,peppan_g_12307,peppan_g_16977,peppan_g_21562,peppan_g_26476,peppan_g_27317,peppan_g_31983,peppan_g_39621
HFCAGB_03633,peppan_g_3981,peppan_g_7787,peppan_g_12308,peppan_g_16978,peppan_g_21563,peppan_g_26477,peppan_g_27316,peppan_g_31982,peppan_g_39620
HFCAGB_03650,peppan_g_3965,peppan_g_7803,peppan_g_12324,peppan_g_16994,peppan_g_21579,peppan_g_26493,peppan_g_27300,peppan_g_31966,peppan_g_39604
HFCAGB_03675,peppan_g_3940,peppan_g_7828,peppan_g_12349,peppan_g_17019,peppan_g_21604,peppan_g_26518,peppan_g_29993,peppan_g_35581,peppan_g_39579
HFCAGB_03698,peppan_g_3915,peppan_g_7852,peppan_g_12373,peppan_g_17043,peppan_g_21628,peppan_g_26542,peppan_g_29969,peppan_g_35557,peppan_g_39555
HFCAGB_03700,peppan_g_3913,peppan_g_7854,peppan_g_12375,peppan_g_17045,peppan_g_21630,peppan_g_26544,peppan_g_29967,peppan_g_35555,peppan_g_39553
HFCAGB_03721,peppan_g_3892,peppan_g_7874,peppan_g_12398,peppan_g_17065,peppan_g_21651,peppan_g_26564,peppan_g_29948,peppan_g_35535,peppan_g_39533
HFCAGB_03722,peppan_g_3891,peppan_g_7875,peppan_g_12399,peppan_g_17066,peppan_g_21652,peppan_g_26565,peppan_g_29947,peppan_g_35534,peppan_g_39532
HFCAGB_03734,peppan_g_3879,peppan_g_7887,peppan_g_12412,peppan_g_17078,peppan_g_21664,peppan_g_26577,peppan_g_29935,peppan_g_35519,peppan_g_39520
HFCAGB_03738,peppan_g_3875,peppan_g_7891,peppan_g_12416,peppan_g_17082,peppan_g_21668,peppan_g_26581,peppan_g_29931,peppan_g_35515,peppan_g_39516
HFCAGB_03740,peppan_g_3873,peppan_g_7893,peppan_g_12418,peppan_g_17084,peppan_g_21670,peppan_g_26583,peppan_g_29929,peppan_g_35513,peppan_g_39514
HFCAGB_03744,peppan_g_3869,peppan_g_7897,peppan_g_12422,peppan_g_17088,peppan_g_21674,peppan_g_26587,peppan_g_29925,peppan_g_35509,peppan_g_39510
HFCAGB_03774,peppan_g_3856,peppan_g_7914,peppan_g_12447,peppan_g_17114,peppan_g_21700,peppan_g_26613,peppan_g_29900,peppan_g_35489,peppan_g_39490
HFCAGB_03799,peppan_g_3833,peppan_g_7937,peppan_g_12470,peppan_g_17138,peppan_g_21724,peppan_g_26637,peppan_g_29876,peppan_g_35465,peppan_g_39466
HFCAGB_03828,peppan_g_3800,peppan_g_7964,peppan_g_12497,peppan_g_17165,peppan_g_21751,peppan_g_26664,peppan_g_29849,peppan_g_35438,peppan_g_39439
HFCAGB_03831,peppan_g_3796,peppan_g_7967,peppan_g_12501,peppan_g_17168,peppan_g_21754,peppan_g_26667,peppan_g_29846,peppan_g_35435,peppan_g_39436
HFCAGB_03838,peppan_g_3791,peppan_g_7974,peppan_g_12508,peppan_g_17175,peppan_g_21761,peppan_g_26674,peppan_g_29839,peppan_g_35428,peppan_g_39429
HFCAGB_03843,peppan_g_3787,peppan_g_7978,peppan_g_12512,peppan_g_17179,peppan_g_21765,peppan_g_26678,peppan_g_29835,peppan_g_35424,peppan_g_39425
HFCAGB_03848,peppan_g_3782,peppan_g_7983,peppan_g_12517,peppan_g_17184,peppan_g_21770,peppan_g_26683,peppan_g_29830,peppan_g_35419,peppan_g_39420
HFCAGB_03850,peppan_g_3780,peppan_g_7985,peppan_g_12519,peppan_g_17186,peppan_g_21772,peppan_g_26685,peppan_g_29828,peppan_g_35417,peppan_g_39418
HFCAGB_03855,peppan_g_3775,peppan_g_7990,peppan_g_12524,peppan_g_17191,peppan_g_21777,peppan_g_26690,peppan_g_29823,peppan_g_35412,peppan_g_39413
HFCAGB_03866,peppan_g_3766,peppan_g_7999,peppan_g_12533,peppan_g_17200,peppan_g_21786,peppan_g_26699,peppan_g_29814,peppan_g_35403,peppan_g_39404
HFCAGB_03882,peppan_g_3758,peppan_g_8007,peppan_g_12547,peppan_g_17214,peppan_g_21800,peppan_g_26713,peppan_g_29800,peppan_g_35389,peppan_g_39390
HFCAGB_03905,peppan_g_3735,peppan_g_8030,peppan_g_12570,peppan_g_17237,peppan_g_21823,peppan_g_26736,peppan_g_29777,peppan_g_35366,peppan_g_39366
HFCAGB_03908,peppan_g_3732,peppan_g_8033,peppan_g_12573,peppan_g_17240,peppan_g_21826,peppan_g_26739,peppan_g_29774,peppan_g_35363,peppan_g_39363
HFCAGB_03912,peppan_g_3728,peppan_g_8037,peppan_g_12577,peppan_g_17244,peppan_g_21830,peppan_g_26743,peppan_g_29770,peppan_g_35359,peppan_g_39359
HFCAGB_03917,peppan_g_3723,peppan_g_8042,peppan_g_12582,peppan_g_17249,peppan_g_21835,peppan_g_26748,peppan_g_29765,peppan_g_35354,peppan_g_39354
HFCAGB_03927,peppan_g_3713,peppan_g_8053,peppan_g_12594,peppan_g_17259,peppan_g_21845,peppan_g_26758,peppan_g_29755,peppan_g_35344,peppan_g_39342
HFCAGB_03929,peppan_g_3711,peppan_g_8055,peppan_g_12596,peppan_g_17261,peppan_g_21847,peppan_g_26760,peppan_g_29753,peppan_g_35342,peppan_g_39340
HFCAGB_03961,peppan_g_3681,peppan_g_8082,peppan_g_12626,peppan_g_17291,peppan_g_21877,peppan_g_26790,peppan_g_29723,peppan_g_35312,peppan_g_39310
HFCAGB_03977,peppan_g_3665,peppan_g_8098,peppan_g_12642,peppan_g_17307,peppan_g_21893,peppan_g_26806,peppan_g_29707,peppan_g_35296,peppan_g_39294
HFCAGB_04003,peppan_g_3641,peppan_g_8127,peppan_g_12670,peppan_g_17330,peppan_g_21917,peppan_g_26830,peppan_g_29688,peppan_g_35277,peppan_g_39275
HFCAGB_04023,peppan_g_3625,peppan_g_8143,peppan_g_12686,peppan_g_17346,peppan_g_21933,peppan_g_26846,peppan_g_29672,peppan_g_35261,peppan_g_39259
HFCAGB_04024,peppan_g_3624,peppan_g_8144,peppan_g_12687,peppan_g_17347,peppan_g_21934,peppan_g_26847,peppan_g_29671,peppan_g_35260,peppan_g_39258
HFCAGB_04025,peppan_g_3623,peppan_g_8145,peppan_g_12688,peppan_g_17348,peppan_g_21935,peppan_g_26848,peppan_g_29670,peppan_g_35259,peppan_g_39257
HFCAGB_04046,peppan_g_3598,peppan_g_8172,peppan_g_12713,peppan_g_17366,peppan_g_21960,peppan_g_26873,peppan_g_29652,peppan_g_35234,peppan_g_39232
HFCAGB_04065,peppan_g_3578,peppan_g_8192,peppan_g_12733,peppan_g_17386,peppan_g_21980,peppan_g_26893,peppan_g_29632,peppan_g_35214,peppan_g_39212
HFCAGB_04066,peppan_g_3577,peppan_g_8193,peppan_g_12734,peppan_g_17387,peppan_g_21981,peppan_g_26894,peppan_g_29631,peppan_g_35213,peppan_g_39211
HFCAGB_04076,peppan_g_3569,peppan_g_8201,peppan_g_12742,peppan_g_17397,peppan_g_21991,peppan_g_26904,peppan_g_29621,peppan_g_35203,peppan_g_39201
HFCAGB_04087,peppan_g_3559,peppan_g_8212,peppan_g_12750,peppan_g_17408,peppan_g_22002,peppan_g_26915,peppan_g_29610,peppan_g_35192,peppan_g_39193
HFCAGB_04096,peppan_g_3550,peppan_g_8221,peppan_g_12761,peppan_g_17417,peppan_g_22016,peppan_g_26924,peppan_g_29597,peppan_g_35183,peppan_g_39128
HFCAGB_04115,peppan_g_3528,peppan_g_8238,peppan_g_12778,peppan_g_17434,peppan_g_22033,peppan_g_26941,peppan_g_29580,peppan_g_33388,peppan_g_39111
HFCAGB_04123,peppan_g_3520,peppan_g_8246,peppan_g_12786,peppan_g_17442,peppan_g_22041,peppan_g_26949,peppan_g_29572,peppan_g_33380,peppan_g_39103
HFCAGB_04125,peppan_g_3518,peppan_g_8248,peppan_g_12788,peppan_g_17444,peppan_g_22043,peppan_g_26951,peppan_g_29570,peppan_g_33378,peppan_g_39101
HFCAGB_04130,peppan_g_3513,peppan_g_8253,peppan_g_12793,peppan_g_17449,peppan_g_22048,peppan_g_26956,peppan_g_29565,peppan_g_33373,peppan_g_39096
HFCAGB_04152,peppan_g_3282,peppan_g_8273,peppan_g_12812,peppan_g_17465,peppan_g_22064,peppan_g_26972,peppan_g_27672,peppan_g_33357,peppan_g_39080
HFCAGB_04156,peppan_g_3278,peppan_g_8277,peppan_g_12816,peppan_g_17469,peppan_g_22068,peppan_g_26976,peppan_g_27668,peppan_g_33353,peppan_g_39076
HFCAGB_04176,peppan_g_3264,peppan_g_8291,peppan_g_12830,peppan_g_17483,peppan_g_22082,peppan_g_26990,peppan_g_27654,peppan_g_33339,peppan_g_39062
HFCAGB_04188,peppan_g_3250,peppan_g_8302,peppan_g_12845,peppan_g_17495,peppan_g_22097,peppan_g_27005,peppan_g_27642,peppan_g_33327,peppan_g_39050
HFCAGB_04191,peppan_g_3247,peppan_g_8305,peppan_g_12848,peppan_g_17498,peppan_g_22100,peppan_g_27008,peppan_g_27639,peppan_g_33324,peppan_g_39047
HFCAGB_04195,peppan_g_3243,peppan_g_8307,peppan_g_12852,peppan_g_17502,peppan_g_22104,peppan_g_27012,peppan_g_27635,peppan_g_33320,peppan_g_39043
HFCAGB_04199,peppan_g_3239,peppan_g_8311,peppan_g_12856,peppan_g_17506,peppan_g_22108,peppan_g_27016,peppan_g_27631,peppan_g_33316,peppan_g_39039
HFCAGB_04233,peppan_g_3510,peppan_g_8339,peppan_g_12884,peppan_g_17534,peppan_g_22136,peppan_g_27044,peppan_g_27770,peppan_g_33288,peppan_g_39011
HFCAGB_04241,peppan_g_3503,peppan_g_8346,peppan_g_12891,peppan_g_17541,peppan_g_22143,peppan_g_27051,peppan_g_27777,peppan_g_33281,peppan_g_39004
HFCAGB_04265,peppan_g_3482,peppan_g_8367,peppan_g_12913,peppan_g_17562,peppan_g_22164,peppan_g_27072,peppan_g_27799,peppan_g_33264,peppan_g_38987
HFCAGB_04273,peppan_g_3474,peppan_g_8375,peppan_g_12921,peppan_g_17570,peppan_g_22172,peppan_g_27080,peppan_g_27807,peppan_g_33256,peppan_g_38979
HFCAGB_04278,peppan_g_3469,peppan_g_8380,peppan_g_12926,peppan_g_17575,peppan_g_22177,peppan_g_27085,peppan_g_27812,peppan_g_33251,peppan_g_38974
HFCAGB_04290,peppan_g_3459,peppan_g_8389,peppan_g_12939,peppan_g_17585,peppan_g_22187,peppan_g_27095,peppan_g_27822,peppan_g_33241,peppan_g_38964
HFCAGB_04293,peppan_g_3456,peppan_g_8392,peppan_g_12942,peppan_g_17588,peppan_g_22190,peppan_g_27098,peppan_g_27825,peppan_g_33238,peppan_g_38961
HFCAGB_04295,peppan_g_3454,peppan_g_8394,peppan_g_12944,peppan_g_17590,peppan_g_22192,peppan_g_27100,peppan_g_27827,peppan_g_33236,peppan_g_38959
HFCAGB_04297,peppan_g_3452,peppan_g_8396,peppan_g_12946,peppan_g_17592,peppan_g_22194,peppan_g_27102,peppan_g_27829,peppan_g_33234,peppan_g_38957
HFCAGB_04309,peppan_g_3440,peppan_g_8408,peppan_g_12958,peppan_g_17604,peppan_g_22206,peppan_g_27114,peppan_g_27841,peppan_g_33222,peppan_g_38945
HFCAGB_04312,peppan_g_3437,peppan_g_8411,peppan_g_12961,peppan_g_17607,peppan_g_22209,peppan_g_27117,peppan_g_27844,peppan_g_33219,peppan_g_38942
HFCAGB_04313,peppan_g_3436,peppan_g_8412,peppan_g_12962,peppan_g_17608,peppan_g_22210,peppan_g_27118,peppan_g_27845,peppan_g_33218,peppan_g_38941
HFCAGB_04321,peppan_g_3428,peppan_g_8420,peppan_g_12970,peppan_g_17616,peppan_g_22218,peppan_g_27126,peppan_g_27853,peppan_g_33210,peppan_g_38933
HFCAGB_04343,peppan_g_3407,peppan_g_8441,peppan_g_12991,peppan_g_17637,peppan_g_22239,peppan_g_27147,peppan_g_27874,peppan_g_33189,peppan_g_38909
HFCAGB_04344,peppan_g_3406,peppan_g_8442,peppan_g_12992,peppan_g_17638,peppan_g_22240,peppan_g_27148,peppan_g_27875,peppan_g_33188,peppan_g_38908
HFCAGB_04345,peppan_g_3405,peppan_g_8443,peppan_g_12993,peppan_g_17639,peppan_g_22241,peppan_g_27149,peppan_g_27876,peppan_g_33187,peppan_g_38907
HFCAGB_04358,peppan_g_3395,peppan_g_8450,peppan_g_13002,peppan_g_17651,peppan_g_22250,peppan_g_27158,peppan_g_27885,peppan_g_33178,peppan_g_38898
HFCAGB_04378,peppan_g_3381,peppan_g_8464,peppan_g_13016,peppan_g_17670,peppan_g_22269,peppan_g_27177,peppan_g_27904,peppan_g_33159,peppan_g_38884
HFCAGB_04379,peppan_g_3380,peppan_g_8465,peppan_g_13017,peppan_g_17671,peppan_g_22270,peppan_g_27178,peppan_g_27905,peppan_g_33158,peppan_g_38883
HFCAGB_04402,peppan_g_3367,peppan_g_8478,peppan_g_13030,peppan_g_17684,peppan_g_22283,peppan_g_22831,peppan_g_27414,peppan_g_32084,peppan_g_38870
HFCAGB_04414,peppan_g_3355,peppan_g_8490,peppan_g_13042,peppan_g_17696,peppan_g_22296,peppan_g_22843,peppan_g_27402,peppan_g_32072,peppan_g_38858
HFCAGB_04419,peppan_g_3350,peppan_g_8495,peppan_g_13047,peppan_g_17701,peppan_g_22301,peppan_g_22848,peppan_g_27397,peppan_g_32067,peppan_g_38853
HFCAGB_04424,peppan_g_3345,peppan_g_8500,peppan_g_13052,peppan_g_17706,peppan_g_22306,peppan_g_22853,peppan_g_27392,peppan_g_32062,peppan_g_38848
HFCAGB_04430,peppan_g_3988,peppan_g_8502,peppan_g_13054,peppan_g_17708,peppan_g_22308,peppan_g_22855,peppan_g_28102,peppan_g_31882;peppan_g_33152,peppan_g_38846
HFCAGB_04432,peppan_g_3990,peppan_g_8504,peppan_g_13056,peppan_g_17710,peppan_g_22310,peppan_g_22857,peppan_g_28104,peppan_g_33150,peppan_g_38844
HFCAGB_04433,peppan_g_3991,peppan_g_8505,peppan_g_13057,peppan_g_17711,peppan_g_22311,peppan_g_22858,peppan_g_28105,peppan_g_33149,peppan_g_38843
HFCAGB_04439,peppan_g_3996,peppan_g_8511,peppan_g_13067,peppan_g_17717,peppan_g_22317,peppan_g_22864,peppan_g_28111,peppan_g_33143,peppan_g_38837
HFCAGB_04440,peppan_g_3997,peppan_g_8512,peppan_g_13068,peppan_g_17718,peppan_g_22318,peppan_g_22865,peppan_g_28112,peppan_g_33142,peppan_g_38836
HFCAGB_04441,peppan_g_3998,peppan_g_8513,peppan_g_13069,peppan_g_17719,peppan_g_22319,peppan_g_22866,peppan_g_28113,peppan_g_33141,peppan_g_38835
HFCAGB_04475,peppan_g_4029,peppan_g_8604,peppan_g_13121,peppan_g_17753,peppan_g_22371,peppan_g_22919,peppan_g_28166,peppan_g_33088,peppan_g_38782
HFCAGB_04495,peppan_g_4049,peppan_g_8624,peppan_g_13141,peppan_g_17773,peppan_g_22391,peppan_g_22939,peppan_g_28186,peppan_g_33068,peppan_g_38762
HFCAGB_04512,peppan_g_4065,peppan_g_8640,peppan_g_13157,peppan_g_17789,peppan_g_22407,peppan_g_22955,peppan_g_28202,peppan_g_33052,peppan_g_38746
HFCAGB_04517,peppan_g_4069,peppan_g_8644,peppan_g_13162,peppan_g_17793,peppan_g_22411,peppan_g_22959,peppan_g_28206,peppan_g_33048,peppan_g_38742
HFCAGB_04534,peppan_g_4084,peppan_g_8659,peppan_g_13179,peppan_g_17808,peppan_g_22426,peppan_g_22974,peppan_g_28221,peppan_g_33033,peppan_g_38727
HFCAGB_04568,peppan_g_4265,peppan_g_8706,peppan_g_13229,peppan_g_17841,peppan_g_22461,peppan_g_23020,peppan_g_28261,peppan_g_32994,peppan_g_38688
HFCAGB_04575,peppan_g_4272,peppan_g_8712,peppan_g_13236,peppan_g_17848,peppan_g_22468,peppan_g_23027,peppan_g_28268,peppan_g_32987,peppan_g_38681
HFCAGB_04584,peppan_g_4278,peppan_g_8718,peppan_g_13242,peppan_g_17854,peppan_g_22474,peppan_g_23033,peppan_g_30479,peppan_g_32981,peppan_g_38675
HFCAGB_04593,peppan_g_4287,peppan_g_8727,peppan_g_13251,peppan_g_17863,peppan_g_22483,peppan_g_23042,peppan_g_30470,peppan_g_32972,peppan_g_38666
HFCAGB_04608,peppan_g_4302,peppan_g_8742,peppan_g_13266,peppan_g_17878,peppan_g_22498,peppan_g_23057,peppan_g_30455,peppan_g_32957,peppan_g_38651
HFCAGB_04622,peppan_g_4316,peppan_g_8757,peppan_g_13281,peppan_g_17892,peppan_g_22512,peppan_g_23071,peppan_g_30441,peppan_g_34043,peppan_g_38637
HFCAGB_04627,peppan_g_4321,peppan_g_8760,peppan_g_13284,peppan_g_17897,peppan_g_22515,peppan_g_23074,peppan_g_30436,peppan_g_34040,peppan_g_38634
HFCAGB_04653,peppan_g_4347,peppan_g_8785,peppan_g_13328,peppan_g_17922,peppan_g_22559,peppan_g_23118,peppan_g_30411,peppan_g_33996,peppan_g_38590
HFCAGB_04655,peppan_g_4349,peppan_g_8787,peppan_g_13330,peppan_g_17924,peppan_g_22561,peppan_g_23120,peppan_g_30409,peppan_g_33994,peppan_g_38588
HFCAGB_04659,peppan_g_4353,peppan_g_8791,peppan_g_13334,peppan_g_17928,peppan_g_22565,peppan_g_23124,peppan_g_30405,peppan_g_33990,peppan_g_38584
HFCAGB_04661,peppan_g_4355,peppan_g_8793,peppan_g_13336,peppan_g_17930,peppan_g_22567,peppan_g_23126,peppan_g_30403,peppan_g_33988,peppan_g_38582
HFCAGB_04668,peppan_g_4362,peppan_g_8800,peppan_g_13343,peppan_g_17937,peppan_g_22574,peppan_g_23133,peppan_g_30397,peppan_g_33982,peppan_g_38575
HFCAGB_04674,peppan_g_4367,peppan_g_8805,peppan_g_13348,peppan_g_17942,peppan_g_22579,peppan_g_23138,peppan_g_30392,peppan_g_33977,peppan_g_38570
HFCAGB_04679,peppan_g_4372,peppan_g_8810,peppan_g_13353,peppan_g_17947,peppan_g_22584,peppan_g_23143,peppan_g_30387,peppan_g_33972,peppan_g_38565
HFCAGB_04725,peppan_g_4425,peppan_g_8838,peppan_g_13421,peppan_g_17992,peppan_g_22618,peppan_g_23180,peppan_g_30339,peppan_g_33943,peppan_g_38517
HFCAGB_04730,peppan_g_4429,peppan_g_8842,peppan_g_13425,peppan_g_17996,peppan_g_22622,peppan_g_23184,peppan_g_30335,peppan_g_33939,peppan_g_38513
HFCAGB_04741,peppan_g_4439,peppan_g_8852,peppan_g_13435,peppan_g_18006,peppan_g_22632,peppan_g_23194,peppan_g_30325,peppan_g_33929,peppan_g_38503
HFCAGB_04759,peppan_g_4450,peppan_g_8857,peppan_g_13440,peppan_g_18023,peppan_g_22642,peppan_g_23204,peppan_g_30309,peppan_g_33920,peppan_g_38494
HFCAGB_04777,peppan_g_4461,peppan_g_8875,peppan_g_13451,peppan_g_18041,peppan_g_22660,peppan_g_23222,peppan_g_30291,peppan_g_33902,peppan_g_38483
HFCAGB_04780,peppan_g_4464,peppan_g_8878,peppan_g_13454,peppan_g_18044,peppan_g_22663,peppan_g_23225,peppan_g_30288,peppan_g_33899,peppan_g_38480
HFCAGB_04795,peppan_g_4476,peppan_g_8890,peppan_g_13466,peppan_g_18056,peppan_g_22675,peppan_g_23237,peppan_g_30276,peppan_g_33887,peppan_g_38468
HFCAGB_04809,peppan_g_4490,peppan_g_8904,peppan_g_13484,peppan_g_18070,peppan_g_22693,peppan_g_23255,peppan_g_30258,peppan_g_33869,peppan_g_38450
HFCAGB_04826,peppan_g_4505,peppan_g_8919,peppan_g_13499,peppan_g_18085,peppan_g_22708,peppan_g_23270,peppan_g_30243,peppan_g_33854,peppan_g_38435
IKCLMC_00034,peppan_g_841,peppan_g_6499,peppan_g_10973,peppan_g_15709,peppan_g_20246,peppan_g_25217,peppan_g_27209,peppan_g_35802,peppan_g_40932
IKCLMC_00037,peppan_g_3375,peppan_g_8470,peppan_g_13022,peppan_g_17676,peppan_g_22275,peppan_g_22826,peppan_g_27212,peppan_g_33153,peppan_g_38878
IKCLMC_00055,peppan_g_2066,peppan_g_5356,peppan_g_9762,peppan_g_14342,peppan_g_18920,peppan_g_24011,peppan_g_27228,peppan_g_32291,peppan_g_37684
IKCLMC_00101,peppan_g_258,peppan_g_7118,peppan_g_11560,peppan_g_16276,peppan_g_20875,peppan_g_25785,peppan_g_27268,peppan_g_34374,peppan_g_40375
IKCLMC_00234,peppan_g_3354,peppan_g_8491,peppan_g_13043,peppan_g_17697,peppan_g_22297,peppan_g_22844,peppan_g_27401,peppan_g_32071,peppan_g_38857
IKCLMC_00384,peppan_g_2076,peppan_g_5346,peppan_g_9752,peppan_g_14332,peppan_g_18910,peppan_g_24001,peppan_g_27539,peppan_g_32281,peppan_g_37694
IKCLMC_00389,peppan_g_2080,peppan_g_5342,peppan_g_9748,peppan_g_14328,peppan_g_18906,peppan_g_23997,peppan_g_27543,peppan_g_32277,peppan_g_37698
IKCLMC_00417,peppan_g_2108,peppan_g_5314,peppan_g_9732,peppan_g_14312,peppan_g_18878,peppan_g_23969,peppan_g_27571,peppan_g_32261,peppan_g_37726
IKCLMC_00442,peppan_g_2134,peppan_g_5288,peppan_g_9706,peppan_g_14286,peppan_g_18852,peppan_g_23943,peppan_g_27597,peppan_g_32194,peppan_g_37752
IKCLMC_00443,peppan_g_2135,peppan_g_5287,peppan_g_9705,peppan_g_14285,peppan_g_18851,peppan_g_23942,peppan_g_27598,peppan_g_32195,peppan_g_37753
IKCLMC_00446,peppan_g_2138,peppan_g_5284,peppan_g_9702,peppan_g_14282,peppan_g_18848,peppan_g_23939,peppan_g_27601,peppan_g_32198,peppan_g_37756
IKCLMC_00449,peppan_g_2141,peppan_g_5281,peppan_g_9699,peppan_g_14279,peppan_g_18845,peppan_g_23936,peppan_g_27604,peppan_g_32201,peppan_g_37759
IKCLMC_00487,peppan_g_3248,peppan_g_8304,peppan_g_12847,peppan_g_17497,peppan_g_22099,peppan_g_27007,peppan_g_27640,peppan_g_33325,peppan_g_39048
IKCLMC_00488,peppan_g_3249,peppan_g_8303,peppan_g_12846,peppan_g_17496,peppan_g_22098,peppan_g_27006,peppan_g_27641,peppan_g_33326,peppan_g_39049
IKCLMC_00500,peppan_g_3263,peppan_g_8292,peppan_g_12831,peppan_g_17484,peppan_g_22083,peppan_g_26991,peppan_g_27653,peppan_g_33338,peppan_g_39061
IKCLMC_00518,peppan_g_3275,peppan_g_8280,peppan_g_12819,peppan_g_17472,peppan_g_22071,peppan_g_26979,peppan_g_27665,peppan_g_33350,peppan_g_39073
IKCLMC_00526,peppan_g_3286,peppan_g_8269,peppan_g_12808,peppan_g_17464,peppan_g_22063,peppan_g_26971,peppan_g_27673,peppan_g_33358,peppan_g_39081
IKCLMC_00556,peppan_g_1812,peppan_g_5549,peppan_g_9969,peppan_g_14607,peppan_g_19190,peppan_g_24222,peppan_g_27700,peppan_g_31933,peppan_g_37372
IKCLMC_00558,peppan_g_1810,peppan_g_5551,peppan_g_9971,peppan_g_14609,peppan_g_19192,peppan_g_24224,peppan_g_27702,peppan_g_31931,peppan_g_37370
IKCLMC_00560,peppan_g_1808,peppan_g_5553,peppan_g_9973,peppan_g_14611,peppan_g_19194,peppan_g_24226,peppan_g_27704,peppan_g_31929,peppan_g_37368
IKCLMC_00568,peppan_g_1799,peppan_g_5562,peppan_g_9982,peppan_g_14620,peppan_g_19203,peppan_g_24235,peppan_g_27713,peppan_g_32505,peppan_g_37359
IKCLMC_00572,peppan_g_1795,peppan_g_5566,peppan_g_9986,peppan_g_14624,peppan_g_19207,peppan_g_24239,peppan_g_27717,peppan_g_32501,peppan_g_37355
IKCLMC_00594,peppan_g_1775,peppan_g_5585,peppan_g_10006,peppan_g_14643,peppan_g_19226,peppan_g_24258,peppan_g_27736,peppan_g_32482,peppan_g_37336
IKCLMC_00600,peppan_g_1769,peppan_g_5591,peppan_g_10012,peppan_g_14649,peppan_g_19232,peppan_g_24264,peppan_g_27742,peppan_g_32476,peppan_g_37330
IKCLMC_00605,peppan_g_1764,peppan_g_5596,peppan_g_10017,peppan_g_14654,peppan_g_19237,peppan_g_24269,peppan_g_27747,peppan_g_32471,peppan_g_37325
IKCLMC_00612,peppan_g_1757,peppan_g_5603,peppan_g_10024,peppan_g_14661,peppan_g_19244,peppan_g_24276,peppan_g_27754,peppan_g_32464,peppan_g_37318
IKCLMC_00665,peppan_g_3481,peppan_g_8368,peppan_g_12914,peppan_g_17563,peppan_g_22165,peppan_g_27073,peppan_g_27800,peppan_g_33263,peppan_g_38986
IKCLMC_00676,peppan_g_3470,peppan_g_8379,peppan_g_12925,peppan_g_17574,peppan_g_22176,peppan_g_27084,peppan_g_27811,peppan_g_33252,peppan_g_38975
IKCLMC_00682,peppan_g_3465,peppan_g_8383,peppan_g_12933,peppan_g_17579,peppan_g_22181,peppan_g_27089,peppan_g_27816,peppan_g_33247,peppan_g_38970
IKCLMC_00684,peppan_g_3464,peppan_g_8384,peppan_g_12934,peppan_g_17580,peppan_g_22182,peppan_g_27090,peppan_g_27817,peppan_g_33246,peppan_g_38969
IKCLMC_00685,peppan_g_3463,peppan_g_8385,peppan_g_12935,peppan_g_17581,peppan_g_22183,peppan_g_27091,peppan_g_27818,peppan_g_33245,peppan_g_38968
IKCLMC_00686,peppan_g_3462,peppan_g_8386,peppan_g_12936,peppan_g_17582,peppan_g_22184,peppan_g_27092,peppan_g_27819,peppan_g_33244,peppan_g_38967
IKCLMC_00693,peppan_g_3455,peppan_g_8393,peppan_g_12943,peppan_g_17589,peppan_g_22191,peppan_g_27099,peppan_g_27826,peppan_g_33237,peppan_g_38960
IKCLMC_00700,peppan_g_3448,peppan_g_8400,peppan_g_12950,peppan_g_17596,peppan_g_22198,peppan_g_27106,peppan_g_27833,peppan_g_33230,peppan_g_38953
IKCLMC_00713,peppan_g_3435,peppan_g_8413,peppan_g_12963,peppan_g_17609,peppan_g_22211,peppan_g_27119,peppan_g_27846,peppan_g_33217,peppan_g_38940
IKCLMC_00715,peppan_g_3433,peppan_g_8415,peppan_g_12965,peppan_g_17611,peppan_g_22213,peppan_g_27121,peppan_g_27848,peppan_g_33215,peppan_g_38938
IKCLMC_00719,peppan_g_3429,peppan_g_8419,peppan_g_12969,peppan_g_17615,peppan_g_22217,peppan_g_27125,peppan_g_27852,peppan_g_33211,peppan_g_38934
IKCLMC_00727,peppan_g_3421,peppan_g_8427,peppan_g_12977,peppan_g_17623,peppan_g_22225,peppan_g_27133,peppan_g_27860,peppan_g_33203,peppan_g_38926
IKCLMC_00747,peppan_g_3403,peppan_g_8445,peppan_g_12996,peppan_g_17642,peppan_g_22244,peppan_g_27152,peppan_g_27879,peppan_g_33184,peppan_g_38904
IKCLMC_00748,peppan_g_3402,peppan_g_8446,peppan_g_12997,peppan_g_17643,peppan_g_22245,peppan_g_27153,peppan_g_27880,peppan_g_33183,peppan_g_38903
IKCLMC_00762,peppan_g_3391,peppan_g_8454,peppan_g_13006,peppan_g_17660,peppan_g_22259,peppan_g_27167,peppan_g_27894,peppan_g_33169,peppan_g_38894
IKCLMC_00765,peppan_g_3388,peppan_g_8457,peppan_g_13009,peppan_g_17663,peppan_g_22262,peppan_g_27170,peppan_g_27897,peppan_g_33166,peppan_g_38891
IKCLMC_00788,peppan_g_1730,peppan_g_5630,peppan_g_10916,peppan_g_15601,peppan_g_19271,peppan_g_24303,peppan_g_27918,peppan_g_32437,peppan_g_37291
IKCLMC_00790,peppan_g_1728,peppan_g_5632,peppan_g_10914,peppan_g_15599,peppan_g_19273,peppan_g_24305,peppan_g_27920,peppan_g_32435,peppan_g_37289
IKCLMC_00810,peppan_g_1709,peppan_g_5651,peppan_g_10895,peppan_g_15580,peppan_g_19292,peppan_g_24324,peppan_g_27939,peppan_g_32416,peppan_g_37270
IKCLMC_00824,peppan_g_1695,peppan_g_5665,peppan_g_10881,peppan_g_15566,peppan_g_19306,peppan_g_24338,peppan_g_27953,peppan_g_32402,peppan_g_37256
IKCLMC_00827,peppan_g_1690,peppan_g_5668,peppan_g_10878,peppan_g_15563,peppan_g_19309,peppan_g_24341,peppan_g_27956,peppan_g_32399,peppan_g_37253
IKCLMC_00835,peppan_g_1685,peppan_g_5675,peppan_g_10871,peppan_g_15556,peppan_g_19316,peppan_g_24348,peppan_g_27963,peppan_g_31883,peppan_g_37246
IKCLMC_00846,peppan_g_1674,peppan_g_5692,peppan_g_10860,peppan_g_15545,peppan_g_19327,peppan_g_24359,peppan_g_27974,peppan_g_32386,peppan_g_37235
IKCLMC_00860,peppan_g_1659,peppan_g_5707,peppan_g_10845,peppan_g_15530,peppan_g_19342,peppan_g_24374,peppan_g_27989,peppan_g_32371,peppan_g_37220
IKCLMC_00862,peppan_g_1657,peppan_g_5709,peppan_g_10843,peppan_g_15528,peppan_g_19344,peppan_g_24376,peppan_g_27991,peppan_g_32369,peppan_g_37218
IKCLMC_00864,peppan_g_1655,peppan_g_5711,peppan_g_10841,peppan_g_15526,peppan_g_19346,peppan_g_24378,peppan_g_27993,peppan_g_32367,peppan_g_37216
IKCLMC_00872,peppan_g_1647,peppan_g_5719,peppan_g_10833,peppan_g_15518,peppan_g_19355,peppan_g_24386,peppan_g_28001,peppan_g_32359,peppan_g_37208
IKCLMC_00879,peppan_g_1640,peppan_g_5726,peppan_g_10826,peppan_g_15511,peppan_g_19362,peppan_g_24393,peppan_g_28008,peppan_g_32352,peppan_g_37201
IKCLMC_00968,peppan_g_1097,peppan_g_5744,peppan_g_10810,peppan_g_15497,peppan_g_19440,peppan_g_24469,peppan_g_28087,peppan_g_32338,peppan_g_37187
IKCLMC_00969,peppan_g_1098,peppan_g_5745,peppan_g_10809,peppan_g_15496,peppan_g_19441,peppan_g_24470,peppan_g_28088,peppan_g_32337,peppan_g_37186
IKCLMC_01028,peppan_g_4007,peppan_g_8522,peppan_g_13099,peppan_g_17731,peppan_g_22349,peppan_g_22897,peppan_g_28144,peppan_g_33110,peppan_g_38804
IKCLMC_01029,peppan_g_4008,peppan_g_8523,peppan_g_13100,peppan_g_17732,peppan_g_22350,peppan_g_22898,peppan_g_28145,peppan_g_33109,peppan_g_38803
IKCLMC_01036,peppan_g_4015,peppan_g_8531,peppan_g_13107,peppan_g_17739,peppan_g_22357,peppan_g_22905,peppan_g_28152,peppan_g_33102,peppan_g_38796
IKCLMC_01038,peppan_g_4017,peppan_g_8533,peppan_g_13109,peppan_g_17741,peppan_g_22359,peppan_g_22907,peppan_g_28154,peppan_g_33100,peppan_g_38794
IKCLMC_01039,peppan_g_4018,peppan_g_8534,peppan_g_13110,peppan_g_17742,peppan_g_22360,peppan_g_22908,peppan_g_28155,peppan_g_33099,peppan_g_38793
IKCLMC_01041,peppan_g_4020,peppan_g_8536,peppan_g_13112,peppan_g_17744,peppan_g_22362,peppan_g_22910,peppan_g_28157,peppan_g_33097,peppan_g_38791
IKCLMC_01045,peppan_g_4024,peppan_g_8540,peppan_g_13116,peppan_g_17748,peppan_g_22366,peppan_g_22914,peppan_g_28161,peppan_g_33093,peppan_g_38787
IKCLMC_01063,peppan_g_4042,peppan_g_8617,peppan_g_13134,peppan_g_17766,peppan_g_22384,peppan_g_22932,peppan_g_28179,peppan_g_33075,peppan_g_38769
IKCLMC_01067,peppan_g_4046,peppan_g_8621,peppan_g_13138,peppan_g_17770,peppan_g_22388,peppan_g_22936,peppan_g_28183,peppan_g_33071,peppan_g_38765
IKCLMC_01083,peppan_g_4061,peppan_g_8636,peppan_g_13153,peppan_g_17785,peppan_g_22403,peppan_g_22951,peppan_g_28198,peppan_g_33056,peppan_g_38750
IKCLMC_01090,peppan_g_4067,peppan_g_8642,peppan_g_13160,peppan_g_17791,peppan_g_22409,peppan_g_22957,peppan_g_28204,peppan_g_33050,peppan_g_38744
IKCLMC_01101,peppan_g_4076,peppan_g_8651,peppan_g_13169;peppan_g_13171,peppan_g_17800,peppan_g_22418,peppan_g_22966,peppan_g_28213,peppan_g_33041,peppan_g_38735
IKCLMC_01110,peppan_g_4085,peppan_g_8660,peppan_g_13180,peppan_g_17809,peppan_g_22427,peppan_g_22975,peppan_g_28222,peppan_g_33032,peppan_g_38726
IKCLMC_01131,peppan_g_4249,peppan_g_8690,peppan_g_13213,peppan_g_17825,peppan_g_22445,peppan_g_23004,peppan_g_28245,peppan_g_33010,peppan_g_38704
IKCLMC_01145,peppan_g_4263,peppan_g_8704,peppan_g_13227,peppan_g_17839,peppan_g_22459,peppan_g_23018,peppan_g_28259,peppan_g_32996,peppan_g_38690
IKCLMC_01196,peppan_g_278,peppan_g_7098,peppan_g_11540,peppan_g_16256,peppan_g_20796,peppan_g_25765,peppan_g_28307,peppan_g_34394,peppan_g_40395
IKCLMC_01197,peppan_g_279,peppan_g_7097,peppan_g_11539,peppan_g_16255,peppan_g_20795,peppan_g_25764,peppan_g_28308,peppan_g_34395,peppan_g_40396
IKCLMC_01209,peppan_g_289,peppan_g_7087,peppan_g_11529,peppan_g_16245,peppan_g_20785,peppan_g_25754,peppan_g_28318,peppan_g_34408,peppan_g_40406
IKCLMC_01225,peppan_g_305,peppan_g_7071,peppan_g_11513,peppan_g_16229,peppan_g_20769,peppan_g_25738,peppan_g_28334,peppan_g_34424,peppan_g_40422
IKCLMC_01227,peppan_g_307,peppan_g_7069,peppan_g_11511,peppan_g_16227,peppan_g_20767,peppan_g_25736,peppan_g_28336,peppan_g_34426,peppan_g_40424
IKCLMC_01229,peppan_g_309,peppan_g_7067,peppan_g_11509,peppan_g_16225,peppan_g_20765,peppan_g_25734,peppan_g_28338,peppan_g_34428,peppan_g_40426
IKCLMC_01303,peppan_g_385,peppan_g_6998,peppan_g_11435,peppan_g_16152,peppan_g_20696,peppan_g_25665,peppan_g_28410,peppan_g_34500,peppan_g_40497
IKCLMC_01309,peppan_g_392,peppan_g_6992,peppan_g_11429,peppan_g_16146,peppan_g_20689,peppan_g_25659,peppan_g_28416,peppan_g_34506,peppan_g_40503
IKCLMC_01316,peppan_g_398,peppan_g_6986,peppan_g_11423,peppan_g_16140,peppan_g_20683,peppan_g_25653,peppan_g_28422,peppan_g_34512,peppan_g_40509
IKCLMC_01330,peppan_g_414,peppan_g_6972,peppan_g_11407,peppan_g_16124,peppan_g_20667,peppan_g_25637,peppan_g_28437,peppan_g_34527,peppan_g_40524
IKCLMC_01339,peppan_g_422,peppan_g_6964,peppan_g_11398,peppan_g_16115,peppan_g_20658,peppan_g_25629,peppan_g_28446,peppan_g_34535,peppan_g_40533
IKCLMC_01341,peppan_g_424,peppan_g_6962,peppan_g_11396,peppan_g_16113,peppan_g_20656,peppan_g_25627,peppan_g_28448,peppan_g_34537,peppan_g_40535
IKCLMC_01384,peppan_g_2041,peppan_g_5381,peppan_g_9796,peppan_g_14376,peppan_g_18954,peppan_g_24045,peppan_g_28490,peppan_g_32919,peppan_g_37607
IKCLMC_01402,peppan_g_2023,peppan_g_5399,peppan_g_9814,peppan_g_14394,peppan_g_18973,peppan_g_24063,peppan_g_28508,peppan_g_32901,peppan_g_37589
IKCLMC_01418,peppan_g_2014,peppan_g_5408,peppan_g_9824,peppan_g_14403,peppan_g_18982,peppan_g_24072,peppan_g_28524,peppan_g_32892,peppan_g_37580
IKCLMC_01420,peppan_g_2012,peppan_g_5410,peppan_g_9826,peppan_g_14405,peppan_g_18984,peppan_g_24074,peppan_g_28526,peppan_g_32890,peppan_g_37578
IKCLMC_01443,peppan_g_1990,peppan_g_5431,peppan_g_9850,peppan_g_14429,peppan_g_19008,peppan_g_24098,peppan_g_28550,peppan_g_32866,peppan_g_37554
IKCLMC_01449,peppan_g_1984,peppan_g_5437,peppan_g_9856,peppan_g_14435,peppan_g_19014,peppan_g_24104,peppan_g_28556,peppan_g_32860,peppan_g_37548
IKCLMC_01466,peppan_g_1977,peppan_g_5453,peppan_g_9863,peppan_g_14451,peppan_g_19030,peppan_g_24120,peppan_g_28572,peppan_g_32844,peppan_g_37532
IKCLMC_01475,peppan_g_1969,peppan_g_5461,peppan_g_9871,peppan_g_14459,peppan_g_19038,peppan_g_24128,peppan_g_28580,peppan_g_32836,peppan_g_37524
IKCLMC_01482,peppan_g_1962,peppan_g_5468,peppan_g_9878,peppan_g_14466,peppan_g_19045,peppan_g_24135,peppan_g_28587,peppan_g_32829,peppan_g_37517
IKCLMC_01489,peppan_g_1955,peppan_g_5475,peppan_g_9885,peppan_g_14473,peppan_g_19052,peppan_g_24142,peppan_g_28594,peppan_g_32822,peppan_g_37510
IKCLMC_01522,peppan_g_1923,peppan_g_5505,peppan_g_9922,peppan_g_14505,peppan_g_19086,peppan_g_24175,peppan_g_28627,peppan_g_32789,peppan_g_37475
IKCLMC_01526,peppan_g_1920,peppan_g_5508,peppan_g_10570,peppan_g_14508,peppan_g_19089,peppan_g_24178,peppan_g_28630,peppan_g_32786,peppan_g_37472
IKCLMC_01546,peppan_g_1900,peppan_g_5528,peppan_g_9945,peppan_g_14528,peppan_g_19109,peppan_g_24198,peppan_g_28650,peppan_g_32766,peppan_g_37452
IKCLMC_01554,peppan_g_1892,peppan_g_5536,peppan_g_9953,peppan_g_14536,peppan_g_19117,peppan_g_24206,peppan_g_28658,peppan_g_31988,peppan_g_37444
IKCLMC_01574,peppan_g_440,peppan_g_6946,peppan_g_11380,peppan_g_16097,peppan_g_20640,peppan_g_25611,peppan_g_28680,peppan_g_34553,peppan_g_40551
IKCLMC_01587,peppan_g_451,peppan_g_6935,peppan_g_11369,peppan_g_16086,peppan_g_20629,peppan_g_25600,peppan_g_28691,peppan_g_34564,peppan_g_40562
IKCLMC_01624,peppan_g_490,peppan_g_6901,peppan_g_11335,peppan_g_16048,peppan_g_20595,peppan_g_25566,peppan_g_28725,peppan_g_34598,peppan_g_40596
IKCLMC_01646,peppan_g_512,peppan_g_6879,peppan_g_11313,peppan_g_16026,peppan_g_20573,peppan_g_25544,peppan_g_28747,peppan_g_34620,peppan_g_40618
IKCLMC_01656,peppan_g_522,peppan_g_6869,peppan_g_11303,peppan_g_16016,peppan_g_20563,peppan_g_25534,peppan_g_28757,peppan_g_34630,peppan_g_40628
IKCLMC_01660,peppan_g_526,peppan_g_6865,peppan_g_11299,peppan_g_16012,peppan_g_20559,peppan_g_25530,peppan_g_28761,peppan_g_34634,peppan_g_40632
IKCLMC_01684,peppan_g_547,peppan_g_6844,peppan_g_11276,peppan_g_15990,peppan_g_20537,peppan_g_25508,peppan_g_28784,peppan_g_34655,peppan_g_40653
IKCLMC_01685,peppan_g_548,peppan_g_6843,peppan_g_11275,peppan_g_15989,peppan_g_20536,peppan_g_25507,peppan_g_28785,peppan_g_34656,peppan_g_40654
IKCLMC_01693,peppan_g_556,peppan_g_6835,peppan_g_11267,peppan_g_15981,peppan_g_20528,peppan_g_25499,peppan_g_28793,peppan_g_34664,peppan_g_40662
IKCLMC_01694,peppan_g_557,peppan_g_6834,peppan_g_11266,peppan_g_15980,peppan_g_20527,peppan_g_25498,peppan_g_28794,peppan_g_34665,peppan_g_40663
IKCLMC_01699,peppan_g_562,peppan_g_6829,peppan_g_11261,peppan_g_15975,peppan_g_20522,peppan_g_25493,peppan_g_28799,peppan_g_34670,peppan_g_40668
IKCLMC_01720,peppan_g_582,peppan_g_6809,peppan_g_11241,peppan_g_15955,peppan_g_20502,peppan_g_25473,peppan_g_28819,peppan_g_34690,peppan_g_40688
IKCLMC_01721,peppan_g_583,peppan_g_6808,peppan_g_11240,peppan_g_15954,peppan_g_20501,peppan_g_25472,peppan_g_28820,peppan_g_34691,peppan_g_40689
IKCLMC_01723,peppan_g_586,peppan_g_6806,peppan_g_11238,peppan_g_15952,peppan_g_20499,peppan_g_25470,peppan_g_28822,peppan_g_34693,peppan_g_40691
IKCLMC_01727,peppan_g_589,peppan_g_6803,peppan_g_11235,peppan_g_15949,peppan_g_20496,peppan_g_25467,peppan_g_28825,peppan_g_34696,peppan_g_40694
IKCLMC_01730,peppan_g_592,peppan_g_6800,peppan_g_11232,peppan_g_15946,peppan_g_20493,peppan_g_25464,peppan_g_28828,peppan_g_34699,peppan_g_40697
IKCLMC_01760,peppan_g_622,peppan_g_6775,peppan_g_11206,peppan_g_15916,peppan_g_20453,peppan_g_25424,peppan_g_28858,peppan_g_34729,peppan_g_40727
IKCLMC_01781,peppan_g_642,peppan_g_6755,peppan_g_11186,peppan_g_15896,peppan_g_20433,peppan_g_25404,peppan_g_28878,peppan_g_35591,peppan_g_40747
IKCLMC_01782,peppan_g_643,peppan_g_6754,peppan_g_11185,peppan_g_15895,peppan_g_20432,peppan_g_25403,peppan_g_28879,peppan_g_35592,peppan_g_40748
IKCLMC_01788,peppan_g_649,peppan_g_6748,peppan_g_11179,peppan_g_15889,peppan_g_20426,peppan_g_25397,peppan_g_28885,peppan_g_35599,peppan_g_40754
IKCLMC_01793,peppan_g_654,peppan_g_6743,peppan_g_11174,peppan_g_15884,peppan_g_20421,peppan_g_25392,peppan_g_28890,peppan_g_35604,peppan_g_40759
IKCLMC_01807,peppan_g_668,peppan_g_6729,peppan_g_11160,peppan_g_15870,peppan_g_20407,peppan_g_25378,peppan_g_28904,peppan_g_35618,peppan_g_40773
IKCLMC_01813,peppan_g_673,peppan_g_6724,peppan_g_11155,peppan_g_15865,peppan_g_20402,peppan_g_25373,peppan_g_28909,peppan_g_35623,peppan_g_40778
IKCLMC_01816,peppan_g_676,peppan_g_6721,peppan_g_11152,peppan_g_15862,peppan_g_20399,peppan_g_25370,peppan_g_28912,peppan_g_35626,peppan_g_40781
IKCLMC_01819,peppan_g_679,peppan_g_6718,peppan_g_11149,peppan_g_15859,peppan_g_20396,peppan_g_25367,peppan_g_28915,peppan_g_35629,peppan_g_40784
IKCLMC_01869,peppan_g_729,peppan_g_6680,peppan_g_11099,peppan_g_15821,peppan_g_20357,peppan_g_25328,peppan_g_28962,peppan_g_35688,peppan_g_40830
IKCLMC_01882,peppan_g_742,peppan_g_6667,peppan_g_11086,peppan_g_15808,peppan_g_20344,peppan_g_25315,peppan_g_28975,peppan_g_35701,peppan_g_40843
IKCLMC_01885,peppan_g_745,peppan_g_6664,peppan_g_11083,peppan_g_15805,peppan_g_20341,peppan_g_25312,peppan_g_28978,peppan_g_35704,peppan_g_40846
IKCLMC_01886,peppan_g_746,peppan_g_6663,peppan_g_11082,peppan_g_15804,peppan_g_20340,peppan_g_25311,peppan_g_28979,peppan_g_35705,peppan_g_40847
IKCLMC_01892,peppan_g_752,peppan_g_6657,peppan_g_11076,peppan_g_15798,peppan_g_20334,peppan_g_25305,peppan_g_28985,peppan_g_35711,peppan_g_40853
IKCLMC_01918,peppan_g_776,peppan_g_6630,peppan_g_11053,peppan_g_15774,peppan_g_20311,peppan_g_25282,peppan_g_29011,peppan_g_35737,peppan_g_40867
IKCLMC_01919,peppan_g_777,peppan_g_6629,peppan_g_11052,peppan_g_15773,peppan_g_20310,peppan_g_25281,peppan_g_29012,peppan_g_35738,peppan_g_40868
IKCLMC_01938,peppan_g_792,peppan_g_6557,peppan_g_11037,peppan_g_15758,peppan_g_20295,peppan_g_25266,peppan_g_29027,peppan_g_35753,peppan_g_40883
IKCLMC_01955,peppan_g_808,peppan_g_6541,peppan_g_11021,peppan_g_15742,peppan_g_20279,peppan_g_25250,peppan_g_29043,peppan_g_35769,peppan_g_40899
IKCLMC_01958,peppan_g_811,peppan_g_6538,peppan_g_11018,peppan_g_15739,peppan_g_20276,peppan_g_25247,peppan_g_29046,peppan_g_35772,peppan_g_40902
IKCLMC_01960,peppan_g_813,peppan_g_6536,peppan_g_11016,peppan_g_15737,peppan_g_20274,peppan_g_25245,peppan_g_29048,peppan_g_35774,peppan_g_40904
IKCLMC_01982,peppan_g_834,peppan_g_6515,peppan_g_10995,peppan_g_15716,peppan_g_20253,peppan_g_25224,peppan_g_29069,peppan_g_35795,peppan_g_40925
IKCLMC_02062,peppan_g_2473,peppan_g_4822,peppan_g_9342,peppan_g_13859,peppan_g_18484,peppan_g_23576,peppan_g_29152,peppan_g_35115,peppan_g_38118
IKCLMC_02064,peppan_g_2471,peppan_g_4824,peppan_g_9344,peppan_g_13861,peppan_g_18486,peppan_g_23578,peppan_g_29154,peppan_g_35113,peppan_g_38116
IKCLMC_02093,peppan_g_2453,peppan_g_4855,peppan_g_9374,peppan_g_13892,peppan_g_18515,peppan_g_23606,peppan_g_29182,peppan_g_35082,peppan_g_38085
IKCLMC_02095,peppan_g_2451,peppan_g_4857,peppan_g_9376,peppan_g_13894,peppan_g_18517,peppan_g_23608,peppan_g_29184,peppan_g_35080,peppan_g_38083
IKCLMC_02115,peppan_g_2436,peppan_g_4876,peppan_g_9395,peppan_g_13913,peppan_g_18536,peppan_g_23627,peppan_g_29203,peppan_g_35061,peppan_g_38064
IKCLMC_02128,peppan_g_2424,peppan_g_4888,peppan_g_9407,peppan_g_13925,peppan_g_18548,peppan_g_23639,peppan_g_29215,peppan_g_35049,peppan_g_38052
IKCLMC_02179,peppan_g_2373,peppan_g_4936,peppan_g_9455,peppan_g_13975,peppan_g_18598,peppan_g_23689,peppan_g_29265,peppan_g_34999,peppan_g_38002
IKCLMC_02184,peppan_g_2368,peppan_g_4941,peppan_g_9460,peppan_g_13980,peppan_g_18603,peppan_g_23694,peppan_g_29270,peppan_g_34994,peppan_g_37997
IKCLMC_02205,peppan_g_2347,peppan_g_4959,peppan_g_9480,peppan_g_14000,peppan_g_18623,peppan_g_23714,peppan_g_29290,peppan_g_34974,peppan_g_37977
IKCLMC_02212,peppan_g_2340,peppan_g_4966,peppan_g_9487,peppan_g_14007,peppan_g_18630,peppan_g_23721,peppan_g_29297,peppan_g_34967,peppan_g_37970
IKCLMC_02231,peppan_g_2321,peppan_g_4984,peppan_g_9505,peppan_g_14025,peppan_g_18648,peppan_g_23739,peppan_g_29315,peppan_g_34949,peppan_g_37952
IKCLMC_02238,peppan_g_2314,peppan_g_4991,peppan_g_9513,peppan_g_14032,peppan_g_18655,peppan_g_23746,peppan_g_29322,peppan_g_34942,peppan_g_37945
IKCLMC_02239,peppan_g_2313,peppan_g_4992,peppan_g_9514,peppan_g_14033,peppan_g_18656,peppan_g_23747,peppan_g_29323,peppan_g_34941,peppan_g_37944
IKCLMC_02248,peppan_g_2304,peppan_g_5001,peppan_g_9523,peppan_g_14042,peppan_g_18665,peppan_g_23756,peppan_g_29332,peppan_g_34932,peppan_g_37935
IKCLMC_02263,peppan_g_2290,peppan_g_5015,peppan_g_9537,peppan_g_14056,peppan_g_18679,peppan_g_23770,peppan_g_29346,peppan_g_34918,peppan_g_37921
IKCLMC_02293,peppan_g_2262,peppan_g_5025,peppan_g_9565,peppan_g_14084,peppan_g_18707,peppan_g_23798,peppan_g_29374,peppan_g_34890,peppan_g_37893
IKCLMC_02294,peppan_g_2261,peppan_g_5026,peppan_g_9566,peppan_g_14085,peppan_g_18708,peppan_g_23799,peppan_g_29375,peppan_g_34889,peppan_g_37892
IKCLMC_02401,peppan_g_2219,peppan_g_5202,peppan_g_9612,peppan_g_14195,peppan_g_18761,peppan_g_23852,peppan_g_29480,peppan_g_34785,peppan_g_37842
IKCLMC_02406,peppan_g_2214,peppan_g_5207,peppan_g_9617,peppan_g_14200,peppan_g_18766,peppan_g_23857,peppan_g_29485,peppan_g_34780,peppan_g_37837
IKCLMC_02423,peppan_g_2197,peppan_g_5223,peppan_g_9633,peppan_g_14216,peppan_g_18782,peppan_g_23873,peppan_g_29501,peppan_g_34764,peppan_g_37821
IKCLMC_02437,peppan_g_2183,peppan_g_5237,peppan_g_9647,peppan_g_14230,peppan_g_18796,peppan_g_23887,peppan_g_29515,peppan_g_34750,peppan_g_37807
IKCLMC_02443,peppan_g_2177,peppan_g_5243,peppan_g_9653,peppan_g_14236,peppan_g_18802,peppan_g_23893,peppan_g_29521,peppan_g_34744,peppan_g_37801
IKCLMC_02446,peppan_g_2174,peppan_g_5246,peppan_g_9656,peppan_g_14239,peppan_g_18805,peppan_g_23896,peppan_g_29524,peppan_g_34741,peppan_g_37798
IKCLMC_02453,peppan_g_2167,peppan_g_5253,peppan_g_9663,peppan_g_14246,peppan_g_18812,peppan_g_23903,peppan_g_29531,peppan_g_32233,peppan_g_37791
IKCLMC_02463,peppan_g_2157,peppan_g_5263,peppan_g_9673,peppan_g_14256,peppan_g_18822,peppan_g_23913,peppan_g_29541,peppan_g_32223,peppan_g_37781
IKCLMC_02465,peppan_g_2155,peppan_g_5265,peppan_g_9675,peppan_g_14258,peppan_g_18824,peppan_g_23915,peppan_g_29543,peppan_g_32221,peppan_g_37779
IKCLMC_02476,peppan_g_2150,peppan_g_5269,peppan_g_9686,peppan_g_14269,peppan_g_18835,peppan_g_23926,peppan_g_29554,peppan_g_32210,peppan_g_37768
IKCLMC_02504,peppan_g_3527,peppan_g_8239,peppan_g_12779,peppan_g_17435,peppan_g_22034,peppan_g_26942,peppan_g_29579,peppan_g_33387,peppan_g_39110
IKCLMC_02517,peppan_g_3539,peppan_g_8227,peppan_g_12767,peppan_g_17423,peppan_g_22022,peppan_g_26930,peppan_g_29591,peppan_g_33399,peppan_g_39122
IKCLMC_02526,peppan_g_3553,peppan_g_8218,peppan_g_12758,peppan_g_17414,peppan_g_22013,peppan_g_26921,peppan_g_29600,peppan_g_35186,peppan_g_39131
IKCLMC_02531,peppan_g_3558,peppan_g_8213,peppan_g_12751,peppan_g_17409,peppan_g_22008,peppan_g_26916,peppan_g_29605,peppan_g_35191,peppan_g_39137
IKCLMC_02542,peppan_g_3564,peppan_g_8207,peppan_g_12745,peppan_g_17403,peppan_g_21997,peppan_g_26910,peppan_g_29615,peppan_g_35197,peppan_g_39198
IKCLMC_02569,peppan_g_3589,peppan_g_8181,peppan_g_12722,peppan_g_17375,peppan_g_21969,peppan_g_26882,peppan_g_29643,peppan_g_35225,peppan_g_39223
IKCLMC_02581,peppan_g_3601,peppan_g_8169,peppan_g_12710,peppan_g_17363,peppan_g_21957,peppan_g_26870,peppan_g_29655,peppan_g_35237,peppan_g_39235
IKCLMC_02589,peppan_g_3606,peppan_g_8164,peppan_g_12705,peppan_g_17358,peppan_g_21952,peppan_g_26865,peppan_g_29660,peppan_g_35242,peppan_g_39240
IKCLMC_02596,peppan_g_3613,peppan_g_8157,peppan_g_12698,peppan_g_17351,peppan_g_21945,peppan_g_26858,peppan_g_29667,peppan_g_35249,peppan_g_39247
IKCLMC_02603,peppan_g_3626,peppan_g_8142,peppan_g_12685,peppan_g_17345,peppan_g_21932,peppan_g_26845,peppan_g_29673,peppan_g_35262,peppan_g_39260
IKCLMC_02639,peppan_g_3666,peppan_g_8097,peppan_g_12641,peppan_g_17306,peppan_g_21892,peppan_g_26805,peppan_g_29708,peppan_g_35297,peppan_g_39295
IKCLMC_02658,peppan_g_3685,peppan_g_8078,peppan_g_12622,peppan_g_17287,peppan_g_21873,peppan_g_26786,peppan_g_29727,peppan_g_35316,peppan_g_39314
IKCLMC_02662,peppan_g_3689,peppan_g_8074,peppan_g_12618,peppan_g_17283,peppan_g_21869,peppan_g_26782,peppan_g_29731,peppan_g_35320,peppan_g_39318
IKCLMC_02669,peppan_g_3696,peppan_g_8067,peppan_g_12611,peppan_g_17276,peppan_g_21862,peppan_g_26775,peppan_g_29738,peppan_g_35327,peppan_g_39325
IKCLMC_02674,peppan_g_3701,peppan_g_8062,peppan_g_12606,peppan_g_17271,peppan_g_21857,peppan_g_26770,peppan_g_29743,peppan_g_35332,peppan_g_39330
IKCLMC_02681,peppan_g_3708,peppan_g_8058,peppan_g_12599,peppan_g_17264,peppan_g_21850,peppan_g_26763,peppan_g_29750,peppan_g_35339,peppan_g_39337
IKCLMC_02686,peppan_g_3712,peppan_g_8054,peppan_g_12595,peppan_g_17260,peppan_g_21846,peppan_g_26759,peppan_g_29754,peppan_g_35343,peppan_g_39341
IKCLMC_02704,peppan_g_3730,peppan_g_8035,peppan_g_12575,peppan_g_17242,peppan_g_21828,peppan_g_26741,peppan_g_29772,peppan_g_35361,peppan_g_39361
IKCLMC_02713,peppan_g_3739,peppan_g_8026,peppan_g_12566,peppan_g_17233,peppan_g_21819,peppan_g_26732,peppan_g_29781,peppan_g_35370,peppan_g_39370
IKCLMC_02714,peppan_g_3740,peppan_g_8025,peppan_g_12565,peppan_g_17232,peppan_g_21818,peppan_g_26731,peppan_g_29782,peppan_g_35371,peppan_g_39371
IKCLMC_02716,peppan_g_3742,peppan_g_8023,peppan_g_12563,peppan_g_17230,peppan_g_21816,peppan_g_26729,peppan_g_29784,peppan_g_35373,peppan_g_39373
IKCLMC_02717,peppan_g_3743,peppan_g_8022,peppan_g_12562,peppan_g_17229,peppan_g_21815,peppan_g_26728,peppan_g_29785,peppan_g_35374,peppan_g_39374
IKCLMC_02732,peppan_g_3757,peppan_g_8008,peppan_g_12548,peppan_g_17215,peppan_g_21801,peppan_g_26714,peppan_g_29799,peppan_g_35388,peppan_g_39389
IKCLMC_02787,peppan_g_3801,peppan_g_7963,peppan_g_12496,peppan_g_17164,peppan_g_21750,peppan_g_26663,peppan_g_29850,peppan_g_35439,peppan_g_39440
IKCLMC_02809,peppan_g_3828,peppan_g_7942,peppan_g_12475,peppan_g_17143,peppan_g_21729,peppan_g_26642,peppan_g_29871,peppan_g_35460,peppan_g_39461
IKCLMC_02825,peppan_g_3843,peppan_g_7927,peppan_g_12460,peppan_g_17127,peppan_g_21713,peppan_g_26626,peppan_g_29887,peppan_g_35476,peppan_g_39477
IKCLMC_02833,peppan_g_3851,peppan_g_7919,peppan_g_12452,peppan_g_17119,peppan_g_21705,peppan_g_26618,peppan_g_29895,peppan_g_35484,peppan_g_39485
IKCLMC_02876,peppan_g_3878,peppan_g_7888,peppan_g_12413,peppan_g_17079,peppan_g_21665,peppan_g_26578,peppan_g_29934,peppan_g_35518,peppan_g_39519
IKCLMC_02878,peppan_g_3880,peppan_g_7886,peppan_g_12411,peppan_g_17077,peppan_g_21663,peppan_g_26576,peppan_g_29936,peppan_g_35520,peppan_g_39521
IKCLMC_02917,peppan_g_3920,peppan_g_7847,peppan_g_12368,peppan_g_17038,peppan_g_21623,peppan_g_26537,peppan_g_29974,peppan_g_35562,peppan_g_39560
IKCLMC_02918,peppan_g_3921,peppan_g_7846,peppan_g_12367,peppan_g_17037,peppan_g_21622,peppan_g_26536,peppan_g_29975,peppan_g_35563,peppan_g_39561
IKCLMC_02923,peppan_g_3927,peppan_g_7841,peppan_g_12362,peppan_g_17032,peppan_g_21617,peppan_g_26531,peppan_g_29980,peppan_g_35568,peppan_g_39566
IKCLMC_02944,peppan_g_242,peppan_g_4745,peppan_g_9296,peppan_g_13793,peppan_g_18417,peppan_g_23511,peppan_g_30000,peppan_g_32024,peppan_g_38184
IKCLMC_02969,peppan_g_215,peppan_g_4720,peppan_g_9271,peppan_g_13768,peppan_g_18392,peppan_g_23486,peppan_g_30025,peppan_g_32519,peppan_g_38209
IKCLMC_02973,peppan_g_213,peppan_g_4718,peppan_g_9269,peppan_g_13766,peppan_g_18390,peppan_g_23484,peppan_g_30027,peppan_g_32521,peppan_g_38211
IKCLMC_02980,peppan_g_206,peppan_g_4710,peppan_g_9262,peppan_g_13758,peppan_g_18383,peppan_g_23477,peppan_g_30034,peppan_g_32528,peppan_g_38218
IKCLMC_02999,peppan_g_195,peppan_g_4699,peppan_g_9242,peppan_g_13739,peppan_g_18364,peppan_g_23458,peppan_g_30053,peppan_g_32547,peppan_g_38237
IKCLMC_03047,peppan_g_148,peppan_g_4648,peppan_g_9191,peppan_g_13693,peppan_g_18319,peppan_g_23413,peppan_g_30099,peppan_g_32600,peppan_g_38290
IKCLMC_03060,peppan_g_134,peppan_g_4636,peppan_g_9177,peppan_g_13679,peppan_g_18307,peppan_g_23401,peppan_g_30111,peppan_g_32612,peppan_g_38304
IKCLMC_03067,peppan_g_128,peppan_g_4630,peppan_g_9171,peppan_g_13673,peppan_g_18301,peppan_g_23395,peppan_g_30117,peppan_g_33729,peppan_g_38310
IKCLMC_03090,peppan_g_108,peppan_g_4610,peppan_g_9151,peppan_g_13652,peppan_g_18281,peppan_g_23375,peppan_g_30138,peppan_g_33749,peppan_g_38331
IKCLMC_03097,peppan_g_101,peppan_g_4603,peppan_g_9144,peppan_g_13645,peppan_g_18274,peppan_g_23368,peppan_g_30145,peppan_g_33756,peppan_g_38338
IKCLMC_03102,peppan_g_93,peppan_g_4598,peppan_g_9136,peppan_g_13640,peppan_g_18269,peppan_g_23363,peppan_g_30150,peppan_g_33761,peppan_g_38343
IKCLMC_03106,peppan_g_89,peppan_g_4594,peppan_g_9132,peppan_g_13636,peppan_g_18265,peppan_g_23359,peppan_g_30154,peppan_g_33765,peppan_g_38347
IKCLMC_03111,peppan_g_84,peppan_g_4589,peppan_g_9127,peppan_g_13631,peppan_g_18260,peppan_g_23354,peppan_g_30159,peppan_g_33770,peppan_g_38352
IKCLMC_03117,peppan_g_80,peppan_g_4585,peppan_g_9123,peppan_g_13630,peppan_g_18256,peppan_g_23350,peppan_g_30163,peppan_g_33774,peppan_g_38356
IKCLMC_03120,peppan_g_78,peppan_g_4583,peppan_g_9121,peppan_g_13628,peppan_g_18254,peppan_g_23348,peppan_g_30165,peppan_g_33776,peppan_g_38358
IKCLMC_03127,peppan_g_71,peppan_g_4576,peppan_g_9114,peppan_g_13621,peppan_g_18247,peppan_g_23341,peppan_g_30172,peppan_g_33783,peppan_g_38365
IKCLMC_03138,peppan_g_59,peppan_g_4564,peppan_g_9102,peppan_g_13609,peppan_g_18234,peppan_g_23329,peppan_g_30184,peppan_g_33795,peppan_g_38377
IKCLMC_03158,peppan_g_40,peppan_g_4545,peppan_g_9083,peppan_g_13590,peppan_g_18215,peppan_g_23310,peppan_g_30203,peppan_g_33814,peppan_g_38396
IKCLMC_03185,peppan_g_12,peppan_g_4517,peppan_g_9055,peppan_g_13562,peppan_g_18187,peppan_g_23282,peppan_g_30231,peppan_g_33842,peppan_g_38423
IKCLMC_03193,peppan_g_5,peppan_g_4510,peppan_g_9048,peppan_g_13555,peppan_g_18180,peppan_g_23275,peppan_g_30238,peppan_g_33849,peppan_g_38430
IKCLMC_03195,peppan_g_3,peppan_g_4508,peppan_g_9046,peppan_g_13553,peppan_g_18178,peppan_g_23273,peppan_g_30240,peppan_g_33851,peppan_g_38432
IKCLMC_03207,peppan_g_4497,peppan_g_8911,peppan_g_13491,peppan_g_18077,peppan_g_22700,peppan_g_23262,peppan_g_30251,peppan_g_33862,peppan_g_38443
IKCLMC_03208,peppan_g_4496,peppan_g_8910,peppan_g_13490,peppan_g_18076,peppan_g_22699,peppan_g_23261,peppan_g_30252,peppan_g_33863,peppan_g_38444
IKCLMC_03214,peppan_g_4491,peppan_g_8905,peppan_g_13485,peppan_g_18071,peppan_g_22694,peppan_g_23256,peppan_g_30257,peppan_g_33868,peppan_g_38449
IKCLMC_03216,peppan_g_4489,peppan_g_8903,peppan_g_13483,peppan_g_18069,peppan_g_22692,peppan_g_23254,peppan_g_30259,peppan_g_33870,peppan_g_38451
IKCLMC_03217,peppan_g_4488,peppan_g_8902,peppan_g_13482,peppan_g_18068,peppan_g_22691,peppan_g_23253,peppan_g_30260,peppan_g_33871,peppan_g_38452
IKCLMC_03221,peppan_g_4484,peppan_g_8898,peppan_g_13478,peppan_g_18064,peppan_g_22687,peppan_g_23249,peppan_g_30264,peppan_g_33875,peppan_g_38456
IKCLMC_03236,peppan_g_4473,peppan_g_8887,peppan_g_13463,peppan_g_18053,peppan_g_22672,peppan_g_23234,peppan_g_30279,peppan_g_33890,peppan_g_38471
IKCLMC_03254,peppan_g_4458,peppan_g_8872,peppan_g_13448,peppan_g_18038,peppan_g_22657,peppan_g_23219,peppan_g_30294,peppan_g_33905,peppan_g_38486
IKCLMC_03286,peppan_g_4437,peppan_g_8850,peppan_g_13433,peppan_g_18004,peppan_g_22630,peppan_g_23192,peppan_g_30327,peppan_g_33931,peppan_g_38505
IKCLMC_03338,peppan_g_4381,peppan_g_8819,peppan_g_13362,peppan_g_17956,peppan_g_22593,peppan_g_23152,peppan_g_30378,peppan_g_33963,peppan_g_38556
IKCLMC_03351,peppan_g_4369,peppan_g_8807,peppan_g_13350,peppan_g_17944,peppan_g_22581,peppan_g_23140,peppan_g_30390,peppan_g_33975,peppan_g_38568
IKCLMC_03355,peppan_g_4365,peppan_g_8803,peppan_g_13346,peppan_g_17940,peppan_g_22577,peppan_g_23136,peppan_g_30394,peppan_g_33979,peppan_g_38572
IKCLMC_03357,peppan_g_4363,peppan_g_8801,peppan_g_13344,peppan_g_17938,peppan_g_22575,peppan_g_23134,peppan_g_30396,peppan_g_33981,peppan_g_38574
IKCLMC_03380,peppan_g_4340,peppan_g_8778,peppan_g_13321,peppan_g_17915,peppan_g_22552,peppan_g_23111,peppan_g_30418,peppan_g_34003,peppan_g_38597
IKCLMC_03381,peppan_g_4339,peppan_g_8777,peppan_g_13320,peppan_g_17914,peppan_g_22551,peppan_g_23110,peppan_g_30419,peppan_g_34004,peppan_g_38598
IKCLMC_03390,peppan_g_4330,peppan_g_8768,peppan_g_13292,peppan_g_17905,peppan_g_22523,peppan_g_23082,peppan_g_30428,peppan_g_34032,peppan_g_38626
IKCLMC_03414,peppan_g_4306,peppan_g_8746,peppan_g_13270,peppan_g_17882,peppan_g_22502,peppan_g_23061,peppan_g_30451,peppan_g_32953,peppan_g_38647
IKCLMC_03432,peppan_g_4288,peppan_g_8728,peppan_g_13252,peppan_g_17864,peppan_g_22484,peppan_g_23043,peppan_g_30469,peppan_g_32971,peppan_g_38665
IKCLMC_03441,peppan_g_4279,peppan_g_8719,peppan_g_13243,peppan_g_17855,peppan_g_22475,peppan_g_23034,peppan_g_30478,peppan_g_32980,peppan_g_38674
IKCLMC_03445,peppan_g_4275,peppan_g_8715,peppan_g_13239,peppan_g_17851,peppan_g_22471,peppan_g_23030,peppan_g_30482,peppan_g_32984,peppan_g_38678
IKCLMC_03454,peppan_g_3204,peppan_g_7772,peppan_g_12293,peppan_g_16963,peppan_g_21548,peppan_g_26462,peppan_g_30491,peppan_g_33413,peppan_g_39635
IKCLMC_03455,peppan_g_3202,peppan_g_7770,peppan_g_12291,peppan_g_16961,peppan_g_21546,peppan_g_26460,peppan_g_30493,peppan_g_33415,peppan_g_39637
IKCLMC_03464,peppan_g_3193,peppan_g_7761,peppan_g_12282,peppan_g_16952,peppan_g_21537,peppan_g_26451,peppan_g_30502,peppan_g_33424,peppan_g_39646
IKCLMC_03467,peppan_g_3190,peppan_g_7758,peppan_g_12279,peppan_g_16949,peppan_g_21534,peppan_g_26448,peppan_g_30505,peppan_g_33427,peppan_g_39649
IKCLMC_03475,peppan_g_3182,peppan_g_7750,peppan_g_12271,peppan_g_16941,peppan_g_21526,peppan_g_26440,peppan_g_30513,peppan_g_33435,peppan_g_39657
IKCLMC_03534,peppan_g_3124,peppan_g_7692,peppan_g_12213,peppan_g_16883,peppan_g_21468,peppan_g_26382,peppan_g_30571,peppan_g_33493,peppan_g_39715
IKCLMC_03539,peppan_g_3119,peppan_g_7687,peppan_g_12208,peppan_g_16878,peppan_g_21463,peppan_g_26377,peppan_g_30576,peppan_g_33498,peppan_g_39720
IKCLMC_03560,peppan_g_3103,peppan_g_7671,peppan_g_12191,peppan_g_16861,peppan_g_21445,peppan_g_26360,peppan_g_30593,peppan_g_33515,peppan_g_39736
IKCLMC_03597,peppan_g_3068,peppan_g_7641,peppan_g_12159,peppan_g_16829,peppan_g_21413,peppan_g_26323,peppan_g_30628,peppan_g_33550,peppan_g_39766
IKCLMC_03603,peppan_g_3063,peppan_g_7636,peppan_g_12154,peppan_g_16824,peppan_g_21408,peppan_g_26318,peppan_g_30633,peppan_g_33555,peppan_g_39771
IKCLMC_03604,peppan_g_3062,peppan_g_7635,peppan_g_12153,peppan_g_16823,peppan_g_21407,peppan_g_26317,peppan_g_30634,peppan_g_33556,peppan_g_39772
IKCLMC_03606,peppan_g_3060,peppan_g_7633,peppan_g_12151,peppan_g_16821,peppan_g_21405,peppan_g_26315,peppan_g_30636,peppan_g_33558,peppan_g_39774
IKCLMC_03642,peppan_g_3026,peppan_g_7599,peppan_g_12117,peppan_g_16787,peppan_g_21371,peppan_g_26281,peppan_g_30670,peppan_g_33631,peppan_g_39808
IKCLMC_03646,peppan_g_3023,peppan_g_7596,peppan_g_12114,peppan_g_16784,peppan_g_21368,peppan_g_26278,peppan_g_30673,peppan_g_33634,peppan_g_39811
IKCLMC_03652,peppan_g_3017,peppan_g_7587,peppan_g_12105,peppan_g_16778,peppan_g_21362,peppan_g_26272,peppan_g_30679,peppan_g_33640,peppan_g_39817
IKCLMC_03658,peppan_g_3011,peppan_g_7581,peppan_g_12099,peppan_g_16772,peppan_g_21356,peppan_g_26266,peppan_g_30685,peppan_g_33646,peppan_g_39823
IKCLMC_03659,peppan_g_3010,peppan_g_7580,peppan_g_12098,peppan_g_16771,peppan_g_21355,peppan_g_26265,peppan_g_30686,peppan_g_33647,peppan_g_39824
IKCLMC_03679,peppan_g_2991,peppan_g_7562,peppan_g_12074,peppan_g_16752,peppan_g_21336,peppan_g_26246,peppan_g_30706,peppan_g_33666,peppan_g_39843
IKCLMC_03688,peppan_g_2982,peppan_g_7553,peppan_g_12065,peppan_g_16743,peppan_g_21327,peppan_g_26237,peppan_g_30715,peppan_g_33675,peppan_g_39852
IKCLMC_03699,peppan_g_2971,peppan_g_7542,peppan_g_12054,peppan_g_16732,peppan_g_21316,peppan_g_26226,peppan_g_30726,peppan_g_33686,peppan_g_39864
IKCLMC_03719,peppan_g_2951,peppan_g_7518,peppan_g_12034,peppan_g_16712,peppan_g_21296,peppan_g_26206,peppan_g_30746,peppan_g_33706,peppan_g_39884
IKCLMC_03732,peppan_g_2939,peppan_g_7507,peppan_g_12022,peppan_g_16701,peppan_g_21285,peppan_g_26195,peppan_g_30757,peppan_g_32135,peppan_g_39908
IKCLMC_03748,peppan_g_2921,peppan_g_7491,peppan_g_12006,peppan_g_16685,peppan_g_21269,peppan_g_26179,peppan_g_30773,peppan_g_32151,peppan_g_39924
IKCLMC_03752,peppan_g_2917,peppan_g_7487,peppan_g_12002,peppan_g_16681,peppan_g_21265,peppan_g_26175,peppan_g_30777,peppan_g_32155,peppan_g_39928
IKCLMC_03772,peppan_g_2903,peppan_g_7468,peppan_g_11982,peppan_g_16661,peppan_g_21245,peppan_g_26155,peppan_g_30797,peppan_g_32175,peppan_g_39948
IKCLMC_03777,peppan_g_2896,peppan_g_7463,peppan_g_11977,peppan_g_16656,peppan_g_21240,peppan_g_26150,peppan_g_30802,peppan_g_32180,peppan_g_39953
IKCLMC_03778,peppan_g_2895,peppan_g_7462,peppan_g_11976,peppan_g_16655,peppan_g_21239,peppan_g_26149,peppan_g_30803,peppan_g_32181,peppan_g_39954
IKCLMC_03804,peppan_g_2871,peppan_g_7438,peppan_g_11952,peppan_g_16631,peppan_g_21215,peppan_g_26125,peppan_g_30827,peppan_g_34061,peppan_g_39978
IKCLMC_03805,peppan_g_2870,peppan_g_7437,peppan_g_11951,peppan_g_16630,peppan_g_21214,peppan_g_26124,peppan_g_30828,peppan_g_34062,peppan_g_39979
IKCLMC_03817,peppan_g_2856,peppan_g_7431,peppan_g_11945,peppan_g_16621,peppan_g_21205,peppan_g_26115,peppan_g_30837,peppan_g_34068,peppan_g_39987
IKCLMC_03832,peppan_g_2842,peppan_g_7417,peppan_g_11930,peppan_g_16607,peppan_g_21191,peppan_g_26101,peppan_g_30851,peppan_g_34082,peppan_g_40001
IKCLMC_03838,peppan_g_2836,peppan_g_7411,peppan_g_11924,peppan_g_16601,peppan_g_21185,peppan_g_26095,peppan_g_30857,peppan_g_34088,peppan_g_40007
IKCLMC_03841,peppan_g_2834,peppan_g_7410,peppan_g_11923,peppan_g_16600,peppan_g_21184,peppan_g_26094,peppan_g_30858,peppan_g_34089,peppan_g_40008
IKCLMC_03850,peppan_g_2825,peppan_g_7401,peppan_g_11914,peppan_g_16591,peppan_g_21175,peppan_g_26085,peppan_g_30867,peppan_g_34098,peppan_g_40017
IKCLMC_03885,peppan_g_2792,peppan_g_7369,peppan_g_11882,peppan_g_16559,peppan_g_21143,peppan_g_26053,peppan_g_30899,peppan_g_34130,peppan_g_40049
IKCLMC_03888,peppan_g_2790,peppan_g_7367,peppan_g_11880,peppan_g_16557,peppan_g_21141,peppan_g_26051,peppan_g_30901,peppan_g_34132,peppan_g_40051
IKCLMC_03897,peppan_g_2781,peppan_g_7358,peppan_g_11871,peppan_g_16548,peppan_g_21132,peppan_g_26042,peppan_g_30910,peppan_g_34141,peppan_g_40060
IKCLMC_03933,peppan_g_2734,peppan_g_7321,peppan_g_11825,peppan_g_16506,peppan_g_21095,peppan_g_26005,peppan_g_30947,peppan_g_34184,peppan_g_40102
IKCLMC_03940,peppan_g_2727,peppan_g_7314,peppan_g_11818,peppan_g_16499,peppan_g_21088,peppan_g_25998,peppan_g_30954,peppan_g_34191,peppan_g_40109
IKCLMC_03971,peppan_g_2700,peppan_g_7287,peppan_g_11786,peppan_g_16470,peppan_g_21058,peppan_g_25968,peppan_g_30985,peppan_g_34223,peppan_g_40139
IKCLMC_03997,peppan_g_2676,peppan_g_7262,peppan_g_11761,peppan_g_16445,peppan_g_21033,peppan_g_25943,peppan_g_31010,peppan_g_34248,peppan_g_40164
IKCLMC_04011,peppan_g_2662,peppan_g_7248,peppan_g_11747,peppan_g_16431,peppan_g_21019,peppan_g_25929,peppan_g_31024,peppan_g_34262,peppan_g_40178
IKCLMC_04066,peppan_g_2611,peppan_g_7197,peppan_g_11696,peppan_g_16380,peppan_g_20968,peppan_g_25878,peppan_g_31075,peppan_g_34313,peppan_g_40229
IKCLMC_04077,peppan_g_2602,peppan_g_7188,peppan_g_11687,peppan_g_16371,peppan_g_20959,peppan_g_25869,peppan_g_31084,peppan_g_34322,peppan_g_40238
IKCLMC_04084,peppan_g_2595,peppan_g_7181,peppan_g_11680,peppan_g_16364,peppan_g_20952,peppan_g_25862,peppan_g_31091,peppan_g_34329,peppan_g_40245
IKCLMC_04107,peppan_g_2569,peppan_g_7155,peppan_g_11631,peppan_g_16313,peppan_g_20912,peppan_g_25822,peppan_g_31110,peppan_g_34336,peppan_g_40338
IKCLMC_04109,peppan_g_2568,peppan_g_7154,peppan_g_11630,peppan_g_16312,peppan_g_20911,peppan_g_25821,peppan_g_31111,peppan_g_34337,peppan_g_40339
IKCLMC_04114,peppan_g_2563,peppan_g_7149,peppan_g_11625,peppan_g_16307,peppan_g_20906,peppan_g_25816,peppan_g_31116,peppan_g_34342,peppan_g_40344
IKCLMC_04119,peppan_g_2558,peppan_g_7144,peppan_g_11620,peppan_g_16302,peppan_g_20901,peppan_g_25811,peppan_g_31121,peppan_g_34347,peppan_g_40349
IKCLMC_04136,peppan_g_2542,peppan_g_7128,peppan_g_11570,peppan_g_16286,peppan_g_20885,peppan_g_25795,peppan_g_31137,peppan_g_34363,peppan_g_40365
IKCLMC_04138,peppan_g_864,peppan_g_6495,peppan_g_10935,peppan_g_15672,peppan_g_20237,peppan_g_25208,peppan_g_31138,peppan_g_35809,peppan_g_36363
IKCLMC_04142,peppan_g_867,peppan_g_6492,peppan_g_10071,peppan_g_14710,peppan_g_20179,peppan_g_25205,peppan_g_31141,peppan_g_35812,peppan_g_36366
IKCLMC_04147,peppan_g_870,peppan_g_6489,peppan_g_10074,peppan_g_14713,peppan_g_20176,peppan_g_25202,peppan_g_31144,peppan_g_35815,peppan_g_36369
IKCLMC_04162,peppan_g_884,peppan_g_6475,peppan_g_10088,peppan_g_14727,peppan_g_20162,peppan_g_25188,peppan_g_31158,peppan_g_35829,peppan_g_36383
IKCLMC_04175,peppan_g_897,peppan_g_6462,peppan_g_10101,peppan_g_14740,peppan_g_20149,peppan_g_25175,peppan_g_31171,peppan_g_35842,peppan_g_36396
IKCLMC_04189,peppan_g_911,peppan_g_6448,peppan_g_10115,peppan_g_14754,peppan_g_20134,peppan_g_25161,peppan_g_31185,peppan_g_35856,peppan_g_36410
IKCLMC_04210,peppan_g_929,peppan_g_6429,peppan_g_10134,peppan_g_14773,peppan_g_20115,peppan_g_25142,peppan_g_31204,peppan_g_35875,peppan_g_36429
IKCLMC_04221,peppan_g_940,peppan_g_6418,peppan_g_10145,peppan_g_14784,peppan_g_20104,peppan_g_25131,peppan_g_31215,peppan_g_35886,peppan_g_36440
IKCLMC_04223,peppan_g_943,peppan_g_6415,peppan_g_10148,peppan_g_14787,peppan_g_20101,peppan_g_25128,peppan_g_31218,peppan_g_35889,peppan_g_36443
IKCLMC_04235,peppan_g_953,peppan_g_6405,peppan_g_10158,peppan_g_14797,peppan_g_20091,peppan_g_25118,peppan_g_31228,peppan_g_35899,peppan_g_36453
IKCLMC_04236,peppan_g_954,peppan_g_6404,peppan_g_10159,peppan_g_14798,peppan_g_20090,peppan_g_25117,peppan_g_31229,peppan_g_35900,peppan_g_36454
IKCLMC_04244,peppan_g_961,peppan_g_6397,peppan_g_10167,peppan_g_14806,peppan_g_20082,peppan_g_25109,peppan_g_31237,peppan_g_35908,peppan_g_36462
IKCLMC_04261,peppan_g_975,peppan_g_6383,peppan_g_10181,peppan_g_14820,peppan_g_20068,peppan_g_25095,peppan_g_31254,peppan_g_35922,peppan_g_36476
IKCLMC_04266,peppan_g_980,peppan_g_6378,peppan_g_10186,peppan_g_14825,peppan_g_20063,peppan_g_25090,peppan_g_31259,peppan_g_35927,peppan_g_36481
IKCLMC_04298,peppan_g_1000,peppan_g_6350,peppan_g_10204,peppan_g_14904,peppan_g_20037,peppan_g_25064,peppan_g_31296,peppan_g_35966,peppan_g_36510
IKCLMC_04309,peppan_g_1010,peppan_g_6340,peppan_g_10214,peppan_g_14914,peppan_g_20027,peppan_g_25054,peppan_g_31306,peppan_g_35976,peppan_g_36520
IKCLMC_04323,peppan_g_1023,peppan_g_6327,peppan_g_10227,peppan_g_14927,peppan_g_20014,peppan_g_25041,peppan_g_31319,peppan_g_35989,peppan_g_36533
IKCLMC_04331,peppan_g_1031,peppan_g_6319,peppan_g_10235,peppan_g_14935,peppan_g_20006,peppan_g_25033,peppan_g_31327,peppan_g_35997,peppan_g_36541
IKCLMC_04333,peppan_g_1033,peppan_g_6317,peppan_g_10237,peppan_g_14937,peppan_g_20004,peppan_g_25031,peppan_g_31329,peppan_g_35999,peppan_g_36543
IKCLMC_04337,peppan_g_1036,peppan_g_6314,peppan_g_10240,peppan_g_14940,peppan_g_20000,peppan_g_25028,peppan_g_31332,peppan_g_36002,peppan_g_36546
IKCLMC_04347,peppan_g_1046,peppan_g_6304,peppan_g_10250,peppan_g_14950,peppan_g_19990,peppan_g_25018,peppan_g_31342,peppan_g_36012,peppan_g_36556
IKCLMC_04349,peppan_g_1048,peppan_g_6302,peppan_g_10252,peppan_g_14952,peppan_g_19988,peppan_g_25016,peppan_g_31344,peppan_g_36014,peppan_g_36558
IKCLMC_04357,peppan_g_1056,peppan_g_6294,peppan_g_10260,peppan_g_14960,peppan_g_19980,peppan_g_25008,peppan_g_31352,peppan_g_36022,peppan_g_36566
IKCLMC_04358,peppan_g_1057,peppan_g_6293,peppan_g_10261,peppan_g_14961,peppan_g_19979,peppan_g_25007,peppan_g_31353,peppan_g_36023,peppan_g_36567
IKCLMC_04373,peppan_g_1069,peppan_g_6280,peppan_g_10275,peppan_g_14974,peppan_g_19967,peppan_g_24995,peppan_g_31367,peppan_g_36035,peppan_g_36579
IKCLMC_04379,peppan_g_1075,peppan_g_6274,peppan_g_10281,peppan_g_14980,peppan_g_19961,peppan_g_24989,peppan_g_31373,peppan_g_36041,peppan_g_36585
IKCLMC_04383,peppan_g_1079,peppan_g_6270,peppan_g_10285,peppan_g_14984,peppan_g_19957,peppan_g_24985,peppan_g_31377,peppan_g_36045,peppan_g_36589
IKCLMC_04384,peppan_g_1080,peppan_g_6269,peppan_g_10286,peppan_g_14985,peppan_g_19956,peppan_g_24984,peppan_g_31378,peppan_g_36046,peppan_g_36590
IKCLMC_04388,peppan_g_1633,peppan_g_6265,peppan_g_10290,peppan_g_14989,peppan_g_19952,peppan_g_24980,peppan_g_31382,peppan_g_36050,peppan_g_36594
IKCLMC_04399,peppan_g_1624,peppan_g_6256,peppan_g_10299,peppan_g_14998,peppan_g_19943,peppan_g_24971,peppan_g_31391,peppan_g_36059,peppan_g_36603
IKCLMC_04409,peppan_g_1614,peppan_g_6246,peppan_g_10309,peppan_g_15008,peppan_g_19933,peppan_g_24961,peppan_g_31401,peppan_g_36069,peppan_g_36613
IKCLMC_04421,peppan_g_1602,peppan_g_6234,peppan_g_10321,peppan_g_15020,peppan_g_19921,peppan_g_24949,peppan_g_31413,peppan_g_36081,peppan_g_36625
IKCLMC_04429,peppan_g_1594,peppan_g_6226,peppan_g_10329,peppan_g_15028,peppan_g_19913,peppan_g_24941,peppan_g_31421,peppan_g_36089,peppan_g_36633
IKCLMC_04430,peppan_g_1593,peppan_g_6225,peppan_g_10330,peppan_g_15029,peppan_g_19912,peppan_g_24940,peppan_g_31422,peppan_g_36090,peppan_g_36634
IKCLMC_04442,peppan_g_1581,peppan_g_6213,peppan_g_10342,peppan_g_15042,peppan_g_19899,peppan_g_24927,peppan_g_31435,peppan_g_36102,peppan_g_36646
IKCLMC_04457,peppan_g_1567,peppan_g_6199,peppan_g_10356,peppan_g_15056,peppan_g_19885,peppan_g_24913,peppan_g_31449,peppan_g_36116,peppan_g_36660
IKCLMC_04468,peppan_g_1552,peppan_g_6184,peppan_g_10367,peppan_g_15067,peppan_g_19874,peppan_g_24902,peppan_g_31460,peppan_g_36127,peppan_g_36671
IKCLMC_04470,peppan_g_1550,peppan_g_6182,peppan_g_10369,peppan_g_15069,peppan_g_19872,peppan_g_24900,peppan_g_31462,peppan_g_36129,peppan_g_36673
IKCLMC_04471,peppan_g_1549,peppan_g_6181,peppan_g_10370,peppan_g_15070,peppan_g_19871,peppan_g_24899,peppan_g_31463,peppan_g_36130,peppan_g_36674
IKCLMC_04473,peppan_g_1547,peppan_g_6179,peppan_g_10372,peppan_g_15072,peppan_g_19869,peppan_g_24897,peppan_g_31465,peppan_g_36132,peppan_g_36676
IKCLMC_04477,peppan_g_1542,peppan_g_6175,peppan_g_10376,peppan_g_15076,peppan_g_19864,peppan_g_24893,peppan_g_31469,peppan_g_36136,peppan_g_36680
IKCLMC_04491,peppan_g_1528,peppan_g_6161,peppan_g_10390,peppan_g_15090,peppan_g_19850,peppan_g_24879,peppan_g_31483,peppan_g_36150,peppan_g_36694
IKCLMC_04492,peppan_g_1527,peppan_g_6160,peppan_g_10391,peppan_g_15091,peppan_g_19849,peppan_g_24878,peppan_g_31484,peppan_g_36151,peppan_g_36695
IKCLMC_04497,peppan_g_1522,peppan_g_6155,peppan_g_10396,peppan_g_15096,peppan_g_19844,peppan_g_24873,peppan_g_31489,peppan_g_36156,peppan_g_36700
IKCLMC_04498,peppan_g_1521,peppan_g_6154,peppan_g_10397,peppan_g_15097,peppan_g_19843,peppan_g_24872,peppan_g_31490,peppan_g_36157,peppan_g_36701
IKCLMC_04503,peppan_g_1517,peppan_g_6150,peppan_g_10401,peppan_g_15101,peppan_g_19839,peppan_g_24868,peppan_g_31494,peppan_g_36161,peppan_g_36705
IKCLMC_04521,peppan_g_1499,peppan_g_6133,peppan_g_10418,peppan_g_15117,peppan_g_19823,peppan_g_24852,peppan_g_31510,peppan_g_36177,peppan_g_36721
IKCLMC_04537,peppan_g_1491,peppan_g_6118,peppan_g_10433,peppan_g_15132,peppan_g_19808,peppan_g_24837,peppan_g_31525,peppan_g_36192,peppan_g_36736
IKCLMC_04563,peppan_g_1466,peppan_g_6093,peppan_g_10462,peppan_g_15157,peppan_g_19783,peppan_g_24812,peppan_g_31550,peppan_g_36217,peppan_g_36765
IKCLMC_04582,peppan_g_1449,peppan_g_6074,peppan_g_10481,peppan_g_15176,peppan_g_19764,peppan_g_24793,peppan_g_31569,peppan_g_36236,peppan_g_36784
IKCLMC_04626,peppan_g_1410,peppan_g_6021,peppan_g_10534,peppan_g_15213,peppan_g_19716,peppan_g_24745,peppan_g_31615,peppan_g_36282,peppan_g_36835
IKCLMC_04636,peppan_g_1401,peppan_g_6011,peppan_g_10544,peppan_g_15223,peppan_g_19706,peppan_g_24735,peppan_g_31625,peppan_g_36292,peppan_g_36845
IKCLMC_04640,peppan_g_1397,peppan_g_6007,peppan_g_10548,peppan_g_15227,peppan_g_19702,peppan_g_24731,peppan_g_31629,peppan_g_36296,peppan_g_36849
IKCLMC_04651,peppan_g_1388,peppan_g_5998,peppan_g_10557,peppan_g_15236,peppan_g_19693,peppan_g_24722,peppan_g_31638,peppan_g_36305,peppan_g_36858
IKCLMC_04656,peppan_g_1383,peppan_g_5993,peppan_g_10562,peppan_g_15241,peppan_g_19688,peppan_g_24717,peppan_g_31643,peppan_g_36310,peppan_g_36863
IKCLMC_04659,peppan_g_1380,peppan_g_5990,peppan_g_10565,peppan_g_15244,peppan_g_19685,peppan_g_24714,peppan_g_31646,peppan_g_36313,peppan_g_36866
IKCLMC_04668,peppan_g_1371,peppan_g_5981,peppan_g_10574,peppan_g_15253,peppan_g_19676,peppan_g_24705,peppan_g_31655,peppan_g_36322,peppan_g_36875
IKCLMC_04670,peppan_g_1369,peppan_g_5979,peppan_g_10576,peppan_g_15255,peppan_g_19674,peppan_g_24703,peppan_g_31657,peppan_g_36324,peppan_g_36877
IKCLMC_04673,peppan_g_1366,peppan_g_5976,peppan_g_10579,peppan_g_15258,peppan_g_19671,peppan_g_24700,peppan_g_31660,peppan_g_36327,peppan_g_36880
IKCLMC_04683,peppan_g_1356,peppan_g_5967,peppan_g_10588,peppan_g_15267,peppan_g_19662,peppan_g_24691,peppan_g_31669,peppan_g_36336,peppan_g_36889
IKCLMC_04687,peppan_g_1304,peppan_g_5963,peppan_g_10592,peppan_g_15271,peppan_g_19658,peppan_g_24687,peppan_g_31673,peppan_g_32034,peppan_g_36893
IKCLMC_04689,peppan_g_1302,peppan_g_5961,peppan_g_10594,peppan_g_15273,peppan_g_19656,peppan_g_24685,peppan_g_31675,peppan_g_32036,peppan_g_36895
IKCLMC_04690,peppan_g_1301,peppan_g_5960,peppan_g_10595,peppan_g_15274,peppan_g_19655,peppan_g_24684,peppan_g_31676,peppan_g_32037,peppan_g_36896
IKCLMC_04695,peppan_g_1297,peppan_g_5956,peppan_g_10599,peppan_g_15278,peppan_g_19651,peppan_g_24680,peppan_g_31680,peppan_g_32041,peppan_g_36900
IKCLMC_04703,peppan_g_1290,peppan_g_5946,peppan_g_10608,peppan_g_15285,peppan_g_19644,peppan_g_24673,peppan_g_31687,peppan_g_32048,peppan_g_36907
IKCLMC_04707,peppan_g_1286,peppan_g_5942,peppan_g_10612,peppan_g_15289,peppan_g_19640,peppan_g_24669,peppan_g_31691,peppan_g_32052,peppan_g_36911
IKCLMC_04709,peppan_g_1284,peppan_g_5940,peppan_g_10614,peppan_g_15291,peppan_g_19638,peppan_g_24667,peppan_g_31693,peppan_g_32054,peppan_g_36913
IKCLMC_04714,peppan_g_1279,peppan_g_5935,peppan_g_10619,peppan_g_15296,peppan_g_19633,peppan_g_24662,peppan_g_31698,peppan_g_32059,peppan_g_36918
IKCLMC_04727,peppan_g_1266,peppan_g_5922,peppan_g_10632,peppan_g_15309,peppan_g_19620,peppan_g_24649,peppan_g_31711,peppan_g_31941,peppan_g_36931
IKCLMC_04850,peppan_g_1159,peppan_g_5806,peppan_g_10748,peppan_g_15427,peppan_g_19502,peppan_g_24531,peppan_g_31827,peppan_g_32726,peppan_g_37126
IKCLMC_04855,peppan_g_1154,peppan_g_5801,peppan_g_10753,peppan_g_15432,peppan_g_19497,peppan_g_24526,peppan_g_31832,peppan_g_32731,peppan_g_37131
IKCLMC_04859,peppan_g_1150,peppan_g_5797,peppan_g_10757,peppan_g_15436,peppan_g_19493,peppan_g_24522,peppan_g_31836,peppan_g_32735,peppan_g_37135
IKCLMC_04896,peppan_g_1114,peppan_g_5761,peppan_g_10793,peppan_g_15480,peppan_g_19457,peppan_g_24486,peppan_g_31872,peppan_g_32321,peppan_g_37170
LNHIMF_00008,peppan_g_7,peppan_g_4512,peppan_g_9050,peppan_g_13557,peppan_g_18182,peppan_g_23277,peppan_g_30236,peppan_g_33847,peppan_g_38428
LNHIMF_00009,peppan_g_8,peppan_g_4513,peppan_g_9051,peppan_g_13558,peppan_g_18183,peppan_g_23278,peppan_g_30235,peppan_g_33846,peppan_g_38427
LNHIMF_00023,peppan_g_22,peppan_g_4527,peppan_g_9065,peppan_g_13572,peppan_g_18197,peppan_g_23292,peppan_g_30221,peppan_g_33832,peppan_g_38413
LNHIMF_00028,peppan_g_27,peppan_g_4532,peppan_g_9070,peppan_g_13577,peppan_g_18202,peppan_g_23297,peppan_g_30216,peppan_g_33827,peppan_g_38408
LNHIMF_00030,peppan_g_29,peppan_g_4534,peppan_g_9072,peppan_g_13579,peppan_g_18204,peppan_g_23299,peppan_g_30214,peppan_g_33825,peppan_g_38406
LNHIMF_00048,peppan_g_47,peppan_g_4552,peppan_g_9090,peppan_g_13597,peppan_g_18222,peppan_g_23317,peppan_g_30196,peppan_g_33807,peppan_g_38389
LNHIMF_00052,peppan_g_50,peppan_g_4555,peppan_g_9093,peppan_g_13600,peppan_g_18225,peppan_g_23320,peppan_g_30193,peppan_g_33804,peppan_g_38386
LNHIMF_00063,peppan_g_61,peppan_g_4566,peppan_g_9104,peppan_g_13611,peppan_g_18236,peppan_g_23331,peppan_g_30182,peppan_g_33793,peppan_g_38375
LNHIMF_00066,peppan_g_64,peppan_g_4569,peppan_g_9107,peppan_g_13614,peppan_g_18239,peppan_g_23334,peppan_g_30179,peppan_g_33790,peppan_g_38372
LNHIMF_00071,peppan_g_69,peppan_g_4574,peppan_g_9112,peppan_g_13619,peppan_g_18245,peppan_g_23339,peppan_g_30174,peppan_g_33785,peppan_g_38367
LNHIMF_00077,peppan_g_75,peppan_g_4580,peppan_g_9118,peppan_g_13625,peppan_g_18251,peppan_g_23345,peppan_g_30168,peppan_g_33779,peppan_g_38361
LNHIMF_00099,peppan_g_95,peppan_g_4600,peppan_g_9138,peppan_g_13642,peppan_g_18271,peppan_g_23365,peppan_g_30148,peppan_g_33759,peppan_g_38341
LNHIMF_00110,peppan_g_109,peppan_g_4611,peppan_g_9152,peppan_g_13653,peppan_g_18282,peppan_g_23376,peppan_g_30137,peppan_g_33748,peppan_g_38330
LNHIMF_00121,peppan_g_118,peppan_g_4620,peppan_g_9161,peppan_g_13663,peppan_g_18291,peppan_g_23385,peppan_g_30127,peppan_g_33739,peppan_g_38320
LNHIMF_00126,peppan_g_123,peppan_g_4625,peppan_g_9166,peppan_g_13668,peppan_g_18296,peppan_g_23390,peppan_g_30122,peppan_g_33734,peppan_g_38315
LNHIMF_00127,peppan_g_124,peppan_g_4626,peppan_g_9167,peppan_g_13669,peppan_g_18297,peppan_g_23391,peppan_g_30121,peppan_g_33733,peppan_g_38314
LNHIMF_00152,peppan_g_149,peppan_g_4649,peppan_g_9192,peppan_g_13694,peppan_g_18320,peppan_g_23414,peppan_g_30098,peppan_g_32599,peppan_g_38289
LNHIMF_00161,peppan_g_157,peppan_g_4657,peppan_g_9200,peppan_g_13702,peppan_g_18328,peppan_g_23422,peppan_g_30090,peppan_g_32591,peppan_g_38281
LNHIMF_00185,peppan_g_176,peppan_g_4680,peppan_g_9230,peppan_g_13727,peppan_g_18352,peppan_g_23446,peppan_g_30065,peppan_g_32566,peppan_g_38256
LNHIMF_00188,peppan_g_179,peppan_g_4683,peppan_g_9233,peppan_g_13730,peppan_g_18355,peppan_g_23449,peppan_g_30062,peppan_g_32556,peppan_g_38246
LNHIMF_00202,peppan_g_193,peppan_g_4697,peppan_g_9240,peppan_g_13737,peppan_g_18362,peppan_g_23456,peppan_g_30055,peppan_g_32549,peppan_g_38239
LNHIMF_00208,peppan_g_199,peppan_g_4703,peppan_g_9246,peppan_g_13743,peppan_g_18368,peppan_g_23462,peppan_g_30049,peppan_g_32543,peppan_g_38233
LNHIMF_00209,peppan_g_200,peppan_g_4704,peppan_g_9255,peppan_g_13752,peppan_g_18377,peppan_g_23471,peppan_g_30040,peppan_g_32534,peppan_g_38224
LNHIMF_00211,peppan_g_202,peppan_g_4706,peppan_g_9257,peppan_g_13754,peppan_g_18379,peppan_g_23473,peppan_g_30038,peppan_g_32532,peppan_g_38222
LNHIMF_00219,peppan_g_209,peppan_g_4714,peppan_g_9265,peppan_g_13762,peppan_g_18386,peppan_g_23480,peppan_g_30031,peppan_g_32525,peppan_g_38215
LNHIMF_00225,peppan_g_214,peppan_g_4719,peppan_g_9270,peppan_g_13767,peppan_g_18391,peppan_g_23485,peppan_g_30026,peppan_g_32520,peppan_g_38210
LNHIMF_00234,peppan_g_222,peppan_g_4727,peppan_g_9278,peppan_g_13775,peppan_g_18399,peppan_g_23493,peppan_g_30018,peppan_g_32512,peppan_g_38202
LNHIMF_00237,peppan_g_225,peppan_g_4730,peppan_g_9281,peppan_g_13778,peppan_g_18402,peppan_g_23496,peppan_g_30015,peppan_g_32006,peppan_g_38199
LNHIMF_00246,peppan_g_234,peppan_g_4738,peppan_g_9289,peppan_g_13786,peppan_g_18410,peppan_g_23504,peppan_g_30007,peppan_g_32014,peppan_g_38191
LNHIMF_00247,peppan_g_235,peppan_g_4739,peppan_g_9290,peppan_g_13787,peppan_g_18411,peppan_g_23505,peppan_g_30006,peppan_g_32015,peppan_g_38190
LNHIMF_00248,peppan_g_236,peppan_g_4740,peppan_g_9291,peppan_g_13788,peppan_g_18412,peppan_g_23506,peppan_g_30005,peppan_g_32016,peppan_g_38189
LNHIMF_00254,peppan_g_243,peppan_g_4746,peppan_g_9297,peppan_g_13794,peppan_g_18418,peppan_g_23512,peppan_g_29999,peppan_g_32025,peppan_g_38183
LNHIMF_00257,peppan_g_246,peppan_g_4749,peppan_g_9300,peppan_g_13797,peppan_g_18421,peppan_g_23515,peppan_g_29996,peppan_g_32028,peppan_g_38180
LNHIMF_00276,peppan_g_2531,peppan_g_4762,peppan_g_9313,peppan_g_13810,peppan_g_18434,peppan_g_23528,peppan_g_29092,peppan_g_35171,peppan_g_38168
LNHIMF_00320,peppan_g_2490,peppan_g_4805,peppan_g_9334,peppan_g_13852,peppan_g_18477,peppan_g_23569,peppan_g_29145,peppan_g_35122,peppan_g_38135
LNHIMF_00340,peppan_g_2467,peppan_g_4828,peppan_g_9348,peppan_g_13865,peppan_g_18490,peppan_g_23582,peppan_g_29158,peppan_g_35109,peppan_g_38112
LNHIMF_00345,peppan_g_2462,peppan_g_4833,peppan_g_9353,peppan_g_13870,peppan_g_18495,peppan_g_23587,peppan_g_29163,peppan_g_35104,peppan_g_38107
LNHIMF_00384,peppan_g_2441,peppan_g_4871,peppan_g_9390,peppan_g_13908,peppan_g_18531,peppan_g_23622,peppan_g_29198,peppan_g_35066,peppan_g_38069
LNHIMF_00394,peppan_g_2432,peppan_g_4880,peppan_g_9399,peppan_g_13917,peppan_g_18540,peppan_g_23631,peppan_g_29207,peppan_g_35057,peppan_g_38060
LNHIMF_00395,peppan_g_2431,peppan_g_4881,peppan_g_9400,peppan_g_13918,peppan_g_18541,peppan_g_23632,peppan_g_29208,peppan_g_35056,peppan_g_38059
LNHIMF_00397,peppan_g_2429,peppan_g_4883,peppan_g_9402,peppan_g_13920,peppan_g_18543,peppan_g_23634,peppan_g_29210,peppan_g_35054,peppan_g_38057
LNHIMF_00399,peppan_g_2427,peppan_g_4885,peppan_g_9404,peppan_g_13922,peppan_g_18545,peppan_g_23636,peppan_g_29212,peppan_g_35052,peppan_g_38055
LNHIMF_00404,peppan_g_2422,peppan_g_4890,peppan_g_9409,peppan_g_13927,peppan_g_18550,peppan_g_23641,peppan_g_29217,peppan_g_35047,peppan_g_38050
LNHIMF_00407,peppan_g_2419,peppan_g_4893,peppan_g_9412,peppan_g_13930,peppan_g_18553,peppan_g_23644,peppan_g_29220,peppan_g_35044,peppan_g_38047
LNHIMF_00409,peppan_g_2417,peppan_g_4895,peppan_g_9414,peppan_g_13932,peppan_g_18555,peppan_g_23646,peppan_g_29222,peppan_g_35042,peppan_g_38045
LNHIMF_00419,peppan_g_2407,peppan_g_4905,peppan_g_9424,peppan_g_13942,peppan_g_18565,peppan_g_23656,peppan_g_29232,peppan_g_35032,peppan_g_38035
LNHIMF_00421,peppan_g_2405,peppan_g_4907,peppan_g_9426,peppan_g_13944,peppan_g_18567,peppan_g_23658,peppan_g_29234,peppan_g_35030,peppan_g_38033
LNHIMF_00423,peppan_g_2403,peppan_g_4909,peppan_g_9428,peppan_g_13946,peppan_g_18569,peppan_g_23660,peppan_g_29236,peppan_g_35028,peppan_g_38031
LNHIMF_00430,peppan_g_2395,peppan_g_4916,peppan_g_9435,peppan_g_13953,peppan_g_18576,peppan_g_23667,peppan_g_29243,peppan_g_35021,peppan_g_38024
LNHIMF_00432,peppan_g_2393,peppan_g_4918,peppan_g_9437,peppan_g_13955,peppan_g_18578,peppan_g_23669,peppan_g_29245,peppan_g_35019,peppan_g_38022
LNHIMF_00437,peppan_g_2386,peppan_g_4923,peppan_g_9442,peppan_g_13962,peppan_g_18585,peppan_g_23676,peppan_g_27187;peppan_g_29252,peppan_g_35012,peppan_g_38015
LNHIMF_00446,peppan_g_2378,peppan_g_4931,peppan_g_9450,peppan_g_13970,peppan_g_18593,peppan_g_23684,peppan_g_29260,peppan_g_35004,peppan_g_38007
LNHIMF_00454,peppan_g_2370,peppan_g_4939,peppan_g_9458,peppan_g_13978,peppan_g_18601,peppan_g_23692,peppan_g_29268,peppan_g_34996,peppan_g_37999
LNHIMF_00463,peppan_g_2358,peppan_g_4948,peppan_g_9469,peppan_g_13989,peppan_g_18612,peppan_g_23703,peppan_g_29279,peppan_g_34985,peppan_g_37988
LNHIMF_00464,peppan_g_2357,peppan_g_4949,peppan_g_9470,peppan_g_13990,peppan_g_18613,peppan_g_23704,peppan_g_29280,peppan_g_34984,peppan_g_37987
LNHIMF_00465,peppan_g_2356,peppan_g_4950,peppan_g_9471,peppan_g_13991,peppan_g_18614,peppan_g_23705,peppan_g_29281,peppan_g_34983,peppan_g_37986
LNHIMF_00472,peppan_g_2349,peppan_g_4957,peppan_g_9478,peppan_g_13998,peppan_g_18621,peppan_g_23712,peppan_g_29288,peppan_g_34976,peppan_g_37979
LNHIMF_00476,peppan_g_2346,peppan_g_4960,peppan_g_9481,peppan_g_14001,peppan_g_18624,peppan_g_23715,peppan_g_29291,peppan_g_34973,peppan_g_37976
LNHIMF_00479,peppan_g_2343,peppan_g_4963,peppan_g_9484,peppan_g_14004,peppan_g_18627,peppan_g_23718,peppan_g_29294,peppan_g_34970,peppan_g_37973
LNHIMF_00483,peppan_g_2338,peppan_g_4967,peppan_g_9488,peppan_g_14008,peppan_g_18631,peppan_g_23722,peppan_g_29298,peppan_g_34966,peppan_g_37969
LNHIMF_00484,peppan_g_2337,peppan_g_4968,peppan_g_9489,peppan_g_14009,peppan_g_18632,peppan_g_23723,peppan_g_29299,peppan_g_34965,peppan_g_37968
LNHIMF_00495,peppan_g_2327,peppan_g_4978,peppan_g_9499,peppan_g_14019,peppan_g_18642,peppan_g_23733,peppan_g_29309,peppan_g_34955,peppan_g_37958
LNHIMF_00504,peppan_g_2318,peppan_g_4987,peppan_g_9508,peppan_g_14028,peppan_g_18651,peppan_g_23742,peppan_g_29318,peppan_g_34946,peppan_g_37949
LNHIMF_00510,peppan_g_2312,peppan_g_4993,peppan_g_9515,peppan_g_14034,peppan_g_18657,peppan_g_23748,peppan_g_29324,peppan_g_34940,peppan_g_37943
LNHIMF_00512,peppan_g_2310,peppan_g_4995,peppan_g_9517,peppan_g_14036,peppan_g_18659,peppan_g_23750,peppan_g_29326,peppan_g_34938,peppan_g_37941
LNHIMF_00521,peppan_g_2301,peppan_g_5004,peppan_g_9526,peppan_g_14045,peppan_g_18668,peppan_g_23759,peppan_g_29335,peppan_g_34929,peppan_g_37932
LNHIMF_00524,peppan_g_2299,peppan_g_5006,peppan_g_9528,peppan_g_14047,peppan_g_18670,peppan_g_23761,peppan_g_29337,peppan_g_34927,peppan_g_37930
LNHIMF_00526,peppan_g_2297,peppan_g_5008,peppan_g_9530,peppan_g_14049,peppan_g_18672,peppan_g_23763,peppan_g_29339,peppan_g_34925,peppan_g_37928
LNHIMF_00529,peppan_g_2294,peppan_g_5011,peppan_g_9533,peppan_g_14052,peppan_g_18675,peppan_g_23766,peppan_g_29342,peppan_g_34922,peppan_g_37925
LNHIMF_00553,peppan_g_2255,peppan_g_5034,peppan_g_9574,peppan_g_14093,peppan_g_18716,peppan_g_23807,peppan_g_29383,peppan_g_34881,peppan_g_37884
LNHIMF_00557,peppan_g_2251,peppan_g_5038,peppan_g_9578,peppan_g_14097,peppan_g_18720,peppan_g_23811,peppan_g_29387,peppan_g_34877,peppan_g_37880
LNHIMF_00558,peppan_g_2250,peppan_g_5039,peppan_g_9579,peppan_g_14098,peppan_g_18721,peppan_g_23812,peppan_g_29388,peppan_g_34876,peppan_g_37879
LNHIMF_00559,peppan_g_2249,peppan_g_5040,peppan_g_9580,peppan_g_14099,peppan_g_18722,peppan_g_23813,peppan_g_29389,peppan_g_34875,peppan_g_37878
LNHIMF_00733,peppan_g_2217,peppan_g_5204,peppan_g_9614,peppan_g_14197,peppan_g_18763,peppan_g_23854,peppan_g_29482,peppan_g_34783,peppan_g_37840
LNHIMF_00746,peppan_g_2204,peppan_g_5217,peppan_g_9627,peppan_g_14210,peppan_g_18776,peppan_g_23867,peppan_g_29495,peppan_g_34770,peppan_g_37827
LNHIMF_00766,peppan_g_2184,peppan_g_5236,peppan_g_9646,peppan_g_14229,peppan_g_18795,peppan_g_23886,peppan_g_29514,peppan_g_34751,peppan_g_37808
LNHIMF_00778,peppan_g_2173,peppan_g_5247,peppan_g_9657,peppan_g_14240,peppan_g_18806,peppan_g_23897,peppan_g_29525,peppan_g_32239,peppan_g_37797
LNHIMF_00789,peppan_g_2162,peppan_g_5258,peppan_g_9668,peppan_g_14251,peppan_g_18817,peppan_g_23908,peppan_g_29536,peppan_g_32228,peppan_g_37786
LNHIMF_00797,peppan_g_2154,peppan_g_5266,peppan_g_9676,peppan_g_14259,peppan_g_18825,peppan_g_23916,peppan_g_29544,peppan_g_32220,peppan_g_37778
LNHIMF_00838,peppan_g_2122,peppan_g_5300,peppan_g_9718,peppan_g_14298,peppan_g_18864,peppan_g_23955,peppan_g_27585,peppan_g_32247,peppan_g_37740
LNHIMF_00844,peppan_g_2116,peppan_g_5306,peppan_g_9724,peppan_g_14304,peppan_g_18870,peppan_g_23961,peppan_g_27579,peppan_g_32253,peppan_g_37734
LNHIMF_00845,peppan_g_2115,peppan_g_5307,peppan_g_9725,peppan_g_14305,peppan_g_18871,peppan_g_23962,peppan_g_27578,peppan_g_32254,peppan_g_37733
LNHIMF_00878,peppan_g_2081,peppan_g_5341,peppan_g_9747,peppan_g_14327,peppan_g_18905,peppan_g_23996,peppan_g_27544,peppan_g_32276,peppan_g_37699
LNHIMF_00885,peppan_g_2075,peppan_g_5347,peppan_g_9753,peppan_g_14333,peppan_g_18911,peppan_g_24002,peppan_g_27538,peppan_g_32282,peppan_g_37693
LNHIMF_00902,peppan_g_2063,peppan_g_5359,peppan_g_9774,peppan_g_14354,peppan_g_18932,peppan_g_24023,peppan_g_28468,peppan_g_32941,peppan_g_37672
LNHIMF_00903,peppan_g_2062,peppan_g_5360,peppan_g_9775,peppan_g_14355,peppan_g_18933,peppan_g_24024,peppan_g_28469,peppan_g_32940,peppan_g_37671
LNHIMF_00912,peppan_g_2053,peppan_g_5369,peppan_g_9784,peppan_g_14364,peppan_g_18942,peppan_g_24033,peppan_g_28478,peppan_g_32931,peppan_g_37662
LNHIMF_00913,peppan_g_2052,peppan_g_5370,peppan_g_9785,peppan_g_14365,peppan_g_18943,peppan_g_24034,peppan_g_28479,peppan_g_32930,peppan_g_37661
LNHIMF_00928,peppan_g_2037,peppan_g_5385,peppan_g_9800,peppan_g_14380,peppan_g_18958,peppan_g_24049,peppan_g_28494,peppan_g_32915,peppan_g_37603
LNHIMF_00949,peppan_g_2015,peppan_g_5407,peppan_g_9823,peppan_g_14402,peppan_g_18981,peppan_g_24071,peppan_g_28523,peppan_g_32893,peppan_g_37581
LNHIMF_00955,peppan_g_2009,peppan_g_5413,peppan_g_9829,peppan_g_14408,peppan_g_18987,peppan_g_24077,peppan_g_28529,peppan_g_32887,peppan_g_37575
LNHIMF_00958,peppan_g_2006,peppan_g_5416,peppan_g_9832,peppan_g_14411,peppan_g_18990,peppan_g_24080,peppan_g_28532,peppan_g_32884,peppan_g_37572
LNHIMF_00970,peppan_g_1993,peppan_g_5428,peppan_g_9847,peppan_g_14426,peppan_g_19005,peppan_g_24095,peppan_g_28547,peppan_g_32869,peppan_g_37557
LNHIMF_00972,peppan_g_1991,peppan_g_5430,peppan_g_9849,peppan_g_14428,peppan_g_19007,peppan_g_24097,peppan_g_28549,peppan_g_32867,peppan_g_37555
LNHIMF_00974,peppan_g_1989,peppan_g_5432,peppan_g_9851,peppan_g_14430,peppan_g_19009,peppan_g_24099,peppan_g_28551,peppan_g_32865,peppan_g_37553
LNHIMF_00976,peppan_g_1987,peppan_g_5434,peppan_g_9853,peppan_g_14432,peppan_g_19011,peppan_g_24101,peppan_g_28553,peppan_g_32863,peppan_g_37551
LNHIMF_00978,peppan_g_1985,peppan_g_5436,peppan_g_9855,peppan_g_14434,peppan_g_19013,peppan_g_24103,peppan_g_28555,peppan_g_32861,peppan_g_37549
LNHIMF_01007,peppan_g_1966,peppan_g_5464,peppan_g_9874,peppan_g_14462,peppan_g_19041,peppan_g_24131,peppan_g_28583,peppan_g_32833,peppan_g_37521
LNHIMF_01015,peppan_g_1958,peppan_g_5472,peppan_g_9882,peppan_g_14470,peppan_g_19049,peppan_g_24139,peppan_g_28591,peppan_g_32825,peppan_g_37513
LNHIMF_01022,peppan_g_1951,peppan_g_5479,peppan_g_9889,peppan_g_14477,peppan_g_19056,peppan_g_24146,peppan_g_28598,peppan_g_32818,peppan_g_37506
LNHIMF_01028,peppan_g_1945,peppan_g_5485,peppan_g_9895,peppan_g_14483,peppan_g_19062,peppan_g_24152,peppan_g_28604,peppan_g_32812,peppan_g_37500
LNHIMF_01030,peppan_g_1943,peppan_g_5487,peppan_g_9897,peppan_g_14485,peppan_g_19064,peppan_g_24154,peppan_g_28606,peppan_g_32810,peppan_g_37498
LNHIMF_01034,peppan_g_1939,peppan_g_5491,peppan_g_9901,peppan_g_14489,peppan_g_19068,peppan_g_24158,peppan_g_28610,peppan_g_32806,peppan_g_37494
LNHIMF_01038,peppan_g_1934,peppan_g_5494,peppan_g_9911,peppan_g_14494,peppan_g_19075,peppan_g_24164,peppan_g_28616,peppan_g_32800,peppan_g_37486
LNHIMF_01046,peppan_g_1926,peppan_g_5502,peppan_g_9919,peppan_g_14502,peppan_g_19083,peppan_g_24172,peppan_g_28624,peppan_g_32792,peppan_g_37478
LNHIMF_01059,peppan_g_1914,peppan_g_5514,peppan_g_9931,peppan_g_14514,peppan_g_19095,peppan_g_24184,peppan_g_28636,peppan_g_32780,peppan_g_37466
LNHIMF_01063,peppan_g_1910,peppan_g_5518,peppan_g_9935,peppan_g_14518,peppan_g_19099,peppan_g_24188,peppan_g_28640,peppan_g_32776,peppan_g_37462
LNHIMF_01074,peppan_g_1899,peppan_g_5529,peppan_g_9946,peppan_g_14529,peppan_g_19110,peppan_g_24199,peppan_g_28651,peppan_g_32765,peppan_g_37451
LNHIMF_01083,peppan_g_1890,peppan_g_5538,peppan_g_9955,peppan_g_14538,peppan_g_19119,peppan_g_24208,peppan_g_28660,peppan_g_31990,peppan_g_37442
LNHIMF_01085,peppan_g_1888,peppan_g_5540,peppan_g_9957,peppan_g_14540,peppan_g_19121,peppan_g_24210,peppan_g_28662,peppan_g_31992,peppan_g_37440
LNHIMF_01094,peppan_g_1811,peppan_g_5550,peppan_g_9970,peppan_g_14608,peppan_g_19191,peppan_g_24223,peppan_g_27701,peppan_g_31932,peppan_g_37371
LNHIMF_01098,peppan_g_1807,peppan_g_5554,peppan_g_9974,peppan_g_14612,peppan_g_19195,peppan_g_24227,peppan_g_27705,peppan_g_31928,peppan_g_37367
LNHIMF_01134,peppan_g_1772,peppan_g_5588,peppan_g_10009,peppan_g_14646,peppan_g_19229,peppan_g_24261,peppan_g_27739,peppan_g_32479,peppan_g_37333
LNHIMF_01136,peppan_g_1770,peppan_g_5590,peppan_g_10011,peppan_g_14648,peppan_g_19231,peppan_g_24263,peppan_g_27741,peppan_g_32477,peppan_g_37331
LNHIMF_01153,peppan_g_1753,peppan_g_5607,peppan_g_10028,peppan_g_14665,peppan_g_19248,peppan_g_24280,peppan_g_27758,peppan_g_32460,peppan_g_37314
LNHIMF_01173,peppan_g_1735,peppan_g_5625,peppan_g_10921,peppan_g_15606,peppan_g_19266,peppan_g_24298,peppan_g_27913,peppan_g_32442,peppan_g_37296
LNHIMF_01186,peppan_g_1723,peppan_g_5637,peppan_g_10909,peppan_g_15594,peppan_g_19278,peppan_g_24310,peppan_g_27925,peppan_g_32430,peppan_g_37284
LNHIMF_01188,peppan_g_1721,peppan_g_5639,peppan_g_10907,peppan_g_15592,peppan_g_19280,peppan_g_24312,peppan_g_27927,peppan_g_32428,peppan_g_37282
LNHIMF_01193,peppan_g_1717,peppan_g_5643,peppan_g_10903,peppan_g_15588,peppan_g_19284,peppan_g_24316,peppan_g_27931,peppan_g_32424,peppan_g_37278
LNHIMF_01200,peppan_g_1710,peppan_g_5650,peppan_g_10896,peppan_g_15581,peppan_g_19291,peppan_g_24323,peppan_g_27938,peppan_g_32417,peppan_g_37271
LNHIMF_01204,peppan_g_1706,peppan_g_5654,peppan_g_10892,peppan_g_15577,peppan_g_19295,peppan_g_24327,peppan_g_27942,peppan_g_32413,peppan_g_37267
LNHIMF_01207,peppan_g_1703,peppan_g_5657,peppan_g_10889,peppan_g_15574,peppan_g_19298,peppan_g_24330,peppan_g_27945,peppan_g_32410,peppan_g_37264
LNHIMF_01210,peppan_g_1700,peppan_g_5660,peppan_g_10886,peppan_g_15571,peppan_g_19301,peppan_g_24333,peppan_g_27948,peppan_g_32407,peppan_g_37261
LNHIMF_01219,peppan_g_1689,peppan_g_5669,peppan_g_10877,peppan_g_15562,peppan_g_19310,peppan_g_24342,peppan_g_27957,peppan_g_32398,peppan_g_37252
LNHIMF_01228,peppan_g_1683,peppan_g_5677,peppan_g_10869,peppan_g_15554,peppan_g_19318,peppan_g_24350,peppan_g_27965,peppan_g_32395,peppan_g_37244
LNHIMF_01240,peppan_g_1677,peppan_g_5689,peppan_g_10863,peppan_g_15548,peppan_g_19324,peppan_g_24356,peppan_g_27971,peppan_g_32389,peppan_g_37238
LNHIMF_01248,peppan_g_1669,peppan_g_5697,peppan_g_10855,peppan_g_15540,peppan_g_19332,peppan_g_24364,peppan_g_27979,peppan_g_32381,peppan_g_37230
LNHIMF_01254,peppan_g_1662,peppan_g_5704,peppan_g_10848,peppan_g_15533,peppan_g_19339,peppan_g_24371,peppan_g_27986,peppan_g_32374,peppan_g_37223
LNHIMF_01271,peppan_g_1645,peppan_g_5721,peppan_g_10831,peppan_g_15516,peppan_g_19357,peppan_g_24388,peppan_g_28003,peppan_g_32357,peppan_g_37206
LNHIMF_01274,peppan_g_1642,peppan_g_5724,peppan_g_10828,peppan_g_15513,peppan_g_19360,peppan_g_24391,peppan_g_28006,peppan_g_32354,peppan_g_37203
LNHIMF_01275,peppan_g_1641,peppan_g_5725,peppan_g_10827,peppan_g_15512,peppan_g_19361,peppan_g_24392,peppan_g_28007,peppan_g_32353,peppan_g_37202
LNHIMF_01294,peppan_g_1095,peppan_g_5742,peppan_g_10812,peppan_g_15499,peppan_g_19438,peppan_g_24467,peppan_g_28085,peppan_g_32340,peppan_g_37189
LNHIMF_01316,peppan_g_1115,peppan_g_5762,peppan_g_10792,peppan_g_15479,peppan_g_19458,peppan_g_24487,peppan_g_31871,peppan_g_32320,peppan_g_37169
LNHIMF_01323,peppan_g_1122,peppan_g_5768,peppan_g_10786,peppan_g_15473,peppan_g_19464,peppan_g_24493,peppan_g_31865,peppan_g_32314,peppan_g_37163
LNHIMF_01328,peppan_g_1126,peppan_g_5773,peppan_g_10781,peppan_g_15468,peppan_g_19469,peppan_g_24498,peppan_g_31860,peppan_g_32309,peppan_g_37159
LNHIMF_01334,peppan_g_1132,peppan_g_5779,peppan_g_10775,peppan_g_15463,peppan_g_19475,peppan_g_24504,peppan_g_31854,peppan_g_32303,peppan_g_37153
LNHIMF_01335,peppan_g_1133,peppan_g_5780,peppan_g_10774,peppan_g_15462,peppan_g_19476,peppan_g_24505,peppan_g_31853,peppan_g_32302,peppan_g_37152
LNHIMF_01339,peppan_g_1137,peppan_g_5784,peppan_g_10770,peppan_g_15458,peppan_g_19480,peppan_g_24509,peppan_g_31849,peppan_g_32757,peppan_g_37148
LNHIMF_01348,peppan_g_1146,peppan_g_5793,peppan_g_10761,peppan_g_15440,peppan_g_19489,peppan_g_24518,peppan_g_31840,peppan_g_32739,peppan_g_37139
LNHIMF_01360,peppan_g_1158,peppan_g_5805,peppan_g_10749,peppan_g_15428,peppan_g_19501,peppan_g_24530,peppan_g_31828,peppan_g_32727,peppan_g_37127
LNHIMF_01363,peppan_g_1161,peppan_g_5808,peppan_g_10746,peppan_g_15425,peppan_g_19504,peppan_g_24533,peppan_g_31825,peppan_g_32724,peppan_g_37124
LNHIMF_01368,peppan_g_1167,peppan_g_5813,peppan_g_10741,peppan_g_15420,peppan_g_19509,peppan_g_24538,peppan_g_31820,peppan_g_32719,peppan_g_37119
LNHIMF_01372,peppan_g_1171,peppan_g_5817,peppan_g_10737,peppan_g_15416,peppan_g_19513,peppan_g_24542,peppan_g_31816,peppan_g_32715,peppan_g_37115
LNHIMF_01375,peppan_g_1174,peppan_g_5820,peppan_g_10734,peppan_g_15413,peppan_g_19516,peppan_g_24545,peppan_g_31813,peppan_g_32712,peppan_g_37112
LNHIMF_01378,peppan_g_1177,peppan_g_5823,peppan_g_10731,peppan_g_15410,peppan_g_19519,peppan_g_24548,peppan_g_31810,peppan_g_32709,peppan_g_37109
LNHIMF_01379,peppan_g_1180,peppan_g_5824,peppan_g_10730,peppan_g_15407,peppan_g_19522,peppan_g_24551,peppan_g_31809,peppan_g_32708,peppan_g_37030
LNHIMF_01385,peppan_g_1186,peppan_g_5830,peppan_g_10724,peppan_g_15401,peppan_g_19528,peppan_g_24557,peppan_g_31803,peppan_g_32702,peppan_g_37024
LNHIMF_01390,peppan_g_1190,peppan_g_5834,peppan_g_10720,peppan_g_15397,peppan_g_19532,peppan_g_24561,peppan_g_31799,peppan_g_32698,peppan_g_37020
LNHIMF_01412,peppan_g_1199,peppan_g_5855,peppan_g_10699,peppan_g_15376,peppan_g_19553,peppan_g_24582,peppan_g_31778,peppan_g_32677,peppan_g_36999
LNHIMF_01413,peppan_g_1200,peppan_g_5856,peppan_g_10698,peppan_g_15375,peppan_g_19554,peppan_g_24583,peppan_g_31777,peppan_g_32676,peppan_g_36998
LNHIMF_01414,peppan_g_1201,peppan_g_5857,peppan_g_10697,peppan_g_15374,peppan_g_19555,peppan_g_24584,peppan_g_31776,peppan_g_32675,peppan_g_36997
LNHIMF_01418,peppan_g_1204,peppan_g_5860,peppan_g_10694,peppan_g_15371,peppan_g_19558,peppan_g_24587,peppan_g_31773,peppan_g_32672,peppan_g_36994
LNHIMF_01427,peppan_g_1213,peppan_g_5869,peppan_g_10685,peppan_g_15362,peppan_g_19567,peppan_g_24596,peppan_g_31764,peppan_g_32662,peppan_g_36984
LNHIMF_01433,peppan_g_1219,peppan_g_5875,peppan_g_10679,peppan_g_15356,peppan_g_19573,peppan_g_24602,peppan_g_31758,peppan_g_32656,peppan_g_36978
LNHIMF_01443,peppan_g_1229,peppan_g_5885,peppan_g_10669,peppan_g_15346,peppan_g_19583,peppan_g_24612,peppan_g_31748,peppan_g_32646,peppan_g_36968
LNHIMF_01455,peppan_g_1241,peppan_g_5897,peppan_g_10657,peppan_g_15334,peppan_g_19595,peppan_g_24624,peppan_g_31736,peppan_g_32634,peppan_g_36956
LNHIMF_01463,peppan_g_1249,peppan_g_5905,peppan_g_10649,peppan_g_15326,peppan_g_19603,peppan_g_24632,peppan_g_31728,peppan_g_32626,peppan_g_36948
LNHIMF_01465,peppan_g_1251,peppan_g_5907,peppan_g_10647,peppan_g_15324,peppan_g_19605,peppan_g_24634,peppan_g_31726,peppan_g_32624,peppan_g_36946
LNHIMF_01467,peppan_g_1253,peppan_g_5909,peppan_g_10645,peppan_g_15322,peppan_g_19607,peppan_g_24636,peppan_g_31724,peppan_g_32622,peppan_g_36944
LNHIMF_01477,peppan_g_1261,peppan_g_5917,peppan_g_10637,peppan_g_15314,peppan_g_19615,peppan_g_24644,peppan_g_31716,peppan_g_31936,peppan_g_36936
LNHIMF_01481,peppan_g_1263,peppan_g_5919,peppan_g_10635,peppan_g_15312,peppan_g_19617,peppan_g_24646,peppan_g_31714,peppan_g_31938,peppan_g_36934
LNHIMF_01485,peppan_g_1267,peppan_g_5923,peppan_g_10631,peppan_g_15308,peppan_g_19621,peppan_g_24650,peppan_g_31710,peppan_g_31942,peppan_g_36930
LNHIMF_01489,peppan_g_1271,peppan_g_5927,peppan_g_10627,peppan_g_15304,peppan_g_19625,peppan_g_24654,peppan_g_31706,peppan_g_31946,peppan_g_36926
LNHIMF_01500,peppan_g_1282,peppan_g_5938,peppan_g_10616,peppan_g_15293,peppan_g_19636,peppan_g_24665,peppan_g_31695,peppan_g_32056,peppan_g_36915
LNHIMF_01526,peppan_g_1305,peppan_g_5964,peppan_g_10591,peppan_g_15270,peppan_g_19659,peppan_g_24688,peppan_g_31672,peppan_g_32033,peppan_g_36892
LNHIMF_01553,peppan_g_1381,peppan_g_5991,peppan_g_10564,peppan_g_15243,peppan_g_19686,peppan_g_24715,peppan_g_31645,peppan_g_36312,peppan_g_36865
LNHIMF_01554,peppan_g_1382,peppan_g_5992,peppan_g_10563,peppan_g_15242,peppan_g_19687,peppan_g_24716,peppan_g_31644,peppan_g_36311,peppan_g_36864
LNHIMF_01559,peppan_g_1387,peppan_g_5997,peppan_g_10558,peppan_g_15237,peppan_g_19692,peppan_g_24721,peppan_g_31639,peppan_g_36306,peppan_g_36859
LNHIMF_01644,peppan_g_1455,peppan_g_6081,peppan_g_10474,peppan_g_15169,peppan_g_19771,peppan_g_24800,peppan_g_31562,peppan_g_36229,peppan_g_36777
LNHIMF_01645,peppan_g_1456,peppan_g_6082,peppan_g_10473,peppan_g_15168,peppan_g_19772,peppan_g_24801,peppan_g_31561,peppan_g_36228,peppan_g_36776
LNHIMF_01649,peppan_g_1460,peppan_g_6086,peppan_g_10469,peppan_g_15164,peppan_g_19776,peppan_g_24805,peppan_g_31557,peppan_g_36224,peppan_g_36772
LNHIMF_01653,peppan_g_1464,peppan_g_6090,peppan_g_10465,peppan_g_15160,peppan_g_19780,peppan_g_24809,peppan_g_31553,peppan_g_36220,peppan_g_36768
LNHIMF_01659,peppan_g_1469,peppan_g_6096,peppan_g_10459,peppan_g_15154,peppan_g_19786,peppan_g_24815,peppan_g_31547,peppan_g_36214,peppan_g_36762
LNHIMF_01660,peppan_g_1470,peppan_g_6097,peppan_g_10458,peppan_g_15153,peppan_g_19787,peppan_g_24816,peppan_g_31546,peppan_g_36213,peppan_g_36761
LNHIMF_01671,peppan_g_1481,peppan_g_6108,peppan_g_10447,peppan_g_15142,peppan_g_19798,peppan_g_24827,peppan_g_31535,peppan_g_36202,peppan_g_36750
LNHIMF_01673,peppan_g_1483,peppan_g_6110,peppan_g_10445,peppan_g_15140,peppan_g_19800,peppan_g_24829,peppan_g_31533,peppan_g_36200,peppan_g_36748
LNHIMF_01679,peppan_g_1489,peppan_g_6116,peppan_g_10435,peppan_g_15134,peppan_g_19806,peppan_g_24835,peppan_g_31527,peppan_g_36194,peppan_g_36738
LNHIMF_01689,peppan_g_1493,peppan_g_6127,peppan_g_10424,peppan_g_15123,peppan_g_19817,peppan_g_24846,peppan_g_31516,peppan_g_36183,peppan_g_36727
LNHIMF_01698,peppan_g_1500,peppan_g_6134,peppan_g_10417,peppan_g_15116,peppan_g_19824,peppan_g_24853,peppan_g_31509,peppan_g_36176,peppan_g_36720
LNHIMF_01701,peppan_g_1503,peppan_g_6137,peppan_g_10414,peppan_g_15113,peppan_g_19827,peppan_g_24856,peppan_g_31506,peppan_g_36173,peppan_g_36717
LNHIMF_01704,peppan_g_1506,peppan_g_6140,peppan_g_10411,peppan_g_15110,peppan_g_19830,peppan_g_24859,peppan_g_31503,peppan_g_36170,peppan_g_36714
LNHIMF_01707,peppan_g_1509,peppan_g_6143,peppan_g_10408,peppan_g_15107,peppan_g_19833,peppan_g_24862,peppan_g_31500,peppan_g_36167,peppan_g_36711
LNHIMF_01719,peppan_g_1520,peppan_g_6153,peppan_g_10398,peppan_g_15098,peppan_g_19842,peppan_g_24871,peppan_g_31491,peppan_g_36158,peppan_g_36702
LNHIMF_01725,peppan_g_1526,peppan_g_6159,peppan_g_10392,peppan_g_15092,peppan_g_19848,peppan_g_24877,peppan_g_31485,peppan_g_36152,peppan_g_36696
LNHIMF_01762,peppan_g_1564,peppan_g_6196,peppan_g_10359,peppan_g_15059,peppan_g_19882,peppan_g_24910,peppan_g_31452,peppan_g_36119,peppan_g_36663
LNHIMF_01777,peppan_g_1579,peppan_g_6211,peppan_g_10344,peppan_g_15044,peppan_g_19897,peppan_g_24925,peppan_g_31437,peppan_g_36104,peppan_g_36648
LNHIMF_01784,peppan_g_1585,peppan_g_6217,peppan_g_10338,peppan_g_15037,peppan_g_19904,peppan_g_24932,peppan_g_31430,peppan_g_36098,peppan_g_36642
LNHIMF_01804,peppan_g_1604,peppan_g_6236,peppan_g_10319,peppan_g_15018,peppan_g_19923,peppan_g_24951,peppan_g_31411,peppan_g_36079,peppan_g_36623
LNHIMF_01817,peppan_g_1617,peppan_g_6249,peppan_g_10306,peppan_g_15005,peppan_g_19936,peppan_g_24964,peppan_g_31398,peppan_g_36066,peppan_g_36610
LNHIMF_01818,peppan_g_1618,peppan_g_6250,peppan_g_10305,peppan_g_15004,peppan_g_19937,peppan_g_24965,peppan_g_31397,peppan_g_36065,peppan_g_36609
LNHIMF_01819,peppan_g_1619,peppan_g_6251,peppan_g_10304,peppan_g_15003,peppan_g_19938,peppan_g_24966,peppan_g_31396,peppan_g_36064,peppan_g_36608
LNHIMF_01823,peppan_g_1623,peppan_g_6255,peppan_g_10300,peppan_g_14999,peppan_g_19942,peppan_g_24970,peppan_g_31392,peppan_g_36060,peppan_g_36604
LNHIMF_01858,peppan_g_1062,peppan_g_6288,peppan_g_10266,peppan_g_14966,peppan_g_19974,peppan_g_25002,peppan_g_31358,peppan_g_36028,peppan_g_36572
LNHIMF_01861,peppan_g_1059,peppan_g_6291,peppan_g_10263,peppan_g_14963,peppan_g_19977,peppan_g_25005,peppan_g_31355,peppan_g_36025,peppan_g_36569
LNHIMF_01866,peppan_g_1055,peppan_g_6295,peppan_g_10259,peppan_g_14959,peppan_g_19981,peppan_g_25009,peppan_g_31351,peppan_g_36021,peppan_g_36565
LNHIMF_01879,peppan_g_1042,peppan_g_6308,peppan_g_10246,peppan_g_14946,peppan_g_19994,peppan_g_25022,peppan_g_31338,peppan_g_36008,peppan_g_36552
LNHIMF_01896,peppan_g_1026,peppan_g_6324,peppan_g_10230,peppan_g_14930,peppan_g_20011,peppan_g_25038,peppan_g_31322,peppan_g_35992,peppan_g_36536
LNHIMF_01903,peppan_g_1019,peppan_g_6331,peppan_g_10223,peppan_g_14923,peppan_g_20018,peppan_g_25045,peppan_g_31315,peppan_g_35985,peppan_g_36529
LNHIMF_01908,peppan_g_1014,peppan_g_6336,peppan_g_10218,peppan_g_14918,peppan_g_20023,peppan_g_25050,peppan_g_31310,peppan_g_35980,peppan_g_36524
LNHIMF_01920,peppan_g_1002,peppan_g_6348,peppan_g_10206,peppan_g_14906,peppan_g_20035,peppan_g_25062,peppan_g_31298,peppan_g_35968,peppan_g_36512
LNHIMF_01923,peppan_g_999,peppan_g_6351,peppan_g_10203,peppan_g_14903,peppan_g_20038,peppan_g_25065,peppan_g_31295,peppan_g_35965,peppan_g_36509
LNHIMF_01956,peppan_g_972,peppan_g_6386,peppan_g_10178,peppan_g_14817,peppan_g_20071,peppan_g_25098,peppan_g_31251,peppan_g_35919,peppan_g_36473
LNHIMF_01963,peppan_g_965,peppan_g_6393,peppan_g_10171,peppan_g_14810,peppan_g_20078,peppan_g_25105,peppan_g_31241,peppan_g_35912,peppan_g_36466
LNHIMF_01984,peppan_g_945,peppan_g_6413,peppan_g_10150,peppan_g_14789,peppan_g_20099,peppan_g_25126,peppan_g_31220,peppan_g_35891,peppan_g_36445
LNHIMF_01988,peppan_g_941,peppan_g_6417,peppan_g_10146,peppan_g_14785,peppan_g_20103,peppan_g_25130,peppan_g_31216,peppan_g_35887,peppan_g_36441
LNHIMF_01993,peppan_g_936,peppan_g_6422,peppan_g_10141,peppan_g_14780,peppan_g_20108,peppan_g_25135,peppan_g_31211,peppan_g_35882,peppan_g_36436
LNHIMF_02019,peppan_g_914,peppan_g_6445,peppan_g_10118,peppan_g_14757,peppan_g_20131,peppan_g_25158,peppan_g_31188,peppan_g_35859,peppan_g_36413
LNHIMF_02021,peppan_g_912,peppan_g_6447,peppan_g_10116,peppan_g_14755,peppan_g_20133,peppan_g_25160,peppan_g_31186,peppan_g_35857,peppan_g_36411
LNHIMF_02023,peppan_g_910,peppan_g_6449,peppan_g_10114,peppan_g_14753,peppan_g_20135,peppan_g_25162,peppan_g_31184,peppan_g_35855,peppan_g_36409
LNHIMF_02025,peppan_g_908,peppan_g_6451,peppan_g_10112,peppan_g_14751,peppan_g_20137,peppan_g_25164,peppan_g_31182,peppan_g_35853,peppan_g_36407
LNHIMF_02045,peppan_g_887,peppan_g_6472,peppan_g_10091,peppan_g_14730,peppan_g_20159,peppan_g_25185,peppan_g_31161,peppan_g_35832,peppan_g_36386
LNHIMF_02046,peppan_g_886,peppan_g_6473,peppan_g_10090,peppan_g_14729,peppan_g_20160,peppan_g_25186,peppan_g_31160,peppan_g_35831,peppan_g_36385
LNHIMF_02047,peppan_g_885,peppan_g_6474,peppan_g_10089,peppan_g_14728,peppan_g_20161,peppan_g_25187,peppan_g_31159,peppan_g_35830,peppan_g_36384
LNHIMF_02052,peppan_g_880,peppan_g_6479,peppan_g_10084,peppan_g_14723,peppan_g_20166,peppan_g_25192,peppan_g_31154,peppan_g_35825,peppan_g_36379
LNHIMF_02062,peppan_g_871,peppan_g_6488,peppan_g_10075,peppan_g_14714,peppan_g_20175,peppan_g_25201,peppan_g_31145,peppan_g_35816,peppan_g_36370
LNHIMF_02092,peppan_g_838,peppan_g_6511,peppan_g_10991,peppan_g_15712,peppan_g_20249,peppan_g_25220,peppan_g_29073,peppan_g_35799,peppan_g_40929
LNHIMF_02094,peppan_g_836,peppan_g_6513,peppan_g_10993,peppan_g_15714,peppan_g_20251,peppan_g_25222,peppan_g_29071,peppan_g_35797,peppan_g_40927
LNHIMF_02098,peppan_g_832,peppan_g_6517,peppan_g_10997,peppan_g_15718,peppan_g_20255,peppan_g_25226,peppan_g_29067,peppan_g_35793,peppan_g_40923
LNHIMF_02103,peppan_g_827,peppan_g_6522,peppan_g_11002,peppan_g_15723,peppan_g_20260,peppan_g_25231,peppan_g_29062,peppan_g_35788,peppan_g_40918
LNHIMF_02127,peppan_g_804,peppan_g_6545,peppan_g_11025,peppan_g_15746,peppan_g_20283,peppan_g_25254,peppan_g_29039,peppan_g_35765,peppan_g_40895
LNHIMF_02131,peppan_g_800,peppan_g_6549,peppan_g_11029,peppan_g_15750,peppan_g_20287,peppan_g_25258,peppan_g_29035,peppan_g_35761,peppan_g_40891
LNHIMF_02241,peppan_g_755,peppan_g_6654,peppan_g_11073,peppan_g_15795,peppan_g_20331,peppan_g_25302,peppan_g_28988,peppan_g_35714,peppan_g_40856
LNHIMF_02247,peppan_g_749,peppan_g_6660,peppan_g_11079,peppan_g_15801,peppan_g_20337,peppan_g_25308,peppan_g_28982,peppan_g_35708,peppan_g_40850
LNHIMF_02249,peppan_g_747,peppan_g_6662,peppan_g_11081,peppan_g_15803,peppan_g_20339,peppan_g_25310,peppan_g_28980,peppan_g_35706,peppan_g_40848
LNHIMF_02252,peppan_g_744,peppan_g_6665,peppan_g_11084,peppan_g_15806,peppan_g_20342,peppan_g_25313,peppan_g_28977,peppan_g_35703,peppan_g_40845
LNHIMF_02264,peppan_g_732,peppan_g_6677,peppan_g_11096,peppan_g_15818,peppan_g_20354,peppan_g_25325,peppan_g_28965,peppan_g_35691,peppan_g_40833
LNHIMF_02269,peppan_g_728,peppan_g_6681,peppan_g_11100,peppan_g_15822,peppan_g_20358,peppan_g_25329,peppan_g_28961,peppan_g_35667,peppan_g_40829
LNHIMF_02306,peppan_g_681,peppan_g_6716,peppan_g_11147,peppan_g_15857,peppan_g_20394,peppan_g_25365,peppan_g_28917,peppan_g_35631,peppan_g_40786
LNHIMF_02318,peppan_g_670,peppan_g_6727,peppan_g_11158,peppan_g_15868,peppan_g_20405,peppan_g_25376,peppan_g_28906,peppan_g_35620,peppan_g_40775
LNHIMF_02322,peppan_g_666,peppan_g_6731,peppan_g_11162,peppan_g_15872,peppan_g_20409,peppan_g_25380,peppan_g_28902,peppan_g_35616,peppan_g_40771
LNHIMF_02325,peppan_g_663,peppan_g_6734,peppan_g_11165,peppan_g_15875,peppan_g_20412,peppan_g_25383,peppan_g_28899,peppan_g_35613,peppan_g_40768
LNHIMF_02331,peppan_g_657,peppan_g_6740,peppan_g_11171,peppan_g_15881,peppan_g_20418,peppan_g_25389,peppan_g_28893,peppan_g_35607,peppan_g_40762
LNHIMF_02344,peppan_g_644,peppan_g_6753,peppan_g_11184,peppan_g_15894,peppan_g_20431,peppan_g_25402,peppan_g_28880,peppan_g_35593,peppan_g_40749
LNHIMF_02358,peppan_g_631,peppan_g_6766,peppan_g_11197,peppan_g_15907,peppan_g_20444,peppan_g_25415,peppan_g_28867,peppan_g_34738,peppan_g_40736
LNHIMF_02365,peppan_g_624,peppan_g_6773,peppan_g_11204,peppan_g_15914,peppan_g_20451,peppan_g_25422,peppan_g_28860,peppan_g_34731,peppan_g_40729
LNHIMF_02384,peppan_g_601,peppan_g_6791,peppan_g_11223,peppan_g_15937,peppan_g_20484,peppan_g_25455,peppan_g_28837,peppan_g_34708,peppan_g_40706
LNHIMF_02388,peppan_g_597,peppan_g_6795,peppan_g_11227,peppan_g_15941,peppan_g_20488,peppan_g_25459,peppan_g_28833,peppan_g_34704,peppan_g_40702
LNHIMF_02417,peppan_g_570,peppan_g_6821,peppan_g_11253,peppan_g_15967,peppan_g_20514,peppan_g_25485,peppan_g_28807,peppan_g_34678,peppan_g_40676
LNHIMF_02458,peppan_g_530,peppan_g_6861,peppan_g_11295,peppan_g_16008,peppan_g_20555,peppan_g_25526,peppan_g_28765,peppan_g_34638,peppan_g_40636
LNHIMF_02460,peppan_g_528,peppan_g_6863,peppan_g_11297,peppan_g_16010,peppan_g_20557,peppan_g_25528,peppan_g_28763,peppan_g_34636,peppan_g_40634
LNHIMF_02495,peppan_g_493,peppan_g_6898,peppan_g_11332,peppan_g_16045,peppan_g_20592,peppan_g_25563,peppan_g_28728,peppan_g_34601,peppan_g_40599
LNHIMF_02509,peppan_g_478,peppan_g_6913,peppan_g_11347,peppan_g_16060,peppan_g_20607,peppan_g_25578,peppan_g_28713,peppan_g_34586,peppan_g_40584
LNHIMF_02511,peppan_g_476,peppan_g_6915,peppan_g_11349,peppan_g_16062,peppan_g_20609,peppan_g_25580,peppan_g_28711,peppan_g_34584,peppan_g_40582
LNHIMF_02535,peppan_g_450,peppan_g_6936,peppan_g_11370,peppan_g_16087,peppan_g_20630,peppan_g_25601,peppan_g_28690,peppan_g_34563,peppan_g_40561
LNHIMF_02540,peppan_g_445,peppan_g_6941,peppan_g_11375,peppan_g_16092,peppan_g_20635,peppan_g_25606,peppan_g_28685,peppan_g_34558,peppan_g_40556
LNHIMF_02553,peppan_g_438,peppan_g_6948,peppan_g_11382,peppan_g_16099,peppan_g_20642,peppan_g_25613,peppan_g_28462,peppan_g_34551,peppan_g_40549
LNHIMF_02557,peppan_g_434,peppan_g_6952,peppan_g_11386,peppan_g_16103,peppan_g_20646,peppan_g_25617,peppan_g_28458,peppan_g_34547,peppan_g_40545
LNHIMF_02582,peppan_g_408,peppan_g_6978,peppan_g_11413,peppan_g_16130,peppan_g_20673,peppan_g_25643,peppan_g_28431,peppan_g_34521,peppan_g_40518
LNHIMF_02604,peppan_g_384,peppan_g_6999,peppan_g_11436,peppan_g_16153,peppan_g_20697,peppan_g_25666,peppan_g_28409,peppan_g_34499,peppan_g_40496
LNHIMF_02626,peppan_g_363,peppan_g_7019,peppan_g_11456,peppan_g_16173,peppan_g_20715,peppan_g_25684,peppan_g_28389,peppan_g_34479,peppan_g_40476
LNHIMF_02642,peppan_g_346,peppan_g_7036,peppan_g_11476,peppan_g_16191,peppan_g_20732,peppan_g_25701,peppan_g_28371,peppan_g_34461,peppan_g_40459
LNHIMF_02652,peppan_g_333,peppan_g_7045,peppan_g_11485,peppan_g_16201,peppan_g_20741,peppan_g_25710,peppan_g_28362,peppan_g_34452,peppan_g_40450
LNHIMF_02682,peppan_g_303,peppan_g_7073,peppan_g_11515,peppan_g_16231,peppan_g_20771,peppan_g_25740,peppan_g_28332,peppan_g_34422,peppan_g_40420
LNHIMF_02685,peppan_g_300,peppan_g_7076,peppan_g_11518,peppan_g_16234,peppan_g_20774,peppan_g_25743,peppan_g_28329,peppan_g_34419,peppan_g_40417
LNHIMF_02723,peppan_g_265,peppan_g_7111,peppan_g_11553,peppan_g_16269,peppan_g_20868,peppan_g_25778,peppan_g_27261,peppan_g_34381,peppan_g_40382
LNHIMF_02738,peppan_g_250,peppan_g_7126,peppan_g_11568,peppan_g_16284,peppan_g_20883,peppan_g_25793,peppan_g_27276,peppan_g_34366,peppan_g_40367
LNHIMF_02748,peppan_g_2545,peppan_g_7131,peppan_g_11573,peppan_g_16289,peppan_g_20888,peppan_g_25798,peppan_g_31134,peppan_g_34360,peppan_g_40362
LNHIMF_02751,peppan_g_2548,peppan_g_7134,peppan_g_11610,peppan_g_16292,peppan_g_20891,peppan_g_25801,peppan_g_31131,peppan_g_34357,peppan_g_40359
LNHIMF_02757,peppan_g_2554,peppan_g_7140,peppan_g_11616,peppan_g_16298,peppan_g_20897,peppan_g_25807,peppan_g_31125,peppan_g_34351,peppan_g_40353
LNHIMF_02769,peppan_g_2566,peppan_g_7152,peppan_g_11628,peppan_g_16310,peppan_g_20909,peppan_g_25819,peppan_g_31113,peppan_g_34339,peppan_g_40341
LNHIMF_02775,peppan_g_2571,peppan_g_7157,peppan_g_11633,peppan_g_16315,peppan_g_20914,peppan_g_25824,peppan_g_31108,peppan_g_34334,peppan_g_40336
LNHIMF_02803,peppan_g_2597,peppan_g_7183,peppan_g_11682,peppan_g_16366,peppan_g_20954,peppan_g_25864,peppan_g_31089,peppan_g_34327,peppan_g_40243
LNHIMF_02807,peppan_g_2601,peppan_g_7187,peppan_g_11686,peppan_g_16370,peppan_g_20958,peppan_g_25868,peppan_g_31085,peppan_g_34323,peppan_g_40239
LNHIMF_02811,peppan_g_2604,peppan_g_7190,peppan_g_11689,peppan_g_16373,peppan_g_20961,peppan_g_25871,peppan_g_31082,peppan_g_34320,peppan_g_40236
LNHIMF_02812,peppan_g_2605,peppan_g_7191,peppan_g_11690,peppan_g_16374,peppan_g_20962,peppan_g_25872,peppan_g_31081,peppan_g_34319,peppan_g_40235
LNHIMF_02828,peppan_g_2621,peppan_g_7207,peppan_g_11706,peppan_g_16390,peppan_g_20978,peppan_g_25888,peppan_g_31065,peppan_g_34303,peppan_g_40219
LNHIMF_02864,peppan_g_2650,peppan_g_7236,peppan_g_11735,peppan_g_16419,peppan_g_21007,peppan_g_25917,peppan_g_31036,peppan_g_34274,peppan_g_40190
LNHIMF_02866,peppan_g_2652,peppan_g_7238,peppan_g_11737,peppan_g_16421,peppan_g_21009,peppan_g_25919,peppan_g_31034,peppan_g_34272,peppan_g_40188
LNHIMF_02875,peppan_g_2661,peppan_g_7247,peppan_g_11746,peppan_g_16430,peppan_g_21018,peppan_g_25928,peppan_g_31025,peppan_g_34263,peppan_g_40179
LNHIMF_02878,peppan_g_2664,peppan_g_7250,peppan_g_11749,peppan_g_16433,peppan_g_21021,peppan_g_25931,peppan_g_31022,peppan_g_34260,peppan_g_40176
LNHIMF_02883,peppan_g_2669,peppan_g_7255,peppan_g_11754,peppan_g_16438,peppan_g_21026,peppan_g_25936,peppan_g_31017,peppan_g_34255,peppan_g_40171
LNHIMF_02891,peppan_g_2677,peppan_g_7263,peppan_g_11762,peppan_g_16446,peppan_g_21034,peppan_g_25944,peppan_g_31009,peppan_g_34247,peppan_g_40163
LNHIMF_02899,peppan_g_2683,peppan_g_7270,peppan_g_11769,peppan_g_16453,peppan_g_21041,peppan_g_25951,peppan_g_31002,peppan_g_34240,peppan_g_40156
LNHIMF_02908,peppan_g_2692,peppan_g_7279,peppan_g_11778,peppan_g_16462,peppan_g_21050,peppan_g_25960,peppan_g_30993,peppan_g_34231,peppan_g_40147
LNHIMF_02915,peppan_g_2699,peppan_g_7286,peppan_g_11785,peppan_g_16469,peppan_g_21057,peppan_g_25967,peppan_g_30986,peppan_g_34224,peppan_g_40140
LNHIMF_02922,peppan_g_2706,peppan_g_7293,peppan_g_11792,peppan_g_16476,peppan_g_21064,peppan_g_25974,peppan_g_30979,peppan_g_34217,peppan_g_40133
LNHIMF_02946,peppan_g_2729,peppan_g_7316,peppan_g_11820,peppan_g_16501,peppan_g_21090,peppan_g_26000,peppan_g_30952,peppan_g_34189,peppan_g_40107
LNHIMF_02948,peppan_g_2731,peppan_g_7318,peppan_g_11822,peppan_g_16503,peppan_g_21092,peppan_g_26002,peppan_g_30950,peppan_g_34187,peppan_g_40105
LNHIMF_02955,peppan_g_2738,peppan_g_7325,peppan_g_11831,peppan_g_16510,peppan_g_21099,peppan_g_26009,peppan_g_30943,peppan_g_34180,peppan_g_40098
LNHIMF_02958,peppan_g_2741,peppan_g_7328,peppan_g_11834,peppan_g_16513,peppan_g_21102,peppan_g_26012,peppan_g_30940,peppan_g_34177,peppan_g_40095
LNHIMF_02979,peppan_g_2763,peppan_g_7349,peppan_g_11855,peppan_g_16534,peppan_g_21123,peppan_g_26033,peppan_g_30919,peppan_g_34155,peppan_g_40074
LNHIMF_03006,peppan_g_2798,peppan_g_7375,peppan_g_11888,peppan_g_16565,peppan_g_21149,peppan_g_26059,peppan_g_30893,peppan_g_34124,peppan_g_40043
LNHIMF_03011,peppan_g_2803,peppan_g_7380,peppan_g_11893,peppan_g_16570,peppan_g_21154,peppan_g_26064,peppan_g_30888,peppan_g_34119,peppan_g_40038
LNHIMF_03017,peppan_g_2808,peppan_g_7385,peppan_g_11898,peppan_g_16575,peppan_g_21159,peppan_g_26069,peppan_g_30883,peppan_g_34114,peppan_g_40033
LNHIMF_03019,peppan_g_2810,peppan_g_7387,peppan_g_11900,peppan_g_16577,peppan_g_21161,peppan_g_26071,peppan_g_30881,peppan_g_34112,peppan_g_40031
LNHIMF_03037,peppan_g_2827,peppan_g_7403,peppan_g_11916,peppan_g_16593,peppan_g_21177,peppan_g_26087,peppan_g_30865,peppan_g_34096,peppan_g_40015
LNHIMF_03042,peppan_g_2832,peppan_g_7408,peppan_g_11921,peppan_g_16598,peppan_g_21182,peppan_g_26092,peppan_g_30860,peppan_g_34091,peppan_g_40010
LNHIMF_03052,peppan_g_2841,peppan_g_7416,peppan_g_11929,peppan_g_16606,peppan_g_21190,peppan_g_26100,peppan_g_30852,peppan_g_34083,peppan_g_40002
LNHIMF_03056,peppan_g_2844,peppan_g_7419,peppan_g_11932,peppan_g_16609,peppan_g_21193,peppan_g_26103,peppan_g_30849,peppan_g_34080,peppan_g_39999
LNHIMF_03057,peppan_g_2845,peppan_g_7420,peppan_g_11933,peppan_g_16610,peppan_g_21194,peppan_g_26104,peppan_g_30848,peppan_g_34079,peppan_g_39998
LNHIMF_03075,peppan_g_2868,peppan_g_7435,peppan_g_11949,peppan_g_16628,peppan_g_21212,peppan_g_26122,peppan_g_27190;peppan_g_30830,peppan_g_34064,peppan_g_39981
LNHIMF_03086,peppan_g_2878,peppan_g_7445,peppan_g_11959,peppan_g_16638,peppan_g_21222,peppan_g_26132,peppan_g_30820,peppan_g_34054,peppan_g_39971
LNHIMF_03094,peppan_g_2885,peppan_g_7452,peppan_g_11966,peppan_g_16645,peppan_g_21229,peppan_g_26139,peppan_g_30813,peppan_g_34047,peppan_g_39964
LNHIMF_03104,peppan_g_2893,peppan_g_7460,peppan_g_11974,peppan_g_16653,peppan_g_21237,peppan_g_26147,peppan_g_30805,peppan_g_32183,peppan_g_39956
LNHIMF_03105,peppan_g_2894,peppan_g_7461,peppan_g_11975,peppan_g_16654,peppan_g_21238,peppan_g_26148,peppan_g_30804,peppan_g_32182,peppan_g_39955
LNHIMF_03117,peppan_g_2908,peppan_g_7473,peppan_g_11987,peppan_g_16666,peppan_g_21250,peppan_g_26160,peppan_g_30792,peppan_g_32170,peppan_g_39943
LNHIMF_03134,peppan_g_2920,peppan_g_7490,peppan_g_12005,peppan_g_16684,peppan_g_21268,peppan_g_26178,peppan_g_30774,peppan_g_32152,peppan_g_39925
LNHIMF_03139,peppan_g_2925,peppan_g_7495,peppan_g_12010,peppan_g_16689,peppan_g_21273,peppan_g_26183,peppan_g_30769,peppan_g_32147,peppan_g_39920
LNHIMF_03148,peppan_g_2936,peppan_g_7504,peppan_g_12019,peppan_g_16698,peppan_g_21282,peppan_g_26192,peppan_g_30760,peppan_g_32138,peppan_g_39911
LNHIMF_03152,peppan_g_2940,peppan_g_7508,peppan_g_12023,peppan_g_16702,peppan_g_21286,peppan_g_26196,peppan_g_30756,peppan_g_31906,peppan_g_39907
LNHIMF_03170,peppan_g_2957,peppan_g_7524,peppan_g_12040,peppan_g_16718,peppan_g_21302,peppan_g_26212,peppan_g_30740,peppan_g_33700,peppan_g_39878
LNHIMF_03178,peppan_g_2961,peppan_g_7532,peppan_g_12044,peppan_g_16722,peppan_g_21306,peppan_g_26216,peppan_g_30736,peppan_g_33696,peppan_g_39874
LNHIMF_03185,peppan_g_2968,peppan_g_7539,peppan_g_12051,peppan_g_16729,peppan_g_21313,peppan_g_26223,peppan_g_30729,peppan_g_33689,peppan_g_39867
LNHIMF_03189,peppan_g_2972,peppan_g_7543,peppan_g_12055,peppan_g_16733,peppan_g_21317,peppan_g_26227,peppan_g_30725,peppan_g_33685,peppan_g_39863
LNHIMF_03203,peppan_g_2986,peppan_g_7557,peppan_g_12069,peppan_g_16747,peppan_g_21331,peppan_g_26241,peppan_g_30711,peppan_g_33671,peppan_g_39848
LNHIMF_03204,peppan_g_2987,peppan_g_7558,peppan_g_12070,peppan_g_16748,peppan_g_21332,peppan_g_26242,peppan_g_30710,peppan_g_33670,peppan_g_39847
LNHIMF_03205,peppan_g_2988,peppan_g_7559,peppan_g_12071,peppan_g_16749,peppan_g_21333,peppan_g_26243,peppan_g_30709,peppan_g_33669,peppan_g_39846
LNHIMF_03207,peppan_g_2990,peppan_g_7561,peppan_g_12073,peppan_g_16751,peppan_g_21335,peppan_g_26245,peppan_g_30707,peppan_g_33667,peppan_g_39844
LNHIMF_03221,peppan_g_3005,peppan_g_7575,peppan_g_12093,peppan_g_16766,peppan_g_21350,peppan_g_26260,peppan_g_30691,peppan_g_33652,peppan_g_39829
LNHIMF_03223,peppan_g_3007,peppan_g_7577,peppan_g_12095,peppan_g_16768,peppan_g_21352,peppan_g_26262,peppan_g_30689,peppan_g_33650,peppan_g_39827
LNHIMF_03224,peppan_g_3008,peppan_g_7578,peppan_g_12096,peppan_g_16769,peppan_g_21353,peppan_g_26263,peppan_g_30688,peppan_g_33649,peppan_g_39826
LNHIMF_03235,peppan_g_3019,peppan_g_7589,peppan_g_12107,peppan_g_16780,peppan_g_21364,peppan_g_26274,peppan_g_30677,peppan_g_33638,peppan_g_39815
LNHIMF_03236,peppan_g_3020,peppan_g_7590,peppan_g_12108,peppan_g_16781,peppan_g_21365,peppan_g_26275,peppan_g_30676,peppan_g_33637,peppan_g_39814
LNHIMF_03242,peppan_g_3024,peppan_g_7597,peppan_g_12115,peppan_g_16785,peppan_g_21369,peppan_g_26279,peppan_g_30672,peppan_g_33633,peppan_g_39810
LNHIMF_03252,peppan_g_3033,peppan_g_7606,peppan_g_12124,peppan_g_16794,peppan_g_21378,peppan_g_26288,peppan_g_30663,peppan_g_33624,peppan_g_39801
LNHIMF_03259,peppan_g_3039,peppan_g_7612,peppan_g_12130,peppan_g_16800,peppan_g_21384,peppan_g_26294,peppan_g_30657,peppan_g_33579,peppan_g_39795
LNHIMF_03275,peppan_g_3054,peppan_g_7627,peppan_g_12145,peppan_g_16815,peppan_g_21399,peppan_g_26309,peppan_g_30642,peppan_g_33564,peppan_g_39780
LNHIMF_03279,peppan_g_3058,peppan_g_7631,peppan_g_12149,peppan_g_16819,peppan_g_21403,peppan_g_26313,peppan_g_30638,peppan_g_33560,peppan_g_39776
LNHIMF_03282,peppan_g_3061,peppan_g_7634,peppan_g_12152,peppan_g_16822,peppan_g_21406,peppan_g_26316,peppan_g_30635,peppan_g_33557,peppan_g_39773
LNHIMF_03308,peppan_g_3090,peppan_g_7658,peppan_g_12176,peppan_g_16846,peppan_g_21430,peppan_g_26345,peppan_g_30606,peppan_g_33528,peppan_g_39749
LNHIMF_03310,peppan_g_3092,peppan_g_7660,peppan_g_12178,peppan_g_16848,peppan_g_21432,peppan_g_26347,peppan_g_30604,peppan_g_33526,peppan_g_39747
LNHIMF_03312,peppan_g_3094,peppan_g_7662,peppan_g_12180,peppan_g_16850,peppan_g_21434,peppan_g_26349,peppan_g_30602,peppan_g_33524,peppan_g_39745
LNHIMF_03316,peppan_g_3098,peppan_g_7666,peppan_g_12184,peppan_g_16854,peppan_g_21438,peppan_g_26353,peppan_g_30598,peppan_g_33520,peppan_g_39741
LNHIMF_03335,peppan_g_3113,peppan_g_7681,peppan_g_12202,peppan_g_16872,peppan_g_21456,peppan_g_26371,peppan_g_30582,peppan_g_33504,peppan_g_39726
LNHIMF_03346,peppan_g_3123,peppan_g_7691,peppan_g_12212,peppan_g_16882,peppan_g_21467,peppan_g_26381,peppan_g_30572,peppan_g_33494,peppan_g_39716
LNHIMF_03357,peppan_g_3134,peppan_g_7702,peppan_g_12223,peppan_g_16893,peppan_g_21478,peppan_g_26392,peppan_g_30561,peppan_g_33483,peppan_g_39705
LNHIMF_03385,peppan_g_3160,peppan_g_7728,peppan_g_12249,peppan_g_16919,peppan_g_21504,peppan_g_26418,peppan_g_30535,peppan_g_33457,peppan_g_39679
LNHIMF_03399,peppan_g_3174,peppan_g_7742,peppan_g_12263,peppan_g_16933,peppan_g_21518,peppan_g_26432,peppan_g_30521,peppan_g_33443,peppan_g_39665
LNHIMF_03432,peppan_g_3208,peppan_g_7776,peppan_g_12297,peppan_g_16967,peppan_g_21552,peppan_g_26466,peppan_g_30487,peppan_g_33409,peppan_g_39631
LNHIMF_03461,peppan_g_3969,peppan_g_7799,peppan_g_12320,peppan_g_16990,peppan_g_21575,peppan_g_26489,peppan_g_27304,peppan_g_31970,peppan_g_39608
LNHIMF_03465,peppan_g_3966,peppan_g_7802,peppan_g_12323,peppan_g_16993,peppan_g_21578,peppan_g_26492,peppan_g_27301,peppan_g_31967,peppan_g_39605
LNHIMF_03484,peppan_g_3947,peppan_g_7821,peppan_g_12342,peppan_g_17012,peppan_g_21597,peppan_g_26511,peppan_g_27282,peppan_g_35588,peppan_g_39586
LNHIMF_03485,peppan_g_3946,peppan_g_7822,peppan_g_12343,peppan_g_17013,peppan_g_21598,peppan_g_26512,peppan_g_27281,peppan_g_35587,peppan_g_39585
LNHIMF_03492,peppan_g_3939,peppan_g_7829,peppan_g_12350,peppan_g_17020,peppan_g_21605,peppan_g_26519,peppan_g_29992,peppan_g_35580,peppan_g_39578
LNHIMF_03496,peppan_g_3935,peppan_g_7833,peppan_g_12354,peppan_g_17024,peppan_g_21609,peppan_g_26523,peppan_g_29988,peppan_g_35576,peppan_g_39574
LNHIMF_03499,peppan_g_3932,peppan_g_7836,peppan_g_12357,peppan_g_17027,peppan_g_21612,peppan_g_26526,peppan_g_29985,peppan_g_35573,peppan_g_39571
LNHIMF_03506,peppan_g_3925,peppan_g_7843,peppan_g_12364,peppan_g_17034,peppan_g_21619,peppan_g_26533,peppan_g_29978,peppan_g_35566,peppan_g_39564
LNHIMF_03511,peppan_g_3919,peppan_g_7848,peppan_g_12369,peppan_g_17039,peppan_g_21624,peppan_g_26538,peppan_g_29973,peppan_g_35561,peppan_g_39559
LNHIMF_03533,peppan_g_3896,peppan_g_7870,peppan_g_12394,peppan_g_17061,peppan_g_21647,peppan_g_26560,peppan_g_29952,peppan_g_35539,peppan_g_39537
LNHIMF_03540,peppan_g_3889,peppan_g_7877,peppan_g_12401,peppan_g_17068,peppan_g_21654,peppan_g_26567,peppan_g_29945,peppan_g_35529,peppan_g_39530
LNHIMF_03543,peppan_g_3886,peppan_g_7880,peppan_g_12404,peppan_g_17071,peppan_g_21657,peppan_g_26570,peppan_g_29942,peppan_g_35526,peppan_g_39527
LNHIMF_03562,peppan_g_3867,peppan_g_7899,peppan_g_12429,peppan_g_17096,peppan_g_21682,peppan_g_26595,peppan_g_29918,peppan_g_35507,peppan_g_39508
LNHIMF_03564,peppan_g_3865,peppan_g_7901,peppan_g_12431,peppan_g_17098,peppan_g_21684,peppan_g_26597,peppan_g_29916,peppan_g_35505,peppan_g_39506
LNHIMF_03570,peppan_g_3863,peppan_g_7907,peppan_g_12440,peppan_g_17107,peppan_g_21693,peppan_g_26606,peppan_g_29907,peppan_g_35496,peppan_g_39497
LNHIMF_03571,peppan_g_3862,peppan_g_7908,peppan_g_12441,peppan_g_17108,peppan_g_21694,peppan_g_26607,peppan_g_29906,peppan_g_35495,peppan_g_39496
LNHIMF_03574,peppan_g_3859,peppan_g_7911,peppan_g_12444,peppan_g_17111,peppan_g_21697,peppan_g_26610,peppan_g_29903,peppan_g_35492,peppan_g_39493
LNHIMF_03578,peppan_g_3855,peppan_g_7915,peppan_g_12448,peppan_g_17115,peppan_g_21701,peppan_g_26614,peppan_g_29899,peppan_g_35488,peppan_g_39489
LNHIMF_03586,peppan_g_3847,peppan_g_7923,peppan_g_12456,peppan_g_17123,peppan_g_21709,peppan_g_26622,peppan_g_29891,peppan_g_35480,peppan_g_39481
LNHIMF_03588,peppan_g_3845,peppan_g_7925,peppan_g_12458,peppan_g_17125,peppan_g_21711,peppan_g_26624,peppan_g_29889,peppan_g_35478,peppan_g_39479
LNHIMF_03589,peppan_g_3844,peppan_g_7926,peppan_g_12459,peppan_g_17126,peppan_g_21712,peppan_g_26625,peppan_g_29888,peppan_g_35477,peppan_g_39478
LNHIMF_03618,peppan_g_3815,peppan_g_7955,peppan_g_12488,peppan_g_17156,peppan_g_21742,peppan_g_26655,peppan_g_29858,peppan_g_35447,peppan_g_39448
LNHIMF_03629,peppan_g_3799,peppan_g_7965,peppan_g_12498,peppan_g_17166,peppan_g_21752,peppan_g_26665,peppan_g_29848,peppan_g_35437,peppan_g_39438
LNHIMF_03632,peppan_g_3795,peppan_g_7968,peppan_g_12502,peppan_g_17169,peppan_g_21755,peppan_g_26668,peppan_g_29845,peppan_g_35434,peppan_g_39435
LNHIMF_03655,peppan_g_3774,peppan_g_7991,peppan_g_12525,peppan_g_17192,peppan_g_21778,peppan_g_26691,peppan_g_29822,peppan_g_35411,peppan_g_39412
LNHIMF_03656,peppan_g_3773,peppan_g_7992,peppan_g_12526,peppan_g_17193,peppan_g_21779,peppan_g_26692,peppan_g_29821,peppan_g_35410,peppan_g_39411
LNHIMF_03659,peppan_g_3770,peppan_g_7995,peppan_g_12529,peppan_g_17196,peppan_g_21782,peppan_g_26695,peppan_g_29818,peppan_g_35407,peppan_g_39408
LNHIMF_03663,peppan_g_3768,peppan_g_7997,peppan_g_12531,peppan_g_17198,peppan_g_21784,peppan_g_26697,peppan_g_29816,peppan_g_35405,peppan_g_39406
LNHIMF_03668,peppan_g_3763,peppan_g_8002,peppan_g_12536,peppan_g_17203,peppan_g_21789,peppan_g_26702,peppan_g_29811,peppan_g_35400,peppan_g_39401
LNHIMF_03679,peppan_g_3753,peppan_g_8012,peppan_g_12552,peppan_g_17219,peppan_g_21805,peppan_g_26718,peppan_g_29795,peppan_g_35384,peppan_g_39385
LNHIMF_03681,peppan_g_3751,peppan_g_8014,peppan_g_12554,peppan_g_17221,peppan_g_21807,peppan_g_26720,peppan_g_27180;peppan_g_27183;peppan_g_29793,peppan_g_35382,peppan_g_39383
LNHIMF_03696,peppan_g_3738,peppan_g_8027,peppan_g_12567,peppan_g_17234,peppan_g_21820,peppan_g_26733,peppan_g_29780,peppan_g_35369,peppan_g_39369
LNHIMF_03725,peppan_g_3710,peppan_g_8056,peppan_g_12597,peppan_g_17262,peppan_g_21848,peppan_g_26761,peppan_g_29752,peppan_g_35341,peppan_g_39339
LNHIMF_03729,peppan_g_3707,peppan_g_8059,peppan_g_12600,peppan_g_17265,peppan_g_21851,peppan_g_26764,peppan_g_29749,peppan_g_35338,peppan_g_39336
LNHIMF_03734,peppan_g_3699,peppan_g_8064,peppan_g_12608,peppan_g_17273,peppan_g_21859,peppan_g_26772,peppan_g_29741,peppan_g_35330,peppan_g_39328
LNHIMF_03753,peppan_g_3680,peppan_g_8083,peppan_g_12627,peppan_g_17292,peppan_g_21878,peppan_g_26791,peppan_g_29722,peppan_g_35311,peppan_g_39309
LNHIMF_03765,peppan_g_3668,peppan_g_8095,peppan_g_12639,peppan_g_17304,peppan_g_21890,peppan_g_26803,peppan_g_29710,peppan_g_35299,peppan_g_39297
LNHIMF_03786,peppan_g_3657,peppan_g_8116,peppan_g_12650,peppan_g_17315,peppan_g_21901,peppan_g_26814,peppan_g_29699,peppan_g_35288,peppan_g_39286
LNHIMF_03796,peppan_g_3642,peppan_g_8126,peppan_g_12669,peppan_g_17329,peppan_g_21916,peppan_g_26829,peppan_g_29689,peppan_g_35278,peppan_g_39276
LNHIMF_03809,peppan_g_3630,peppan_g_8138,peppan_g_12681,peppan_g_17341,peppan_g_21928,peppan_g_26841,peppan_g_29677,peppan_g_35266,peppan_g_39264
LNHIMF_03819,peppan_g_3621,peppan_g_8147,peppan_g_12690,peppan_g_17350,peppan_g_21937,peppan_g_26850,peppan_g_29668,peppan_g_35257,peppan_g_39255
LNHIMF_03833,peppan_g_3609,peppan_g_8161,peppan_g_12702,peppan_g_17355,peppan_g_21949,peppan_g_26862,peppan_g_29663,peppan_g_35245,peppan_g_39243
LNHIMF_03834,peppan_g_3608,peppan_g_8162,peppan_g_12703,peppan_g_17356,peppan_g_21950,peppan_g_26863,peppan_g_29662,peppan_g_35244,peppan_g_39242
LNHIMF_03837,peppan_g_3605,peppan_g_8165,peppan_g_12706,peppan_g_17359,peppan_g_21953,peppan_g_26866,peppan_g_29659,peppan_g_35241,peppan_g_39239
LNHIMF_03849,peppan_g_3596,peppan_g_8174,peppan_g_12715,peppan_g_17368,peppan_g_21962,peppan_g_26875,peppan_g_29650,peppan_g_35232,peppan_g_39230
LNHIMF_03895,peppan_g_3551,peppan_g_8220,peppan_g_12760,peppan_g_17416,peppan_g_22015,peppan_g_26923,peppan_g_29598,peppan_g_35184,peppan_g_39129
LNHIMF_03907,peppan_g_3535,peppan_g_8231,peppan_g_12771,peppan_g_17427,peppan_g_22026,peppan_g_26934,peppan_g_29587,peppan_g_33395,peppan_g_39118
LNHIMF_03913,peppan_g_3529,peppan_g_8237,peppan_g_12777,peppan_g_17433,peppan_g_22032,peppan_g_26940,peppan_g_29581,peppan_g_33389,peppan_g_39112
LNHIMF_03938,peppan_g_3343,peppan_g_8256,peppan_g_12796,peppan_g_17452,peppan_g_22051,peppan_g_26959,peppan_g_27685,peppan_g_33370,peppan_g_39093
LNHIMF_03961,peppan_g_3276,peppan_g_8279,peppan_g_12818,peppan_g_17471,peppan_g_22070,peppan_g_26978,peppan_g_27666,peppan_g_33351,peppan_g_39074
LNHIMF_03982,peppan_g_3261,peppan_g_8294,peppan_g_12833,peppan_g_17486,peppan_g_22085,peppan_g_26993,peppan_g_27651,peppan_g_33336,peppan_g_39059
LNHIMF_03985,peppan_g_3255,peppan_g_8297,peppan_g_12839,peppan_g_17489,peppan_g_22091,peppan_g_26999,peppan_g_27648,peppan_g_33333,peppan_g_39056
LNHIMF_03986,peppan_g_3254,peppan_g_8298,peppan_g_12841,peppan_g_17491,peppan_g_22093,peppan_g_27001,peppan_g_27646,peppan_g_33331,peppan_g_39054
LNHIMF_03989,peppan_g_3251,peppan_g_8301,peppan_g_12844,peppan_g_17494,peppan_g_22096,peppan_g_27004,peppan_g_27643,peppan_g_33328,peppan_g_39051
LNHIMF_03994,peppan_g_3244,peppan_g_8306,peppan_g_12851,peppan_g_17501,peppan_g_22103,peppan_g_27011,peppan_g_27636,peppan_g_33321,peppan_g_39044
LNHIMF_03998,peppan_g_3240,peppan_g_8310,peppan_g_12855,peppan_g_17505,peppan_g_22107,peppan_g_27015,peppan_g_27632,peppan_g_33317,peppan_g_39040
LNHIMF_04023,peppan_g_3216,peppan_g_8334,peppan_g_12879,peppan_g_17529,peppan_g_22131,peppan_g_27039,peppan_g_27608,peppan_g_33293,peppan_g_39016
LNHIMF_04024,peppan_g_3215,peppan_g_8335,peppan_g_12880,peppan_g_17530,peppan_g_22132,peppan_g_27040,peppan_g_27607,peppan_g_33292,peppan_g_39015
LNHIMF_04051,peppan_g_3496,peppan_g_8353,peppan_g_12898,peppan_g_17548,peppan_g_22150,peppan_g_27058,peppan_g_27784,peppan_g_33274,peppan_g_38997
LNHIMF_04061,peppan_g_3486,peppan_g_8363,peppan_g_12908,peppan_g_17558,peppan_g_22160,peppan_g_27068,peppan_g_27794,peppan_g_33269,peppan_g_38992
LNHIMF_04081,peppan_g_3467,peppan_g_8382,peppan_g_12928,peppan_g_17577,peppan_g_22179,peppan_g_27087,peppan_g_27814,peppan_g_33249,peppan_g_38972
LNHIMF_04100,peppan_g_3449,peppan_g_8399,peppan_g_12949,peppan_g_17595,peppan_g_22197,peppan_g_27105,peppan_g_27832,peppan_g_33231,peppan_g_38954
LNHIMF_04102,peppan_g_3447,peppan_g_8401,peppan_g_12951,peppan_g_17597,peppan_g_22199,peppan_g_27107,peppan_g_27834,peppan_g_33229,peppan_g_38952
LNHIMF_04108,peppan_g_3441,peppan_g_8407,peppan_g_12957,peppan_g_17603,peppan_g_22205,peppan_g_27113,peppan_g_27840,peppan_g_33223,peppan_g_38946
LNHIMF_04110,peppan_g_3439,peppan_g_8409,peppan_g_12959,peppan_g_17605,peppan_g_22207,peppan_g_27115,peppan_g_27842,peppan_g_33221,peppan_g_38944
LNHIMF_04126,peppan_g_3423,peppan_g_8425,peppan_g_12975,peppan_g_17621,peppan_g_22223,peppan_g_27131,peppan_g_27858,peppan_g_33205,peppan_g_38928
LNHIMF_04127,peppan_g_3422,peppan_g_8426,peppan_g_12976,peppan_g_17622,peppan_g_22224,peppan_g_27132,peppan_g_27859,peppan_g_33204,peppan_g_38927
LNHIMF_04137,peppan_g_3412,peppan_g_8436,peppan_g_12986,peppan_g_17632,peppan_g_22234,peppan_g_27142,peppan_g_27869,peppan_g_33194,peppan_g_38917
LNHIMF_04146,peppan_g_3404,peppan_g_8444,peppan_g_12994,peppan_g_17640,peppan_g_22242,peppan_g_27150,peppan_g_27877,peppan_g_33186,peppan_g_38906
LNHIMF_04153,peppan_g_3394,peppan_g_8451,peppan_g_13003,peppan_g_17652,peppan_g_22251,peppan_g_27159,peppan_g_27886,peppan_g_33177,peppan_g_38897
LNHIMF_04163,peppan_g_3385,peppan_g_8460,peppan_g_13012,peppan_g_17666,peppan_g_22265,peppan_g_27173,peppan_g_27900,peppan_g_33163,peppan_g_38888
LNHIMF_04194,peppan_g_3364,peppan_g_8481,peppan_g_13033,peppan_g_17687,peppan_g_22286,peppan_g_22834,peppan_g_27411,peppan_g_32081,peppan_g_38867
LNHIMF_04205,peppan_g_3352,peppan_g_8493,peppan_g_13045,peppan_g_17699,peppan_g_22299,peppan_g_22846,peppan_g_27399,peppan_g_32069,peppan_g_38855
LNHIMF_04206,peppan_g_3351,peppan_g_8494,peppan_g_13046,peppan_g_17700,peppan_g_22300,peppan_g_22847,peppan_g_27398,peppan_g_32068,peppan_g_38854
LNHIMF_04211,peppan_g_3346,peppan_g_8499,peppan_g_13051,peppan_g_17705,peppan_g_22305,peppan_g_22852,peppan_g_27393,peppan_g_32063,peppan_g_38849
LNHIMF_04226,peppan_g_3995,peppan_g_8510,peppan_g_13066,peppan_g_17716,peppan_g_22316,peppan_g_22863,peppan_g_28110,peppan_g_33144,peppan_g_38838
LNHIMF_04238,peppan_g_4006,peppan_g_8521,peppan_g_13098,peppan_g_17730,peppan_g_22348,peppan_g_22896,peppan_g_28143,peppan_g_33111,peppan_g_38805
LNHIMF_04245,peppan_g_4012,peppan_g_8528,peppan_g_13104,peppan_g_17736,peppan_g_22354,peppan_g_22902,peppan_g_28149,peppan_g_33105,peppan_g_38799
LNHIMF_04247,peppan_g_4014,peppan_g_8530,peppan_g_13106,peppan_g_17738,peppan_g_22356,peppan_g_22904,peppan_g_28151,peppan_g_33103,peppan_g_38797
LNHIMF_04259,peppan_g_4026,peppan_g_8542,peppan_g_13118,peppan_g_17750,peppan_g_22368,peppan_g_22916,peppan_g_28163,peppan_g_33091,peppan_g_38785
LNHIMF_04319,peppan_g_4027,peppan_g_8602,peppan_g_13119,peppan_g_17751,peppan_g_22369,peppan_g_22917,peppan_g_28164,peppan_g_33090,peppan_g_38784
LNHIMF_04324,peppan_g_4032,peppan_g_8607,peppan_g_13124,peppan_g_17756,peppan_g_22374,peppan_g_22922,peppan_g_28169,peppan_g_33085,peppan_g_38779
LNHIMF_04349,peppan_g_4055,peppan_g_8630,peppan_g_13147,peppan_g_17779,peppan_g_22397,peppan_g_22945,peppan_g_28192,peppan_g_33062,peppan_g_38756
LNHIMF_04372,peppan_g_4075,peppan_g_8650,peppan_g_13168,peppan_g_17799,peppan_g_22417,peppan_g_22965,peppan_g_28212,peppan_g_33042,peppan_g_38736
LNHIMF_04374,peppan_g_4077,peppan_g_8652,peppan_g_13172,peppan_g_17801,peppan_g_22419,peppan_g_22967,peppan_g_28214,peppan_g_33040,peppan_g_38734
LNHIMF_04377,peppan_g_4080,peppan_g_8655,peppan_g_13175,peppan_g_17804,peppan_g_22422,peppan_g_22970,peppan_g_28217,peppan_g_33037,peppan_g_38731
LNHIMF_04379,peppan_g_4082,peppan_g_8657,peppan_g_13177,peppan_g_17806,peppan_g_22424,peppan_g_22972,peppan_g_28219,peppan_g_33035,peppan_g_38729
LNHIMF_04385,peppan_g_4088,peppan_g_8663,peppan_g_13183,peppan_g_17812,peppan_g_22430,peppan_g_22978,peppan_g_28225,peppan_g_33029,peppan_g_38723
LNHIMF_04391,peppan_g_4093,peppan_g_8668,peppan_g_13188,peppan_g_17817,peppan_g_22435,peppan_g_22983,peppan_g_28231,peppan_g_33024,peppan_g_38718
LNHIMF_04413,peppan_g_4247,peppan_g_8688,peppan_g_13211,peppan_g_17823,peppan_g_22443,peppan_g_23002,peppan_g_28243,peppan_g_33012,peppan_g_38706
LNHIMF_04414,peppan_g_4248,peppan_g_8689,peppan_g_13212,peppan_g_17824,peppan_g_22444,peppan_g_23003,peppan_g_28244,peppan_g_33011,peppan_g_38705
LNHIMF_04420,peppan_g_4254,peppan_g_8695,peppan_g_13218,peppan_g_17830,peppan_g_22450,peppan_g_23009,peppan_g_28250,peppan_g_33005,peppan_g_38699
LNHIMF_04421,peppan_g_4255,peppan_g_8696,peppan_g_13219,peppan_g_17831,peppan_g_22451,peppan_g_23010,peppan_g_28251,peppan_g_33004,peppan_g_38698
LNHIMF_04422,peppan_g_4256,peppan_g_8697,peppan_g_13220,peppan_g_17832,peppan_g_22452,peppan_g_23011,peppan_g_28252,peppan_g_33003,peppan_g_38697
LNHIMF_04425,peppan_g_4260,peppan_g_8701,peppan_g_13224,peppan_g_17836,peppan_g_22456,peppan_g_23015,peppan_g_28256,peppan_g_32999,peppan_g_38693
LNHIMF_04426,peppan_g_4261,peppan_g_8702,peppan_g_13225,peppan_g_17837,peppan_g_22457,peppan_g_23016,peppan_g_28257,peppan_g_32998,peppan_g_38692
LNHIMF_04429,peppan_g_4264,peppan_g_8705,peppan_g_13228,peppan_g_17840,peppan_g_22460,peppan_g_23019,peppan_g_28260,peppan_g_32995,peppan_g_38689
LNHIMF_04434,peppan_g_4270,peppan_g_8710,peppan_g_13234,peppan_g_17846,peppan_g_22466,peppan_g_23025,peppan_g_28266,peppan_g_32989,peppan_g_38683
LNHIMF_04437,peppan_g_4273,peppan_g_8713,peppan_g_13237,peppan_g_17849,peppan_g_22469,peppan_g_23028,peppan_g_28269,peppan_g_32986,peppan_g_38680
LNHIMF_04449,peppan_g_4283,peppan_g_8723,peppan_g_13247,peppan_g_17859,peppan_g_22479,peppan_g_23038,peppan_g_30474,peppan_g_32976,peppan_g_38670
LNHIMF_04451,peppan_g_4285,peppan_g_8725,peppan_g_13249,peppan_g_17861,peppan_g_22481,peppan_g_23040,peppan_g_30472,peppan_g_32974,peppan_g_38668
LNHIMF_04456,peppan_g_4290,peppan_g_8730,peppan_g_13254,peppan_g_17866,peppan_g_22486,peppan_g_23045,peppan_g_30467,peppan_g_32969,peppan_g_38663
LNHIMF_04462,peppan_g_4296,peppan_g_8736,peppan_g_13260,peppan_g_17872,peppan_g_22492,peppan_g_23051,peppan_g_30461,peppan_g_32963,peppan_g_38657
LNHIMF_04469,peppan_g_4303,peppan_g_8743,peppan_g_13267,peppan_g_17879,peppan_g_22499,peppan_g_23058,peppan_g_30454,peppan_g_32956,peppan_g_38650
LNHIMF_04493,peppan_g_4329,peppan_g_8767,peppan_g_13291,peppan_g_17904,peppan_g_22522,peppan_g_23081,peppan_g_30429,peppan_g_34033,peppan_g_38627
LNHIMF_04525,peppan_g_4360,peppan_g_8798,peppan_g_13341,peppan_g_17935,peppan_g_22572,peppan_g_23131,peppan_g_30399,peppan_g_33984,peppan_g_38577
LNHIMF_04537,peppan_g_4371,peppan_g_8809,peppan_g_13352,peppan_g_17946,peppan_g_22583,peppan_g_23142,peppan_g_30388,peppan_g_33973,peppan_g_38566
LNHIMF_04567,peppan_g_4426,peppan_g_8839,peppan_g_13422,peppan_g_17993,peppan_g_22619,peppan_g_23181,peppan_g_30338,peppan_g_33942,peppan_g_38516
LNHIMF_04598,peppan_g_4455,peppan_g_8869,peppan_g_13445,peppan_g_18035,peppan_g_22654,peppan_g_23216,peppan_g_30297,peppan_g_33908,peppan_g_38489
LNHIMF_04599,peppan_g_4456,peppan_g_8870,peppan_g_13446,peppan_g_18036,peppan_g_22655,peppan_g_23217,peppan_g_30296,peppan_g_33907,peppan_g_38488
LNHIMF_04600,peppan_g_4457,peppan_g_8871,peppan_g_13447,peppan_g_18037,peppan_g_22656,peppan_g_23218,peppan_g_30295,peppan_g_33906,peppan_g_38487
LNHIMF_04620,peppan_g_4474,peppan_g_8888,peppan_g_13464,peppan_g_18054,peppan_g_22673,peppan_g_23235,peppan_g_30278,peppan_g_33889,peppan_g_38470
LNHIMF_04631,peppan_g_4485,peppan_g_8899,peppan_g_13479,peppan_g_18065,peppan_g_22688,peppan_g_23250,peppan_g_30263,peppan_g_33874,peppan_g_38455
LNHIMF_04632,peppan_g_4486,peppan_g_8900,peppan_g_13480,peppan_g_18066,peppan_g_22689,peppan_g_23251,peppan_g_30262,peppan_g_33873,peppan_g_38454
LNHIMF_04633,peppan_g_4487,peppan_g_8901,peppan_g_13481,peppan_g_18067,peppan_g_22690,peppan_g_23252,peppan_g_30261,peppan_g_33872,peppan_g_38453
ODDLKH_00023,peppan_g_3356,peppan_g_8489,peppan_g_13041,peppan_g_17695,peppan_g_22295,peppan_g_22842,peppan_g_27403,peppan_g_32073,peppan_g_38859
ODDLKH_00046,peppan_g_3993,peppan_g_8508,peppan_g_13060,peppan_g_17714,peppan_g_22314,peppan_g_22861,peppan_g_28108,peppan_g_33146,peppan_g_38840
ODDLKH_00095,peppan_g_4019,peppan_g_8535,peppan_g_13111,peppan_g_17743,peppan_g_22361,peppan_g_22909,peppan_g_28156,peppan_g_33098,peppan_g_38792
ODDLKH_00109,peppan_g_4033,peppan_g_8608,peppan_g_13125,peppan_g_17757,peppan_g_22375,peppan_g_22923,peppan_g_28170,peppan_g_33084,peppan_g_38778
ODDLKH_00111,peppan_g_4035,peppan_g_8610,peppan_g_13127,peppan_g_17759,peppan_g_22377,peppan_g_22925,peppan_g_28172,peppan_g_33082,peppan_g_38776
ODDLKH_00119,peppan_g_4043,peppan_g_8618,peppan_g_13135,peppan_g_17767,peppan_g_22385,peppan_g_22933,peppan_g_28180,peppan_g_33074,peppan_g_38768
ODDLKH_00169,peppan_g_4089,peppan_g_8664,peppan_g_13184,peppan_g_17813,peppan_g_22431,peppan_g_22979,peppan_g_28226,peppan_g_33028,peppan_g_38722
ODDLKH_00216,peppan_g_4268,peppan_g_8709,peppan_g_13232,peppan_g_17844,peppan_g_22464,peppan_g_23023,peppan_g_28264,peppan_g_32991,peppan_g_38685
ODDLKH_00240,peppan_g_4289,peppan_g_8729,peppan_g_13253,peppan_g_17865,peppan_g_22485,peppan_g_23044,peppan_g_30468,peppan_g_32970,peppan_g_38664
ODDLKH_00251,peppan_g_4300,peppan_g_8740,peppan_g_13264,peppan_g_17876,peppan_g_22496,peppan_g_23055,peppan_g_30457,peppan_g_32959,peppan_g_38653
ODDLKH_00280,peppan_g_4331,peppan_g_8769,peppan_g_13293,peppan_g_17906,peppan_g_22524,peppan_g_23083,peppan_g_30427,peppan_g_34031,peppan_g_38625
ODDLKH_00313,peppan_g_4346,peppan_g_8784,peppan_g_13327,peppan_g_17921,peppan_g_22558,peppan_g_23117,peppan_g_30412,peppan_g_33997,peppan_g_38591
ODDLKH_00317,peppan_g_4350,peppan_g_8788,peppan_g_13331,peppan_g_17925,peppan_g_22562,peppan_g_23121,peppan_g_30408,peppan_g_33993,peppan_g_38587
ODDLKH_00332,peppan_g_4364,peppan_g_8802,peppan_g_13345,peppan_g_17939,peppan_g_22576,peppan_g_23135,peppan_g_30395,peppan_g_33980,peppan_g_38573
ODDLKH_00345,peppan_g_4377,peppan_g_8815,peppan_g_13358,peppan_g_17952,peppan_g_22589,peppan_g_23148,peppan_g_30382,peppan_g_33967,peppan_g_38560
ODDLKH_00374,peppan_g_4421,peppan_g_8834,peppan_g_13417,peppan_g_17988,peppan_g_22613,peppan_g_23175,peppan_g_30343,peppan_g_33948,peppan_g_38521
ODDLKH_00387,peppan_g_4432,peppan_g_8845,peppan_g_13428,peppan_g_17999,peppan_g_22625,peppan_g_23187,peppan_g_30332,peppan_g_33936,peppan_g_38510
ODDLKH_00532,peppan_g_3171;peppan_g_55,peppan_g_4560,peppan_g_9769,peppan_g_13605;peppan_g_16930,peppan_g_18230,peppan_g_23325,peppan_g_30188,peppan_g_33446,peppan_g_37677
ODDLKH_00599,peppan_g_121,peppan_g_4623,peppan_g_9164,peppan_g_13666,peppan_g_18294,peppan_g_23388,peppan_g_30124,peppan_g_33736,peppan_g_38317
ODDLKH_00610,peppan_g_132,peppan_g_4634,peppan_g_9175,peppan_g_13677,peppan_g_18305,peppan_g_23399,peppan_g_30113,peppan_g_33725,peppan_g_38306
ODDLKH_00620,peppan_g_142,peppan_g_4642,peppan_g_9185,peppan_g_13687,peppan_g_18313,peppan_g_23407,peppan_g_30105,peppan_g_32606,peppan_g_38296
ODDLKH_00621,peppan_g_143,peppan_g_4643,peppan_g_9186,peppan_g_13688,peppan_g_18314,peppan_g_23408,peppan_g_30104,peppan_g_32605,peppan_g_38295
ODDLKH_00640,peppan_g_160,peppan_g_4660,peppan_g_9203,peppan_g_13705,peppan_g_18331,peppan_g_23425,peppan_g_30087,peppan_g_32588,peppan_g_38278
ODDLKH_00651,peppan_g_170,peppan_g_4670,peppan_g_9220,peppan_g_13717,peppan_g_18342,peppan_g_23436,peppan_g_30075,peppan_g_32576,peppan_g_38266
ODDLKH_00689,peppan_g_203,peppan_g_4707,peppan_g_9259,peppan_g_13755,peppan_g_18380,peppan_g_23474,peppan_g_30037,peppan_g_32531,peppan_g_38221
ODDLKH_00690,peppan_g_204,peppan_g_4708,peppan_g_9260,peppan_g_13756,peppan_g_18381,peppan_g_23475,peppan_g_30036,peppan_g_32530,peppan_g_38220
ODDLKH_00711,peppan_g_223,peppan_g_4728,peppan_g_9279,peppan_g_13776,peppan_g_18400,peppan_g_23494,peppan_g_30017,peppan_g_32511,peppan_g_38201
ODDLKH_00794,peppan_g_2474,peppan_g_4821,peppan_g_9341,peppan_g_13858,peppan_g_18483,peppan_g_23575,peppan_g_29151,peppan_g_35116,peppan_g_38119
ODDLKH_00798,peppan_g_2470,peppan_g_4825,peppan_g_9345,peppan_g_13862,peppan_g_18487,peppan_g_23579,peppan_g_29155,peppan_g_35112,peppan_g_38115
ODDLKH_00871,peppan_g_2413,peppan_g_4899,peppan_g_9418,peppan_g_13936,peppan_g_18559,peppan_g_23650,peppan_g_29226,peppan_g_35038,peppan_g_38041
ODDLKH_00889,peppan_g_2394,peppan_g_4917,peppan_g_9436,peppan_g_13954,peppan_g_18577,peppan_g_23668,peppan_g_29244,peppan_g_35020,peppan_g_38023
ODDLKH_00896,peppan_g_2387,peppan_g_4922,peppan_g_9441,peppan_g_13961,peppan_g_18584,peppan_g_23675,peppan_g_27188;peppan_g_29251,peppan_g_35013,peppan_g_38016
ODDLKH_00933,peppan_g_2350,peppan_g_4956,peppan_g_9477,peppan_g_13997,peppan_g_18620,peppan_g_23711,peppan_g_29287,peppan_g_34977,peppan_g_37980
ODDLKH_00948,peppan_g_2335,peppan_g_4970,peppan_g_9491,peppan_g_14011,peppan_g_18634,peppan_g_23725,peppan_g_29301,peppan_g_34963,peppan_g_37966
ODDLKH_00980,peppan_g_2303,peppan_g_5002,peppan_g_9524,peppan_g_14043,peppan_g_18666,peppan_g_23757,peppan_g_29333,peppan_g_34931,peppan_g_37934
ODDLKH_01026,peppan_g_2260,peppan_g_5027,peppan_g_9567,peppan_g_14086,peppan_g_18709,peppan_g_23800,peppan_g_29376,peppan_g_34888,peppan_g_37891
ODDLKH_01031,peppan_g_2257,peppan_g_5032,peppan_g_9572,peppan_g_14091,peppan_g_18714,peppan_g_23805,peppan_g_29381,peppan_g_34883,peppan_g_37886
ODDLKH_01080,peppan_g_2216,peppan_g_5205,peppan_g_9615,peppan_g_14198,peppan_g_18764,peppan_g_23855,peppan_g_29483,peppan_g_34782,peppan_g_37839
ODDLKH_01109,peppan_g_2187,peppan_g_5233,peppan_g_9643,peppan_g_14226,peppan_g_18792,peppan_g_23883,peppan_g_29511,peppan_g_34754,peppan_g_37811
ODDLKH_01159,peppan_g_2146,peppan_g_5273,peppan_g_9690,peppan_g_14273,peppan_g_18839,peppan_g_23930,peppan_g_29558,peppan_g_32206,peppan_g_37764
ODDLKH_01177,peppan_g_2136,peppan_g_5286,peppan_g_9704,peppan_g_14284,peppan_g_18850,peppan_g_23941,peppan_g_27599,peppan_g_32196,peppan_g_37754
ODDLKH_01223,peppan_g_2089,peppan_g_5333,peppan_g_9739,peppan_g_14319,peppan_g_18897,peppan_g_23988,peppan_g_27552,peppan_g_32268,peppan_g_37707
ODDLKH_01226,peppan_g_2086,peppan_g_5336,peppan_g_9742,peppan_g_14322,peppan_g_18900,peppan_g_23991,peppan_g_27549,peppan_g_32271,peppan_g_37704
ODDLKH_01227,peppan_g_2085,peppan_g_5337,peppan_g_9743,peppan_g_14323,peppan_g_18901,peppan_g_23992,peppan_g_27548,peppan_g_32272,peppan_g_37703
ODDLKH_01240,peppan_g_2073,peppan_g_5349,peppan_g_9755,peppan_g_14335,peppan_g_18913,peppan_g_24004,peppan_g_27536,peppan_g_32284,peppan_g_37691
ODDLKH_01273,peppan_g_2054,peppan_g_5368,peppan_g_9783,peppan_g_14363,peppan_g_18941,peppan_g_24032,peppan_g_28477,peppan_g_32932,peppan_g_37663
ODDLKH_01299,peppan_g_2028,peppan_g_5394,peppan_g_9809,peppan_g_14389,peppan_g_18968,peppan_g_24058,peppan_g_28503,peppan_g_32906,peppan_g_37594
ODDLKH_01323,peppan_g_2004,peppan_g_5418,peppan_g_9834,peppan_g_14413,peppan_g_18992,peppan_g_24082,peppan_g_28534,peppan_g_32882,peppan_g_37570
ODDLKH_01390,peppan_g_1949,peppan_g_5481,peppan_g_9891,peppan_g_14479,peppan_g_19058,peppan_g_24148,peppan_g_28600,peppan_g_32816,peppan_g_37504
ODDLKH_01412,peppan_g_1928,peppan_g_5500,peppan_g_9917,peppan_g_14500,peppan_g_19081,peppan_g_24170,peppan_g_28622,peppan_g_32794,peppan_g_37480
ODDLKH_01432,peppan_g_1909,peppan_g_5519,peppan_g_9936,peppan_g_14519,peppan_g_19100,peppan_g_24189,peppan_g_28641,peppan_g_32775,peppan_g_37461
ODDLKH_01448,peppan_g_1893,peppan_g_5535,peppan_g_9952,peppan_g_14535,peppan_g_19116,peppan_g_24205,peppan_g_28657,peppan_g_32759,peppan_g_37445
ODDLKH_01518,peppan_g_1759,peppan_g_5601,peppan_g_10022,peppan_g_14659,peppan_g_19242,peppan_g_24274,peppan_g_27752,peppan_g_32466,peppan_g_37320
ODDLKH_01554,peppan_g_1726,peppan_g_5634,peppan_g_10912,peppan_g_15597,peppan_g_19275,peppan_g_24307,peppan_g_27922,peppan_g_32433,peppan_g_37287
ODDLKH_01561,peppan_g_1719,peppan_g_5641,peppan_g_10905,peppan_g_15590,peppan_g_19282,peppan_g_24314,peppan_g_27929,peppan_g_32426,peppan_g_37280
ODDLKH_01635,peppan_g_1646,peppan_g_5720,peppan_g_10832,peppan_g_15517,peppan_g_19356,peppan_g_24387,peppan_g_28002,peppan_g_32358,peppan_g_37207
ODDLKH_01643,peppan_g_1638,peppan_g_5728,peppan_g_10824,peppan_g_15509,peppan_g_19364,peppan_g_24395,peppan_g_28010,peppan_g_32350,peppan_g_37199
ODDLKH_01728,peppan_g_1101,peppan_g_5748,peppan_g_10806,peppan_g_15493,peppan_g_19444,peppan_g_24473,peppan_g_28091,peppan_g_32334,peppan_g_37183
ODDLKH_01793,peppan_g_1165,peppan_g_5811,peppan_g_10743,peppan_g_15422,peppan_g_19507,peppan_g_24536,peppan_g_31822,peppan_g_32721,peppan_g_37121
ODDLKH_01822,peppan_g_1193,peppan_g_5837,peppan_g_10717,peppan_g_15394,peppan_g_19535,peppan_g_24564,peppan_g_31796,peppan_g_32695,peppan_g_37017
ODDLKH_01859,peppan_g_1216,peppan_g_5872,peppan_g_10682,peppan_g_15359,peppan_g_19570,peppan_g_24599,peppan_g_31761,peppan_g_32659,peppan_g_36981
ODDLKH_01876,peppan_g_1233,peppan_g_5889,peppan_g_10665,peppan_g_15342,peppan_g_19587,peppan_g_24616,peppan_g_31744,peppan_g_32642,peppan_g_36964
ODDLKH_01881,peppan_g_1238,peppan_g_5894,peppan_g_10660,peppan_g_15337,peppan_g_19592,peppan_g_24621,peppan_g_31739,peppan_g_32637,peppan_g_36959
ODDLKH_01888,peppan_g_1245,peppan_g_5901,peppan_g_10653,peppan_g_15330,peppan_g_19599,peppan_g_24628,peppan_g_31732,peppan_g_32630,peppan_g_36952
ODDLKH_01928,peppan_g_1280,peppan_g_5936,peppan_g_10618,peppan_g_15295,peppan_g_19634,peppan_g_24663,peppan_g_31697,peppan_g_32058,peppan_g_36917
ODDLKH_01931,peppan_g_1283,peppan_g_5939,peppan_g_10615,peppan_g_15292,peppan_g_19637,peppan_g_24666,peppan_g_31694,peppan_g_32055,peppan_g_36914
ODDLKH_01957,peppan_g_1357,peppan_g_5968,peppan_g_10587,peppan_g_15266,peppan_g_19663,peppan_g_24692,peppan_g_31668,peppan_g_36335,peppan_g_36888
ODDLKH_01967,peppan_g_1368,peppan_g_5978,peppan_g_10577,peppan_g_15256,peppan_g_19673,peppan_g_24702,peppan_g_31658,peppan_g_36325,peppan_g_36878
ODDLKH_01995,peppan_g_1394,peppan_g_6004,peppan_g_10551,peppan_g_15230,peppan_g_19699,peppan_g_24728,peppan_g_31632,peppan_g_36299,peppan_g_36852
ODDLKH_02001,peppan_g_1400,peppan_g_6010,peppan_g_10545,peppan_g_15224,peppan_g_19705,peppan_g_24734,peppan_g_31626,peppan_g_36293,peppan_g_36846
ODDLKH_02004,peppan_g_1403,peppan_g_6013,peppan_g_10542,peppan_g_15221,peppan_g_19708,peppan_g_24737,peppan_g_31623,peppan_g_36290,peppan_g_36843
ODDLKH_02010,peppan_g_1407,peppan_g_6017,peppan_g_10538,peppan_g_15217,peppan_g_19712,peppan_g_24741,peppan_g_31619,peppan_g_36286,peppan_g_36839
ODDLKH_02092,peppan_g_1476,peppan_g_6103,peppan_g_10452,peppan_g_15147,peppan_g_19793,peppan_g_24822,peppan_g_31540,peppan_g_36207,peppan_g_36755
ODDLKH_02093,peppan_g_1477,peppan_g_6104,peppan_g_10451,peppan_g_15146,peppan_g_19794,peppan_g_24823,peppan_g_31539,peppan_g_36206,peppan_g_36754
ODDLKH_02094,peppan_g_1478,peppan_g_6105,peppan_g_10450,peppan_g_15145,peppan_g_19795,peppan_g_24824,peppan_g_31538,peppan_g_36205,peppan_g_36753
ODDLKH_02098,peppan_g_1482,peppan_g_6109,peppan_g_10446,peppan_g_15141,peppan_g_19799,peppan_g_24828,peppan_g_31534,peppan_g_36201,peppan_g_36749
ODDLKH_02106,peppan_g_1490,peppan_g_6117,peppan_g_10434,peppan_g_15133,peppan_g_19807,peppan_g_24836,peppan_g_31526,peppan_g_36193,peppan_g_36737
ODDLKH_02155,peppan_g_1531,peppan_g_6164,peppan_g_10387,peppan_g_15087,peppan_g_19853,peppan_g_24882,peppan_g_31480,peppan_g_36147,peppan_g_36691
ODDLKH_02176,peppan_g_1553,peppan_g_6185,peppan_g_10366,peppan_g_15066,peppan_g_19875,peppan_g_24903,peppan_g_31459,peppan_g_36126,peppan_g_36670
ODDLKH_02211,peppan_g_1591,peppan_g_6223,peppan_g_10332,peppan_g_15031,peppan_g_19910,peppan_g_24938,peppan_g_31424,peppan_g_36092,peppan_g_36636
ODDLKH_02331,peppan_g_1011,peppan_g_6339,peppan_g_10215,peppan_g_14915,peppan_g_20026,peppan_g_25053,peppan_g_31307,peppan_g_35977,peppan_g_36521
ODDLKH_02334,peppan_g_1008,peppan_g_6342,peppan_g_10212,peppan_g_14912,peppan_g_20029,peppan_g_25056,peppan_g_31304,peppan_g_35974,peppan_g_36518
ODDLKH_02412,peppan_g_935,peppan_g_6423,peppan_g_10140,peppan_g_14779,peppan_g_20109,peppan_g_25136,peppan_g_31210,peppan_g_35881,peppan_g_36435
ODDLKH_02414,peppan_g_933,peppan_g_6425,peppan_g_10138,peppan_g_14777,peppan_g_20111,peppan_g_25138,peppan_g_31208,peppan_g_35879,peppan_g_36433
ODDLKH_02438,peppan_g_913,peppan_g_6446,peppan_g_10117,peppan_g_14756,peppan_g_20132,peppan_g_25159,peppan_g_31187,peppan_g_35858,peppan_g_36412
ODDLKH_02445,peppan_g_906,peppan_g_6453,peppan_g_10110,peppan_g_14749,peppan_g_20139,peppan_g_25166,peppan_g_31180,peppan_g_35851,peppan_g_36405
ODDLKH_02459,peppan_g_892,peppan_g_6467,peppan_g_10096,peppan_g_14735,peppan_g_20154,peppan_g_25180,peppan_g_31166,peppan_g_35837,peppan_g_36391
ODDLKH_02469,peppan_g_882,peppan_g_6477,peppan_g_10086,peppan_g_14725,peppan_g_20164,peppan_g_25190,peppan_g_31156,peppan_g_35827,peppan_g_36381
ODDLKH_02479,peppan_g_873,peppan_g_6486,peppan_g_10077,peppan_g_14716,peppan_g_20173,peppan_g_25199,peppan_g_31147,peppan_g_35818,peppan_g_36372
ODDLKH_02608,peppan_g_740,peppan_g_6669,peppan_g_11088,peppan_g_15810,peppan_g_20346,peppan_g_25317,peppan_g_28973,peppan_g_35699,peppan_g_40841
ODDLKH_02612,peppan_g_736,peppan_g_6673,peppan_g_11092,peppan_g_15814,peppan_g_20350,peppan_g_25321,peppan_g_28969,peppan_g_35695,peppan_g_40837
ODDLKH_02613,peppan_g_735,peppan_g_6674,peppan_g_11093,peppan_g_15815,peppan_g_20351,peppan_g_25322,peppan_g_28968,peppan_g_35694,peppan_g_40836
ODDLKH_02617,peppan_g_731,peppan_g_6678,peppan_g_11097,peppan_g_15819,peppan_g_20355,peppan_g_25326,peppan_g_28964,peppan_g_35690,peppan_g_40832
ODDLKH_02625,peppan_g_725,peppan_g_6684,peppan_g_11103,peppan_g_15825,peppan_g_20361,peppan_g_25332,peppan_g_28958,peppan_g_35664,peppan_g_40826
ODDLKH_02627,peppan_g_723,peppan_g_6686,peppan_g_11105,peppan_g_15827,peppan_g_20363,peppan_g_25334,peppan_g_28956,peppan_g_35662,peppan_g_40824
ODDLKH_02632,peppan_g_706,peppan_g_6691,peppan_g_11122,peppan_g_15832,peppan_g_20368,peppan_g_25339,peppan_g_28943,peppan_g_35657,peppan_g_40811
ODDLKH_02638,peppan_g_702,peppan_g_6695,peppan_g_11126,peppan_g_15836,peppan_g_20373,peppan_g_25344,peppan_g_28938,peppan_g_35652,peppan_g_40807
ODDLKH_02639,peppan_g_701,peppan_g_6696,peppan_g_11127,peppan_g_15837,peppan_g_20374,peppan_g_25345,peppan_g_28937,peppan_g_35651,peppan_g_40806
ODDLKH_02652,peppan_g_688,peppan_g_6709,peppan_g_11140,peppan_g_15850,peppan_g_20387,peppan_g_25358,peppan_g_28924,peppan_g_35638,peppan_g_40793
ODDLKH_02667,peppan_g_674,peppan_g_6723,peppan_g_11154,peppan_g_15864,peppan_g_20401,peppan_g_25372,peppan_g_28910,peppan_g_35624,peppan_g_40779
ODDLKH_02678,peppan_g_664,peppan_g_6733,peppan_g_11164,peppan_g_15874,peppan_g_20411,peppan_g_25382,peppan_g_28900,peppan_g_35614,peppan_g_40769
ODDLKH_02682,peppan_g_660,peppan_g_6737,peppan_g_11168,peppan_g_15878,peppan_g_20415,peppan_g_25386,peppan_g_28896,peppan_g_35610,peppan_g_40765
ODDLKH_02686,peppan_g_656,peppan_g_6741,peppan_g_11172,peppan_g_15882,peppan_g_20419,peppan_g_25390,peppan_g_28892,peppan_g_35606,peppan_g_40761
ODDLKH_02713,peppan_g_630,peppan_g_6767,peppan_g_11198,peppan_g_15908,peppan_g_20445,peppan_g_25416,peppan_g_28866,peppan_g_34737,peppan_g_40735
ODDLKH_02717,peppan_g_626,peppan_g_6771,peppan_g_11202,peppan_g_15912,peppan_g_20449,peppan_g_25420,peppan_g_28862,peppan_g_34733,peppan_g_40731
ODDLKH_02779,peppan_g_576,peppan_g_6815,peppan_g_11247,peppan_g_15961,peppan_g_20508,peppan_g_25479,peppan_g_28813,peppan_g_34684,peppan_g_40682
ODDLKH_02818,peppan_g_539,peppan_g_6852,peppan_g_11286,peppan_g_15999,peppan_g_20546,peppan_g_25517,peppan_g_28774,peppan_g_34647,peppan_g_40645
ODDLKH_02821,peppan_g_537,peppan_g_6854,peppan_g_11288,peppan_g_16001,peppan_g_20548,peppan_g_25519,peppan_g_28772,peppan_g_34645,peppan_g_40643
ODDLKH_02853,peppan_g_505,peppan_g_6886,peppan_g_11320,peppan_g_16033,peppan_g_20580,peppan_g_25551,peppan_g_28740,peppan_g_34613,peppan_g_40611
ODDLKH_02863,peppan_g_495,peppan_g_6896,peppan_g_11330,peppan_g_16043,peppan_g_20590,peppan_g_25561,peppan_g_28730,peppan_g_34603,peppan_g_40601
ODDLKH_02896,peppan_g_459,peppan_g_6928,peppan_g_11362,peppan_g_16079,peppan_g_20622,peppan_g_25593,peppan_g_28698,peppan_g_34571,peppan_g_40569
ODDLKH_02899,peppan_g_457,peppan_g_6930,peppan_g_11364,peppan_g_16081,peppan_g_20624,peppan_g_25595,peppan_g_28696,peppan_g_34569,peppan_g_40567
ODDLKH_02933,peppan_g_429,peppan_g_6957,peppan_g_11391,peppan_g_16108,peppan_g_20651,peppan_g_25622,peppan_g_28453,peppan_g_34542,peppan_g_40540
ODDLKH_02943,peppan_g_419,peppan_g_6967,peppan_g_11402,peppan_g_16119,peppan_g_20662,peppan_g_25632,peppan_g_28442,peppan_g_34532,peppan_g_40529
ODDLKH_02983,peppan_g_379,peppan_g_7004,peppan_g_11441,peppan_g_16158,peppan_g_20702,peppan_g_25671,peppan_g_28404,peppan_g_34494,peppan_g_40491
ODDLKH_02999,peppan_g_362,peppan_g_7020,peppan_g_11457,peppan_g_16174,peppan_g_20716,peppan_g_25685,peppan_g_28388,peppan_g_34478,peppan_g_40475
ODDLKH_03056,peppan_g_302,peppan_g_7074,peppan_g_11516,peppan_g_16232,peppan_g_20772,peppan_g_25741,peppan_g_28331,peppan_g_34421,peppan_g_40419
ODDLKH_03057,peppan_g_301,peppan_g_7075,peppan_g_11517,peppan_g_16233,peppan_g_20773,peppan_g_25742,peppan_g_28330,peppan_g_34420,peppan_g_40418
ODDLKH_03077,peppan_g_283,peppan_g_7093,peppan_g_11535,peppan_g_16251,peppan_g_20791,peppan_g_25760,peppan_g_28312,peppan_g_34399,peppan_g_40400
ODDLKH_03105,peppan_g_256,peppan_g_7120,peppan_g_11562,peppan_g_16278,peppan_g_20877,peppan_g_25787,peppan_g_27270,peppan_g_34372,peppan_g_40373
ODDLKH_03106,peppan_g_255,peppan_g_7121,peppan_g_11563,peppan_g_16279,peppan_g_20878,peppan_g_25788,peppan_g_27271,peppan_g_34371,peppan_g_40372
ODDLKH_03125,peppan_g_2550,peppan_g_7136,peppan_g_11612,peppan_g_16294,peppan_g_20893,peppan_g_25803,peppan_g_31129,peppan_g_34355,peppan_g_40357
ODDLKH_03142,peppan_g_2567,peppan_g_7153,peppan_g_11629,peppan_g_16311,peppan_g_20910,peppan_g_25820,peppan_g_31112,peppan_g_34338,peppan_g_40340
ODDLKH_03206,peppan_g_2613,peppan_g_7199,peppan_g_11698,peppan_g_16382,peppan_g_20970,peppan_g_25880,peppan_g_31073,peppan_g_34311,peppan_g_40227
ODDLKH_03212,peppan_g_2619,peppan_g_7205,peppan_g_11704,peppan_g_16388,peppan_g_20976,peppan_g_25886,peppan_g_31067,peppan_g_34305,peppan_g_40221
ODDLKH_03232,peppan_g_2639,peppan_g_7225,peppan_g_11724,peppan_g_16408,peppan_g_20996,peppan_g_25906,peppan_g_31047,peppan_g_34285,peppan_g_40201
ODDLKH_03236,peppan_g_2642,peppan_g_7228,peppan_g_11727,peppan_g_16411,peppan_g_20999,peppan_g_25909,peppan_g_31044,peppan_g_34282,peppan_g_40198
ODDLKH_03246,peppan_g_2647,peppan_g_7233,peppan_g_11732,peppan_g_16416,peppan_g_21004,peppan_g_25914,peppan_g_31039,peppan_g_34277,peppan_g_40193
ODDLKH_03254,peppan_g_2655,peppan_g_7241,peppan_g_11740,peppan_g_16424,peppan_g_21012,peppan_g_25922,peppan_g_31031,peppan_g_34269,peppan_g_40185
ODDLKH_03256,peppan_g_2657,peppan_g_7243,peppan_g_11742,peppan_g_16426,peppan_g_21014,peppan_g_25924,peppan_g_31029,peppan_g_34267,peppan_g_40183
ODDLKH_03265,peppan_g_2666,peppan_g_7252,peppan_g_11751,peppan_g_16435,peppan_g_21023,peppan_g_25933,peppan_g_31020,peppan_g_34258,peppan_g_40174
ODDLKH_03271,peppan_g_2672,peppan_g_7258,peppan_g_11757,peppan_g_16441,peppan_g_21029,peppan_g_25939,peppan_g_31014,peppan_g_34252,peppan_g_40168
ODDLKH_03280,peppan_g_2681,peppan_g_7267,peppan_g_11766,peppan_g_16450,peppan_g_21038,peppan_g_25948,peppan_g_31005,peppan_g_34243,peppan_g_40159
ODDLKH_03363,peppan_g_2759,peppan_g_7345,peppan_g_11851,peppan_g_16530,peppan_g_21119,peppan_g_26029,peppan_g_30923,peppan_g_34159,peppan_g_40078
ODDLKH_03382,peppan_g_2788,peppan_g_7365,peppan_g_11878,peppan_g_16555,peppan_g_21139,peppan_g_26049,peppan_g_30903,peppan_g_34134,peppan_g_40053
ODDLKH_03390,peppan_g_2795,peppan_g_7372,peppan_g_11885,peppan_g_16562,peppan_g_21146,peppan_g_26056,peppan_g_30896,peppan_g_34127,peppan_g_40046
ODDLKH_03422,peppan_g_2823,peppan_g_7400,peppan_g_11913,peppan_g_16590,peppan_g_21174,peppan_g_26084,peppan_g_30868,peppan_g_34099,peppan_g_40018
ODDLKH_03442,peppan_g_2843,peppan_g_7418,peppan_g_11931,peppan_g_16608,peppan_g_21192,peppan_g_26102,peppan_g_30850,peppan_g_34081,peppan_g_40000
ODDLKH_03502,peppan_g_2906,peppan_g_7471,peppan_g_11985,peppan_g_16664,peppan_g_21248,peppan_g_26158,peppan_g_30794,peppan_g_32172,peppan_g_39945
ODDLKH_03505,peppan_g_2910,peppan_g_7480,peppan_g_11988,peppan_g_16667,peppan_g_21251,peppan_g_26161,peppan_g_30791,peppan_g_32169,peppan_g_39942
ODDLKH_03515,peppan_g_2913,peppan_g_7483,peppan_g_11998,peppan_g_16677,peppan_g_21261,peppan_g_26171,peppan_g_30781,peppan_g_32159,peppan_g_39932
ODDLKH_03532,peppan_g_2930,peppan_g_7500,peppan_g_12015,peppan_g_16694,peppan_g_21278,peppan_g_26188,peppan_g_30764,peppan_g_32142,peppan_g_39915
ODDLKH_03533,peppan_g_2933,peppan_g_7501,peppan_g_12016,peppan_g_16695,peppan_g_21279,peppan_g_26189,peppan_g_30763,peppan_g_32141,peppan_g_39914
ODDLKH_03566,peppan_g_2965,peppan_g_7536,peppan_g_12048,peppan_g_16726,peppan_g_21310,peppan_g_26220,peppan_g_30732,peppan_g_33692,peppan_g_39870
ODDLKH_03567,peppan_g_2966,peppan_g_7537,peppan_g_12049,peppan_g_16727,peppan_g_21311,peppan_g_26221,peppan_g_30731,peppan_g_33691,peppan_g_39869
ODDLKH_03579,peppan_g_2978,peppan_g_7549,peppan_g_12061,peppan_g_16739,peppan_g_21323,peppan_g_26233,peppan_g_30719,peppan_g_33679,peppan_g_39856;peppan_g_39857
ODDLKH_03582,peppan_g_2981,peppan_g_7552,peppan_g_12064,peppan_g_16742,peppan_g_21326,peppan_g_26236,peppan_g_30716,peppan_g_33676,peppan_g_39853
ODDLKH_03651,peppan_g_3048,peppan_g_7621,peppan_g_12139,peppan_g_16809,peppan_g_21393,peppan_g_26303,peppan_g_30648,peppan_g_33570,peppan_g_39786
ODDLKH_03734,peppan_g_3120,peppan_g_7688,peppan_g_12209,peppan_g_16879,peppan_g_21464,peppan_g_26378,peppan_g_30575,peppan_g_33497,peppan_g_39719
ODDLKH_03742,peppan_g_3128,peppan_g_7696,peppan_g_12217,peppan_g_16887,peppan_g_21472,peppan_g_26386,peppan_g_30567,peppan_g_33489,peppan_g_39711
ODDLKH_03745,peppan_g_3131,peppan_g_7699,peppan_g_12220,peppan_g_16890,peppan_g_21475,peppan_g_26389,peppan_g_30564,peppan_g_33486,peppan_g_39708
ODDLKH_03753,peppan_g_3139,peppan_g_7707,peppan_g_12228,peppan_g_16898,peppan_g_21483,peppan_g_26397,peppan_g_30556,peppan_g_33478,peppan_g_39700
ODDLKH_03771,peppan_g_3156,peppan_g_7724,peppan_g_12245,peppan_g_16915,peppan_g_21500,peppan_g_26414,peppan_g_30539,peppan_g_33461,peppan_g_39683
ODDLKH_03773,peppan_g_3158,peppan_g_7726,peppan_g_12247,peppan_g_16917,peppan_g_21502,peppan_g_26416,peppan_g_30537,peppan_g_33459,peppan_g_39681
ODDLKH_03782,peppan_g_3167,peppan_g_7735,peppan_g_12256,peppan_g_16926,peppan_g_21511,peppan_g_26425,peppan_g_30528,peppan_g_33450,peppan_g_39672
ODDLKH_03799,peppan_g_3184,peppan_g_7752,peppan_g_12273,peppan_g_16943,peppan_g_21528,peppan_g_26442,peppan_g_30511,peppan_g_33433,peppan_g_39655
ODDLKH_03814,peppan_g_3199,peppan_g_7767,peppan_g_12288,peppan_g_16958,peppan_g_21543,peppan_g_26457,peppan_g_30496,peppan_g_33418,peppan_g_39640
ODDLKH_03827,peppan_g_3210,peppan_g_7779,peppan_g_12300,peppan_g_16970,peppan_g_21555,peppan_g_26469,peppan_g_30484,peppan_g_33406,peppan_g_39628
ODDLKH_03842,peppan_g_3980,peppan_g_7788,peppan_g_12309,peppan_g_16979,peppan_g_21564,peppan_g_26478,peppan_g_27315,peppan_g_31981,peppan_g_39619
ODDLKH_03843,peppan_g_3979,peppan_g_7789,peppan_g_12310,peppan_g_16980,peppan_g_21565,peppan_g_26479,peppan_g_27314,peppan_g_31980,peppan_g_39618
ODDLKH_03849,peppan_g_3973,peppan_g_7795,peppan_g_12316,peppan_g_16986,peppan_g_21571,peppan_g_26485,peppan_g_27308,peppan_g_31974,peppan_g_39612
ODDLKH_03862,peppan_g_3961,peppan_g_7807,peppan_g_12328,peppan_g_16998,peppan_g_21583,peppan_g_26497,peppan_g_27296,peppan_g_31962,peppan_g_39600
ODDLKH_03899,peppan_g_3923;peppan_g_3924,peppan_g_7844,peppan_g_12365,peppan_g_17035,peppan_g_21620,peppan_g_26534,peppan_g_29977,peppan_g_35565,peppan_g_39563
ODDLKH_03920,peppan_g_3901,peppan_g_7865,peppan_g_12389,peppan_g_17056,peppan_g_21642,peppan_g_26555,peppan_g_29957,peppan_g_35544,peppan_g_39542
ODDLKH_03949,peppan_g_3872,peppan_g_7894,peppan_g_12419,peppan_g_17085,peppan_g_21671,peppan_g_26584,peppan_g_29928,peppan_g_35512,peppan_g_39513
ODDLKH_03978,peppan_g_3860,peppan_g_7910,peppan_g_12443,peppan_g_17110,peppan_g_21696,peppan_g_26609,peppan_g_29904,peppan_g_35493,peppan_g_39494
ODDLKH_03980,peppan_g_3857,peppan_g_7913,peppan_g_12446,peppan_g_17113,peppan_g_21699,peppan_g_26612,peppan_g_29901,peppan_g_35490,peppan_g_39491
ODDLKH_03989,peppan_g_3848,peppan_g_7922,peppan_g_12455,peppan_g_17122,peppan_g_21708,peppan_g_26621,peppan_g_29892,peppan_g_35481,peppan_g_39482
ODDLKH_04019,peppan_g_3819,peppan_g_7951,peppan_g_12484,peppan_g_17152,peppan_g_21738,peppan_g_26651,peppan_g_29862,peppan_g_35451,peppan_g_39452
ODDLKH_04022,peppan_g_3816,peppan_g_7954,peppan_g_12487,peppan_g_17155,peppan_g_21741,peppan_g_26654,peppan_g_29859,peppan_g_35448,peppan_g_39449
ODDLKH_04058,peppan_g_3777,peppan_g_7988,peppan_g_12522,peppan_g_17189,peppan_g_21775,peppan_g_26688,peppan_g_29825,peppan_g_35414,peppan_g_39415
ODDLKH_04078,peppan_g_3760,peppan_g_8005,peppan_g_12539,peppan_g_17206,peppan_g_21792,peppan_g_26705,peppan_g_29808,peppan_g_35397,peppan_g_39398
ODDLKH_04090,peppan_g_3754,peppan_g_8011,peppan_g_12551,peppan_g_17218,peppan_g_21804,peppan_g_26717,peppan_g_29796,peppan_g_35385,peppan_g_39386
ODDLKH_04125,peppan_g_3719,peppan_g_8046,peppan_g_12586,peppan_g_17253,peppan_g_21839,peppan_g_26752,peppan_g_29761,peppan_g_35350,peppan_g_39350
ODDLKH_04126,peppan_g_3718,peppan_g_8048,peppan_g_12587,peppan_g_17254,peppan_g_21840,peppan_g_26753,peppan_g_29760,peppan_g_35349,peppan_g_39349
ODDLKH_04127,peppan_g_3717,peppan_g_8049,peppan_g_12588,peppan_g_17255,peppan_g_21841,peppan_g_26754,peppan_g_29759,peppan_g_35348,peppan_g_39348
ODDLKH_04167,peppan_g_3678,peppan_g_8085,peppan_g_12629,peppan_g_17294,peppan_g_21880,peppan_g_26793,peppan_g_29720,peppan_g_35309,peppan_g_39307
ODDLKH_04190,peppan_g_3655,peppan_g_8118,peppan_g_12652,peppan_g_17317,peppan_g_21903,peppan_g_26816,peppan_g_29697,peppan_g_35286,peppan_g_39284
ODDLKH_04195,peppan_g_3651,peppan_g_8122,peppan_g_12657,peppan_g_17321,peppan_g_21908,peppan_g_26821,peppan_g_29693,peppan_g_35282,peppan_g_39280
ODDLKH_04206,peppan_g_3639,peppan_g_8129,peppan_g_12672,peppan_g_17332,peppan_g_21919,peppan_g_26832,peppan_g_29686,peppan_g_35275,peppan_g_39273
ODDLKH_04207,peppan_g_3638,peppan_g_8130,peppan_g_12673,peppan_g_17333,peppan_g_21920,peppan_g_26833,peppan_g_29685,peppan_g_35274,peppan_g_39272
ODDLKH_04212,peppan_g_3634,peppan_g_8134,peppan_g_12677,peppan_g_17337,peppan_g_21924,peppan_g_26837,peppan_g_29681,peppan_g_35270,peppan_g_39268
ODDLKH_04219,peppan_g_3627,peppan_g_8141,peppan_g_12684,peppan_g_17344,peppan_g_21931,peppan_g_26844,peppan_g_29674,peppan_g_35263,peppan_g_39261
ODDLKH_04248,peppan_g_3600,peppan_g_8170,peppan_g_12711,peppan_g_17364,peppan_g_21958,peppan_g_26871,peppan_g_29654,peppan_g_35236,peppan_g_39234
ODDLKH_04249,peppan_g_3599,peppan_g_8171,peppan_g_12712,peppan_g_17365,peppan_g_21959,peppan_g_26872,peppan_g_29653,peppan_g_35235,peppan_g_39233
ODDLKH_04271,peppan_g_3576,peppan_g_8194,peppan_g_12735,peppan_g_17388,peppan_g_21982,peppan_g_26895,peppan_g_29630,peppan_g_35212,peppan_g_39210
ODDLKH_04273,peppan_g_3574,peppan_g_8196,peppan_g_12737,peppan_g_17390,peppan_g_21984,peppan_g_26897,peppan_g_29628,peppan_g_35210,peppan_g_39208
ODDLKH_04312,peppan_g_3534,peppan_g_8232,peppan_g_12772,peppan_g_17428,peppan_g_22027,peppan_g_26935,peppan_g_29586,peppan_g_33394,peppan_g_39117
ODDLKH_04331,peppan_g_3515,peppan_g_8251,peppan_g_12791,peppan_g_17447,peppan_g_22046,peppan_g_26954,peppan_g_29567,peppan_g_33375,peppan_g_39098
ODDLKH_04344,peppan_g_3296,peppan_g_8258,peppan_g_12798,peppan_g_17454,peppan_g_22053,peppan_g_26961,peppan_g_27683,peppan_g_33368,peppan_g_39091
ODDLKH_04347,peppan_g_3293,peppan_g_8261,peppan_g_12801,peppan_g_17457,peppan_g_22056,peppan_g_26964,peppan_g_27680,peppan_g_33365,peppan_g_39088
ODDLKH_04355,peppan_g_3281,peppan_g_8274,peppan_g_12813,peppan_g_17466,peppan_g_22065,peppan_g_26973,peppan_g_27671,peppan_g_33356,peppan_g_39079
ODDLKH_04370,peppan_g_3266,peppan_g_8289,peppan_g_12828,peppan_g_17481,peppan_g_22080,peppan_g_26988,peppan_g_27656,peppan_g_33341,peppan_g_39064
ODDLKH_04401,peppan_g_3242,peppan_g_8308,peppan_g_12853,peppan_g_17503,peppan_g_22105,peppan_g_27013,peppan_g_27634,peppan_g_33319,peppan_g_39042
ODDLKH_04409,peppan_g_3234,peppan_g_8316,peppan_g_12861,peppan_g_17511,peppan_g_22113,peppan_g_27021,peppan_g_27626,peppan_g_33311,peppan_g_39034
ODDLKH_04501,peppan_g_3453,peppan_g_8395,peppan_g_12945,peppan_g_17591,peppan_g_22193,peppan_g_27101,peppan_g_27828,peppan_g_33235,peppan_g_38958
ODDLKH_04570,peppan_g_3389,peppan_g_8456,peppan_g_13008,peppan_g_17662,peppan_g_22261,peppan_g_27169,peppan_g_27896,peppan_g_33167,peppan_g_38892
ONMMKP_00043,peppan_g_876,peppan_g_6483,peppan_g_10080,peppan_g_14719,peppan_g_20170,peppan_g_25196,peppan_g_31150,peppan_g_35821,peppan_g_36375
ONMMKP_00058,peppan_g_890,peppan_g_6469,peppan_g_10094,peppan_g_14733,peppan_g_20156,peppan_g_25182,peppan_g_31164,peppan_g_35835,peppan_g_36389
ONMMKP_00067,peppan_g_900,peppan_g_6459,peppan_g_10104,peppan_g_14743,peppan_g_20146,peppan_g_25172,peppan_g_31174,peppan_g_35845,peppan_g_36399
ONMMKP_00091,peppan_g_920,peppan_g_6439,peppan_g_10124,peppan_g_14763,peppan_g_20125,peppan_g_25152,peppan_g_31194,peppan_g_35865,peppan_g_36419
ONMMKP_00099,peppan_g_928,peppan_g_6430,peppan_g_10133,peppan_g_14772,peppan_g_20116,peppan_g_25143,peppan_g_31203,peppan_g_35874,peppan_g_36428
ONMMKP_00115,peppan_g_944,peppan_g_6414,peppan_g_10149,peppan_g_14788,peppan_g_20100,peppan_g_25127,peppan_g_31219,peppan_g_35890,peppan_g_36444
ONMMKP_00139,peppan_g_966,peppan_g_6392,peppan_g_10172,peppan_g_14811,peppan_g_20077,peppan_g_25104,peppan_g_31242,peppan_g_35913,peppan_g_36467
ONMMKP_00141,peppan_g_968,peppan_g_6390,peppan_g_10174,peppan_g_14813,peppan_g_20075,peppan_g_25102,peppan_g_31247,peppan_g_35915,peppan_g_36469
ONMMKP_00176,peppan_g_995,peppan_g_6355,peppan_g_10192,peppan_g_14899,peppan_g_20042,peppan_g_25069,peppan_g_31284,peppan_g_35954,peppan_g_36505
ONMMKP_00186,peppan_g_1005,peppan_g_6345,peppan_g_10209,peppan_g_14909,peppan_g_20032,peppan_g_25059,peppan_g_31301,peppan_g_35971,peppan_g_36515
ONMMKP_00200,peppan_g_1018,peppan_g_6332,peppan_g_10222,peppan_g_14922,peppan_g_20019,peppan_g_25046,peppan_g_31314,peppan_g_35984,peppan_g_36528
ONMMKP_00206,peppan_g_1024,peppan_g_6326,peppan_g_10228,peppan_g_14928,peppan_g_20013,peppan_g_25040,peppan_g_31320,peppan_g_35990,peppan_g_36534
ONMMKP_00211,peppan_g_1029,peppan_g_6321,peppan_g_10233,peppan_g_14933,peppan_g_20008,peppan_g_25035,peppan_g_31325,peppan_g_35995,peppan_g_36539
ONMMKP_00212,peppan_g_1030,peppan_g_6320,peppan_g_10234,peppan_g_14934,peppan_g_20007,peppan_g_25034,peppan_g_31326,peppan_g_35996,peppan_g_36540
ONMMKP_00235,peppan_g_1052,peppan_g_6298,peppan_g_10256,peppan_g_14956,peppan_g_19984,peppan_g_25012,peppan_g_31348,peppan_g_36018,peppan_g_36562
ONMMKP_00236,peppan_g_1053,peppan_g_6297,peppan_g_10257,peppan_g_14957,peppan_g_19983,peppan_g_25011,peppan_g_31349,peppan_g_36019,peppan_g_36563
ONMMKP_00247,peppan_g_1063,peppan_g_6287,peppan_g_10267,peppan_g_14967,peppan_g_19973,peppan_g_25001,peppan_g_31359,peppan_g_36029,peppan_g_36573
ONMMKP_00249,peppan_g_1065,peppan_g_6285,peppan_g_10269,peppan_g_14969,peppan_g_19971,peppan_g_24999,peppan_g_31361,peppan_g_36031,peppan_g_36575
ONMMKP_00271,peppan_g_1630,peppan_g_6262,peppan_g_10293,peppan_g_14992,peppan_g_19949,peppan_g_24977,peppan_g_31385,peppan_g_36053,peppan_g_36597
ONMMKP_00281,peppan_g_1622,peppan_g_6254,peppan_g_10301,peppan_g_15000,peppan_g_19941,peppan_g_24969,peppan_g_31393,peppan_g_36061,peppan_g_36605
ONMMKP_00290,peppan_g_1613,peppan_g_6245,peppan_g_10310,peppan_g_15009,peppan_g_19932,peppan_g_24960,peppan_g_31402,peppan_g_36070,peppan_g_36614
ONMMKP_00291,peppan_g_1612,peppan_g_6244,peppan_g_10311,peppan_g_15010,peppan_g_19931,peppan_g_24959,peppan_g_31403,peppan_g_36071,peppan_g_36615
ONMMKP_00297,peppan_g_1606,peppan_g_6238,peppan_g_10317,peppan_g_15016,peppan_g_19925,peppan_g_24953,peppan_g_31409,peppan_g_36077,peppan_g_36621
ONMMKP_00303,peppan_g_1600,peppan_g_6232,peppan_g_10323,peppan_g_15022,peppan_g_19919,peppan_g_24947,peppan_g_31415,peppan_g_36083,peppan_g_36627
ONMMKP_00311,peppan_g_1592,peppan_g_6224,peppan_g_10331,peppan_g_15030,peppan_g_19911,peppan_g_24939,peppan_g_31423,peppan_g_36091,peppan_g_36635
ONMMKP_00330,peppan_g_1575,peppan_g_6207,peppan_g_10348,peppan_g_15048,peppan_g_19893,peppan_g_24921,peppan_g_31441,peppan_g_36108,peppan_g_36652
ONMMKP_00333,peppan_g_1572,peppan_g_6204,peppan_g_10351,peppan_g_15051,peppan_g_19890,peppan_g_24918,peppan_g_31444,peppan_g_36111,peppan_g_36655
ONMMKP_00356,peppan_g_1544,peppan_g_6177,peppan_g_10374,peppan_g_15074,peppan_g_19866,peppan_g_24895,peppan_g_31467,peppan_g_36134,peppan_g_36678
ONMMKP_00362,peppan_g_1538,peppan_g_6171,peppan_g_10380,peppan_g_15080,peppan_g_19860,peppan_g_24889,peppan_g_31473,peppan_g_36140,peppan_g_36684
ONMMKP_00377,peppan_g_1523,peppan_g_6156,peppan_g_10395,peppan_g_15095,peppan_g_19845,peppan_g_24874,peppan_g_31488,peppan_g_36155,peppan_g_36699
ONMMKP_00404,peppan_g_1498,peppan_g_6132,peppan_g_10419,peppan_g_15118,peppan_g_19822,peppan_g_24851,peppan_g_31511,peppan_g_36178,peppan_g_36722
ONMMKP_00405,peppan_g_1497,peppan_g_6131,peppan_g_10420,peppan_g_15119,peppan_g_19821,peppan_g_24850,peppan_g_31512,peppan_g_36179,peppan_g_36723
ONMMKP_00427,peppan_g_1486,peppan_g_6113,peppan_g_10442,peppan_g_15137,peppan_g_19803,peppan_g_24832,peppan_g_31530,peppan_g_36197,peppan_g_36745
ONMMKP_00428,peppan_g_1485,peppan_g_6112,peppan_g_10443,peppan_g_15138,peppan_g_19802,peppan_g_24831,peppan_g_31531,peppan_g_36198,peppan_g_36746
ONMMKP_00446,peppan_g_1468,peppan_g_6095,peppan_g_10460,peppan_g_15155,peppan_g_19785,peppan_g_24814,peppan_g_31548,peppan_g_36215,peppan_g_36763
ONMMKP_00456,peppan_g_1459,peppan_g_6085,peppan_g_10470,peppan_g_15165,peppan_g_19775,peppan_g_24804,peppan_g_31558,peppan_g_36225,peppan_g_36773
ONMMKP_00457,peppan_g_1458,peppan_g_6084,peppan_g_10471,peppan_g_15166,peppan_g_19774,peppan_g_24803,peppan_g_31559,peppan_g_36226,peppan_g_36774
ONMMKP_00462,peppan_g_1453,peppan_g_6079,peppan_g_10476,peppan_g_15171,peppan_g_19769,peppan_g_24798,peppan_g_31564,peppan_g_36231,peppan_g_36779
ONMMKP_00472,peppan_g_1444,peppan_g_6069,peppan_g_10486,peppan_g_15181,peppan_g_19759,peppan_g_24788,peppan_g_31574,peppan_g_36241,peppan_g_36789
ONMMKP_00538,peppan_g_1390,peppan_g_6000,peppan_g_10555,peppan_g_15234,peppan_g_19695,peppan_g_24724,peppan_g_31636,peppan_g_36303,peppan_g_36856
ONMMKP_00550,peppan_g_1378,peppan_g_5988,peppan_g_10567,peppan_g_15246,peppan_g_19683,peppan_g_24712,peppan_g_31648,peppan_g_36315,peppan_g_36868
ONMMKP_00569,peppan_g_1358,peppan_g_5969,peppan_g_10586,peppan_g_15265,peppan_g_19664,peppan_g_24693,peppan_g_31667,peppan_g_36334,peppan_g_36887
ONMMKP_00585,peppan_g_1294,peppan_g_5950,peppan_g_10604,peppan_g_15281,peppan_g_19648,peppan_g_24677,peppan_g_31683,peppan_g_32044,peppan_g_36903
ONMMKP_00590,peppan_g_1289,peppan_g_5945,peppan_g_10609,peppan_g_15286,peppan_g_19643,peppan_g_24672,peppan_g_31688,peppan_g_32049,peppan_g_36908
ONMMKP_00611,peppan_g_1268,peppan_g_5924,peppan_g_10630,peppan_g_15307,peppan_g_19622,peppan_g_24651,peppan_g_31709,peppan_g_31943,peppan_g_36929
ONMMKP_00624,peppan_g_1257,peppan_g_5913,peppan_g_10641,peppan_g_15318,peppan_g_19611,peppan_g_24640,peppan_g_31720,peppan_g_32618,peppan_g_36940
ONMMKP_00641,peppan_g_1242,peppan_g_5898,peppan_g_10656,peppan_g_15333,peppan_g_19596,peppan_g_24625,peppan_g_31735,peppan_g_32633,peppan_g_36955
ONMMKP_00649,peppan_g_1234,peppan_g_5890,peppan_g_10664,peppan_g_15341,peppan_g_19588,peppan_g_24617,peppan_g_31743,peppan_g_32641,peppan_g_36963
ONMMKP_00661,peppan_g_1222,peppan_g_5878,peppan_g_10676,peppan_g_15353,peppan_g_19576,peppan_g_24605,peppan_g_31755,peppan_g_32653,peppan_g_36975
ONMMKP_00669,peppan_g_1214,peppan_g_5870,peppan_g_10684,peppan_g_15361,peppan_g_19568,peppan_g_24597,peppan_g_31763,peppan_g_32661,peppan_g_36983
ONMMKP_00679,peppan_g_1205,peppan_g_5861,peppan_g_10693,peppan_g_15370,peppan_g_19559,peppan_g_24588,peppan_g_31772,peppan_g_32671,peppan_g_36993
ONMMKP_00704,peppan_g_1194,peppan_g_5838,peppan_g_10716,peppan_g_15393,peppan_g_19536,peppan_g_24565,peppan_g_31795,peppan_g_32694,peppan_g_37016
ONMMKP_00706,peppan_g_1192,peppan_g_5836,peppan_g_10718,peppan_g_15395,peppan_g_19534,peppan_g_24563,peppan_g_31797,peppan_g_32696,peppan_g_37018
ONMMKP_00710,peppan_g_1188,peppan_g_5832,peppan_g_10722,peppan_g_15399,peppan_g_19530,peppan_g_24559,peppan_g_31801,peppan_g_32700,peppan_g_37022
ONMMKP_00714,peppan_g_1185,peppan_g_5829,peppan_g_10725,peppan_g_15402,peppan_g_19527,peppan_g_24556,peppan_g_31804,peppan_g_32703,peppan_g_37025
ONMMKP_00715,peppan_g_1184,peppan_g_5828,peppan_g_10726,peppan_g_15403,peppan_g_19526,peppan_g_24555,peppan_g_31805,peppan_g_32704,peppan_g_37026
ONMMKP_00836,peppan_g_1139,peppan_g_5786,peppan_g_10768,peppan_g_15447,peppan_g_19482,peppan_g_24511,peppan_g_31847,peppan_g_32746,peppan_g_37146
ONMMKP_00839,peppan_g_1136,peppan_g_5783,peppan_g_10771,peppan_g_15459,peppan_g_19479,peppan_g_24508,peppan_g_31850,peppan_g_32758,peppan_g_37149
ONMMKP_00853,peppan_g_1123,peppan_g_5769,peppan_g_10785,peppan_g_15472,peppan_g_19465,peppan_g_24494,peppan_g_31864,peppan_g_32313,peppan_g_37162
ONMMKP_00859,peppan_g_1117,peppan_g_5764,peppan_g_10790,peppan_g_15477,peppan_g_19460,peppan_g_24489,peppan_g_31869,peppan_g_32318,peppan_g_37167
ONMMKP_00925,peppan_g_1668,peppan_g_5698,peppan_g_10854,peppan_g_15539,peppan_g_19333,peppan_g_24365,peppan_g_27980,peppan_g_32380,peppan_g_37229
ONMMKP_00986,peppan_g_1727,peppan_g_5633,peppan_g_10913,peppan_g_15598,peppan_g_19274,peppan_g_24306,peppan_g_27921,peppan_g_32434,peppan_g_37288
ONMMKP_01017,peppan_g_1755,peppan_g_5605,peppan_g_10026,peppan_g_14663,peppan_g_19246,peppan_g_24278,peppan_g_27756,peppan_g_32462,peppan_g_37316
ONMMKP_01027,peppan_g_1765,peppan_g_5595,peppan_g_10016,peppan_g_14653,peppan_g_19236,peppan_g_24268,peppan_g_27746,peppan_g_32472,peppan_g_37326
ONMMKP_01033,peppan_g_1771,peppan_g_5589,peppan_g_10010,peppan_g_14647,peppan_g_19230,peppan_g_24262,peppan_g_27740,peppan_g_32478,peppan_g_37332
ONMMKP_01035,peppan_g_1773,peppan_g_5587,peppan_g_10008,peppan_g_14645,peppan_g_19228,peppan_g_24260,peppan_g_27738,peppan_g_32480,peppan_g_37334
ONMMKP_01039,peppan_g_1777,peppan_g_5583,peppan_g_10004,peppan_g_14641,peppan_g_19224,peppan_g_24256,peppan_g_27734,peppan_g_32484,peppan_g_37338
ONMMKP_01040,peppan_g_1778,peppan_g_5582,peppan_g_10003,peppan_g_14640,peppan_g_19223,peppan_g_24255,peppan_g_27733,peppan_g_32485,peppan_g_37339
ONMMKP_01046,peppan_g_1783,peppan_g_5577,peppan_g_9998,peppan_g_14635,peppan_g_19218,peppan_g_24250,peppan_g_27728,peppan_g_32490,peppan_g_37344
ONMMKP_01052,peppan_g_1788,peppan_g_5573,peppan_g_9993,peppan_g_14631,peppan_g_19214,peppan_g_24246,peppan_g_27724,peppan_g_32494,peppan_g_37348
ONMMKP_01054,peppan_g_1790,peppan_g_5571,peppan_g_9991,peppan_g_14629,peppan_g_19212,peppan_g_24244,peppan_g_27722,peppan_g_32496,peppan_g_37350
ONMMKP_01064,peppan_g_1800,peppan_g_5561,peppan_g_9981,peppan_g_14619,peppan_g_19202,peppan_g_24234,peppan_g_27712,peppan_g_32506,peppan_g_37360
ONMMKP_01152,peppan_g_1894,peppan_g_5534,peppan_g_9951,peppan_g_14534,peppan_g_19115,peppan_g_24204,peppan_g_28656,peppan_g_32760,peppan_g_37446
ONMMKP_01166,peppan_g_1908,peppan_g_5520,peppan_g_9937,peppan_g_14520,peppan_g_19101,peppan_g_24190,peppan_g_28642,peppan_g_32774,peppan_g_37460
ONMMKP_01170,peppan_g_1912,peppan_g_5516,peppan_g_9933,peppan_g_14516,peppan_g_19097,peppan_g_24186,peppan_g_28638,peppan_g_32778,peppan_g_37464
ONMMKP_01174,peppan_g_1916,peppan_g_5512,peppan_g_9929,peppan_g_14512,peppan_g_19093,peppan_g_24182,peppan_g_28634,peppan_g_32782,peppan_g_37468
ONMMKP_01177,peppan_g_1919,peppan_g_5509,peppan_g_9926,peppan_g_14509,peppan_g_19090,peppan_g_24179,peppan_g_28631,peppan_g_32785,peppan_g_37471
ONMMKP_01184,peppan_g_1925,peppan_g_5503,peppan_g_9920,peppan_g_14503,peppan_g_19084,peppan_g_24173,peppan_g_28625,peppan_g_32791,peppan_g_37477
ONMMKP_01188,peppan_g_1929,peppan_g_5499,peppan_g_9916,peppan_g_14499,peppan_g_19080,peppan_g_24169,peppan_g_28621,peppan_g_32795,peppan_g_37481
ONMMKP_01192,peppan_g_1933,peppan_g_5495,peppan_g_9912,peppan_g_14495,peppan_g_19076,peppan_g_24165,peppan_g_28617,peppan_g_32799,peppan_g_37485
ONMMKP_01199,peppan_g_1938,peppan_g_5492,peppan_g_9902,peppan_g_14490,peppan_g_19069,peppan_g_24159,peppan_g_28611,peppan_g_32805,peppan_g_37493
ONMMKP_01213,peppan_g_1952,peppan_g_5478,peppan_g_9888,peppan_g_14476,peppan_g_19055,peppan_g_24145,peppan_g_28597,peppan_g_32819,peppan_g_37507
ONMMKP_01232,peppan_g_1971,peppan_g_5459,peppan_g_9869,peppan_g_14457,peppan_g_19036,peppan_g_24126,peppan_g_28578,peppan_g_32838,peppan_g_37526
ONMMKP_01243,peppan_g_1981,peppan_g_5449,peppan_g_9859,peppan_g_14447,peppan_g_19026,peppan_g_24116,peppan_g_28568,peppan_g_32848,peppan_g_37536
ONMMKP_01267,peppan_g_1995,peppan_g_5426,peppan_g_9845,peppan_g_14424,peppan_g_19003,peppan_g_24093,peppan_g_28545,peppan_g_32871,peppan_g_37559
ONMMKP_01276,peppan_g_2000,peppan_g_5421,peppan_g_9837,peppan_g_14416,peppan_g_18995,peppan_g_24085,peppan_g_28537,peppan_g_32879,peppan_g_37567
ONMMKP_01282,peppan_g_2007,peppan_g_5415,peppan_g_9831,peppan_g_14410,peppan_g_18989,peppan_g_24079,peppan_g_28531,peppan_g_32885,peppan_g_37573
ONMMKP_01304,peppan_g_2029,peppan_g_5393,peppan_g_9808,peppan_g_14388,peppan_g_18966,peppan_g_24057,peppan_g_28502,peppan_g_32907,peppan_g_37595
ONMMKP_01311,peppan_g_2036,peppan_g_5386,peppan_g_9801,peppan_g_14381,peppan_g_18959,peppan_g_24050,peppan_g_28495,peppan_g_32914,peppan_g_37602
ONMMKP_01313,peppan_g_2038,peppan_g_5384,peppan_g_9799,peppan_g_14379,peppan_g_18957,peppan_g_24048,peppan_g_28493,peppan_g_32916,peppan_g_37604
ONMMKP_01319,peppan_g_2044,peppan_g_5378,peppan_g_9793,peppan_g_14373,peppan_g_18951,peppan_g_24042,peppan_g_28487,peppan_g_32922,peppan_g_37610
ONMMKP_01320,peppan_g_2045,peppan_g_5377,peppan_g_9792,peppan_g_14372,peppan_g_18950,peppan_g_24041,peppan_g_28486,peppan_g_32923,peppan_g_37611
ONMMKP_01322,peppan_g_2047,peppan_g_5375,peppan_g_9790,peppan_g_14370,peppan_g_18948,peppan_g_24039,peppan_g_28484,peppan_g_32925,peppan_g_37613
ONMMKP_01373,peppan_g_2055,peppan_g_5367,peppan_g_9782,peppan_g_14362,peppan_g_18940,peppan_g_24031,peppan_g_28476,peppan_g_32933,peppan_g_37664
ONMMKP_01377,peppan_g_2059,peppan_g_5363,peppan_g_9778,peppan_g_14358,peppan_g_18936,peppan_g_24027,peppan_g_28472,peppan_g_32937,peppan_g_37668
ONMMKP_01395,peppan_g_2068,peppan_g_5354,peppan_g_9760,peppan_g_14340,peppan_g_18918,peppan_g_24009,peppan_g_27230,peppan_g_32289,peppan_g_37686
ONMMKP_01403,peppan_g_2071,peppan_g_5351,peppan_g_9757,peppan_g_14337,peppan_g_18915,peppan_g_24006,peppan_g_27534,peppan_g_32286,peppan_g_37689
ONMMKP_01424,peppan_g_2091,peppan_g_5331,peppan_g_9737,peppan_g_14317,peppan_g_18895,peppan_g_23986,peppan_g_27554,peppan_g_32266,peppan_g_37709
ONMMKP_01444,peppan_g_2111,peppan_g_5311,peppan_g_9729,peppan_g_14309,peppan_g_18875,peppan_g_23966,peppan_g_27574,peppan_g_32258,peppan_g_37729
ONMMKP_01453,peppan_g_2120,peppan_g_5302,peppan_g_9720,peppan_g_14300,peppan_g_18866,peppan_g_23957,peppan_g_27583,peppan_g_32249,peppan_g_37738
ONMMKP_01464,peppan_g_2132,peppan_g_5290,peppan_g_9708,peppan_g_14288,peppan_g_18854,peppan_g_23945,peppan_g_27595,peppan_g_32192,peppan_g_37750
ONMMKP_01516,peppan_g_2171,peppan_g_5249,peppan_g_9659,peppan_g_14242,peppan_g_18808,peppan_g_23899,peppan_g_29527,peppan_g_32237,peppan_g_37795
ONMMKP_01535,peppan_g_2190,peppan_g_5230,peppan_g_9640,peppan_g_14223,peppan_g_18789,peppan_g_23880,peppan_g_29508,peppan_g_34757,peppan_g_37814
ONMMKP_01541,peppan_g_2196,peppan_g_5224,peppan_g_9634,peppan_g_14217,peppan_g_18783,peppan_g_23874,peppan_g_29502,peppan_g_34763,peppan_g_37820
ONMMKP_01544,peppan_g_2200,peppan_g_5221,peppan_g_9631,peppan_g_14214,peppan_g_18780,peppan_g_23871,peppan_g_29499,peppan_g_34766,peppan_g_37823
ONMMKP_01546,peppan_g_2201,peppan_g_5220,peppan_g_9630,peppan_g_14213,peppan_g_18779,peppan_g_23870,peppan_g_29498,peppan_g_34767,peppan_g_37824
ONMMKP_01556,peppan_g_2211,peppan_g_5210,peppan_g_9620,peppan_g_14203,peppan_g_18769,peppan_g_23860,peppan_g_29488,peppan_g_34777,peppan_g_37834
ONMMKP_01557,peppan_g_2212,peppan_g_5209,peppan_g_9619,peppan_g_14202,peppan_g_18768,peppan_g_23859,peppan_g_29487,peppan_g_34778,peppan_g_37835
ONMMKP_01569,peppan_g_2224,peppan_g_5197,peppan_g_9607,peppan_g_14190,peppan_g_18756,peppan_g_23847,peppan_g_29475,peppan_g_34790,peppan_g_37847
ONMMKP_01604,peppan_g_2252,peppan_g_5037,peppan_g_9577,peppan_g_14096,peppan_g_18719,peppan_g_23810,peppan_g_29386,peppan_g_34878,peppan_g_37881
ONMMKP_01608,peppan_g_2256,peppan_g_5033,peppan_g_9573,peppan_g_14092,peppan_g_18715,peppan_g_23806,peppan_g_29382,peppan_g_34882,peppan_g_37885
ONMMKP_01618,peppan_g_2264,peppan_g_5023,peppan_g_9563,peppan_g_14082,peppan_g_18705,peppan_g_23796,peppan_g_29372,peppan_g_34892,peppan_g_37895
ONMMKP_01640,peppan_g_2285,peppan_g_5020,peppan_g_9542,peppan_g_14061,peppan_g_18684,peppan_g_23775,peppan_g_29351,peppan_g_34913,peppan_g_37916
ONMMKP_01648,peppan_g_2292,peppan_g_5013,peppan_g_9535,peppan_g_14054,peppan_g_18677,peppan_g_23768,peppan_g_29344,peppan_g_34920,peppan_g_37923
ONMMKP_01651,peppan_g_2295,peppan_g_5010,peppan_g_9532,peppan_g_14051,peppan_g_18674,peppan_g_23765,peppan_g_29341,peppan_g_34923,peppan_g_37926
ONMMKP_01654,peppan_g_2298,peppan_g_5007,peppan_g_9529,peppan_g_14048,peppan_g_18671,peppan_g_23762,peppan_g_29338,peppan_g_34926,peppan_g_37929
ONMMKP_01685,peppan_g_2329,peppan_g_4976,peppan_g_9497,peppan_g_14017,peppan_g_18640,peppan_g_23731,peppan_g_29307,peppan_g_34957,peppan_g_37960
ONMMKP_01697,peppan_g_2341,peppan_g_4965,peppan_g_9486,peppan_g_14006,peppan_g_18629,peppan_g_23720,peppan_g_29296,peppan_g_34968,peppan_g_37971
ONMMKP_01710,peppan_g_2353,peppan_g_4953,peppan_g_9474,peppan_g_13994,peppan_g_18617,peppan_g_23708,peppan_g_29284,peppan_g_34980,peppan_g_37983
ONMMKP_01718,peppan_g_2362,peppan_g_4947,peppan_g_9466,peppan_g_13986,peppan_g_18609,peppan_g_23700,peppan_g_29276,peppan_g_34988,peppan_g_37991
ONMMKP_01732,peppan_g_2376,peppan_g_4933,peppan_g_9452,peppan_g_13972,peppan_g_18595,peppan_g_23686,peppan_g_29262,peppan_g_35002,peppan_g_38005
ONMMKP_01748,peppan_g_2391,peppan_g_4920,peppan_g_9439,peppan_g_13957,peppan_g_18580,peppan_g_23671,peppan_g_29247,peppan_g_35017,peppan_g_38020
ONMMKP_01791,peppan_g_2434,peppan_g_4878,peppan_g_9397,peppan_g_13915,peppan_g_18538,peppan_g_23629,peppan_g_29205,peppan_g_35059,peppan_g_38062
ONMMKP_01798,peppan_g_2440,peppan_g_4872,peppan_g_9391,peppan_g_13909,peppan_g_18532,peppan_g_23623,peppan_g_29199,peppan_g_35065,peppan_g_38068
ONMMKP_01814,peppan_g_2450,peppan_g_4858,peppan_g_9377,peppan_g_13895,peppan_g_18518,peppan_g_23609,peppan_g_29185,peppan_g_35079,peppan_g_38082
ONMMKP_01820,peppan_g_2456,peppan_g_4852,peppan_g_9371,peppan_g_13889,peppan_g_18512,peppan_g_23603,peppan_g_29179,peppan_g_35085,peppan_g_38088
ONMMKP_01836,peppan_g_2459,peppan_g_4836,peppan_g_9356,peppan_g_13873,peppan_g_18498,peppan_g_23590,peppan_g_29166,peppan_g_35101,peppan_g_38104
ONMMKP_01841,peppan_g_2464,peppan_g_4831,peppan_g_9351,peppan_g_13868,peppan_g_18493,peppan_g_23585,peppan_g_29161,peppan_g_35106,peppan_g_38109
ONMMKP_01852,peppan_g_2475,peppan_g_4820,peppan_g_9340,peppan_g_13857,peppan_g_18482,peppan_g_23574,peppan_g_29150,peppan_g_35117,peppan_g_38120
ONMMKP_01864,peppan_g_2492,peppan_g_4803,peppan_g_9332,peppan_g_13850,peppan_g_18475,peppan_g_23567,peppan_g_29143,peppan_g_35124,peppan_g_38137
ONMMKP_01903,peppan_g_2538,peppan_g_4755,peppan_g_9306,peppan_g_13803,peppan_g_18427,peppan_g_23521,peppan_g_29085,peppan_g_35178,peppan_g_38175
ONMMKP_01913,peppan_g_245,peppan_g_4748,peppan_g_9299,peppan_g_13796,peppan_g_18420,peppan_g_23514,peppan_g_29997,peppan_g_32027,peppan_g_38181
ONMMKP_01920,peppan_g_237,peppan_g_4741,peppan_g_9292,peppan_g_13789,peppan_g_18413,peppan_g_23507,peppan_g_30004,peppan_g_32017,peppan_g_38188
ONMMKP_01927,peppan_g_230,peppan_g_4735,peppan_g_9286,peppan_g_13783,peppan_g_18407,peppan_g_23501,peppan_g_30010,peppan_g_32011,peppan_g_38194
ONMMKP_01949,peppan_g_210,peppan_g_4715,peppan_g_9266,peppan_g_13763,peppan_g_18387,peppan_g_23481,peppan_g_30030,peppan_g_32524,peppan_g_38214
ONMMKP_01951,peppan_g_208,peppan_g_4712,peppan_g_9264,peppan_g_13760,peppan_g_18385,peppan_g_23479,peppan_g_30032,peppan_g_32526,peppan_g_38216
ONMMKP_01974,peppan_g_192,peppan_g_4696,peppan_g_9239,peppan_g_13736,peppan_g_18361,peppan_g_23455,peppan_g_30056,peppan_g_32550,peppan_g_38240
ONMMKP_01977,peppan_g_189,peppan_g_4693,peppan_g_9236,peppan_g_13733,peppan_g_18358,peppan_g_23452,peppan_g_30059,peppan_g_32553,peppan_g_38243
ONMMKP_02020,peppan_g_154,peppan_g_4654,peppan_g_9197,peppan_g_13699,peppan_g_18325,peppan_g_23419,peppan_g_30093,peppan_g_32594,peppan_g_38284
ONMMKP_02051,peppan_g_125,peppan_g_4627,peppan_g_9168,peppan_g_13670,peppan_g_18298,peppan_g_23392,peppan_g_30120,peppan_g_33732,peppan_g_38313
ONMMKP_02056,peppan_g_120,peppan_g_4622,peppan_g_9163,peppan_g_13665,peppan_g_18293,peppan_g_23387,peppan_g_30125,peppan_g_33737,peppan_g_38318
ONMMKP_02072,peppan_g_107,peppan_g_4609,peppan_g_9150,peppan_g_13651,peppan_g_18280,peppan_g_23374,peppan_g_30139,peppan_g_33750,peppan_g_38332
ONMMKP_02077,peppan_g_102,peppan_g_4604,peppan_g_9145,peppan_g_13646,peppan_g_18275,peppan_g_23369,peppan_g_30144,peppan_g_33755,peppan_g_38337
ONMMKP_02084,peppan_g_92,peppan_g_4597,peppan_g_9135,peppan_g_13639,peppan_g_18268,peppan_g_23362,peppan_g_30151,peppan_g_33762,peppan_g_38344
ONMMKP_02104,peppan_g_74,peppan_g_4579,peppan_g_9117,peppan_g_13624,peppan_g_18250,peppan_g_23344,peppan_g_30169,peppan_g_33780,peppan_g_38362
ONMMKP_02106,peppan_g_72,peppan_g_4577,peppan_g_9115,peppan_g_13622,peppan_g_18248,peppan_g_23342,peppan_g_30171,peppan_g_33782,peppan_g_38364
ONMMKP_02111,peppan_g_67,peppan_g_4572,peppan_g_9110,peppan_g_13617,peppan_g_18242,peppan_g_23337,peppan_g_30176,peppan_g_33787,peppan_g_38369
ONMMKP_02112,peppan_g_66,peppan_g_4571,peppan_g_9109,peppan_g_13616,peppan_g_18241,peppan_g_23336,peppan_g_30177,peppan_g_33788,peppan_g_38370
ONMMKP_02120,peppan_g_57,peppan_g_4562,peppan_g_9100,peppan_g_13607,peppan_g_18232,peppan_g_23327,peppan_g_30186,peppan_g_33797,peppan_g_38379
ONMMKP_02126,peppan_g_51,peppan_g_4556,peppan_g_9094,peppan_g_13601,peppan_g_18226,peppan_g_23321,peppan_g_30192,peppan_g_33803,peppan_g_38385
ONMMKP_02130,peppan_g_48,peppan_g_4553,peppan_g_9091,peppan_g_13598,peppan_g_18223,peppan_g_23318,peppan_g_30195,peppan_g_33806,peppan_g_38388
ONMMKP_02149,peppan_g_28,peppan_g_4533,peppan_g_9071,peppan_g_13578,peppan_g_18203,peppan_g_23298,peppan_g_30215,peppan_g_33826,peppan_g_38407
ONMMKP_02151,peppan_g_26,peppan_g_4531,peppan_g_9069,peppan_g_13576,peppan_g_18201,peppan_g_23296,peppan_g_30217,peppan_g_33828,peppan_g_38409
ONMMKP_02153,peppan_g_24,peppan_g_4529,peppan_g_9067,peppan_g_13574,peppan_g_18199,peppan_g_23294,peppan_g_30219,peppan_g_33830,peppan_g_38411
ONMMKP_02160,peppan_g_17,peppan_g_4522,peppan_g_9060,peppan_g_13567,peppan_g_18192,peppan_g_23287,peppan_g_30226,peppan_g_33837,peppan_g_38418
ONMMKP_02168,peppan_g_9,peppan_g_4514,peppan_g_9052,peppan_g_13559,peppan_g_18184,peppan_g_23279,peppan_g_30234,peppan_g_33845,peppan_g_38426
ONMMKP_02181,peppan_g_4502,peppan_g_8916,peppan_g_13496,peppan_g_18082,peppan_g_22705,peppan_g_23267,peppan_g_30246,peppan_g_33857,peppan_g_38438
ONMMKP_02184,peppan_g_4499,peppan_g_8913,peppan_g_13493,peppan_g_18079,peppan_g_22702,peppan_g_23264,peppan_g_30249,peppan_g_33860,peppan_g_38441
ONMMKP_02208,peppan_g_4480,peppan_g_8894,peppan_g_13470,peppan_g_18060,peppan_g_22679,peppan_g_23241,peppan_g_30272,peppan_g_33883,peppan_g_38464
ONMMKP_02211,peppan_g_4477,peppan_g_8891,peppan_g_13467,peppan_g_18057,peppan_g_22676,peppan_g_23238,peppan_g_30275,peppan_g_33886,peppan_g_38467
ONMMKP_02217,peppan_g_4471,peppan_g_8885,peppan_g_13461,peppan_g_18051,peppan_g_22670,peppan_g_23232,peppan_g_30281,peppan_g_33892,peppan_g_38473
ONMMKP_02232,peppan_g_4459,peppan_g_8873,peppan_g_13449,peppan_g_18039,peppan_g_22658,peppan_g_23220,peppan_g_30293,peppan_g_33904,peppan_g_38485
ONMMKP_02237,peppan_g_4454,peppan_g_8868,peppan_g_13444,peppan_g_18034,peppan_g_22653,peppan_g_23215,peppan_g_30298,peppan_g_33909,peppan_g_38490
ONMMKP_02260,peppan_g_4430,peppan_g_8843,peppan_g_13426,peppan_g_17997,peppan_g_22623,peppan_g_23185,peppan_g_30334,peppan_g_33938,peppan_g_38512
ONMMKP_02308,peppan_g_4379,peppan_g_8817,peppan_g_13360,peppan_g_17954,peppan_g_22591,peppan_g_23150,peppan_g_30380,peppan_g_33965,peppan_g_38558
ONMMKP_02322,peppan_g_4366,peppan_g_8804,peppan_g_13347,peppan_g_17941,peppan_g_22578,peppan_g_23137,peppan_g_30393,peppan_g_33978,peppan_g_38571
ONMMKP_02341,peppan_g_4348,peppan_g_8786,peppan_g_13329,peppan_g_17923,peppan_g_22560,peppan_g_23119,peppan_g_30410,peppan_g_33995,peppan_g_38589
ONMMKP_02344,peppan_g_4345,peppan_g_8783,peppan_g_13326,peppan_g_17920,peppan_g_22557,peppan_g_23116,peppan_g_30413,peppan_g_33998,peppan_g_38592
ONMMKP_02369,peppan_g_4338,peppan_g_8776,peppan_g_13300,peppan_g_17913,peppan_g_22531,peppan_g_23090,peppan_g_30420,peppan_g_34024,peppan_g_38618
ONMMKP_02371,peppan_g_4336,peppan_g_8774,peppan_g_13298,peppan_g_17911,peppan_g_22529,peppan_g_23088,peppan_g_30422,peppan_g_34026,peppan_g_38620
ONMMKP_02382,peppan_g_4325,peppan_g_8764,peppan_g_13288,peppan_g_17901,peppan_g_22519,peppan_g_23078,peppan_g_30432,peppan_g_34036,peppan_g_38630
ONMMKP_02390,peppan_g_4315,peppan_g_8756,peppan_g_13280,peppan_g_17891,peppan_g_22511,peppan_g_23070,peppan_g_30442,peppan_g_34044,peppan_g_38638
ONMMKP_02398,peppan_g_4307,peppan_g_8747,peppan_g_13271,peppan_g_17883,peppan_g_22503,peppan_g_23062,peppan_g_30450,peppan_g_32952,peppan_g_38646
ONMMKP_02410,peppan_g_4295,peppan_g_8735,peppan_g_13259,peppan_g_17871,peppan_g_22491,peppan_g_23050,peppan_g_30462,peppan_g_32964,peppan_g_38658
ONMMKP_02414,peppan_g_4291,peppan_g_8731,peppan_g_13255,peppan_g_17867,peppan_g_22487,peppan_g_23046,peppan_g_30466,peppan_g_32968,peppan_g_38662
ONMMKP_02421,peppan_g_4284,peppan_g_8724,peppan_g_13248,peppan_g_17860,peppan_g_22480,peppan_g_23039,peppan_g_30473,peppan_g_32975,peppan_g_38669
ONMMKP_02428,peppan_g_4277,peppan_g_8717,peppan_g_13241,peppan_g_17853,peppan_g_22473,peppan_g_23032,peppan_g_30480,peppan_g_32982,peppan_g_38676
ONMMKP_02437,peppan_g_4271,peppan_g_8711,peppan_g_13235,peppan_g_17847,peppan_g_22467,peppan_g_23026,peppan_g_28267,peppan_g_32988,peppan_g_38682
ONMMKP_02446,peppan_g_4262,peppan_g_8703,peppan_g_13226,peppan_g_17838,peppan_g_22458,peppan_g_23017,peppan_g_28258,peppan_g_32997,peppan_g_38691
ONMMKP_02472,peppan_g_4091,peppan_g_8666,peppan_g_13186,peppan_g_17815,peppan_g_22433,peppan_g_22981,peppan_g_28228,peppan_g_33026,peppan_g_38720
ONMMKP_02487,peppan_g_4078,peppan_g_8653,peppan_g_13173,peppan_g_17802,peppan_g_22420,peppan_g_22968,peppan_g_28215,peppan_g_33039,peppan_g_38733
ONMMKP_02491,peppan_g_4074,peppan_g_8649,peppan_g_13167,peppan_g_17798,peppan_g_22416,peppan_g_22964,peppan_g_27197;peppan_g_28211,peppan_g_33043,peppan_g_38737
ONMMKP_02496,peppan_g_4071,peppan_g_8646,peppan_g_13164,peppan_g_17795,peppan_g_22413,peppan_g_22961,peppan_g_28208,peppan_g_33046,peppan_g_38740
ONMMKP_02509,peppan_g_4059,peppan_g_8634,peppan_g_13151,peppan_g_17783,peppan_g_22401,peppan_g_22949,peppan_g_28196,peppan_g_33058,peppan_g_38752
ONMMKP_02512,peppan_g_4056,peppan_g_8631,peppan_g_13148,peppan_g_17780,peppan_g_22398,peppan_g_22946,peppan_g_28193,peppan_g_33061,peppan_g_38755
ONMMKP_02517,peppan_g_4051,peppan_g_8626,peppan_g_13143,peppan_g_17775,peppan_g_22393,peppan_g_22941,peppan_g_28188,peppan_g_33066,peppan_g_38760
ONMMKP_02525,peppan_g_4044,peppan_g_8619,peppan_g_13136,peppan_g_17768,peppan_g_22386,peppan_g_22934,peppan_g_28181,peppan_g_33073,peppan_g_38767
ONMMKP_02529,peppan_g_4040,peppan_g_8615,peppan_g_13132,peppan_g_17764,peppan_g_22382,peppan_g_22930,peppan_g_28177,peppan_g_33077,peppan_g_38771
ONMMKP_02531,peppan_g_4038,peppan_g_8613,peppan_g_13130,peppan_g_17762,peppan_g_22380,peppan_g_22928,peppan_g_28175,peppan_g_33079,peppan_g_38773
ONMMKP_02535,peppan_g_4034,peppan_g_8609,peppan_g_13126,peppan_g_17758,peppan_g_22376,peppan_g_22924,peppan_g_28171,peppan_g_33083,peppan_g_38777
ONMMKP_02539,peppan_g_4030,peppan_g_8605,peppan_g_13122,peppan_g_17754,peppan_g_22372,peppan_g_22920,peppan_g_28167,peppan_g_33087,peppan_g_38781
ONMMKP_02564,peppan_g_4005,peppan_g_8520,peppan_g_13097,peppan_g_17729,peppan_g_22347,peppan_g_22895,peppan_g_28142,peppan_g_33112,peppan_g_38806
ONMMKP_02621,peppan_g_3357,peppan_g_8488,peppan_g_13040,peppan_g_17694,peppan_g_22294,peppan_g_22841,peppan_g_27404,peppan_g_32074,peppan_g_38860
ONMMKP_02622,peppan_g_3358,peppan_g_8487,peppan_g_13039,peppan_g_17693,peppan_g_22293,peppan_g_22840,peppan_g_27405,peppan_g_32075,peppan_g_38861
ONMMKP_02632,peppan_g_3368,peppan_g_8477,peppan_g_13029,peppan_g_17683,peppan_g_22282,peppan_g_22830,peppan_g_27415,peppan_g_32085,peppan_g_38871
ONMMKP_02671,peppan_g_3396,peppan_g_8449,peppan_g_13000,peppan_g_17649,peppan_g_22248,peppan_g_27156,peppan_g_27883,peppan_g_33180,peppan_g_38900
ONMMKP_02687,peppan_g_3411,peppan_g_8437,peppan_g_12987,peppan_g_17633,peppan_g_22235,peppan_g_27143,peppan_g_27870,peppan_g_33193,peppan_g_38916
ONMMKP_02692,peppan_g_3416,peppan_g_8432,peppan_g_12982,peppan_g_17628,peppan_g_22230,peppan_g_27138,peppan_g_27865,peppan_g_33198,peppan_g_38921
ONMMKP_02695,peppan_g_3419,peppan_g_8429,peppan_g_12979,peppan_g_17625,peppan_g_22227,peppan_g_27135,peppan_g_27862,peppan_g_33201,peppan_g_38924
ONMMKP_02702,peppan_g_3426,peppan_g_8422,peppan_g_12972,peppan_g_17618,peppan_g_22220,peppan_g_27128,peppan_g_27855,peppan_g_33208,peppan_g_38931
ONMMKP_02708,peppan_g_3432,peppan_g_8416,peppan_g_12966,peppan_g_17612,peppan_g_22214,peppan_g_27122,peppan_g_27849,peppan_g_33214,peppan_g_38937
ONMMKP_02710,peppan_g_3434,peppan_g_8414,peppan_g_12964,peppan_g_17610,peppan_g_22212,peppan_g_27120,peppan_g_27847,peppan_g_33216,peppan_g_38939
ONMMKP_02714,peppan_g_3438,peppan_g_8410,peppan_g_12960,peppan_g_17606,peppan_g_22208,peppan_g_27116,peppan_g_27843,peppan_g_33220,peppan_g_38943
ONMMKP_02733,peppan_g_3457,peppan_g_8391,peppan_g_12941,peppan_g_17587,peppan_g_22189,peppan_g_27097,peppan_g_27824,peppan_g_33239,peppan_g_38962
ONMMKP_02772,peppan_g_3497,peppan_g_8352,peppan_g_12897,peppan_g_17547,peppan_g_22149,peppan_g_27057,peppan_g_27783,peppan_g_33275,peppan_g_38998
ONMMKP_02777,peppan_g_3501,peppan_g_8348,peppan_g_12893,peppan_g_17543,peppan_g_22145,peppan_g_27053,peppan_g_27779,peppan_g_33279,peppan_g_39002
ONMMKP_02787,peppan_g_3509,peppan_g_8340,peppan_g_12885,peppan_g_17535,peppan_g_22137,peppan_g_27045,peppan_g_27771,peppan_g_33287,peppan_g_39010
ONMMKP_02795,peppan_g_3213,peppan_g_8337,peppan_g_12882,peppan_g_17532,peppan_g_22134,peppan_g_27042,peppan_g_27605,peppan_g_33290,peppan_g_39013
ONMMKP_02796,peppan_g_3214,peppan_g_8336,peppan_g_12881,peppan_g_17531,peppan_g_22133,peppan_g_27041,peppan_g_27606,peppan_g_33291,peppan_g_39014
ONMMKP_02800,peppan_g_3218,peppan_g_8332,peppan_g_12877,peppan_g_17527,peppan_g_22129,peppan_g_27037,peppan_g_27610,peppan_g_33295,peppan_g_39018
ONMMKP_02818,peppan_g_3235,peppan_g_8315,peppan_g_12860,peppan_g_17510,peppan_g_22112,peppan_g_27020,peppan_g_27627,peppan_g_33312,peppan_g_39035
ONMMKP_02821,peppan_g_3238,peppan_g_8312,peppan_g_12857,peppan_g_17507,peppan_g_22109,peppan_g_27017,peppan_g_27630,peppan_g_33315,peppan_g_39038
ONMMKP_02835,peppan_g_3252,peppan_g_8300,peppan_g_12843,peppan_g_17493,peppan_g_22095,peppan_g_27003,peppan_g_27644,peppan_g_33329,peppan_g_39052
ONMMKP_02843,peppan_g_3262,peppan_g_8293,peppan_g_12832,peppan_g_17485,peppan_g_22084,peppan_g_26992,peppan_g_27652,peppan_g_33337,peppan_g_39060
ONMMKP_02854,peppan_g_3267,peppan_g_8288,peppan_g_12827,peppan_g_17480,peppan_g_22079,peppan_g_26987,peppan_g_27657,peppan_g_33342,peppan_g_39065
ONMMKP_02855,peppan_g_3268,peppan_g_8287,peppan_g_12826,peppan_g_17479,peppan_g_22078,peppan_g_26986,peppan_g_27658,peppan_g_33343,peppan_g_39066
ONMMKP_02860,peppan_g_3273,peppan_g_8282,peppan_g_12821,peppan_g_17474,peppan_g_22073,peppan_g_26981,peppan_g_27663,peppan_g_33348,peppan_g_39071
ONMMKP_02872,peppan_g_3288,peppan_g_8267,peppan_g_12806,peppan_g_17462,peppan_g_22061,peppan_g_26969,peppan_g_27675,peppan_g_33360,peppan_g_39083
ONMMKP_02890,peppan_g_3512,peppan_g_8254,peppan_g_12794,peppan_g_17450,peppan_g_22049,peppan_g_26957,peppan_g_29564,peppan_g_33372,peppan_g_39095
ONMMKP_02914,peppan_g_3536,peppan_g_8230,peppan_g_12770,peppan_g_17426,peppan_g_22025,peppan_g_26933,peppan_g_29588,peppan_g_33396,peppan_g_39119
ONMMKP_02915,peppan_g_3537,peppan_g_8229,peppan_g_12769,peppan_g_17425,peppan_g_22024,peppan_g_26932,peppan_g_29589,peppan_g_33397,peppan_g_39120
ONMMKP_02930,peppan_g_3555,peppan_g_8216,peppan_g_12754,peppan_g_17412,peppan_g_22011,peppan_g_26919,peppan_g_29602,peppan_g_35188,peppan_g_39134
ONMMKP_02931,peppan_g_3556,peppan_g_8215,peppan_g_12753,peppan_g_17411,peppan_g_22010,peppan_g_26918,peppan_g_29603,peppan_g_35189,peppan_g_39135
ONMMKP_03015,peppan_g_3583;peppan_g_605,peppan_g_6787;peppan_g_8187,peppan_g_11219;peppan_g_12728,peppan_g_15933;peppan_g_17381,peppan_g_20480;peppan_g_21975,peppan_g_25451;peppan_g_26888,peppan_g_28841;peppan_g_29637,peppan_g_31915;peppan_g_34712;peppan_g_35219,peppan_g_39217;peppan_g_40710
ONMMKP_03038,peppan_g_3604,peppan_g_8166,peppan_g_12707,peppan_g_17360,peppan_g_21954,peppan_g_26867,peppan_g_29658,peppan_g_35240,peppan_g_39238
ONMMKP_03041,peppan_g_3607,peppan_g_8163,peppan_g_12704,peppan_g_17357,peppan_g_21951,peppan_g_26864,peppan_g_29661,peppan_g_35243,peppan_g_39241
ONMMKP_03062,peppan_g_3628,peppan_g_8140,peppan_g_12683,peppan_g_17343,peppan_g_21930,peppan_g_26843,peppan_g_29675,peppan_g_35264,peppan_g_39262
ONMMKP_03094,peppan_g_3664,peppan_g_8099,peppan_g_12643,peppan_g_17308,peppan_g_21894,peppan_g_26807,peppan_g_29706,peppan_g_35295,peppan_g_39293
ONMMKP_03112,peppan_g_3682,peppan_g_8081,peppan_g_12625,peppan_g_17290,peppan_g_21876,peppan_g_26789,peppan_g_29724,peppan_g_35313,peppan_g_39311
ONMMKP_03124,peppan_g_3694,peppan_g_8069,peppan_g_12613,peppan_g_17278,peppan_g_21864,peppan_g_26777,peppan_g_29736,peppan_g_35325,peppan_g_39323
ONMMKP_03155,peppan_g_3722,peppan_g_8043,peppan_g_12583,peppan_g_17250,peppan_g_21836,peppan_g_26749,peppan_g_29764,peppan_g_35353,peppan_g_39353
ONMMKP_03158,peppan_g_3725,peppan_g_8040,peppan_g_12580,peppan_g_17247,peppan_g_21833,peppan_g_26746,peppan_g_29767,peppan_g_35356,peppan_g_39356
ONMMKP_03166,peppan_g_3733,peppan_g_8032,peppan_g_12572,peppan_g_17239,peppan_g_21825,peppan_g_26738,peppan_g_29775,peppan_g_35364,peppan_g_39364
ONMMKP_03169,peppan_g_3736,peppan_g_8029,peppan_g_12569,peppan_g_17236,peppan_g_21822,peppan_g_26735,peppan_g_29778,peppan_g_35367,peppan_g_39367
ONMMKP_03177,peppan_g_3744,peppan_g_8021,peppan_g_12561,peppan_g_17228,peppan_g_21814,peppan_g_26727,peppan_g_29786,peppan_g_35375,peppan_g_39375
ONMMKP_03185,peppan_g_3750,peppan_g_8015,peppan_g_12555,peppan_g_17222,peppan_g_21808,peppan_g_26721,peppan_g_29792,peppan_g_35381,peppan_g_39382
ONMMKP_03190,peppan_g_3755,peppan_g_8010,peppan_g_12550,peppan_g_17217,peppan_g_21803,peppan_g_26716,peppan_g_29797,peppan_g_35386,peppan_g_39387
ONMMKP_03202,peppan_g_3761,peppan_g_8004,peppan_g_12538,peppan_g_17205,peppan_g_21791,peppan_g_26704,peppan_g_29809,peppan_g_35398,peppan_g_39399
ONMMKP_03222,peppan_g_3779,peppan_g_7986,peppan_g_12520,peppan_g_17187,peppan_g_21773,peppan_g_26686,peppan_g_29827,peppan_g_35416,peppan_g_39417
ONMMKP_03227,peppan_g_3784,peppan_g_7981,peppan_g_12515,peppan_g_17182,peppan_g_21768,peppan_g_26681,peppan_g_29832,peppan_g_35421,peppan_g_39422
ONMMKP_03228,peppan_g_3785,peppan_g_7980,peppan_g_12514,peppan_g_17181,peppan_g_21767,peppan_g_26680,peppan_g_29833,peppan_g_35422,peppan_g_39423
ONMMKP_03234,peppan_g_3790,peppan_g_7975,peppan_g_12509,peppan_g_17176,peppan_g_21762,peppan_g_26675,peppan_g_29838,peppan_g_35427,peppan_g_39428
ONMMKP_03236,peppan_g_3792,peppan_g_7973,peppan_g_12507,peppan_g_17174,peppan_g_21760,peppan_g_26673,peppan_g_29840,peppan_g_35429,peppan_g_39430
ONMMKP_03252,peppan_g_3812,peppan_g_7958,peppan_g_12491,peppan_g_17159,peppan_g_21745,peppan_g_26658,peppan_g_29855,peppan_g_35444,peppan_g_39445
ONMMKP_03253,peppan_g_3813,peppan_g_7957,peppan_g_12490,peppan_g_17158,peppan_g_21744,peppan_g_26657,peppan_g_29856,peppan_g_35445,peppan_g_39446
ONMMKP_03262,peppan_g_3822,peppan_g_7948,peppan_g_12481,peppan_g_17149,peppan_g_21735,peppan_g_26648,peppan_g_29865,peppan_g_35454,peppan_g_39455
ONMMKP_03275,peppan_g_3835,peppan_g_7935,peppan_g_12468,peppan_g_17136,peppan_g_21722,peppan_g_26635,peppan_g_29878,peppan_g_35467,peppan_g_39468
ONMMKP_03287,peppan_g_3846,peppan_g_7924,peppan_g_12457,peppan_g_17124,peppan_g_21710,peppan_g_26623,peppan_g_29890,peppan_g_35479,peppan_g_39480
ONMMKP_03290,peppan_g_3849,peppan_g_7921,peppan_g_12454,peppan_g_17121,peppan_g_21707,peppan_g_26620,peppan_g_29893,peppan_g_35482,peppan_g_39483
ONMMKP_03304,peppan_g_3864,peppan_g_7906,peppan_g_12439,peppan_g_17106,peppan_g_21692,peppan_g_26605,peppan_g_29908,peppan_g_35497,peppan_g_39498
ONMMKP_03347,peppan_g_3900,peppan_g_7866,peppan_g_12390,peppan_g_17057,peppan_g_21643,peppan_g_26556,peppan_g_29956,peppan_g_35543,peppan_g_39541
ONMMKP_03349,peppan_g_3902,peppan_g_7864,peppan_g_12388,peppan_g_17055,peppan_g_21641,peppan_g_26554,peppan_g_29958,peppan_g_35545,peppan_g_39543
ONMMKP_03356,peppan_g_3909,peppan_g_7858,peppan_g_12379,peppan_g_17049,peppan_g_21634,peppan_g_26548,peppan_g_29964,peppan_g_35551,peppan_g_39549
ONMMKP_03381,peppan_g_3936,peppan_g_7832,peppan_g_12353,peppan_g_17023,peppan_g_21608,peppan_g_26522,peppan_g_29989,peppan_g_35577,peppan_g_39575
ONMMKP_03400,peppan_g_3955,peppan_g_7813,peppan_g_12334,peppan_g_17004,peppan_g_21589,peppan_g_26503,peppan_g_27290,peppan_g_31956,peppan_g_39594
ONMMKP_03423,peppan_g_3977,peppan_g_7791,peppan_g_12312,peppan_g_16982,peppan_g_21567,peppan_g_26481,peppan_g_27312,peppan_g_31978,peppan_g_39616
ONMMKP_03456,peppan_g_3195,peppan_g_7763,peppan_g_12284,peppan_g_16954,peppan_g_21539,peppan_g_26453,peppan_g_30500,peppan_g_33422,peppan_g_39644
ONMMKP_03460,peppan_g_3191,peppan_g_7759,peppan_g_12280,peppan_g_16950,peppan_g_21535,peppan_g_26449,peppan_g_30504,peppan_g_33426,peppan_g_39648
ONMMKP_03466,peppan_g_3185,peppan_g_7753,peppan_g_12274,peppan_g_16944,peppan_g_21529,peppan_g_26443,peppan_g_30510,peppan_g_33432,peppan_g_39654
ONMMKP_03479/3,peppan_g_56,peppan_g_4561,peppan_g_9099,peppan_g_13606,peppan_g_18231,peppan_g_23326,peppan_g_30187,peppan_g_33798,peppan_g_38380
ONMMKP_03489,peppan_g_3161,peppan_g_7729,peppan_g_12250,peppan_g_16920,peppan_g_21505,peppan_g_26419,peppan_g_30534,peppan_g_33456,peppan_g_39678
ONMMKP_03499,peppan_g_3151,peppan_g_7719,peppan_g_12240,peppan_g_16910,peppan_g_21495,peppan_g_26409,peppan_g_30544,peppan_g_33466,peppan_g_39688
ONMMKP_03509,peppan_g_3142,peppan_g_7710,peppan_g_12231,peppan_g_16901,peppan_g_21486,peppan_g_26400,peppan_g_30553,peppan_g_33475,peppan_g_39697
ONMMKP_03513,peppan_g_3138,peppan_g_7706,peppan_g_12227,peppan_g_16897,peppan_g_21482,peppan_g_26396,peppan_g_30557,peppan_g_33479,peppan_g_39701
ONMMKP_03522,peppan_g_3129,peppan_g_7697,peppan_g_12218,peppan_g_16888,peppan_g_21473,peppan_g_26387,peppan_g_30566,peppan_g_33488,peppan_g_39710
ONMMKP_03525,peppan_g_3126,peppan_g_7694,peppan_g_12215,peppan_g_16885,peppan_g_21470,peppan_g_26384,peppan_g_30569,peppan_g_33491,peppan_g_39713
ONMMKP_03534,peppan_g_3118,peppan_g_7686,peppan_g_12207,peppan_g_16877,peppan_g_21462,peppan_g_26376,peppan_g_30577,peppan_g_33499,peppan_g_39721
ONMMKP_03544,peppan_g_3110,peppan_g_7678,peppan_g_12198,peppan_g_16868,peppan_g_21452,peppan_g_26367,peppan_g_30586,peppan_g_33508,peppan_g_39729
ONMMKP_03545,peppan_g_3109,peppan_g_7677,peppan_g_12197,peppan_g_16867,peppan_g_21451,peppan_g_26366,peppan_g_30587,peppan_g_33509,peppan_g_39730
ONMMKP_03554,peppan_g_3102,peppan_g_7670,peppan_g_12190,peppan_g_16860,peppan_g_21444,peppan_g_26359,peppan_g_30594,peppan_g_33516,peppan_g_39737
ONMMKP_03557,peppan_g_3099,peppan_g_7667,peppan_g_12185,peppan_g_16855,peppan_g_21439,peppan_g_26354,peppan_g_30597,peppan_g_33519,peppan_g_39740
ONMMKP_03559,peppan_g_3097,peppan_g_7665,peppan_g_12183,peppan_g_16853,peppan_g_21437,peppan_g_26352,peppan_g_30599,peppan_g_33521,peppan_g_39742
ONMMKP_03567,peppan_g_3089,peppan_g_7657,peppan_g_12175,peppan_g_16845,peppan_g_21429,peppan_g_26344,peppan_g_30607,peppan_g_33529,peppan_g_39750
ONMMKP_03570,peppan_g_3086,peppan_g_7654,peppan_g_12172,peppan_g_16842,peppan_g_21426,peppan_g_26341,peppan_g_30610,peppan_g_33532,peppan_g_39753
ONMMKP_03583,peppan_g_3069,peppan_g_7642,peppan_g_12160,peppan_g_16830,peppan_g_21414,peppan_g_26324,peppan_g_30627,peppan_g_33549,peppan_g_39765
ONMMKP_03586,peppan_g_3066,peppan_g_7639,peppan_g_12157,peppan_g_16827,peppan_g_21411,peppan_g_26321,peppan_g_30630,peppan_g_33552,peppan_g_39768
ONMMKP_03609,peppan_g_3045,peppan_g_7618,peppan_g_12136,peppan_g_16806,peppan_g_21390,peppan_g_26300,peppan_g_30651,peppan_g_33573,peppan_g_39789
ONMMKP_03661,peppan_g_2994,peppan_g_7565,peppan_g_12083,peppan_g_16756,peppan_g_21340,peppan_g_26250,peppan_g_30702,peppan_g_33662,peppan_g_39839
ONMMKP_03673,peppan_g_2983,peppan_g_7554,peppan_g_12066,peppan_g_16744,peppan_g_21328,peppan_g_26238,peppan_g_30714,peppan_g_33674,peppan_g_39851
ONMMKP_03676,peppan_g_2980,peppan_g_7551,peppan_g_12063,peppan_g_16741,peppan_g_21325,peppan_g_26235,peppan_g_30717,peppan_g_33677,peppan_g_39854
ONMMKP_03702,peppan_g_2955,peppan_g_7522,peppan_g_12038,peppan_g_16716,peppan_g_21300,peppan_g_26210,peppan_g_30742,peppan_g_33702,peppan_g_39880
ONMMKP_03737,peppan_g_2937,peppan_g_7505,peppan_g_12020,peppan_g_16699,peppan_g_21283,peppan_g_26193,peppan_g_30759,peppan_g_32137,peppan_g_39910
ONMMKP_03756,peppan_g_2916,peppan_g_7486,peppan_g_12001,peppan_g_16680,peppan_g_21264,peppan_g_26174,peppan_g_30778,peppan_g_32156,peppan_g_39929
ONMMKP_03767,peppan_g_2912,peppan_g_7482,peppan_g_11990,peppan_g_16669,peppan_g_21253,peppan_g_26163,peppan_g_30789,peppan_g_32167,peppan_g_39940
ONMMKP_03768,peppan_g_2911,peppan_g_7481,peppan_g_11989,peppan_g_16668,peppan_g_21252,peppan_g_26162,peppan_g_30790,peppan_g_32168,peppan_g_39941
ONMMKP_03771,peppan_g_2907,peppan_g_7472,peppan_g_11986,peppan_g_16665,peppan_g_21249,peppan_g_26159,peppan_g_30793,peppan_g_32171,peppan_g_39944
ONMMKP_03809,peppan_g_2869,peppan_g_7436,peppan_g_11950,peppan_g_16629,peppan_g_21213,peppan_g_26123,peppan_g_30829,peppan_g_34063,peppan_g_39980
ONMMKP_03818,peppan_g_2857,peppan_g_7432,peppan_g_11946,peppan_g_16622,peppan_g_21206,peppan_g_26116,peppan_g_30836,peppan_g_34067,peppan_g_39986
ONMMKP_03839,peppan_g_2837,peppan_g_7412,peppan_g_11925,peppan_g_16602,peppan_g_21186,peppan_g_26096,peppan_g_30856,peppan_g_34087,peppan_g_40006
ONMMKP_03858,peppan_g_2818,peppan_g_7395,peppan_g_11908,peppan_g_16585,peppan_g_21169,peppan_g_26079,peppan_g_30873,peppan_g_34104,peppan_g_40023
ONMMKP_03861,peppan_g_2815,peppan_g_7392,peppan_g_11905,peppan_g_16582,peppan_g_21166,peppan_g_26076,peppan_g_30876,peppan_g_34107,peppan_g_40026
ONMMKP_03891,peppan_g_2789,peppan_g_7366,peppan_g_11879,peppan_g_16556,peppan_g_21140,peppan_g_26050,peppan_g_30902,peppan_g_34133,peppan_g_40052
ONMMKP_03894,peppan_g_2786,peppan_g_7363,peppan_g_11876,peppan_g_16553,peppan_g_21137,peppan_g_26047,peppan_g_30905,peppan_g_34136,peppan_g_40055
ONMMKP_03898,peppan_g_2782,peppan_g_7359,peppan_g_11872,peppan_g_16549,peppan_g_21133,peppan_g_26043,peppan_g_30909,peppan_g_34140,peppan_g_40059
ONMMKP_03932,peppan_g_2743,peppan_g_7330,peppan_g_11836,peppan_g_16515,peppan_g_21104,peppan_g_26014,peppan_g_30938,peppan_g_34175,peppan_g_40093
ONMMKP_03964,peppan_g_2715,peppan_g_7302,peppan_g_11801,peppan_g_16485,peppan_g_21073,peppan_g_25983,peppan_g_30970,peppan_g_34208,peppan_g_40124
ONMMKP_03970,peppan_g_2709,peppan_g_7296,peppan_g_11795,peppan_g_16479,peppan_g_21067,peppan_g_25977,peppan_g_30976,peppan_g_34214,peppan_g_40130
ONMMKP_03975,peppan_g_2704,peppan_g_7291,peppan_g_11790,peppan_g_16474,peppan_g_21062,peppan_g_25972,peppan_g_30981,peppan_g_34219,peppan_g_40135
ONMMKP_04004,peppan_g_2679,peppan_g_7265,peppan_g_11764,peppan_g_16448,peppan_g_21036,peppan_g_25946,peppan_g_31007,peppan_g_34245,peppan_g_40161
ONMMKP_04005,peppan_g_2678,peppan_g_7264,peppan_g_11763,peppan_g_16447,peppan_g_21035,peppan_g_25945,peppan_g_31008,peppan_g_34246,peppan_g_40162
ONMMKP_04029,peppan_g_2654,peppan_g_7240,peppan_g_11739,peppan_g_16423,peppan_g_21011,peppan_g_25921,peppan_g_31032,peppan_g_34270,peppan_g_40186
ONMMKP_04032,peppan_g_2651,peppan_g_7237,peppan_g_11736,peppan_g_16420,peppan_g_21008,peppan_g_25918,peppan_g_31035,peppan_g_34273,peppan_g_40189
ONMMKP_04054,peppan_g_2635,peppan_g_7221,peppan_g_11720,peppan_g_16404,peppan_g_20992,peppan_g_25902,peppan_g_31051,peppan_g_34289,peppan_g_40205
ONMMKP_04057,peppan_g_2632,peppan_g_7218,peppan_g_11717,peppan_g_16401,peppan_g_20989,peppan_g_25899,peppan_g_31054,peppan_g_34292,peppan_g_40208
ONMMKP_04067,peppan_g_2622,peppan_g_7208,peppan_g_11707,peppan_g_16391,peppan_g_20979,peppan_g_25889,peppan_g_31064,peppan_g_34302,peppan_g_40218
ONMMKP_04075,peppan_g_2614,peppan_g_7200,peppan_g_11699,peppan_g_16383,peppan_g_20971,peppan_g_25881,peppan_g_31072,peppan_g_34310,peppan_g_40226
ONMMKP_04201,peppan_g_2557,peppan_g_7143,peppan_g_11619,peppan_g_16301,peppan_g_20900,peppan_g_25810,peppan_g_31122,peppan_g_34348,peppan_g_40350
ONMMKP_04236,peppan_g_264,peppan_g_7112,peppan_g_11554,peppan_g_16270,peppan_g_20869,peppan_g_25779,peppan_g_27262,peppan_g_34380,peppan_g_40381
ONMMKP_04242,peppan_g_269,peppan_g_7107,peppan_g_11549,peppan_g_16265,peppan_g_20864,peppan_g_25774,peppan_g_27257,peppan_g_34385,peppan_g_40386
ONMMKP_04255,peppan_g_282,peppan_g_7094,peppan_g_11536,peppan_g_16252,peppan_g_20792,peppan_g_25761,peppan_g_28311,peppan_g_34398,peppan_g_40399
ONMMKP_04258,peppan_g_285,peppan_g_7091,peppan_g_11533,peppan_g_16249,peppan_g_20789,peppan_g_25758,peppan_g_28314,peppan_g_34401,peppan_g_40402
ONMMKP_04263,peppan_g_288,peppan_g_7088,peppan_g_11530,peppan_g_16246,peppan_g_20786,peppan_g_25755,peppan_g_28317,peppan_g_34407,peppan_g_40405
ONMMKP_04269,peppan_g_294,peppan_g_7082,peppan_g_11524,peppan_g_16240,peppan_g_20780,peppan_g_25749,peppan_g_28323,peppan_g_34413,peppan_g_40411
ONMMKP_04270,peppan_g_295,peppan_g_7081,peppan_g_11523,peppan_g_16239,peppan_g_20779,peppan_g_25748,peppan_g_28324,peppan_g_34414,peppan_g_40412
ONMMKP_04287,peppan_g_312,peppan_g_7064,peppan_g_11506,peppan_g_16222,peppan_g_20762,peppan_g_25731,peppan_g_28341,peppan_g_34431,peppan_g_40429
ONMMKP_04305,peppan_g_329,peppan_g_7049,peppan_g_11489,peppan_g_16205,peppan_g_20745,peppan_g_25714,peppan_g_28358,peppan_g_34448,peppan_g_40446
ONMMKP_04306,peppan_g_330,peppan_g_7048,peppan_g_11488,peppan_g_16204,peppan_g_20744,peppan_g_25713,peppan_g_28359,peppan_g_34449,peppan_g_40447
ONMMKP_04307,peppan_g_331,peppan_g_7047,peppan_g_11487,peppan_g_16203,peppan_g_20743,peppan_g_25712,peppan_g_28360,peppan_g_34450,peppan_g_40448
ONMMKP_04330,peppan_g_357,peppan_g_7025,peppan_g_11462,peppan_g_16179,peppan_g_20721,peppan_g_25690,peppan_g_28383,peppan_g_34473,peppan_g_40470
ONMMKP_04339,peppan_g_366,peppan_g_7016,peppan_g_11453,peppan_g_16170,peppan_g_20714,peppan_g_25683,peppan_g_28392,peppan_g_34482,peppan_g_40479
ONMMKP_04340,peppan_g_367,peppan_g_7015,peppan_g_11452,peppan_g_16169,peppan_g_20713,peppan_g_25682,peppan_g_28393,peppan_g_34483,peppan_g_40480
ONMMKP_04355,peppan_g_381,peppan_g_7002,peppan_g_11439,peppan_g_16156,peppan_g_20700,peppan_g_25669,peppan_g_28406,peppan_g_34496,peppan_g_40493
ONMMKP_04376,peppan_g_402,peppan_g_6982,peppan_g_11419,peppan_g_16136,peppan_g_20679,peppan_g_25649,peppan_g_28426,peppan_g_34516,peppan_g_40513
ONMMKP_04380,peppan_g_407,peppan_g_6979,peppan_g_11414,peppan_g_16131,peppan_g_20674,peppan_g_25644,peppan_g_28430,peppan_g_34520,peppan_g_40517
ONMMKP_04398,peppan_g_425,peppan_g_6961,peppan_g_11395,peppan_g_16112,peppan_g_20655,peppan_g_25626,peppan_g_28449,peppan_g_34538,peppan_g_40536
ONMMKP_04422,peppan_g_443,peppan_g_6943,peppan_g_11377,peppan_g_16094,peppan_g_20637,peppan_g_25608,peppan_g_28683,peppan_g_34556,peppan_g_40554
ONMMKP_04431,peppan_g_453,peppan_g_6934,peppan_g_11368,peppan_g_16085,peppan_g_20628,peppan_g_25599,peppan_g_28692,peppan_g_34565,peppan_g_40563
ONMMKP_04434,peppan_g_455,peppan_g_6932,peppan_g_11366,peppan_g_16083,peppan_g_20626,peppan_g_25597,peppan_g_28694,peppan_g_34567,peppan_g_40565
ONMMKP_04445,peppan_g_468,peppan_g_6923,peppan_g_11357,peppan_g_16070,peppan_g_20617,peppan_g_25588,peppan_g_28703,peppan_g_34576,peppan_g_40574
ONMMKP_04446,peppan_g_469,peppan_g_6922,peppan_g_11356,peppan_g_16069,peppan_g_20616,peppan_g_25587,peppan_g_28704,peppan_g_34577,peppan_g_40575
ONMMKP_04447,peppan_g_470,peppan_g_6921,peppan_g_11355,peppan_g_16068,peppan_g_20615,peppan_g_25586,peppan_g_28705,peppan_g_34578,peppan_g_40576
ONMMKP_04454,peppan_g_477,peppan_g_6914,peppan_g_11348,peppan_g_16061,peppan_g_20608,peppan_g_25579,peppan_g_28712,peppan_g_34585,peppan_g_40583
ONMMKP_04469,peppan_g_492,peppan_g_6899,peppan_g_11333,peppan_g_16046,peppan_g_20593,peppan_g_25564,peppan_g_28727,peppan_g_34600,peppan_g_40598
ONMMKP_04484,peppan_g_507,peppan_g_6884,peppan_g_11318,peppan_g_16031,peppan_g_20578,peppan_g_25549,peppan_g_28742,peppan_g_34615,peppan_g_40613
ONMMKP_04511,peppan_g_534,peppan_g_6857,peppan_g_11291,peppan_g_16004,peppan_g_20551,peppan_g_25522,peppan_g_28769,peppan_g_34642,peppan_g_40640
ONMMKP_04527,peppan_g_549,peppan_g_6842,peppan_g_11274,peppan_g_15988,peppan_g_20535,peppan_g_25506,peppan_g_28786,peppan_g_34657,peppan_g_40655
ONMMKP_04533,peppan_g_555,peppan_g_6836,peppan_g_11268,peppan_g_15982,peppan_g_20529,peppan_g_25500,peppan_g_28792,peppan_g_34663,peppan_g_40661
ONMMKP_04541,peppan_g_563,peppan_g_6828,peppan_g_11260,peppan_g_15974,peppan_g_20521,peppan_g_25492,peppan_g_28800,peppan_g_34671,peppan_g_40669
ONMMKP_04548,peppan_g_569,peppan_g_6822,peppan_g_11254,peppan_g_15968,peppan_g_20515,peppan_g_25486,peppan_g_28806,peppan_g_34677,peppan_g_40675
ONMMKP_04550,peppan_g_571,peppan_g_6820,peppan_g_11252,peppan_g_15966,peppan_g_20513,peppan_g_25484,peppan_g_28808,peppan_g_34679,peppan_g_40677
ONMMKP_04551,peppan_g_572,peppan_g_6819,peppan_g_11251,peppan_g_15965,peppan_g_20512,peppan_g_25483,peppan_g_28809,peppan_g_34680,peppan_g_40678
ONMMKP_04556,peppan_g_577,peppan_g_6814,peppan_g_11246,peppan_g_15960,peppan_g_20507,peppan_g_25478,peppan_g_28814,peppan_g_34685,peppan_g_40683
ONMMKP_04567,peppan_g_588,peppan_g_6804,peppan_g_11236,peppan_g_15950,peppan_g_20497,peppan_g_25468,peppan_g_28824,peppan_g_34695,peppan_g_40693
ONMMKP_04600,peppan_g_621,peppan_g_6776,peppan_g_11207,peppan_g_15917,peppan_g_20454,peppan_g_25425,peppan_g_28857,peppan_g_34728,peppan_g_40726
ONMMKP_04616,peppan_g_637,peppan_g_6760,peppan_g_11191,peppan_g_15901,peppan_g_20438,peppan_g_25409,peppan_g_28873,peppan_g_31923,peppan_g_40742
ONMMKP_04640,peppan_g_658,peppan_g_6739,peppan_g_11170,peppan_g_15880,peppan_g_20417,peppan_g_25388,peppan_g_28894,peppan_g_35608,peppan_g_40763
ONMMKP_04647,peppan_g_665,peppan_g_6732,peppan_g_11163,peppan_g_15873,peppan_g_20410,peppan_g_25381,peppan_g_28901,peppan_g_35615,peppan_g_40770
ONMMKP_04649,peppan_g_667,peppan_g_6730,peppan_g_11161,peppan_g_15871,peppan_g_20408,peppan_g_25379,peppan_g_28903,peppan_g_35617,peppan_g_40772
ONMMKP_04662,peppan_g_678,peppan_g_6719,peppan_g_11150,peppan_g_15860,peppan_g_20397,peppan_g_25368,peppan_g_28914,peppan_g_35628,peppan_g_40783
ONMMKP_04674,peppan_g_689,peppan_g_6708,peppan_g_11139,peppan_g_15849,peppan_g_20386,peppan_g_25357,peppan_g_28925,peppan_g_35639,peppan_g_40794
ONMMKP_04685,peppan_g_700,peppan_g_6697,peppan_g_11128,peppan_g_15838,peppan_g_20375,peppan_g_25346,peppan_g_28936,peppan_g_35650,peppan_g_40805
ONMMKP_04701,peppan_g_720,peppan_g_6689,peppan_g_11108,peppan_g_15830,peppan_g_20366,peppan_g_25337,peppan_g_28953,peppan_g_35659,peppan_g_40821
ONMMKP_04713,peppan_g_730,peppan_g_6679,peppan_g_11098,peppan_g_15820,peppan_g_20356,peppan_g_25327,peppan_g_28963,peppan_g_35689,peppan_g_40831
ONMMKP_04721,peppan_g_738,peppan_g_6671,peppan_g_11090,peppan_g_15812,peppan_g_20348,peppan_g_25319,peppan_g_28971,peppan_g_35697,peppan_g_40839
ONMMKP_04779,peppan_g_802,peppan_g_6547,peppan_g_11027,peppan_g_15748,peppan_g_20285,peppan_g_25256,peppan_g_29037,peppan_g_35763,peppan_g_40893
ONMMKP_04780,peppan_g_803,peppan_g_6546,peppan_g_11026,peppan_g_15747,peppan_g_20284,peppan_g_25255,peppan_g_29038,peppan_g_35764,peppan_g_40894
ONMMKP_04791,peppan_g_814,peppan_g_6535,peppan_g_11015,peppan_g_15736,peppan_g_20273,peppan_g_25244,peppan_g_29049,peppan_g_35775,peppan_g_40905
ONMMKP_04792,peppan_g_815,peppan_g_6534,peppan_g_11014,peppan_g_15735,peppan_g_20272,peppan_g_25243,peppan_g_29050,peppan_g_35776,peppan_g_40906
ONMMKP_04812,peppan_g_833,peppan_g_6516,peppan_g_10996,peppan_g_15717,peppan_g_20254,peppan_g_25225,peppan_g_29068,peppan_g_35794,peppan_g_40924
PKJKAM_00018,peppan_g_1686,peppan_g_5674,peppan_g_10872,peppan_g_15557,peppan_g_19315,peppan_g_24347,peppan_g_27962,peppan_g_31884,peppan_g_37247
PKJKAM_00055,peppan_g_639,peppan_g_6758,peppan_g_11189,peppan_g_15899,peppan_g_20436,peppan_g_25407,peppan_g_28875,peppan_g_31921,peppan_g_40744
PKJKAM_00060,peppan_g_635,peppan_g_6762,peppan_g_11193,peppan_g_15903,peppan_g_20440,peppan_g_25411,peppan_g_28871,peppan_g_31925,peppan_g_40740
PKJKAM_00069,peppan_g_1813,peppan_g_5548,peppan_g_9968,peppan_g_14606,peppan_g_19189,peppan_g_24221,peppan_g_27699,peppan_g_31934,peppan_g_37373
PKJKAM_00077,peppan_g_1265,peppan_g_5921,peppan_g_10633,peppan_g_15310,peppan_g_19619,peppan_g_24648,peppan_g_31712,peppan_g_31940,peppan_g_36932
PKJKAM_00082,peppan_g_1270,peppan_g_5926,peppan_g_10628,peppan_g_15305,peppan_g_19624,peppan_g_24653,peppan_g_31707,peppan_g_31945,peppan_g_36927
PKJKAM_00084,peppan_g_1272,peppan_g_5928,peppan_g_10626,peppan_g_15303,peppan_g_19626,peppan_g_24655,peppan_g_31705,peppan_g_31947,peppan_g_36925
PKJKAM_00085,peppan_g_1273,peppan_g_5929,peppan_g_10625,peppan_g_15302,peppan_g_19627,peppan_g_24656,peppan_g_31704,peppan_g_31948,peppan_g_36924
PKJKAM_00091,peppan_g_3953,peppan_g_7815,peppan_g_12336,peppan_g_17006,peppan_g_21591,peppan_g_26505,peppan_g_27288,peppan_g_31954,peppan_g_39592
PKJKAM_00092,peppan_g_3954,peppan_g_7814,peppan_g_12335,peppan_g_17005,peppan_g_21590,peppan_g_26504,peppan_g_27289,peppan_g_31955,peppan_g_39593
PKJKAM_00094,peppan_g_3956,peppan_g_7812,peppan_g_12333,peppan_g_17003,peppan_g_21588,peppan_g_26502,peppan_g_27291,peppan_g_31957,peppan_g_39595
PKJKAM_00096,peppan_g_3958,peppan_g_7810,peppan_g_12331,peppan_g_17001,peppan_g_21586,peppan_g_26500,peppan_g_27293,peppan_g_31959,peppan_g_39597
PKJKAM_00097,peppan_g_3959,peppan_g_7809,peppan_g_12330,peppan_g_17000,peppan_g_21585,peppan_g_26499,peppan_g_27294,peppan_g_31960,peppan_g_39598
PKJKAM_00098,peppan_g_3960,peppan_g_7808,peppan_g_12329,peppan_g_16999,peppan_g_21584,peppan_g_26498,peppan_g_27295,peppan_g_31961,peppan_g_39599
PKJKAM_00101,peppan_g_3963,peppan_g_7805,peppan_g_12326,peppan_g_16996,peppan_g_21581,peppan_g_26495,peppan_g_27298,peppan_g_31964,peppan_g_39602
PKJKAM_00102,peppan_g_3964,peppan_g_7804,peppan_g_12325,peppan_g_16995,peppan_g_21580,peppan_g_26494,peppan_g_27299,peppan_g_31965,peppan_g_39603
PKJKAM_00106,peppan_g_3967,peppan_g_7801,peppan_g_12322,peppan_g_16992,peppan_g_21577,peppan_g_26491,peppan_g_27302,peppan_g_31968,peppan_g_39606
PKJKAM_00107,peppan_g_3968,peppan_g_7800,peppan_g_12321,peppan_g_16991,peppan_g_21576,peppan_g_26490,peppan_g_27303,peppan_g_31969,peppan_g_39607
PKJKAM_00110,peppan_g_3971,peppan_g_7797,peppan_g_12318,peppan_g_16988,peppan_g_21573,peppan_g_26487,peppan_g_27306,peppan_g_31972,peppan_g_39610
PKJKAM_00111,peppan_g_3972,peppan_g_7796,peppan_g_12317,peppan_g_16987,peppan_g_21572,peppan_g_26486,peppan_g_27307,peppan_g_31973,peppan_g_39611
PKJKAM_00113,peppan_g_3974,peppan_g_7794,peppan_g_12315,peppan_g_16985,peppan_g_21570,peppan_g_26484,peppan_g_27309,peppan_g_31975,peppan_g_39613
PKJKAM_00114,peppan_g_3975,peppan_g_7793,peppan_g_12314,peppan_g_16984,peppan_g_21569,peppan_g_26483,peppan_g_27310,peppan_g_31976,peppan_g_39614
PKJKAM_00115,peppan_g_3976,peppan_g_7792,peppan_g_12313,peppan_g_16983,peppan_g_21568,peppan_g_26482,peppan_g_27311,peppan_g_31977,peppan_g_39615
PKJKAM_00117,peppan_g_3978,peppan_g_7790,peppan_g_12311,peppan_g_16981,peppan_g_21566,peppan_g_26480,peppan_g_27313,peppan_g_31979,peppan_g_39617
PKJKAM_00122,peppan_g_3983,peppan_g_7785,peppan_g_12306,peppan_g_16976,peppan_g_21561,peppan_g_26475,peppan_g_27318,peppan_g_31984,peppan_g_39622
PKJKAM_00127,peppan_g_1891,peppan_g_5537,peppan_g_9954,peppan_g_14537,peppan_g_19118,peppan_g_24207,peppan_g_28659,peppan_g_31989,peppan_g_37443
PKJKAM_00156,peppan_g_238,peppan_g_4742,peppan_g_9293,peppan_g_13790,peppan_g_18414,peppan_g_23508,peppan_g_30003,peppan_g_32018,peppan_g_38187
PKJKAM_00157,peppan_g_239,peppan_g_4743,peppan_g_9294,peppan_g_13791,peppan_g_18415,peppan_g_23509,peppan_g_30002,peppan_g_32019,peppan_g_38186
PKJKAM_00158,peppan_g_240,peppan_g_4744,peppan_g_9295,peppan_g_13792,peppan_g_18416,peppan_g_23510,peppan_g_30001,peppan_g_32020,peppan_g_38185
PKJKAM_00182,peppan_g_1293,peppan_g_5949,peppan_g_10605,peppan_g_15282,peppan_g_19647,peppan_g_24676,peppan_g_31684,peppan_g_32045,peppan_g_36904
PKJKAM_00188,peppan_g_1287,peppan_g_5943,peppan_g_10611,peppan_g_15288,peppan_g_19641,peppan_g_24670,peppan_g_31690,peppan_g_32051,peppan_g_36910
PKJKAM_00222,peppan_g_3366,peppan_g_8479,peppan_g_13031,peppan_g_17685,peppan_g_22284,peppan_g_22832,peppan_g_27413,peppan_g_32083,peppan_g_38869
PKJKAM_00285,peppan_g_2929,peppan_g_7499,peppan_g_12014,peppan_g_16693,peppan_g_21277,peppan_g_26187,peppan_g_30765,peppan_g_32143,peppan_g_39916
PKJKAM_00287,peppan_g_2927,peppan_g_7497,peppan_g_12012,peppan_g_16691,peppan_g_21275,peppan_g_26185,peppan_g_30767,peppan_g_32145,peppan_g_39918
PKJKAM_00300,peppan_g_2914,peppan_g_7484,peppan_g_11999,peppan_g_16678,peppan_g_21262,peppan_g_26172,peppan_g_30780,peppan_g_32158,peppan_g_39931
PKJKAM_00327,peppan_g_2892,peppan_g_7459,peppan_g_11973,peppan_g_16652,peppan_g_21236,peppan_g_26146,peppan_g_30806,peppan_g_32184,peppan_g_39957
PKJKAM_00329,peppan_g_2891,peppan_g_7458,peppan_g_11972,peppan_g_16651,peppan_g_21235,peppan_g_26145,peppan_g_30807,peppan_g_32185,peppan_g_39958
PKJKAM_00343,peppan_g_2139,peppan_g_5283,peppan_g_9701,peppan_g_14281,peppan_g_18847,peppan_g_23938,peppan_g_27602,peppan_g_32199,peppan_g_37757
PKJKAM_00352,peppan_g_2142,peppan_g_5277,peppan_g_9694,peppan_g_14277,peppan_g_18843,peppan_g_23934,peppan_g_29562,peppan_g_32202,peppan_g_37760
PKJKAM_00354,peppan_g_2144,peppan_g_5275,peppan_g_9692,peppan_g_14275,peppan_g_18841,peppan_g_23932,peppan_g_29560,peppan_g_32204,peppan_g_37762
PKJKAM_00360,peppan_g_2149,peppan_g_5270,peppan_g_9687,peppan_g_14270,peppan_g_18836,peppan_g_23927,peppan_g_29555,peppan_g_32209,peppan_g_37767
PKJKAM_00362,peppan_g_2151,peppan_g_5268,peppan_g_9685,peppan_g_14268,peppan_g_18834,peppan_g_23925,peppan_g_29553,peppan_g_32211,peppan_g_37769
PKJKAM_00394,peppan_g_2125,peppan_g_5297,peppan_g_9715,peppan_g_14295,peppan_g_18861,peppan_g_23952,peppan_g_27588,peppan_g_32244,peppan_g_37743
PKJKAM_00406,peppan_g_2113,peppan_g_5309,peppan_g_9727,peppan_g_14307,peppan_g_18873,peppan_g_23964,peppan_g_27576,peppan_g_32256,peppan_g_37731
PKJKAM_00457,peppan_g_1134,peppan_g_5781,peppan_g_10773,peppan_g_15461,peppan_g_19477,peppan_g_24506,peppan_g_31852,peppan_g_32301,peppan_g_37151
PKJKAM_00460,peppan_g_1131,peppan_g_5778,peppan_g_10776,peppan_g_15464,peppan_g_19474,peppan_g_24503,peppan_g_31855,peppan_g_32304,peppan_g_37154
PKJKAM_00467,peppan_g_1124,peppan_g_5770,peppan_g_10784,peppan_g_15471,peppan_g_19466,peppan_g_24495,peppan_g_31863,peppan_g_32312,peppan_g_37161
PKJKAM_00472,peppan_g_1118,peppan_g_5765,peppan_g_10789,peppan_g_15476,peppan_g_19461,peppan_g_24490,peppan_g_31868,peppan_g_32317,peppan_g_37166
PKJKAM_00479,peppan_g_1112,peppan_g_5759,peppan_g_10795,peppan_g_15482,peppan_g_19455,peppan_g_24484,peppan_g_31874,peppan_g_32323,peppan_g_37172
PKJKAM_00480,peppan_g_1111,peppan_g_5758,peppan_g_10796,peppan_g_15483,peppan_g_19454,peppan_g_24483,peppan_g_28101,peppan_g_32324,peppan_g_37173
PKJKAM_00488,peppan_g_1105,peppan_g_5752,peppan_g_10802,peppan_g_15489,peppan_g_19448,peppan_g_24477,peppan_g_28095,peppan_g_32330,peppan_g_37179
PKJKAM_00503,peppan_g_1092,peppan_g_5739,peppan_g_10815,peppan_g_15502,peppan_g_19435,peppan_g_24464,peppan_g_28082,peppan_g_32343,peppan_g_37192
PKJKAM_00524,peppan_g_1651,peppan_g_5715,peppan_g_10837,peppan_g_15522,peppan_g_19350,peppan_g_24382,peppan_g_27997,peppan_g_32363,peppan_g_37212
PKJKAM_00525,peppan_g_1652,peppan_g_5714,peppan_g_10838,peppan_g_15523,peppan_g_19349,peppan_g_24381,peppan_g_27996,peppan_g_32364,peppan_g_37213
PKJKAM_00550,peppan_g_1678,peppan_g_5688,peppan_g_10864,peppan_g_15549,peppan_g_19323,peppan_g_24355,peppan_g_27970,peppan_g_32390,peppan_g_37239
PKJKAM_00552,peppan_g_1680,peppan_g_5680,peppan_g_10866,peppan_g_15551,peppan_g_19321,peppan_g_24353,peppan_g_27968,peppan_g_32392,peppan_g_37241
PKJKAM_00553,peppan_g_1681,peppan_g_5679,peppan_g_10867,peppan_g_15552,peppan_g_19320,peppan_g_24352,peppan_g_27967,peppan_g_32393,peppan_g_37242
PKJKAM_00556,peppan_g_1684,peppan_g_5676,peppan_g_10870,peppan_g_15555,peppan_g_19317,peppan_g_24349,peppan_g_27964,peppan_g_32396,peppan_g_37245
PKJKAM_00559,peppan_g_1693,peppan_g_5667,peppan_g_10879,peppan_g_15564,peppan_g_19308,peppan_g_24340,peppan_g_27955,peppan_g_32400,peppan_g_37254
PKJKAM_00563,peppan_g_1697,peppan_g_5663,peppan_g_10883,peppan_g_15568,peppan_g_19304,peppan_g_24336,peppan_g_27951,peppan_g_32404,peppan_g_37258
PKJKAM_00568,peppan_g_1702,peppan_g_5658,peppan_g_10888,peppan_g_15573,peppan_g_19299,peppan_g_24331,peppan_g_27946,peppan_g_32409,peppan_g_37263
PKJKAM_00571,peppan_g_1705,peppan_g_5655,peppan_g_10891,peppan_g_15576,peppan_g_19296,peppan_g_24328,peppan_g_27943,peppan_g_32412,peppan_g_37266
PKJKAM_00574,peppan_g_1708,peppan_g_5652,peppan_g_10894,peppan_g_15579,peppan_g_19293,peppan_g_24325,peppan_g_27940,peppan_g_32415,peppan_g_37269
PKJKAM_00585,peppan_g_1718,peppan_g_5642,peppan_g_10904,peppan_g_15589,peppan_g_19283,peppan_g_24315,peppan_g_27930,peppan_g_32425,peppan_g_37279
PKJKAM_00589,peppan_g_1722,peppan_g_5638,peppan_g_10908,peppan_g_15593,peppan_g_19279,peppan_g_24311,peppan_g_27926,peppan_g_32429,peppan_g_37283
PKJKAM_00598,peppan_g_1731,peppan_g_5629,peppan_g_10917,peppan_g_15602,peppan_g_19270,peppan_g_24302,peppan_g_27917,peppan_g_32438,peppan_g_37292
PKJKAM_00602,peppan_g_1734,peppan_g_5626,peppan_g_10920,peppan_g_15605,peppan_g_19267,peppan_g_24299,peppan_g_27914,peppan_g_32441,peppan_g_37295
PKJKAM_00604,peppan_g_1736,peppan_g_5624,peppan_g_10922,peppan_g_15607,peppan_g_19265,peppan_g_24297,peppan_g_27912,peppan_g_32443,peppan_g_37297
PKJKAM_00606,peppan_g_1738,peppan_g_5622,peppan_g_10924,peppan_g_15609,peppan_g_19263,peppan_g_24295,peppan_g_27910,peppan_g_32445,peppan_g_37299
PKJKAM_00655,peppan_g_1782,peppan_g_5578,peppan_g_9999,peppan_g_14636,peppan_g_19219,peppan_g_24251,peppan_g_27729,peppan_g_32489,peppan_g_37343
PKJKAM_00672,peppan_g_1797,peppan_g_5564,peppan_g_9984,peppan_g_14622,peppan_g_19205,peppan_g_24237,peppan_g_27715,peppan_g_32503,peppan_g_37357
PKJKAM_00676,peppan_g_1801,peppan_g_5560,peppan_g_9980,peppan_g_14618,peppan_g_19201,peppan_g_24233,peppan_g_27711,peppan_g_32507,peppan_g_37361
PKJKAM_00677,peppan_g_1802,peppan_g_5559,peppan_g_9979,peppan_g_14617,peppan_g_19200,peppan_g_24232,peppan_g_27710,peppan_g_32508,peppan_g_37362
PKJKAM_00678,peppan_g_1803,peppan_g_5558,peppan_g_9978,peppan_g_14616,peppan_g_19199,peppan_g_24231,peppan_g_27709,peppan_g_32509,peppan_g_37363
PKJKAM_00687,peppan_g_216,peppan_g_4721,peppan_g_9272,peppan_g_13769,peppan_g_18393,peppan_g_23487,peppan_g_30024,peppan_g_32518,peppan_g_38208
PKJKAM_00716,peppan_g_197,peppan_g_4701,peppan_g_9244,peppan_g_13741,peppan_g_18366,peppan_g_23460,peppan_g_30051,peppan_g_32545,peppan_g_38235
PKJKAM_00743,peppan_g_174,peppan_g_4674,peppan_g_9224,peppan_g_13721,peppan_g_18346,peppan_g_23440,peppan_g_30071,peppan_g_32572,peppan_g_38262
PKJKAM_00746,peppan_g_171,peppan_g_4671,peppan_g_9221,peppan_g_13718,peppan_g_18343,peppan_g_23437,peppan_g_30074,peppan_g_32575,peppan_g_38265
PKJKAM_00749,peppan_g_168,peppan_g_4668,peppan_g_9218,peppan_g_13715,peppan_g_18340,peppan_g_23434,peppan_g_30077,peppan_g_32578,peppan_g_38268
PKJKAM_00750,peppan_g_167,peppan_g_4667,peppan_g_9217,peppan_g_13714,peppan_g_18339,peppan_g_23433,peppan_g_30078,peppan_g_32579,peppan_g_38269
PKJKAM_00761,peppan_g_159,peppan_g_4659,peppan_g_9202,peppan_g_13704,peppan_g_18330,peppan_g_23424,peppan_g_30088,peppan_g_32589,peppan_g_38279
PKJKAM_00771,peppan_g_150,peppan_g_4650,peppan_g_9193,peppan_g_13695,peppan_g_18321,peppan_g_23415,peppan_g_30097,peppan_g_32598,peppan_g_38288
PKJKAM_00777,peppan_g_144,peppan_g_4644,peppan_g_9187,peppan_g_13689,peppan_g_18315,peppan_g_23409,peppan_g_30103,peppan_g_32604,peppan_g_38294
PKJKAM_00796,peppan_g_1254,peppan_g_5910,peppan_g_10644,peppan_g_15321,peppan_g_19608,peppan_g_24637,peppan_g_31723,peppan_g_32621,peppan_g_36943
PKJKAM_00803,peppan_g_1247,peppan_g_5903,peppan_g_10651,peppan_g_15328,peppan_g_19601,peppan_g_24630,peppan_g_31730,peppan_g_32628,peppan_g_36950
PKJKAM_00807,peppan_g_1243,peppan_g_5899,peppan_g_10655,peppan_g_15332,peppan_g_19597,peppan_g_24626,peppan_g_31734,peppan_g_32632,peppan_g_36954
PKJKAM_00815,peppan_g_1235,peppan_g_5891,peppan_g_10663,peppan_g_15340,peppan_g_19589,peppan_g_24618,peppan_g_31742,peppan_g_32640,peppan_g_36962
PKJKAM_00820,peppan_g_1230,peppan_g_5886,peppan_g_10668,peppan_g_15345,peppan_g_19584,peppan_g_24613,peppan_g_31747,peppan_g_32645,peppan_g_36967
PKJKAM_00829,peppan_g_1221,peppan_g_5877,peppan_g_10677,peppan_g_15354,peppan_g_19575,peppan_g_24604,peppan_g_31756,peppan_g_32654,peppan_g_36976
PKJKAM_00832,peppan_g_1218,peppan_g_5874,peppan_g_10680,peppan_g_15357,peppan_g_19572,peppan_g_24601,peppan_g_31759,peppan_g_32657,peppan_g_36979
PKJKAM_00838,peppan_g_1212,peppan_g_5868,peppan_g_10686,peppan_g_15363,peppan_g_19566,peppan_g_24595,peppan_g_31765,peppan_g_32663,peppan_g_36985
PKJKAM_00839,peppan_g_1211,peppan_g_5867,peppan_g_10687,peppan_g_15364,peppan_g_19565,peppan_g_24594,peppan_g_31766,peppan_g_32664,peppan_g_36986
PKJKAM_00840,peppan_g_1210,peppan_g_5866,peppan_g_10688,peppan_g_15365,peppan_g_19564,peppan_g_24593,peppan_g_31767,peppan_g_32665;peppan_g_32666,peppan_g_36987;peppan_g_36988
PKJKAM_00874,peppan_g_1191,peppan_g_5835,peppan_g_10719,peppan_g_15396,peppan_g_19533,peppan_g_24562,peppan_g_31798,peppan_g_32697,peppan_g_37019
PKJKAM_00883,peppan_g_1183,peppan_g_5827,peppan_g_10727,peppan_g_15404,peppan_g_19525,peppan_g_24554,peppan_g_31806,peppan_g_32705,peppan_g_37027
PKJKAM_00884,peppan_g_1182,peppan_g_5826,peppan_g_10728,peppan_g_15405,peppan_g_19524,peppan_g_24553,peppan_g_31807,peppan_g_32706,peppan_g_37028
PKJKAM_00895,peppan_g_1169,peppan_g_5815,peppan_g_10739,peppan_g_15418,peppan_g_19511,peppan_g_24540,peppan_g_31818,peppan_g_32717,peppan_g_37117
PKJKAM_00901,peppan_g_1162,peppan_g_5809,peppan_g_10745,peppan_g_15424,peppan_g_19505,peppan_g_24534,peppan_g_31824,peppan_g_32723,peppan_g_37123
PKJKAM_00903,peppan_g_1160,peppan_g_5807,peppan_g_10747,peppan_g_15426,peppan_g_19503,peppan_g_24532,peppan_g_31826,peppan_g_32725,peppan_g_37125
PKJKAM_00925,peppan_g_1138,peppan_g_5785,peppan_g_10769,peppan_g_15448,peppan_g_19481,peppan_g_24510,peppan_g_31848,peppan_g_32747,peppan_g_37147
PKJKAM_00941,peppan_g_1897,peppan_g_5531,peppan_g_9948,peppan_g_14531,peppan_g_19112,peppan_g_24201,peppan_g_28653,peppan_g_32763,peppan_g_37449
PKJKAM_00948,peppan_g_1904,peppan_g_5524,peppan_g_9941,peppan_g_14524,peppan_g_19105,peppan_g_24194,peppan_g_28646,peppan_g_32770,peppan_g_37456
PKJKAM_00949,peppan_g_1905,peppan_g_5523,peppan_g_9940,peppan_g_14523,peppan_g_19104,peppan_g_24193,peppan_g_28645,peppan_g_32771,peppan_g_37457
PKJKAM_00959,peppan_g_1915,peppan_g_5513,peppan_g_9930,peppan_g_14513,peppan_g_19094,peppan_g_24183,peppan_g_28635,peppan_g_32781,peppan_g_37467
PKJKAM_00969,peppan_g_1924,peppan_g_5504,peppan_g_9921,peppan_g_14504,peppan_g_19085,peppan_g_24174,peppan_g_28626,peppan_g_32790,peppan_g_37476
PKJKAM_00976,peppan_g_1931,peppan_g_5497,peppan_g_9914,peppan_g_14497,peppan_g_19078,peppan_g_24167,peppan_g_28619,peppan_g_32797,peppan_g_37483
PKJKAM_00977,peppan_g_1932,peppan_g_5496,peppan_g_9913,peppan_g_14496,peppan_g_19077,peppan_g_24166,peppan_g_28618,peppan_g_32798,peppan_g_37484
PKJKAM_00987,peppan_g_1942,peppan_g_5488,peppan_g_9898,peppan_g_14486,peppan_g_19065,peppan_g_24155,peppan_g_28607,peppan_g_32809,peppan_g_37497
PKJKAM_00991,peppan_g_1946,peppan_g_5484,peppan_g_9894,peppan_g_14482,peppan_g_19061,peppan_g_24151,peppan_g_28603,peppan_g_32813,peppan_g_37501
PKJKAM_00993,peppan_g_1948,peppan_g_5482,peppan_g_9892,peppan_g_14480,peppan_g_19059,peppan_g_24149,peppan_g_28601,peppan_g_32815,peppan_g_37503
PKJKAM_01002,peppan_g_1957,peppan_g_5473,peppan_g_9883,peppan_g_14471,peppan_g_19050,peppan_g_24140,peppan_g_28592,peppan_g_32824,peppan_g_37512
PKJKAM_01010,peppan_g_1965,peppan_g_5465,peppan_g_9875,peppan_g_14463,peppan_g_19042,peppan_g_24132,peppan_g_28584,peppan_g_32832,peppan_g_37520
PKJKAM_01012,peppan_g_1967,peppan_g_5463,peppan_g_9873,peppan_g_14461,peppan_g_19040,peppan_g_24130,peppan_g_28582,peppan_g_32834,peppan_g_37522
PKJKAM_01013,peppan_g_1968,peppan_g_5462,peppan_g_9872,peppan_g_14460,peppan_g_19039,peppan_g_24129,peppan_g_28581,peppan_g_32835,peppan_g_37523
PKJKAM_01015,peppan_g_1970,peppan_g_5460,peppan_g_9870,peppan_g_14458,peppan_g_19037,peppan_g_24127,peppan_g_28579,peppan_g_32837,peppan_g_37525
PKJKAM_01018,peppan_g_1973,peppan_g_5457,peppan_g_9867,peppan_g_14455,peppan_g_19034,peppan_g_24124,peppan_g_28576,peppan_g_32840,peppan_g_37528
PKJKAM_01044,peppan_g_1988,peppan_g_5433,peppan_g_9852,peppan_g_14431,peppan_g_19010,peppan_g_24100,peppan_g_28552,peppan_g_32864,peppan_g_37552
PKJKAM_01057,peppan_g_1998,peppan_g_5423,peppan_g_9839,peppan_g_14418,peppan_g_18997,peppan_g_24087,peppan_g_28539,peppan_g_32877,peppan_g_37565
PKJKAM_01061,peppan_g_2002,peppan_g_5419,peppan_g_9835,peppan_g_14414,peppan_g_18993,peppan_g_24083,peppan_g_28535,peppan_g_32881,peppan_g_37569
PKJKAM_01071,peppan_g_2013,peppan_g_5409,peppan_g_9825,peppan_g_14404,peppan_g_18983,peppan_g_24073,peppan_g_28525,peppan_g_32891,peppan_g_37579
PKJKAM_01080,peppan_g_2022,peppan_g_5400,peppan_g_9815,peppan_g_14395,peppan_g_18974,peppan_g_24064,peppan_g_28509,peppan_g_32900,peppan_g_37588
PKJKAM_01089,peppan_g_2031,peppan_g_5391,peppan_g_9806,peppan_g_14386,peppan_g_18964,peppan_g_24055,peppan_g_28500,peppan_g_32909,peppan_g_37597
PKJKAM_01090,peppan_g_2032,peppan_g_5390,peppan_g_9805,peppan_g_14385,peppan_g_18963,peppan_g_24054,peppan_g_28499,peppan_g_32910,peppan_g_37598
PKJKAM_01098,peppan_g_2040,peppan_g_5382,peppan_g_9797,peppan_g_14377,peppan_g_18955,peppan_g_24046,peppan_g_28491,peppan_g_32918,peppan_g_37606
PKJKAM_01107,peppan_g_2049,peppan_g_5373,peppan_g_9788,peppan_g_14368,peppan_g_18946,peppan_g_24037,peppan_g_28482,peppan_g_32927,peppan_g_37615
PKJKAM_01126,peppan_g_4313,peppan_g_8754,peppan_g_13278,peppan_g_17889,peppan_g_22509,peppan_g_23068,peppan_g_30444,peppan_g_32946,peppan_g_38640
PKJKAM_01127,peppan_g_4312,peppan_g_8753,peppan_g_13277,peppan_g_17888,peppan_g_22508,peppan_g_23067,peppan_g_30445,peppan_g_32947,peppan_g_38641
PKJKAM_01128,peppan_g_4311,peppan_g_8752,peppan_g_13276,peppan_g_17887,peppan_g_22507,peppan_g_23066,peppan_g_30446,peppan_g_32948,peppan_g_38642
PKJKAM_01129,peppan_g_4310,peppan_g_8751,peppan_g_13275,peppan_g_17886,peppan_g_22506,peppan_g_23065,peppan_g_30447,peppan_g_32949,peppan_g_38643
PKJKAM_01135,peppan_g_4304,peppan_g_8744,peppan_g_13268,peppan_g_17880,peppan_g_22500,peppan_g_23059,peppan_g_30453,peppan_g_32955,peppan_g_38649
PKJKAM_01138,peppan_g_4301,peppan_g_8741,peppan_g_13265,peppan_g_17877,peppan_g_22497,peppan_g_23056,peppan_g_30456,peppan_g_32958,peppan_g_38652
PKJKAM_01141,peppan_g_4298,peppan_g_8738,peppan_g_13262,peppan_g_17874,peppan_g_22494,peppan_g_23053,peppan_g_30459,peppan_g_32961,peppan_g_38655
PKJKAM_01146,peppan_g_4293,peppan_g_8733,peppan_g_13257,peppan_g_17869,peppan_g_22489,peppan_g_23048,peppan_g_30464,peppan_g_32966,peppan_g_38660
PKJKAM_01176,peppan_g_4266,peppan_g_8707,peppan_g_13230,peppan_g_17842,peppan_g_22462,peppan_g_23021,peppan_g_28262,peppan_g_32993,peppan_g_38687
PKJKAM_01188,peppan_g_4253,peppan_g_8694,peppan_g_13217,peppan_g_17829,peppan_g_22449,peppan_g_23008,peppan_g_28249,peppan_g_33006,peppan_g_38700
PKJKAM_01189,peppan_g_4252,peppan_g_8693,peppan_g_13216,peppan_g_17828,peppan_g_22448,peppan_g_23007,peppan_g_28248,peppan_g_33007,peppan_g_38701
PKJKAM_01191,peppan_g_4250,peppan_g_8691,peppan_g_13214,peppan_g_17826,peppan_g_22446,peppan_g_23005,peppan_g_28246,peppan_g_33009,peppan_g_38703
PKJKAM_01195,peppan_g_4246,peppan_g_8687,peppan_g_13210,peppan_g_17822,peppan_g_22442,peppan_g_23001,peppan_g_28242,peppan_g_33013,peppan_g_38707
PKJKAM_01197,peppan_g_4097,peppan_g_8686,peppan_g_13198,peppan_g_17821,peppan_g_22439,peppan_g_23000,peppan_g_28241,peppan_g_33014,peppan_g_38708
PKJKAM_01202,peppan_g_4094,peppan_g_8669,peppan_g_13189,peppan_g_17818,peppan_g_22436,peppan_g_22984,peppan_g_28232,peppan_g_33023,peppan_g_38717
PKJKAM_01207,peppan_g_4090,peppan_g_8665,peppan_g_13185,peppan_g_17814,peppan_g_22432,peppan_g_22980,peppan_g_28227,peppan_g_33027,peppan_g_38721
PKJKAM_01211,peppan_g_4086,peppan_g_8661,peppan_g_13181,peppan_g_17810,peppan_g_22428,peppan_g_22976,peppan_g_28223,peppan_g_33031,peppan_g_38725
PKJKAM_01216,peppan_g_4081,peppan_g_8656,peppan_g_13176,peppan_g_17805,peppan_g_22423,peppan_g_22971,peppan_g_28218,peppan_g_33036,peppan_g_38730
PKJKAM_01224,peppan_g_4073,peppan_g_8648,peppan_g_13166,peppan_g_17797,peppan_g_22415,peppan_g_22963,peppan_g_28210,peppan_g_33044,peppan_g_38738
PKJKAM_01225,peppan_g_4072,peppan_g_8647,peppan_g_13165,peppan_g_17796,peppan_g_22414,peppan_g_22962,peppan_g_28209,peppan_g_33045,peppan_g_38739
PKJKAM_01253,peppan_g_4048,peppan_g_8623,peppan_g_13140,peppan_g_17772,peppan_g_22390,peppan_g_22938,peppan_g_28185,peppan_g_33069,peppan_g_38763
PKJKAM_01262,peppan_g_4039,peppan_g_8614,peppan_g_13131,peppan_g_17763,peppan_g_22381,peppan_g_22929,peppan_g_28176,peppan_g_33078,peppan_g_38772
PKJKAM_01276,peppan_g_4025,peppan_g_8541,peppan_g_13117,peppan_g_17749,peppan_g_22367,peppan_g_22915,peppan_g_28162,peppan_g_33092,peppan_g_38786
PKJKAM_01278,peppan_g_4023,peppan_g_8539,peppan_g_13115,peppan_g_17747,peppan_g_22365,peppan_g_22913,peppan_g_28160,peppan_g_33094,peppan_g_38788
PKJKAM_01285,peppan_g_4016,peppan_g_8532,peppan_g_13108,peppan_g_17740,peppan_g_22358,peppan_g_22906,peppan_g_28153,peppan_g_33101,peppan_g_38795
PKJKAM_01291,peppan_g_4010,peppan_g_8525,peppan_g_13102,peppan_g_17734,peppan_g_22352,peppan_g_22900,peppan_g_28147,peppan_g_33107,peppan_g_38801
PKJKAM_01298,peppan_g_4004,peppan_g_8519,peppan_g_13096,peppan_g_17728,peppan_g_22346,peppan_g_22894,peppan_g_28141,peppan_g_33113,peppan_g_38807
PKJKAM_01342,peppan_g_3376,peppan_g_8469,peppan_g_13021,peppan_g_17675,peppan_g_22274,peppan_g_22825,peppan_g_27211,peppan_g_33154,peppan_g_38879
PKJKAM_01350,peppan_g_3379,peppan_g_8466,peppan_g_13018,peppan_g_17672,peppan_g_22271,peppan_g_27179,peppan_g_27906,peppan_g_33157,peppan_g_38882
PKJKAM_01355,peppan_g_3384,peppan_g_8461,peppan_g_13013,peppan_g_17667,peppan_g_22266,peppan_g_27174,peppan_g_27901,peppan_g_33162,peppan_g_38887
PKJKAM_01358,peppan_g_3386,peppan_g_8459,peppan_g_13011,peppan_g_17665,peppan_g_22264,peppan_g_27172,peppan_g_27899,peppan_g_33164,peppan_g_38889
PKJKAM_01376,peppan_g_3401,peppan_g_8447,peppan_g_12998,peppan_g_17644,peppan_g_22246,peppan_g_27154,peppan_g_27881,peppan_g_33182,peppan_g_38902
PKJKAM_01386,peppan_g_3409,peppan_g_8439,peppan_g_12989,peppan_g_17635,peppan_g_22237,peppan_g_27145,peppan_g_27872,peppan_g_33191,peppan_g_38914
PKJKAM_01391,peppan_g_3414,peppan_g_8434,peppan_g_12984,peppan_g_17630,peppan_g_22232,peppan_g_27140,peppan_g_27867,peppan_g_33196,peppan_g_38919
PKJKAM_01395,peppan_g_3418,peppan_g_8430,peppan_g_12980,peppan_g_17626,peppan_g_22228,peppan_g_27136,peppan_g_27863,peppan_g_33200,peppan_g_38923
PKJKAM_01401,peppan_g_3424,peppan_g_8424,peppan_g_12974,peppan_g_17620,peppan_g_22222,peppan_g_27130,peppan_g_27857,peppan_g_33206,peppan_g_38929
PKJKAM_01420,peppan_g_3443,peppan_g_8405,peppan_g_12955,peppan_g_17601,peppan_g_22203,peppan_g_27111,peppan_g_27838,peppan_g_33225,peppan_g_38948
PKJKAM_01421,peppan_g_3444,peppan_g_8404,peppan_g_12954,peppan_g_17600,peppan_g_22202,peppan_g_27110,peppan_g_27837,peppan_g_33226,peppan_g_38949
PKJKAM_01428,peppan_g_3451,peppan_g_8397,peppan_g_12947,peppan_g_17593,peppan_g_22195,peppan_g_27103,peppan_g_27830,peppan_g_33233,peppan_g_38956
PKJKAM_01438,peppan_g_3461,peppan_g_8387,peppan_g_12937,peppan_g_17583,peppan_g_22185,peppan_g_27093,peppan_g_27820,peppan_g_33243,peppan_g_38966
PKJKAM_01459,peppan_g_3480,peppan_g_8369,peppan_g_12915,peppan_g_17564,peppan_g_22166,peppan_g_27074,peppan_g_27801,peppan_g_33262,peppan_g_38985
PKJKAM_01480,peppan_g_3502,peppan_g_8347,peppan_g_12892,peppan_g_17542,peppan_g_22144,peppan_g_27052,peppan_g_27778,peppan_g_33280,peppan_g_39003
PKJKAM_01487,peppan_g_3508,peppan_g_8341,peppan_g_12886,peppan_g_17536,peppan_g_22138,peppan_g_27046,peppan_g_27772,peppan_g_33286,peppan_g_39009
PKJKAM_01505,peppan_g_3222,peppan_g_8328,peppan_g_12873,peppan_g_17523,peppan_g_22125,peppan_g_27033,peppan_g_27614,peppan_g_33299,peppan_g_39022
PKJKAM_01512,peppan_g_3228,peppan_g_8322,peppan_g_12867,peppan_g_17517,peppan_g_22119,peppan_g_27027,peppan_g_27620,peppan_g_33305,peppan_g_39028
PKJKAM_01521,peppan_g_3237,peppan_g_8313,peppan_g_12858,peppan_g_17508,peppan_g_22110,peppan_g_27018,peppan_g_27629,peppan_g_33314,peppan_g_39037
PKJKAM_01537,peppan_g_3253,peppan_g_8299,peppan_g_12842,peppan_g_17492,peppan_g_22094,peppan_g_27002,peppan_g_27645,peppan_g_33330,peppan_g_39053
PKJKAM_01542,peppan_g_3260,peppan_g_8295,peppan_g_12834,peppan_g_17487,peppan_g_22086,peppan_g_26994,peppan_g_27650,peppan_g_33335,peppan_g_39058
PKJKAM_01560,peppan_g_3271,peppan_g_8284,peppan_g_12823,peppan_g_17476,peppan_g_22075,peppan_g_26983,peppan_g_27661,peppan_g_33346,peppan_g_39069
PKJKAM_01573,peppan_g_3287,peppan_g_8268,peppan_g_12807,peppan_g_17463,peppan_g_22062,peppan_g_26970,peppan_g_27674,peppan_g_33359,peppan_g_39082
PKJKAM_01577,peppan_g_3291,peppan_g_8263,peppan_g_12803,peppan_g_17459,peppan_g_22058,peppan_g_26966,peppan_g_27678,peppan_g_33363,peppan_g_39086
PKJKAM_01578,peppan_g_3292,peppan_g_8262,peppan_g_12802,peppan_g_17458,peppan_g_22057,peppan_g_26965,peppan_g_27679,peppan_g_33364,peppan_g_39087
PKJKAM_01581,peppan_g_3295,peppan_g_8259,peppan_g_12799,peppan_g_17455,peppan_g_22054,peppan_g_26962,peppan_g_27682,peppan_g_33367,peppan_g_39090
PKJKAM_01599,peppan_g_3519,peppan_g_8247,peppan_g_12787,peppan_g_17443,peppan_g_22042,peppan_g_26950,peppan_g_29571,peppan_g_33379,peppan_g_39102
PKJKAM_01601,peppan_g_3521,peppan_g_8245,peppan_g_12785,peppan_g_17441,peppan_g_22040,peppan_g_26948,peppan_g_29573,peppan_g_33381,peppan_g_39104
PKJKAM_01605,peppan_g_3525,peppan_g_8241,peppan_g_12781,peppan_g_17437,peppan_g_22036,peppan_g_26944,peppan_g_29577,peppan_g_33385,peppan_g_39108
PKJKAM_01610,peppan_g_3530,peppan_g_8236,peppan_g_12776,peppan_g_17432,peppan_g_22031,peppan_g_26939,peppan_g_29582,peppan_g_33390,peppan_g_39113
PKJKAM_01637,peppan_g_3207,peppan_g_7775,peppan_g_12296,peppan_g_16966,peppan_g_21551,peppan_g_26465,peppan_g_30488,peppan_g_33410,peppan_g_39632
PKJKAM_01639,peppan_g_3205,peppan_g_7773,peppan_g_12294,peppan_g_16964,peppan_g_21549,peppan_g_26463,peppan_g_30490,peppan_g_33412,peppan_g_39634
PKJKAM_01642,peppan_g_3201,peppan_g_7769,peppan_g_12290,peppan_g_16960,peppan_g_21545,peppan_g_26459,peppan_g_30494,peppan_g_33416,peppan_g_39638
PKJKAM_01643,peppan_g_3200,peppan_g_7768,peppan_g_12289,peppan_g_16959,peppan_g_21544,peppan_g_26458,peppan_g_30495,peppan_g_33417,peppan_g_39639
PKJKAM_01663,peppan_g_3180,peppan_g_7748,peppan_g_12269,peppan_g_16939,peppan_g_21524,peppan_g_26438,peppan_g_30515,peppan_g_33437,peppan_g_39659
PKJKAM_01664,peppan_g_3179,peppan_g_7747,peppan_g_12268,peppan_g_16938,peppan_g_21523,peppan_g_26437,peppan_g_30516,peppan_g_33438,peppan_g_39660
PKJKAM_01670,peppan_g_3173,peppan_g_7741,peppan_g_12262,peppan_g_16932,peppan_g_21517,peppan_g_26431,peppan_g_30522,peppan_g_33444,peppan_g_39666
PKJKAM_01678,peppan_g_3165,peppan_g_7733,peppan_g_12254,peppan_g_16924,peppan_g_21509,peppan_g_26423,peppan_g_30530,peppan_g_33452,peppan_g_39674
PKJKAM_01679,peppan_g_3164,peppan_g_7732,peppan_g_12253,peppan_g_16923,peppan_g_21508,peppan_g_26422,peppan_g_30531,peppan_g_33453,peppan_g_39675
PKJKAM_01680,peppan_g_3163,peppan_g_7731,peppan_g_12252,peppan_g_16922,peppan_g_21507,peppan_g_26421,peppan_g_30532,peppan_g_33454,peppan_g_39676
PKJKAM_01684,peppan_g_3159,peppan_g_7727,peppan_g_12248,peppan_g_16918,peppan_g_21503,peppan_g_26417,peppan_g_30536,peppan_g_33458,peppan_g_39680
PKJKAM_01686,peppan_g_3157,peppan_g_7725,peppan_g_12246,peppan_g_16916,peppan_g_21501,peppan_g_26415,peppan_g_30538,peppan_g_33460,peppan_g_39682
PKJKAM_01699,peppan_g_3145,peppan_g_7713,peppan_g_12234,peppan_g_16904,peppan_g_21489,peppan_g_26403,peppan_g_30550,peppan_g_33472,peppan_g_39694
PKJKAM_01704,peppan_g_3140,peppan_g_7708,peppan_g_12229,peppan_g_16899,peppan_g_21484,peppan_g_26398,peppan_g_30555,peppan_g_33477,peppan_g_39699
PKJKAM_01707,peppan_g_3137,peppan_g_7705,peppan_g_12226,peppan_g_16896,peppan_g_21481,peppan_g_26395,peppan_g_30558,peppan_g_33480,peppan_g_39702
PKJKAM_01722,peppan_g_3122,peppan_g_7690,peppan_g_12211,peppan_g_16881,peppan_g_21466,peppan_g_26380,peppan_g_30573,peppan_g_33495,peppan_g_39717
PKJKAM_01729,peppan_g_3117,peppan_g_7685,peppan_g_12206,peppan_g_16876,peppan_g_21461,peppan_g_26375,peppan_g_30578,peppan_g_33500,peppan_g_39722
PKJKAM_01730,peppan_g_3116,peppan_g_7684,peppan_g_12205,peppan_g_16875,peppan_g_21460,peppan_g_26374,peppan_g_30579,peppan_g_33501,peppan_g_39723
PKJKAM_01731,peppan_g_3115,peppan_g_7683,peppan_g_12204,peppan_g_16874,peppan_g_21459,peppan_g_26373,peppan_g_30580,peppan_g_33502,peppan_g_39724
PKJKAM_01742,peppan_g_3107,peppan_g_7675,peppan_g_12195,peppan_g_16865,peppan_g_21449,peppan_g_26364,peppan_g_30589,peppan_g_33511,peppan_g_39732
PKJKAM_01744,peppan_g_3105,peppan_g_7673,peppan_g_12193,peppan_g_16863,peppan_g_21447,peppan_g_26362,peppan_g_30591,peppan_g_33513,peppan_g_39734
PKJKAM_01758,peppan_g_3093,peppan_g_7661,peppan_g_12179,peppan_g_16849,peppan_g_21433,peppan_g_26348,peppan_g_30603,peppan_g_33525,peppan_g_39746
PKJKAM_01760,peppan_g_3091,peppan_g_7659,peppan_g_12177,peppan_g_16847,peppan_g_21431,peppan_g_26346,peppan_g_30605,peppan_g_33527,peppan_g_39748
PKJKAM_01785,peppan_g_3067,peppan_g_7640,peppan_g_12158,peppan_g_16828,peppan_g_21412,peppan_g_26322,peppan_g_30629,peppan_g_33551,peppan_g_39767
PKJKAM_01794,peppan_g_3059,peppan_g_7632,peppan_g_12150,peppan_g_16820,peppan_g_21404,peppan_g_26314,peppan_g_30637,peppan_g_33559,peppan_g_39775
PKJKAM_01797,peppan_g_3056,peppan_g_7629,peppan_g_12147,peppan_g_16817,peppan_g_21401,peppan_g_26311,peppan_g_30640,peppan_g_33562,peppan_g_39778
PKJKAM_01803,peppan_g_3050,peppan_g_7623,peppan_g_12141,peppan_g_16811,peppan_g_21395,peppan_g_26305,peppan_g_30646,peppan_g_33568,peppan_g_39784
PKJKAM_01807,peppan_g_3047,peppan_g_7620,peppan_g_12138,peppan_g_16808,peppan_g_21392,peppan_g_26302,peppan_g_30649,peppan_g_33571,peppan_g_39787
PKJKAM_01808,peppan_g_3046,peppan_g_7619,peppan_g_12137,peppan_g_16807,peppan_g_21391,peppan_g_26301,peppan_g_30650,peppan_g_33572,peppan_g_39788
PKJKAM_01859,peppan_g_3036,peppan_g_7609,peppan_g_12127,peppan_g_16797,peppan_g_21381,peppan_g_26291,peppan_g_30660,peppan_g_33621,peppan_g_39798
PKJKAM_01860,peppan_g_3035,peppan_g_7608,peppan_g_12126,peppan_g_16796,peppan_g_21380,peppan_g_26290,peppan_g_30661,peppan_g_33622,peppan_g_39799
PKJKAM_01867,peppan_g_3028,peppan_g_7601,peppan_g_12119,peppan_g_16789,peppan_g_21373,peppan_g_26283,peppan_g_30668,peppan_g_33629,peppan_g_39806
PKJKAM_01878,peppan_g_3018,peppan_g_7588,peppan_g_12106,peppan_g_16779,peppan_g_21363,peppan_g_26273,peppan_g_30678,peppan_g_33639,peppan_g_39816
PKJKAM_01880,peppan_g_3016,peppan_g_7586,peppan_g_12104,peppan_g_16777,peppan_g_21361,peppan_g_26271,peppan_g_30680,peppan_g_33641,peppan_g_39818
PKJKAM_01881,peppan_g_3015,peppan_g_7585,peppan_g_12103,peppan_g_16776,peppan_g_21360,peppan_g_26270,peppan_g_30681,peppan_g_33642,peppan_g_39819
PKJKAM_01882,peppan_g_3014,peppan_g_7584,peppan_g_12102,peppan_g_16775,peppan_g_21359,peppan_g_26269,peppan_g_30682,peppan_g_33643,peppan_g_39820
PKJKAM_01890,peppan_g_3006,peppan_g_7576,peppan_g_12094,peppan_g_16767,peppan_g_21351,peppan_g_26261,peppan_g_30690,peppan_g_33651,peppan_g_39828
PKJKAM_01912,peppan_g_2984,peppan_g_7555,peppan_g_12067,peppan_g_16745,peppan_g_21329,peppan_g_26239,peppan_g_30713,peppan_g_33673,peppan_g_39850
PKJKAM_01919,peppan_g_2977,peppan_g_7548,peppan_g_12060,peppan_g_16738,peppan_g_21322,peppan_g_26232,peppan_g_30720,peppan_g_33680,peppan_g_39858
PKJKAM_01921,peppan_g_2975,peppan_g_7546,peppan_g_12058,peppan_g_16736,peppan_g_21320,peppan_g_26230,peppan_g_30722,peppan_g_33682,peppan_g_39860
PKJKAM_01922,peppan_g_2974,peppan_g_7545,peppan_g_12057,peppan_g_16735,peppan_g_21319,peppan_g_26229,peppan_g_30723,peppan_g_33683,peppan_g_39861
PKJKAM_01923,peppan_g_2973,peppan_g_7544,peppan_g_12056,peppan_g_16734,peppan_g_21318,peppan_g_26228,peppan_g_30724,peppan_g_33684,peppan_g_39862
PKJKAM_01942,peppan_g_2954,peppan_g_7521,peppan_g_12037,peppan_g_16715,peppan_g_21299,peppan_g_26209,peppan_g_30743,peppan_g_33703,peppan_g_39881
PKJKAM_01946,peppan_g_2950,peppan_g_7517,peppan_g_12033,peppan_g_16711,peppan_g_21295,peppan_g_26205,peppan_g_30747,peppan_g_33707,peppan_g_39885
PKJKAM_01968,peppan_g_131,peppan_g_4633,peppan_g_9174,peppan_g_13676,peppan_g_18304,peppan_g_23398,peppan_g_30114,peppan_g_33726,peppan_g_38307
PKJKAM_01980,peppan_g_119,peppan_g_4621,peppan_g_9162,peppan_g_13664,peppan_g_18292,peppan_g_23386,peppan_g_30126,peppan_g_33738,peppan_g_38319
PKJKAM_01988,peppan_g_112,peppan_g_4614,peppan_g_9155,peppan_g_13657,peppan_g_18285,peppan_g_23379,peppan_g_30133,peppan_g_33745,peppan_g_38326
PKJKAM_01991,peppan_g_110,peppan_g_4612,peppan_g_9153,peppan_g_13654,peppan_g_18283,peppan_g_23377,peppan_g_30136,peppan_g_33747,peppan_g_38329
PKJKAM_01995,peppan_g_106,peppan_g_4608,peppan_g_9149,peppan_g_13650,peppan_g_18279,peppan_g_23373,peppan_g_30140,peppan_g_33751,peppan_g_38333
PKJKAM_02038,peppan_g_62,peppan_g_4567,peppan_g_9105,peppan_g_13612,peppan_g_18237,peppan_g_23332,peppan_g_30181,peppan_g_33792,peppan_g_38374
PKJKAM_02042,peppan_g_58,peppan_g_4563,peppan_g_9101,peppan_g_13608,peppan_g_18233,peppan_g_23328,peppan_g_30185,peppan_g_33796,peppan_g_38378
PKJKAM_02047,peppan_g_53,peppan_g_4558,peppan_g_9096,peppan_g_13603,peppan_g_18228,peppan_g_23323,peppan_g_30190,peppan_g_33801,peppan_g_38383
PKJKAM_02048,peppan_g_52,peppan_g_4557,peppan_g_9095,peppan_g_13602,peppan_g_18227,peppan_g_23322,peppan_g_30191,peppan_g_33802,peppan_g_38384
PKJKAM_02059,peppan_g_42,peppan_g_4547,peppan_g_9085,peppan_g_13592,peppan_g_18217,peppan_g_23312,peppan_g_30201,peppan_g_33812,peppan_g_38394
PKJKAM_02076,peppan_g_25,peppan_g_4530,peppan_g_9068,peppan_g_13575,peppan_g_18200,peppan_g_23295,peppan_g_30218,peppan_g_33829,peppan_g_38410
PKJKAM_02080,peppan_g_21,peppan_g_4526,peppan_g_9064,peppan_g_13571,peppan_g_18196,peppan_g_23291,peppan_g_30222,peppan_g_33833,peppan_g_38414
PKJKAM_02088,peppan_g_13,peppan_g_4518,peppan_g_9056,peppan_g_13563,peppan_g_18188,peppan_g_23283,peppan_g_30230,peppan_g_33841,peppan_g_38422
PKJKAM_02098,peppan_g_4,peppan_g_4509,peppan_g_9047,peppan_g_13554,peppan_g_18179,peppan_g_23274,peppan_g_30239,peppan_g_33850,peppan_g_38431
PKJKAM_02104,peppan_g_4504,peppan_g_8918,peppan_g_13498,peppan_g_18084,peppan_g_22707,peppan_g_23269,peppan_g_30244,peppan_g_33855,peppan_g_38436
PKJKAM_02126,peppan_g_4483,peppan_g_8897,peppan_g_13477,peppan_g_18063,peppan_g_22686,peppan_g_23248,peppan_g_30265,peppan_g_33876,peppan_g_38457
PKJKAM_02134,peppan_g_4479,peppan_g_8893,peppan_g_13469,peppan_g_18059,peppan_g_22678,peppan_g_23240,peppan_g_30273,peppan_g_33884,peppan_g_38465
PKJKAM_02141,peppan_g_4472,peppan_g_8886,peppan_g_13462,peppan_g_18052,peppan_g_22671,peppan_g_23233,peppan_g_30280,peppan_g_33891,peppan_g_38472
PKJKAM_02147,peppan_g_4466,peppan_g_8880,peppan_g_13456,peppan_g_18046,peppan_g_22665,peppan_g_23227,peppan_g_30286,peppan_g_33897,peppan_g_38478
PKJKAM_02153,peppan_g_4463,peppan_g_8877,peppan_g_13453,peppan_g_18043,peppan_g_22662,peppan_g_23224,peppan_g_30289,peppan_g_33900,peppan_g_38481
PKJKAM_02154,peppan_g_4462,peppan_g_8876,peppan_g_13452,peppan_g_18042,peppan_g_22661,peppan_g_23223,peppan_g_30290,peppan_g_33901,peppan_g_38482
PKJKAM_02156,peppan_g_4460,peppan_g_8874,peppan_g_13450,peppan_g_18040,peppan_g_22659,peppan_g_23221,peppan_g_30292,peppan_g_33903,peppan_g_38484
PKJKAM_02171,peppan_g_4452,peppan_g_8859,peppan_g_13442,peppan_g_18025,peppan_g_22644,peppan_g_23206,peppan_g_30307,peppan_g_33918,peppan_g_38492
PKJKAM_02172,peppan_g_4451,peppan_g_8858,peppan_g_13441,peppan_g_18024,peppan_g_22643,peppan_g_23205,peppan_g_30308,peppan_g_33919,peppan_g_38493
PKJKAM_02186,peppan_g_4436,peppan_g_8849,peppan_g_13432,peppan_g_18003,peppan_g_22629,peppan_g_23191,peppan_g_30328,peppan_g_33932,peppan_g_38506
PKJKAM_02189,peppan_g_4433,peppan_g_8846,peppan_g_13429,peppan_g_18000,peppan_g_22626,peppan_g_23188,peppan_g_30331,peppan_g_33935,peppan_g_38509
PKJKAM_02196,peppan_g_4427,peppan_g_8840,peppan_g_13423,peppan_g_17994,peppan_g_22620,peppan_g_23182,peppan_g_30337,peppan_g_33941,peppan_g_38515
PKJKAM_02205,peppan_g_4419,peppan_g_8832,peppan_g_13415,peppan_g_17986,peppan_g_22611,peppan_g_23173,peppan_g_30345,peppan_g_33950,peppan_g_38523
PKJKAM_02225,peppan_g_4376,peppan_g_8814,peppan_g_13357,peppan_g_17951,peppan_g_22588,peppan_g_23147,peppan_g_30383,peppan_g_33968,peppan_g_38561
PKJKAM_02227,peppan_g_4374,peppan_g_8812,peppan_g_13355,peppan_g_17949,peppan_g_22586,peppan_g_23145,peppan_g_30385,peppan_g_33970,peppan_g_38563
PKJKAM_02233,peppan_g_4368,peppan_g_8806,peppan_g_13349,peppan_g_17943,peppan_g_22580,peppan_g_23139,peppan_g_30391,peppan_g_33976,peppan_g_38569
PKJKAM_02247,peppan_g_4354,peppan_g_8792,peppan_g_13335,peppan_g_17929,peppan_g_22566,peppan_g_23125,peppan_g_30404,peppan_g_33989,peppan_g_38583
PKJKAM_02258,peppan_g_4344,peppan_g_8782,peppan_g_13325,peppan_g_17919,peppan_g_22556,peppan_g_23115,peppan_g_30414,peppan_g_33999,peppan_g_38593
PKJKAM_02284,peppan_g_4337,peppan_g_8775,peppan_g_13299,peppan_g_17912,peppan_g_22530,peppan_g_23089,peppan_g_30421,peppan_g_34025,peppan_g_38619
PKJKAM_02288,peppan_g_4333,peppan_g_8771,peppan_g_13295,peppan_g_17908,peppan_g_22526,peppan_g_23085,peppan_g_30425,peppan_g_34029,peppan_g_38623
PKJKAM_02289,peppan_g_4332,peppan_g_8770,peppan_g_13294,peppan_g_17907,peppan_g_22525,peppan_g_23084,peppan_g_30426,peppan_g_34030,peppan_g_38624
PKJKAM_02294,peppan_g_4327,peppan_g_8766,peppan_g_13290,peppan_g_17903,peppan_g_22521,peppan_g_23080,peppan_g_30430,peppan_g_34034,peppan_g_38628
PKJKAM_02295,peppan_g_4326,peppan_g_8765,peppan_g_13289,peppan_g_17902,peppan_g_22520,peppan_g_23079,peppan_g_30431,peppan_g_34035,peppan_g_38629
PKJKAM_02302,peppan_g_4317,peppan_g_8758,peppan_g_13282,peppan_g_17893,peppan_g_22513,peppan_g_23072,peppan_g_30440,peppan_g_34042,peppan_g_38636
PKJKAM_02309,peppan_g_2882,peppan_g_7449,peppan_g_11963,peppan_g_16642,peppan_g_21226,peppan_g_26136,peppan_g_30816,peppan_g_34050,peppan_g_39967
PKJKAM_02310,peppan_g_2881,peppan_g_7448,peppan_g_11962,peppan_g_16641,peppan_g_21225,peppan_g_26135,peppan_g_30817,peppan_g_34051,peppan_g_39968
PKJKAM_02311,peppan_g_2880,peppan_g_7447,peppan_g_11961,peppan_g_16640,peppan_g_21224,peppan_g_26134,peppan_g_30818,peppan_g_34052,peppan_g_39969
PKJKAM_02312,peppan_g_2879,peppan_g_7446,peppan_g_11960,peppan_g_16639,peppan_g_21223,peppan_g_26133,peppan_g_30819,peppan_g_34053,peppan_g_39970
PKJKAM_02315,peppan_g_2876,peppan_g_7443,peppan_g_11957,peppan_g_16636,peppan_g_21220,peppan_g_26130,peppan_g_30822,peppan_g_34056,peppan_g_39973
PKJKAM_02316,peppan_g_2875,peppan_g_7442,peppan_g_11956,peppan_g_16635,peppan_g_21219,peppan_g_26129,peppan_g_30823,peppan_g_34057,peppan_g_39974
PKJKAM_02333,peppan_g_2853,peppan_g_7428,peppan_g_11942,peppan_g_16618,peppan_g_21202,peppan_g_26112,peppan_g_30840,peppan_g_34071,peppan_g_39990
PKJKAM_02337,peppan_g_2849,peppan_g_7424,peppan_g_11937,peppan_g_16614,peppan_g_21198,peppan_g_26108,peppan_g_30844,peppan_g_34075,peppan_g_39994
PKJKAM_02357,peppan_g_2831,peppan_g_7407,peppan_g_11920,peppan_g_16597,peppan_g_21181,peppan_g_26091,peppan_g_30861,peppan_g_34092,peppan_g_40011
PKJKAM_02359,peppan_g_2829,peppan_g_7405,peppan_g_11918,peppan_g_16595,peppan_g_21179,peppan_g_26089,peppan_g_30863,peppan_g_34094,peppan_g_40013
PKJKAM_02360,peppan_g_2828,peppan_g_7404,peppan_g_11917,peppan_g_16594,peppan_g_21178,peppan_g_26088,peppan_g_30864,peppan_g_34095,peppan_g_40014
PKJKAM_02362,peppan_g_2826,peppan_g_7402,peppan_g_11915,peppan_g_16592,peppan_g_21176,peppan_g_26086,peppan_g_30866,peppan_g_34097,peppan_g_40016
PKJKAM_02371,peppan_g_2816,peppan_g_7393,peppan_g_11906,peppan_g_16583,peppan_g_21167,peppan_g_26077,peppan_g_30875,peppan_g_34106,peppan_g_40025
PKJKAM_02378,peppan_g_2811,peppan_g_7388,peppan_g_11901,peppan_g_16578,peppan_g_21162,peppan_g_26072,peppan_g_30880,peppan_g_34111,peppan_g_40030
PKJKAM_02380,peppan_g_2809,peppan_g_7386,peppan_g_11899,peppan_g_16576,peppan_g_21160,peppan_g_26070,peppan_g_30882,peppan_g_34113,peppan_g_40032
PKJKAM_02388,peppan_g_2802,peppan_g_7379,peppan_g_11892,peppan_g_16569,peppan_g_21153,peppan_g_26063,peppan_g_30889,peppan_g_34120,peppan_g_40039
PKJKAM_02404,peppan_g_2787,peppan_g_7364,peppan_g_11877,peppan_g_16554,peppan_g_21138,peppan_g_26048,peppan_g_30904,peppan_g_34135,peppan_g_40054
PKJKAM_02418,peppan_g_2769,peppan_g_7355,peppan_g_11861,peppan_g_16540,peppan_g_21129,peppan_g_26039,peppan_g_30913,peppan_g_34149,peppan_g_40068
PKJKAM_02420,peppan_g_2767,peppan_g_7353,peppan_g_11859,peppan_g_16538,peppan_g_21127,peppan_g_26037,peppan_g_30915,peppan_g_34151,peppan_g_40070
PKJKAM_02439,peppan_g_2746,peppan_g_7333,peppan_g_11839,peppan_g_16518,peppan_g_21107,peppan_g_26017,peppan_g_30935,peppan_g_34172,peppan_g_40090
PKJKAM_02440,peppan_g_2745,peppan_g_7332,peppan_g_11838,peppan_g_16517,peppan_g_21106,peppan_g_26016,peppan_g_30936,peppan_g_34173,peppan_g_40091
PKJKAM_02445,peppan_g_2740,peppan_g_7327,peppan_g_11833,peppan_g_16512,peppan_g_21101,peppan_g_26011,peppan_g_30941,peppan_g_34178,peppan_g_40096
PKJKAM_02446,peppan_g_2739,peppan_g_7326,peppan_g_11832,peppan_g_16511,peppan_g_21100,peppan_g_26010,peppan_g_30942,peppan_g_34179,peppan_g_40097
PKJKAM_02455,peppan_g_2730,peppan_g_7317,peppan_g_11821,peppan_g_16502,peppan_g_21091,peppan_g_26001,peppan_g_30951,peppan_g_34188,peppan_g_40106
PKJKAM_02474,peppan_g_2717,peppan_g_7304,peppan_g_11803,peppan_g_16487,peppan_g_21075,peppan_g_25985,peppan_g_30968,peppan_g_34206,peppan_g_40122
PKJKAM_02475,peppan_g_2716,peppan_g_7303,peppan_g_11802,peppan_g_16486,peppan_g_21074,peppan_g_25984,peppan_g_30969,peppan_g_34207,peppan_g_40123
PKJKAM_02478,peppan_g_2713,peppan_g_7300,peppan_g_11799,peppan_g_16483,peppan_g_21071,peppan_g_25981,peppan_g_30972,peppan_g_34210,peppan_g_40126
PKJKAM_02488,peppan_g_2703,peppan_g_7290,peppan_g_11789,peppan_g_16473,peppan_g_21061,peppan_g_25971,peppan_g_30982,peppan_g_34220,peppan_g_40136
PKJKAM_02490,peppan_g_2701,peppan_g_7288,peppan_g_11787,peppan_g_16471,peppan_g_21059,peppan_g_25969,peppan_g_30984,peppan_g_34222,peppan_g_40138
PKJKAM_02494,peppan_g_2697,peppan_g_7284,peppan_g_11783,peppan_g_16467,peppan_g_21055,peppan_g_25965,peppan_g_30988,peppan_g_34226,peppan_g_40142
PKJKAM_02501,peppan_g_2690,peppan_g_7277,peppan_g_11776,peppan_g_16460,peppan_g_21048,peppan_g_25958,peppan_g_30995,peppan_g_34233,peppan_g_40149
PKJKAM_02505,peppan_g_2686,peppan_g_7273,peppan_g_11772,peppan_g_16456,peppan_g_21044,peppan_g_25954,peppan_g_30999,peppan_g_34237,peppan_g_40153
PKJKAM_02507,peppan_g_2684,peppan_g_7271,peppan_g_11770,peppan_g_16454,peppan_g_21042,peppan_g_25952,peppan_g_31001,peppan_g_34239,peppan_g_40155
PKJKAM_02519,peppan_g_2674,peppan_g_7260,peppan_g_11759,peppan_g_16443,peppan_g_21031,peppan_g_25941,peppan_g_31012,peppan_g_34250,peppan_g_40166
PKJKAM_02520,peppan_g_2673,peppan_g_7259,peppan_g_11758,peppan_g_16442,peppan_g_21030,peppan_g_25940,peppan_g_31013,peppan_g_34251,peppan_g_40167
PKJKAM_02522,peppan_g_2671,peppan_g_7257,peppan_g_11756,peppan_g_16440,peppan_g_21028,peppan_g_25938,peppan_g_31015,peppan_g_34253,peppan_g_40169
PKJKAM_02525,peppan_g_2668,peppan_g_7254,peppan_g_11753,peppan_g_16437,peppan_g_21025,peppan_g_25935,peppan_g_31018,peppan_g_34256,peppan_g_40172
PKJKAM_02528,peppan_g_2665,peppan_g_7251,peppan_g_11750,peppan_g_16434,peppan_g_21022,peppan_g_25932,peppan_g_31021,peppan_g_34259,peppan_g_40175
PKJKAM_02550,peppan_g_2643,peppan_g_7229,peppan_g_11728,peppan_g_16412,peppan_g_21000,peppan_g_25910,peppan_g_31043,peppan_g_34281,peppan_g_40197
PKJKAM_02570,peppan_g_2630,peppan_g_7216,peppan_g_11715,peppan_g_16399,peppan_g_20987,peppan_g_25897,peppan_g_31056,peppan_g_34294,peppan_g_40210
PKJKAM_02590,peppan_g_2610,peppan_g_7196,peppan_g_11695,peppan_g_16379,peppan_g_20967,peppan_g_25877,peppan_g_31076,peppan_g_34314,peppan_g_40230
PKJKAM_02604,peppan_g_2596,peppan_g_7182,peppan_g_11681,peppan_g_16365,peppan_g_20953,peppan_g_25863,peppan_g_31090,peppan_g_34328,peppan_g_40244
PKJKAM_02606,peppan_g_2594,peppan_g_7180,peppan_g_11679,peppan_g_16363,peppan_g_20951,peppan_g_25861,peppan_g_31092,peppan_g_34330,peppan_g_40246
PKJKAM_02612,peppan_g_2570,peppan_g_7156,peppan_g_11632,peppan_g_16314,peppan_g_20913,peppan_g_25823,peppan_g_31109,peppan_g_34335,peppan_g_40337
PKJKAM_02627,peppan_g_2556,peppan_g_7142,peppan_g_11618,peppan_g_16300,peppan_g_20899,peppan_g_25809,peppan_g_31123,peppan_g_34349,peppan_g_40351
PKJKAM_02631,peppan_g_2552,peppan_g_7138,peppan_g_11614,peppan_g_16296,peppan_g_20895,peppan_g_25805,peppan_g_31127,peppan_g_34353,peppan_g_40355
PKJKAM_02640,peppan_g_2543,peppan_g_7129,peppan_g_11571,peppan_g_16287,peppan_g_20886,peppan_g_25796,peppan_g_31136,peppan_g_34362,peppan_g_40364
PKJKAM_02650,peppan_g_251,peppan_g_7125,peppan_g_11567,peppan_g_16283,peppan_g_20882,peppan_g_25792,peppan_g_27275,peppan_g_34367,peppan_g_40368
PKJKAM_02655,peppan_g_257,peppan_g_7119,peppan_g_11561,peppan_g_16277,peppan_g_20876,peppan_g_25786,peppan_g_27269,peppan_g_34373,peppan_g_40374
PKJKAM_02659,peppan_g_261,peppan_g_7115,peppan_g_11557,peppan_g_16273,peppan_g_20872,peppan_g_25782,peppan_g_27265,peppan_g_34377,peppan_g_40378
PKJKAM_02666,peppan_g_268,peppan_g_7108,peppan_g_11550,peppan_g_16266,peppan_g_20865,peppan_g_25775,peppan_g_27258,peppan_g_34384,peppan_g_40385
PKJKAM_02671,peppan_g_272,peppan_g_7104,peppan_g_11546,peppan_g_16262,peppan_g_20802,peppan_g_25771,peppan_g_28301,peppan_g_34388,peppan_g_40389
PKJKAM_02685,peppan_g_286,peppan_g_7090,peppan_g_11532,peppan_g_16248,peppan_g_20788,peppan_g_25757,peppan_g_28315,peppan_g_34402,peppan_g_40403
PKJKAM_02694,peppan_g_291,peppan_g_7085,peppan_g_11527,peppan_g_16243,peppan_g_20783,peppan_g_25752,peppan_g_28320,peppan_g_34410,peppan_g_40408
PKJKAM_02699,peppan_g_296,peppan_g_7080,peppan_g_11522,peppan_g_16238,peppan_g_20778,peppan_g_25747,peppan_g_28325,peppan_g_34415,peppan_g_40413
PKJKAM_02701,peppan_g_298,peppan_g_7078,peppan_g_11520,peppan_g_16236,peppan_g_20776,peppan_g_25745,peppan_g_28327,peppan_g_34417,peppan_g_40415
PKJKAM_02702,peppan_g_299,peppan_g_7077,peppan_g_11519,peppan_g_16235,peppan_g_20775,peppan_g_25744,peppan_g_28328,peppan_g_34418,peppan_g_40416
PKJKAM_02717,peppan_g_314,peppan_g_7062,peppan_g_11504,peppan_g_16220,peppan_g_20760,peppan_g_25729,peppan_g_28343,peppan_g_34433,peppan_g_40431
PKJKAM_02718,peppan_g_315,peppan_g_7061,peppan_g_11503,peppan_g_16219,peppan_g_20759,peppan_g_25728,peppan_g_28344,peppan_g_34434,peppan_g_40432
PKJKAM_02721,peppan_g_318,peppan_g_7058,peppan_g_11500,peppan_g_16216,peppan_g_20756,peppan_g_25725,peppan_g_28347,peppan_g_34437,peppan_g_40435
PKJKAM_02729,peppan_g_325,peppan_g_7053,peppan_g_11493,peppan_g_16209,peppan_g_20749,peppan_g_25718,peppan_g_28354,peppan_g_34444,peppan_g_40442
PKJKAM_02737,peppan_g_332,peppan_g_7046,peppan_g_11486,peppan_g_16202,peppan_g_20742,peppan_g_25711,peppan_g_28361,peppan_g_34451,peppan_g_40449
PKJKAM_02748,peppan_g_347,peppan_g_7035,peppan_g_11475,peppan_g_16190,peppan_g_20731,peppan_g_25700,peppan_g_28372,peppan_g_34462,peppan_g_40460
PKJKAM_02749,peppan_g_348,peppan_g_7034,peppan_g_11474,peppan_g_16189,peppan_g_20730,peppan_g_25699,peppan_g_28373,peppan_g_34463,peppan_g_40461
PKJKAM_02754,peppan_g_353,peppan_g_7029,peppan_g_11466,peppan_g_16183,peppan_g_20725,peppan_g_25694,peppan_g_28379,peppan_g_34469,peppan_g_40466
PKJKAM_02759,peppan_g_358,peppan_g_7024,peppan_g_11461,peppan_g_16178,peppan_g_20720,peppan_g_25689,peppan_g_28384,peppan_g_34474,peppan_g_40471
PKJKAM_02780,peppan_g_378,peppan_g_7005,peppan_g_11442,peppan_g_16159,peppan_g_20703,peppan_g_25672,peppan_g_28403,peppan_g_34493,peppan_g_40490
PKJKAM_02784,peppan_g_382,peppan_g_7001,peppan_g_11438,peppan_g_16155,peppan_g_20699,peppan_g_25668,peppan_g_28407,peppan_g_34497,peppan_g_40494
PKJKAM_02785,peppan_g_383,peppan_g_7000,peppan_g_11437,peppan_g_16154,peppan_g_20698,peppan_g_25667,peppan_g_28408,peppan_g_34498,peppan_g_40495
PKJKAM_02789,peppan_g_387,peppan_g_6996,peppan_g_11433,peppan_g_16150,peppan_g_20694,peppan_g_25663,peppan_g_28412,peppan_g_34502,peppan_g_40499
PKJKAM_02790,peppan_g_389,peppan_g_6995,peppan_g_11432,peppan_g_16149,peppan_g_20692,peppan_g_25662,peppan_g_28413,peppan_g_34503,peppan_g_40500
PKJKAM_02792,peppan_g_391,peppan_g_6993,peppan_g_11430,peppan_g_16147,peppan_g_20690,peppan_g_25660,peppan_g_28415,peppan_g_34505,peppan_g_40502
PKJKAM_02797,peppan_g_395,peppan_g_6989,peppan_g_11426,peppan_g_16143,peppan_g_20686,peppan_g_25656,peppan_g_28419,peppan_g_34509,peppan_g_40506
PKJKAM_02802,peppan_g_400,peppan_g_6984,peppan_g_11421,peppan_g_16138,peppan_g_20681,peppan_g_25651,peppan_g_28424,peppan_g_34514,peppan_g_40511
PKJKAM_02803,peppan_g_401,peppan_g_6983,peppan_g_11420,peppan_g_16137,peppan_g_20680,peppan_g_25650,peppan_g_28425,peppan_g_34515,peppan_g_40512
PKJKAM_02812,peppan_g_411,peppan_g_6975,peppan_g_11410,peppan_g_16127,peppan_g_20670,peppan_g_25640,peppan_g_28434,peppan_g_34524,peppan_g_40521
PKJKAM_02813,peppan_g_412,peppan_g_6974,peppan_g_11409,peppan_g_16126,peppan_g_20669,peppan_g_25639,peppan_g_28435,peppan_g_34525,peppan_g_40522
PKJKAM_02818,peppan_g_418,peppan_g_6968,peppan_g_11403,peppan_g_16120,peppan_g_20663,peppan_g_25633,peppan_g_28441,peppan_g_34531,peppan_g_40528
PKJKAM_02827,peppan_g_427,peppan_g_6959,peppan_g_11393,peppan_g_16110,peppan_g_20653,peppan_g_25624,peppan_g_28451,peppan_g_34540,peppan_g_40538
PKJKAM_02833,peppan_g_433,peppan_g_6953,peppan_g_11387,peppan_g_16104,peppan_g_20647,peppan_g_25618,peppan_g_27533;peppan_g_28457,peppan_g_34546,peppan_g_40544
PKJKAM_02853,peppan_g_446,peppan_g_6940,peppan_g_11374,peppan_g_16091,peppan_g_20634,peppan_g_25605,peppan_g_28686,peppan_g_34559,peppan_g_40557
PKJKAM_02872,peppan_g_467,peppan_g_6924,peppan_g_11358,peppan_g_16071,peppan_g_20618,peppan_g_25589,peppan_g_28702,peppan_g_34575,peppan_g_40573
PKJKAM_02884,peppan_g_479,peppan_g_6912,peppan_g_11346,peppan_g_16059,peppan_g_20606,peppan_g_25577,peppan_g_28714,peppan_g_34587,peppan_g_40585
PKJKAM_02890,peppan_g_485,peppan_g_6906,peppan_g_11340,peppan_g_16053,peppan_g_20600,peppan_g_25571,peppan_g_28720,peppan_g_34593,peppan_g_40591
PKJKAM_02907,peppan_g_502,peppan_g_6889,peppan_g_11323,peppan_g_16036,peppan_g_20583,peppan_g_25554,peppan_g_28737,peppan_g_34610,peppan_g_40608
PKJKAM_02911,peppan_g_506,peppan_g_6885,peppan_g_11319,peppan_g_16032,peppan_g_20579,peppan_g_25550,peppan_g_28741,peppan_g_34614,peppan_g_40612
PKJKAM_02919,peppan_g_514,peppan_g_6877,peppan_g_11311,peppan_g_16024,peppan_g_20571,peppan_g_25542,peppan_g_28749,peppan_g_34622,peppan_g_40620
PKJKAM_02921,peppan_g_516,peppan_g_6875,peppan_g_11309,peppan_g_16022,peppan_g_20569,peppan_g_25540,peppan_g_28751,peppan_g_34624,peppan_g_40622
PKJKAM_02922,peppan_g_517,peppan_g_6874,peppan_g_11308,peppan_g_16021,peppan_g_20568,peppan_g_25539,peppan_g_28752,peppan_g_34625,peppan_g_40623
PKJKAM_02925,peppan_g_520,peppan_g_6871,peppan_g_11305,peppan_g_16018,peppan_g_20565,peppan_g_25536,peppan_g_28755,peppan_g_34628,peppan_g_40626
PKJKAM_02938,peppan_g_533,peppan_g_6858,peppan_g_11292,peppan_g_16005,peppan_g_20552,peppan_g_25523,peppan_g_28768,peppan_g_34641,peppan_g_40639
PKJKAM_02948,peppan_g_543,peppan_g_6848,peppan_g_11280,peppan_g_15994,peppan_g_20541,peppan_g_25512,peppan_g_28780,peppan_g_34651,peppan_g_40649
PKJKAM_02949,peppan_g_544,peppan_g_6847,peppan_g_11279,peppan_g_15993,peppan_g_20540,peppan_g_25511,peppan_g_28781,peppan_g_34652,peppan_g_40650
PKJKAM_02955,peppan_g_550,peppan_g_6841,peppan_g_11273,peppan_g_15987,peppan_g_20534,peppan_g_25505,peppan_g_28787,peppan_g_34658,peppan_g_40656
PKJKAM_02963,peppan_g_558,peppan_g_6833,peppan_g_11265,peppan_g_15979,peppan_g_20526,peppan_g_25497,peppan_g_28795,peppan_g_34666,peppan_g_40664
PKJKAM_02986,peppan_g_580,peppan_g_6811,peppan_g_11243,peppan_g_15957,peppan_g_20504,peppan_g_25475,peppan_g_28817,peppan_g_34688,peppan_g_40686
PKJKAM_03005,peppan_g_599,peppan_g_6793,peppan_g_11225,peppan_g_15939,peppan_g_20486,peppan_g_25457,peppan_g_28835,peppan_g_34706,peppan_g_40704
PKJKAM_03026,peppan_g_619,peppan_g_6777,peppan_g_11209,peppan_g_15919,peppan_g_20456,peppan_g_25427,peppan_g_28855,peppan_g_34726,peppan_g_40724
PKJKAM_03030,peppan_g_623,peppan_g_6774,peppan_g_11205,peppan_g_15915,peppan_g_20452,peppan_g_25423,peppan_g_28859,peppan_g_34730,peppan_g_40728
PKJKAM_03036,peppan_g_629,peppan_g_6768,peppan_g_11199,peppan_g_15909,peppan_g_20446,peppan_g_25417,peppan_g_28865,peppan_g_34736,peppan_g_40734
PKJKAM_03046,peppan_g_2179,peppan_g_5241,peppan_g_9651,peppan_g_14234,peppan_g_18800,peppan_g_23891,peppan_g_29519,peppan_g_34746,peppan_g_37803
PKJKAM_03053,peppan_g_2186,peppan_g_5234,peppan_g_9644,peppan_g_14227,peppan_g_18793,peppan_g_23884,peppan_g_29512,peppan_g_34753,peppan_g_37810
PKJKAM_03058,peppan_g_2191,peppan_g_5229,peppan_g_9639,peppan_g_14222,peppan_g_18788,peppan_g_23879,peppan_g_29507,peppan_g_34758,peppan_g_37815
PKJKAM_03061,peppan_g_2194,peppan_g_5226,peppan_g_9636,peppan_g_14219,peppan_g_18785,peppan_g_23876,peppan_g_29504,peppan_g_34761,peppan_g_37818
PKJKAM_03065,peppan_g_2199,peppan_g_5222,peppan_g_9632,peppan_g_14215,peppan_g_18781,peppan_g_23872,peppan_g_29500,peppan_g_34765,peppan_g_37822
PKJKAM_03070,peppan_g_2203,peppan_g_5218,peppan_g_9628,peppan_g_14211,peppan_g_18777,peppan_g_23868,peppan_g_29496,peppan_g_34769,peppan_g_37826
PKJKAM_03073,peppan_g_2206,peppan_g_5215,peppan_g_9625,peppan_g_14208,peppan_g_18774,peppan_g_23865,peppan_g_29493,peppan_g_34772,peppan_g_37829
PKJKAM_03074,peppan_g_2207,peppan_g_5214,peppan_g_9624,peppan_g_14207,peppan_g_18773,peppan_g_23864,peppan_g_29492,peppan_g_34773,peppan_g_37830
PKJKAM_03090,peppan_g_2223,peppan_g_5198,peppan_g_9608,peppan_g_14191,peppan_g_18757,peppan_g_23848,peppan_g_29476,peppan_g_34789,peppan_g_37846
PKJKAM_03110,peppan_g_2235,peppan_g_5189,peppan_g_9596,peppan_g_14179,peppan_g_18738,peppan_g_23829,peppan_g_29464,peppan_g_34808,peppan_g_37858
PKJKAM_03177,peppan_g_2248,peppan_g_5041,peppan_g_9581,peppan_g_14100,peppan_g_18723,peppan_g_23814,peppan_g_29390,peppan_g_34874,peppan_g_37877
PKJKAM_03183,peppan_g_2254,peppan_g_5035,peppan_g_9575,peppan_g_14094,peppan_g_18717,peppan_g_23808,peppan_g_29384,peppan_g_34880,peppan_g_37883
PKJKAM_03187,peppan_g_2258,peppan_g_5031,peppan_g_9571,peppan_g_14090,peppan_g_18713,peppan_g_23804,peppan_g_29380,peppan_g_34884,peppan_g_37887
PKJKAM_03215,peppan_g_2283,peppan_g_5022,peppan_g_9544,peppan_g_14063,peppan_g_18686,peppan_g_23777,peppan_g_29353,peppan_g_34911,peppan_g_37914
PKJKAM_03216,peppan_g_2284,peppan_g_5021,peppan_g_9543,peppan_g_14062,peppan_g_18685,peppan_g_23776,peppan_g_29352,peppan_g_34912,peppan_g_37915
PKJKAM_03218,peppan_g_2286,peppan_g_5019,peppan_g_9541,peppan_g_14060,peppan_g_18683,peppan_g_23774,peppan_g_29350,peppan_g_34914,peppan_g_37917
PKJKAM_03222,peppan_g_2289,peppan_g_5016,peppan_g_9538,peppan_g_14057,peppan_g_18680,peppan_g_23771,peppan_g_29347,peppan_g_34917,peppan_g_37920
PKJKAM_03229,peppan_g_2296,peppan_g_5009,peppan_g_9531,peppan_g_14050,peppan_g_18673,peppan_g_23764,peppan_g_29340,peppan_g_34924,peppan_g_37927
PKJKAM_03233,peppan_g_2300,peppan_g_5005,peppan_g_9527,peppan_g_14046,peppan_g_18669,peppan_g_23760,peppan_g_29336,peppan_g_34928,peppan_g_37931
PKJKAM_03243,peppan_g_2309,peppan_g_4996,peppan_g_9518,peppan_g_14037,peppan_g_18660,peppan_g_23751,peppan_g_29327,peppan_g_34937,peppan_g_37940
PKJKAM_03245,peppan_g_2311,peppan_g_4994,peppan_g_9516,peppan_g_14035,peppan_g_18658,peppan_g_23749,peppan_g_29325,peppan_g_34939,peppan_g_37942
PKJKAM_03265,peppan_g_2330,peppan_g_4975,peppan_g_9496,peppan_g_14016,peppan_g_18639,peppan_g_23730,peppan_g_29306,peppan_g_34958,peppan_g_37961
PKJKAM_03266,peppan_g_2331,peppan_g_4974,peppan_g_9495,peppan_g_14015,peppan_g_18638,peppan_g_23729,peppan_g_29305,peppan_g_34959,peppan_g_37962
PKJKAM_03269,peppan_g_2334,peppan_g_4971,peppan_g_9492,peppan_g_14012,peppan_g_18635,peppan_g_23726,peppan_g_29302,peppan_g_34962,peppan_g_37965
PKJKAM_03283,peppan_g_2348,peppan_g_4958,peppan_g_9479,peppan_g_13999,peppan_g_18622,peppan_g_23713,peppan_g_29289,peppan_g_34975,peppan_g_37978
PKJKAM_03289,peppan_g_2354,peppan_g_4952,peppan_g_9473,peppan_g_13993,peppan_g_18616,peppan_g_23707,peppan_g_29283,peppan_g_34981,peppan_g_37984
PKJKAM_03308,peppan_g_2374,peppan_g_4935,peppan_g_9454,peppan_g_13974,peppan_g_18597,peppan_g_23688,peppan_g_29264,peppan_g_35000,peppan_g_38003
PKJKAM_03314,peppan_g_2380,peppan_g_4929,peppan_g_9448,peppan_g_13968,peppan_g_18591,peppan_g_23682,peppan_g_29258,peppan_g_35006,peppan_g_38009
PKJKAM_03327,peppan_g_2392,peppan_g_4919,peppan_g_9438,peppan_g_13956,peppan_g_18579,peppan_g_23670,peppan_g_29246,peppan_g_35018,peppan_g_38021
PKJKAM_03331,peppan_g_2396,peppan_g_4915,peppan_g_9434,peppan_g_13952,peppan_g_18575,peppan_g_23666,peppan_g_29242,peppan_g_35022,peppan_g_38025
PKJKAM_03333,peppan_g_2398,peppan_g_4913,peppan_g_9432,peppan_g_13950,peppan_g_18573,peppan_g_23664,peppan_g_29240,peppan_g_35024,peppan_g_38027
PKJKAM_03336,peppan_g_2402,peppan_g_4910,peppan_g_9429,peppan_g_13947,peppan_g_18570,peppan_g_23661,peppan_g_29237,peppan_g_35027,peppan_g_38030
PKJKAM_03344,peppan_g_2410,peppan_g_4902,peppan_g_9421,peppan_g_13939,peppan_g_18562,peppan_g_23653,peppan_g_29229,peppan_g_35035,peppan_g_38038
PKJKAM_03345,peppan_g_2411,peppan_g_4901,peppan_g_9420,peppan_g_13938,peppan_g_18561,peppan_g_23652,peppan_g_29228,peppan_g_35036,peppan_g_38039
PKJKAM_03350,peppan_g_2416,peppan_g_4896,peppan_g_9415,peppan_g_13933,peppan_g_18556,peppan_g_23647,peppan_g_29223,peppan_g_35041,peppan_g_38044
PKJKAM_03355,peppan_g_2421,peppan_g_4891,peppan_g_9410,peppan_g_13928,peppan_g_18551,peppan_g_23642,peppan_g_29218,peppan_g_35046,peppan_g_38049
PKJKAM_03371,peppan_g_2437,peppan_g_4875,peppan_g_9394,peppan_g_13912,peppan_g_18535,peppan_g_23626,peppan_g_29202,peppan_g_35062,peppan_g_38065
PKJKAM_03373,peppan_g_2439,peppan_g_4873,peppan_g_9392,peppan_g_13910,peppan_g_18533,peppan_g_23624,peppan_g_29200,peppan_g_35064,peppan_g_38067
PKJKAM_03377,peppan_g_2442,peppan_g_4870,peppan_g_9389,peppan_g_13907,peppan_g_18530,peppan_g_23621,peppan_g_29197,peppan_g_35067,peppan_g_38070
PKJKAM_03385,peppan_g_2446,peppan_g_4862,peppan_g_9381,peppan_g_13899,peppan_g_18522,peppan_g_23613,peppan_g_29189,peppan_g_35075,peppan_g_38078
PKJKAM_03396,peppan_g_2457,peppan_g_4851,peppan_g_9370,peppan_g_13888,peppan_g_18511,peppan_g_23602,peppan_g_29178,peppan_g_35086,peppan_g_38089
PKJKAM_03415,peppan_g_2461,peppan_g_4834,peppan_g_9354,peppan_g_13871,peppan_g_18496,peppan_g_23588,peppan_g_29164,peppan_g_35103,peppan_g_38106
PKJKAM_03420,peppan_g_2466,peppan_g_4829,peppan_g_9349,peppan_g_13866,peppan_g_18491,peppan_g_23583,peppan_g_29159,peppan_g_35108,peppan_g_38111
PKJKAM_03481,peppan_g_2532,peppan_g_4761,peppan_g_9312,peppan_g_13809,peppan_g_18433,peppan_g_23527,peppan_g_29091,peppan_g_35172,peppan_g_38169
PKJKAM_03482,peppan_g_2533,peppan_g_4760,peppan_g_9311,peppan_g_13808,peppan_g_18432,peppan_g_23526,peppan_g_29090,peppan_g_35173,peppan_g_38170
PKJKAM_03486,peppan_g_2537,peppan_g_4756,peppan_g_9307,peppan_g_13804,peppan_g_18428,peppan_g_23522,peppan_g_29086,peppan_g_35177,peppan_g_38174
PKJKAM_03531,peppan_g_3580;peppan_g_602,peppan_g_6790;peppan_g_8190,peppan_g_11222;peppan_g_12731,peppan_g_15936;peppan_g_17384,peppan_g_20483;peppan_g_21978,peppan_g_25454;peppan_g_26891,peppan_g_28838;peppan_g_29634,peppan_g_31912;peppan_g_34709;peppan_g_35216,peppan_g_39214;peppan_g_40707
PKJKAM_03544,peppan_g_3594,peppan_g_8176,peppan_g_12717,peppan_g_17370,peppan_g_21964,peppan_g_26877,peppan_g_29648,peppan_g_35230,peppan_g_39228
PKJKAM_03547,peppan_g_3597,peppan_g_8173,peppan_g_12714,peppan_g_17367,peppan_g_21961,peppan_g_26874,peppan_g_29651,peppan_g_35233,peppan_g_39231
PKJKAM_03552,peppan_g_3602,peppan_g_8168,peppan_g_12709,peppan_g_17362,peppan_g_21956,peppan_g_26869,peppan_g_29656,peppan_g_35238,peppan_g_39236
PKJKAM_03575,peppan_g_3622,peppan_g_8146,peppan_g_12689,peppan_g_17349,peppan_g_21936,peppan_g_26849,peppan_g_29669,peppan_g_35258,peppan_g_39256
PKJKAM_03585,peppan_g_3632,peppan_g_8136,peppan_g_12679,peppan_g_17339,peppan_g_21926,peppan_g_26839,peppan_g_29679,peppan_g_35268,peppan_g_39266
PKJKAM_03589,peppan_g_3636,peppan_g_8132,peppan_g_12675,peppan_g_17335,peppan_g_21922,peppan_g_26835,peppan_g_29683,peppan_g_35272,peppan_g_39270
PKJKAM_03607,peppan_g_3658,peppan_g_8115,peppan_g_12649,peppan_g_17314,peppan_g_21900,peppan_g_26813,peppan_g_29700,peppan_g_35289,peppan_g_39287
PKJKAM_03609,peppan_g_3660,peppan_g_8113,peppan_g_12647,peppan_g_17312,peppan_g_21898,peppan_g_26811,peppan_g_29702,peppan_g_35291,peppan_g_39289
PKJKAM_03611,peppan_g_3662,peppan_g_8111,peppan_g_12645,peppan_g_17310,peppan_g_21896,peppan_g_26809,peppan_g_29704,peppan_g_35293,peppan_g_39291
PKJKAM_03612,peppan_g_3663,peppan_g_8110,peppan_g_12644,peppan_g_17309,peppan_g_21895,peppan_g_26808,peppan_g_29705,peppan_g_35294,peppan_g_39292
PKJKAM_03616,peppan_g_3667,peppan_g_8096,peppan_g_12640,peppan_g_17305,peppan_g_21891,peppan_g_26804,peppan_g_29709,peppan_g_35298,peppan_g_39296
PKJKAM_03620,peppan_g_3671,peppan_g_8092,peppan_g_12636,peppan_g_17301,peppan_g_21887,peppan_g_26800,peppan_g_29713,peppan_g_35302,peppan_g_39300
PKJKAM_03621,peppan_g_3672,peppan_g_8091,peppan_g_12635,peppan_g_17300,peppan_g_21886,peppan_g_26799,peppan_g_29714,peppan_g_35303,peppan_g_39301
PKJKAM_03626,peppan_g_3677,peppan_g_8086,peppan_g_12630,peppan_g_17295,peppan_g_21881,peppan_g_26794,peppan_g_29719,peppan_g_35308,peppan_g_39306
PKJKAM_03644,peppan_g_3695,peppan_g_8068,peppan_g_12612,peppan_g_17277,peppan_g_21863,peppan_g_26776,peppan_g_29737,peppan_g_35326,peppan_g_39324
PKJKAM_03646,peppan_g_3697,peppan_g_8066,peppan_g_12610,peppan_g_17275,peppan_g_21861,peppan_g_26774,peppan_g_29739,peppan_g_35328,peppan_g_39326
PKJKAM_03647,peppan_g_3698,peppan_g_8065,peppan_g_12609,peppan_g_17274,peppan_g_21860,peppan_g_26773,peppan_g_29740,peppan_g_35329,peppan_g_39327
PKJKAM_03649,peppan_g_3700,peppan_g_8063,peppan_g_12607,peppan_g_17272,peppan_g_21858,peppan_g_26771,peppan_g_29742,peppan_g_35331,peppan_g_39329
PKJKAM_03659,peppan_g_3709,peppan_g_8057,peppan_g_12598,peppan_g_17263,peppan_g_21849,peppan_g_26762,peppan_g_29751,peppan_g_35340,peppan_g_39338
PKJKAM_03670,peppan_g_3720,peppan_g_8045,peppan_g_12585,peppan_g_17252,peppan_g_21838,peppan_g_26751,peppan_g_29762,peppan_g_35351,peppan_g_39351
PKJKAM_03679,peppan_g_3729,peppan_g_8036,peppan_g_12576,peppan_g_17243,peppan_g_21829,peppan_g_26742,peppan_g_29771,peppan_g_35360,peppan_g_39360
PKJKAM_03697,peppan_g_3746,peppan_g_8019,peppan_g_12559,peppan_g_17226,peppan_g_21812,peppan_g_26725,peppan_g_29788,peppan_g_35377,peppan_g_39377
PKJKAM_03720,peppan_g_3762,peppan_g_8003,peppan_g_12537,peppan_g_17204,peppan_g_21790,peppan_g_26703,peppan_g_29810,peppan_g_35399,peppan_g_39400
PKJKAM_03722,peppan_g_3764,peppan_g_8001,peppan_g_12535,peppan_g_17202,peppan_g_21788,peppan_g_26701,peppan_g_29812,peppan_g_35401,peppan_g_39402
PKJKAM_03738,peppan_g_3778,peppan_g_7987,peppan_g_12521,peppan_g_17188,peppan_g_21774,peppan_g_26687,peppan_g_29826,peppan_g_35415,peppan_g_39416
PKJKAM_03741,peppan_g_3781,peppan_g_7984,peppan_g_12518,peppan_g_17185,peppan_g_21771,peppan_g_26684,peppan_g_29829,peppan_g_35418,peppan_g_39419
PKJKAM_03765,peppan_g_3802,peppan_g_7962,peppan_g_12495,peppan_g_17163,peppan_g_21749,peppan_g_26662,peppan_g_29851,peppan_g_35440,peppan_g_39441
PKJKAM_03766,peppan_g_3803,peppan_g_7961,peppan_g_12494,peppan_g_17162,peppan_g_21748,peppan_g_26661,peppan_g_29852,peppan_g_35441,peppan_g_39442
PKJKAM_03771,peppan_g_3814,peppan_g_7956,peppan_g_12489,peppan_g_17157,peppan_g_21743,peppan_g_26656,peppan_g_29857,peppan_g_35446,peppan_g_39447
PKJKAM_03780,peppan_g_3823,peppan_g_7947,peppan_g_12480,peppan_g_17148,peppan_g_21734,peppan_g_26647,peppan_g_29866,peppan_g_35455,peppan_g_39456
PKJKAM_03781,peppan_g_3824,peppan_g_7946,peppan_g_12479,peppan_g_17147,peppan_g_21733,peppan_g_26646,peppan_g_29867,peppan_g_35456,peppan_g_39457
PKJKAM_03784,peppan_g_3827,peppan_g_7943,peppan_g_12476,peppan_g_17144,peppan_g_21730,peppan_g_26643,peppan_g_29870,peppan_g_35459,peppan_g_39460
PKJKAM_03791,peppan_g_3834,peppan_g_7936,peppan_g_12469,peppan_g_17137,peppan_g_21723,peppan_g_26636,peppan_g_29877,peppan_g_35466,peppan_g_39467
PKJKAM_03798,peppan_g_3840,peppan_g_7930,peppan_g_12463,peppan_g_17130,peppan_g_21716,peppan_g_26629,peppan_g_29884,peppan_g_35473,peppan_g_39474
PKJKAM_03832,peppan_g_3868,peppan_g_7898,peppan_g_12428,peppan_g_17095,peppan_g_21681,peppan_g_26594,peppan_g_29919,peppan_g_35508,peppan_g_39509
PKJKAM_03834,peppan_g_3870,peppan_g_7896,peppan_g_12421,peppan_g_17087,peppan_g_21673,peppan_g_26586,peppan_g_29926,peppan_g_35510,peppan_g_39511
PKJKAM_03841,peppan_g_3877,peppan_g_7889,peppan_g_12414,peppan_g_17080,peppan_g_21666,peppan_g_26579,peppan_g_29933,peppan_g_35517,peppan_g_39518
PKJKAM_03852,peppan_g_3888,peppan_g_7878,peppan_g_12402,peppan_g_17069,peppan_g_21655,peppan_g_26568,peppan_g_29944,peppan_g_35528,peppan_g_39529
PKJKAM_03854,peppan_g_3890,peppan_g_7876,peppan_g_12400,peppan_g_17067,peppan_g_21653,peppan_g_26566,peppan_g_29946,peppan_g_35530,peppan_g_39531
PKJKAM_03863,peppan_g_3897,peppan_g_7869,peppan_g_12393,peppan_g_17060,peppan_g_21646,peppan_g_26559,peppan_g_29953,peppan_g_35540,peppan_g_39538
PKJKAM_03883,peppan_g_3918,peppan_g_7849,peppan_g_12370,peppan_g_17040,peppan_g_21625,peppan_g_26539,peppan_g_29972,peppan_g_35560,peppan_g_39558
PKJKAM_03887,peppan_g_3922,peppan_g_7845,peppan_g_12366,peppan_g_17036,peppan_g_21621,peppan_g_26535,peppan_g_29976,peppan_g_35564,peppan_g_39562
PKJKAM_03898,peppan_g_3934,peppan_g_7834,peppan_g_12355,peppan_g_17025,peppan_g_21610,peppan_g_26524,peppan_g_29987,peppan_g_35575,peppan_g_39573
PKJKAM_03902,peppan_g_3938,peppan_g_7830,peppan_g_12351,peppan_g_17021,peppan_g_21606,peppan_g_26520,peppan_g_29991,peppan_g_35579,peppan_g_39577
PKJKAM_03906,peppan_g_3942,peppan_g_7826,peppan_g_12347,peppan_g_17017,peppan_g_21602,peppan_g_26516,peppan_g_27277,peppan_g_35583,peppan_g_39581
PKJKAM_03908,peppan_g_3944,peppan_g_7824,peppan_g_12345,peppan_g_17015,peppan_g_21600,peppan_g_26514,peppan_g_27279,peppan_g_35585,peppan_g_39583
PKJKAM_03909,peppan_g_3945,peppan_g_7823,peppan_g_12344,peppan_g_17014,peppan_g_21599,peppan_g_26513,peppan_g_27280,peppan_g_35586,peppan_g_39584
PKJKAM_03912,peppan_g_3948,peppan_g_7820,peppan_g_12341,peppan_g_17011,peppan_g_21596,peppan_g_26510,peppan_g_27283,peppan_g_35589,peppan_g_39587
PKJKAM_03926,peppan_g_652,peppan_g_6745,peppan_g_11176,peppan_g_15886,peppan_g_20423,peppan_g_25394,peppan_g_28888,peppan_g_35602,peppan_g_40757
PKJKAM_03929,peppan_g_655,peppan_g_6742,peppan_g_11173,peppan_g_15883,peppan_g_20420,peppan_g_25391,peppan_g_28891,peppan_g_35605,peppan_g_40760
PKJKAM_03933,peppan_g_659,peppan_g_6738,peppan_g_11169,peppan_g_15879,peppan_g_20416,peppan_g_25387,peppan_g_28895,peppan_g_35609,peppan_g_40764
PKJKAM_03958,peppan_g_682,peppan_g_6715,peppan_g_11146,peppan_g_15856,peppan_g_20393,peppan_g_25364,peppan_g_28918,peppan_g_35632,peppan_g_40787
PKJKAM_03959,peppan_g_683,peppan_g_6714,peppan_g_11145,peppan_g_15855,peppan_g_20392,peppan_g_25363,peppan_g_28919,peppan_g_35633,peppan_g_40788
PKJKAM_03961,peppan_g_685,peppan_g_6712,peppan_g_11143,peppan_g_15853,peppan_g_20390,peppan_g_25361,peppan_g_28921,peppan_g_35635,peppan_g_40790
PKJKAM_03962,peppan_g_686,peppan_g_6711,peppan_g_11142,peppan_g_15852,peppan_g_20389,peppan_g_25360,peppan_g_28922,peppan_g_35636,peppan_g_40791
PKJKAM_03972,peppan_g_696,peppan_g_6701,peppan_g_11132,peppan_g_15842,peppan_g_20379,peppan_g_25350,peppan_g_28932,peppan_g_35646,peppan_g_40801
PKJKAM_03975,peppan_g_699,peppan_g_6698,peppan_g_11129,peppan_g_15839,peppan_g_20376,peppan_g_25347,peppan_g_28935,peppan_g_35649,peppan_g_40804
PKJKAM_04038,peppan_g_750,peppan_g_6659,peppan_g_11078,peppan_g_15800,peppan_g_20336,peppan_g_25307,peppan_g_28983,peppan_g_35709,peppan_g_40851
PKJKAM_04068,peppan_g_778,peppan_g_6628,peppan_g_11051,peppan_g_15772,peppan_g_20309,peppan_g_25280,peppan_g_29013,peppan_g_35739,peppan_g_40869
PKJKAM_04081,peppan_g_788,peppan_g_6618,peppan_g_11041,peppan_g_15762,peppan_g_20299,peppan_g_25270,peppan_g_29023,peppan_g_35749,peppan_g_40879
PKJKAM_04083,peppan_g_790,peppan_g_6559,peppan_g_11039,peppan_g_15760,peppan_g_20297,peppan_g_25268,peppan_g_29025,peppan_g_35751,peppan_g_40881
PKJKAM_04088,peppan_g_795,peppan_g_6554,peppan_g_11034,peppan_g_15755,peppan_g_20292,peppan_g_25263,peppan_g_29030,peppan_g_35756,peppan_g_40886
PKJKAM_04092,peppan_g_799,peppan_g_6550,peppan_g_11030,peppan_g_15751,peppan_g_20288,peppan_g_25259,peppan_g_29034,peppan_g_35760,peppan_g_40890
PKJKAM_04099,peppan_g_806,peppan_g_6543,peppan_g_11023,peppan_g_15744,peppan_g_20281,peppan_g_25252,peppan_g_29041,peppan_g_35767,peppan_g_40897
PKJKAM_04110,peppan_g_817,peppan_g_6532,peppan_g_11012,peppan_g_15733,peppan_g_20270,peppan_g_25241,peppan_g_29052,peppan_g_35778,peppan_g_40908
PKJKAM_04116,peppan_g_822,peppan_g_6527,peppan_g_11007,peppan_g_15728,peppan_g_20265,peppan_g_25236,peppan_g_29057,peppan_g_35783,peppan_g_40913
PKJKAM_04120,peppan_g_826,peppan_g_6523,peppan_g_11003,peppan_g_15724,peppan_g_20261,peppan_g_25232,peppan_g_29061,peppan_g_35787,peppan_g_40917
PKJKAM_04124,peppan_g_830,peppan_g_6519,peppan_g_10999,peppan_g_15720,peppan_g_20257,peppan_g_25228,peppan_g_29065,peppan_g_35791,peppan_g_40921
PKJKAM_04133,peppan_g_839,peppan_g_6510,peppan_g_10990,peppan_g_15711,peppan_g_20248,peppan_g_25219,peppan_g_29074,peppan_g_35800,peppan_g_40930
PKJKAM_04163,peppan_g_875,peppan_g_6484,peppan_g_10079,peppan_g_14718,peppan_g_20171,peppan_g_25197,peppan_g_31149,peppan_g_35820,peppan_g_36374
PKJKAM_04167,peppan_g_878,peppan_g_6481,peppan_g_10082,peppan_g_14721,peppan_g_20168,peppan_g_25194,peppan_g_31152,peppan_g_35823,peppan_g_36377
PKJKAM_04170,peppan_g_881,peppan_g_6478,peppan_g_10085,peppan_g_14724,peppan_g_20165,peppan_g_25191,peppan_g_31155,peppan_g_35826,peppan_g_36380
PKJKAM_04178,peppan_g_889,peppan_g_6470,peppan_g_10093,peppan_g_14732,peppan_g_20157,peppan_g_25183,peppan_g_31163,peppan_g_35834,peppan_g_36388
PKJKAM_04180,peppan_g_891,peppan_g_6468,peppan_g_10095,peppan_g_14734,peppan_g_20155,peppan_g_25181,peppan_g_31165,peppan_g_35836,peppan_g_36390
PKJKAM_04184,peppan_g_895,peppan_g_6464,peppan_g_10099,peppan_g_14738,peppan_g_20151,peppan_g_25177,peppan_g_31169,peppan_g_35840,peppan_g_36394
PKJKAM_04185,peppan_g_896,peppan_g_6463,peppan_g_10100,peppan_g_14739,peppan_g_20150,peppan_g_25176,peppan_g_31170,peppan_g_35841,peppan_g_36395
PKJKAM_04188,peppan_g_899,peppan_g_6460,peppan_g_10103,peppan_g_14742,peppan_g_20147,peppan_g_25173,peppan_g_31173,peppan_g_35844,peppan_g_36398
PKJKAM_04210,peppan_g_918,peppan_g_6441,peppan_g_10122,peppan_g_14761,peppan_g_20127,peppan_g_25154,peppan_g_31192,peppan_g_35863,peppan_g_36417
PKJKAM_04220,peppan_g_927,peppan_g_6431,peppan_g_10132,peppan_g_14771,peppan_g_20117,peppan_g_25144,peppan_g_31202,peppan_g_35873,peppan_g_36427
PKJKAM_04313,peppan_g_1003,peppan_g_6347,peppan_g_10207,peppan_g_14907,peppan_g_20034,peppan_g_25061,peppan_g_31299,peppan_g_35969,peppan_g_36513
PKJKAM_04319,peppan_g_1009,peppan_g_6341,peppan_g_10213,peppan_g_14913,peppan_g_20028,peppan_g_25055,peppan_g_31305,peppan_g_35975,peppan_g_36519
PKJKAM_04324,peppan_g_1013,peppan_g_6337,peppan_g_10217,peppan_g_14917,peppan_g_20024,peppan_g_25051,peppan_g_31309,peppan_g_35979,peppan_g_36523
PKJKAM_04326,peppan_g_1015,peppan_g_6335,peppan_g_10219,peppan_g_14919,peppan_g_20022,peppan_g_25049,peppan_g_31311,peppan_g_35981,peppan_g_36525
PKJKAM_04328,peppan_g_1017,peppan_g_6333,peppan_g_10221,peppan_g_14921,peppan_g_20020,peppan_g_25047,peppan_g_31313,peppan_g_35983,peppan_g_36527
PKJKAM_04332,peppan_g_1021,peppan_g_6329,peppan_g_10225,peppan_g_14925,peppan_g_20016,peppan_g_25043,peppan_g_31317,peppan_g_35987,peppan_g_36531
PKJKAM_04333,peppan_g_1022,peppan_g_6328,peppan_g_10226,peppan_g_14926,peppan_g_20015,peppan_g_25042,peppan_g_31318,peppan_g_35988,peppan_g_36532
PKJKAM_04345,peppan_g_1034,peppan_g_6316,peppan_g_10238,peppan_g_14938,peppan_g_20003,peppan_g_25030,peppan_g_31330,peppan_g_36000,peppan_g_36544
PKJKAM_04351,peppan_g_1039,peppan_g_6311,peppan_g_10243,peppan_g_14943,peppan_g_19997,peppan_g_25025,peppan_g_31335,peppan_g_36005,peppan_g_36549
PKJKAM_04361,peppan_g_1049,peppan_g_6301,peppan_g_10253,peppan_g_14953,peppan_g_19987,peppan_g_25015,peppan_g_31345,peppan_g_36015,peppan_g_36559
PKJKAM_04362,peppan_g_1050,peppan_g_6300,peppan_g_10254,peppan_g_14954,peppan_g_19986,peppan_g_25014,peppan_g_31346,peppan_g_36016,peppan_g_36560
PKJKAM_04383,peppan_g_1070,peppan_g_6279,peppan_g_10276,peppan_g_14975,peppan_g_19966,peppan_g_24994,peppan_g_31368,peppan_g_36036,peppan_g_36580
PKJKAM_04398,peppan_g_1632,peppan_g_6264,peppan_g_10291,peppan_g_14990,peppan_g_19951,peppan_g_24979,peppan_g_31383,peppan_g_36051,peppan_g_36595
PKJKAM_04403,peppan_g_1627,peppan_g_6259,peppan_g_10296,peppan_g_14995,peppan_g_19946,peppan_g_24974,peppan_g_31388,peppan_g_36056,peppan_g_36600
PKJKAM_04411,peppan_g_1621,peppan_g_6253,peppan_g_10302,peppan_g_15001,peppan_g_19940,peppan_g_24968,peppan_g_31394,peppan_g_36062,peppan_g_36606
PKJKAM_04412,peppan_g_1620,peppan_g_6252,peppan_g_10303,peppan_g_15002,peppan_g_19939,peppan_g_24967,peppan_g_31395,peppan_g_36063,peppan_g_36607
PKJKAM_04425,peppan_g_1607,peppan_g_6239,peppan_g_10316,peppan_g_15015,peppan_g_19926,peppan_g_24954,peppan_g_31408,peppan_g_36076,peppan_g_36620
PKJKAM_04429,peppan_g_1603,peppan_g_6235,peppan_g_10320,peppan_g_15019,peppan_g_19922,peppan_g_24950,peppan_g_31412,peppan_g_36080,peppan_g_36624
PKJKAM_04436,peppan_g_1596,peppan_g_6228,peppan_g_10327,peppan_g_15026,peppan_g_19915,peppan_g_24943,peppan_g_31419,peppan_g_36087,peppan_g_36631
PKJKAM_04449,peppan_g_1584,peppan_g_6216,peppan_g_10339,peppan_g_15038,peppan_g_19903,peppan_g_24931,peppan_g_31431,peppan_g_36099,peppan_g_36643
PKJKAM_04451,peppan_g_1582,peppan_g_6214,peppan_g_10341,peppan_g_15040,peppan_g_19901,peppan_g_24929,peppan_g_31433,peppan_g_36101,peppan_g_36645
PKJKAM_04461,peppan_g_1573,peppan_g_6205,peppan_g_10350,peppan_g_15050,peppan_g_19891,peppan_g_24919,peppan_g_31443,peppan_g_36110,peppan_g_36654
PKJKAM_04474,peppan_g_1561,peppan_g_6193,peppan_g_10362,peppan_g_15062,peppan_g_19879,peppan_g_24907,peppan_g_31455,peppan_g_36122,peppan_g_36666
PKJKAM_04480,peppan_g_1551,peppan_g_6183,peppan_g_10368,peppan_g_15068,peppan_g_19873,peppan_g_24901,peppan_g_31461,peppan_g_36128,peppan_g_36672
PKJKAM_04489,peppan_g_1541,peppan_g_6174,peppan_g_10377,peppan_g_15077,peppan_g_19863,peppan_g_24892,peppan_g_31470,peppan_g_36137,peppan_g_36681
PKJKAM_04491,peppan_g_1539,peppan_g_6172,peppan_g_10379,peppan_g_15079,peppan_g_19861,peppan_g_24890,peppan_g_31472,peppan_g_36139,peppan_g_36683
PKJKAM_04506,peppan_g_1524,peppan_g_6157,peppan_g_10394,peppan_g_15094,peppan_g_19846,peppan_g_24875,peppan_g_31487,peppan_g_36154,peppan_g_36698
PKJKAM_04511,peppan_g_1519,peppan_g_6152,peppan_g_10399,peppan_g_15099,peppan_g_19841,peppan_g_24870,peppan_g_31492,peppan_g_36159,peppan_g_36703
PKJKAM_04517,peppan_g_1513,peppan_g_6146,peppan_g_10405,peppan_g_15104,peppan_g_19836,peppan_g_24865,peppan_g_31497,peppan_g_36164,peppan_g_36708
PKJKAM_04519,peppan_g_1511,peppan_g_6145,peppan_g_10406,peppan_g_15105,peppan_g_19835,peppan_g_24864,peppan_g_31498,peppan_g_36165,peppan_g_36709
PKJKAM_04529,peppan_g_1501,peppan_g_6135,peppan_g_10416,peppan_g_15115,peppan_g_19825,peppan_g_24854,peppan_g_31508,peppan_g_36175,peppan_g_36719
PKJKAM_04538,peppan_g_1494,peppan_g_6128,peppan_g_10423,peppan_g_15122,peppan_g_19818,peppan_g_24847,peppan_g_31515,peppan_g_36182,peppan_g_36726
PKJKAM_04565,peppan_g_1474,peppan_g_6101,peppan_g_10454,peppan_g_15149,peppan_g_19791,peppan_g_24820,peppan_g_31542,peppan_g_36209,peppan_g_36757
PKJKAM_04568,peppan_g_1471,peppan_g_6098,peppan_g_10457,peppan_g_15152,peppan_g_19788,peppan_g_24817,peppan_g_31545,peppan_g_36212,peppan_g_36760
PKJKAM_04606,peppan_g_1440,peppan_g_6061,peppan_g_10496,peppan_g_15189,peppan_g_19751,peppan_g_24780,peppan_g_31582,peppan_g_36249,peppan_g_36797
PKJKAM_04607,peppan_g_1439,peppan_g_6060,peppan_g_10497,peppan_g_15190,peppan_g_19750,peppan_g_24779,peppan_g_31583,peppan_g_36250,peppan_g_36798
PKJKAM_04614,peppan_g_1430,peppan_g_6051,peppan_g_10504,peppan_g_15197,peppan_g_19743,peppan_g_24772,peppan_g_31590,peppan_g_36257,peppan_g_36805
PKJKAM_04634,peppan_g_1417,peppan_g_6028,peppan_g_10527,peppan_g_15206,peppan_g_19723,peppan_g_24752,peppan_g_31608,peppan_g_36275,peppan_g_36828
PKJKAM_04635,peppan_g_1415,peppan_g_6026,peppan_g_10529,peppan_g_15208,peppan_g_19721,peppan_g_24750,peppan_g_31610,peppan_g_36277,peppan_g_36830
PKJKAM_04637,peppan_g_1413,peppan_g_6024,peppan_g_10531,peppan_g_15210,peppan_g_19719,peppan_g_24748,peppan_g_31612,peppan_g_36279,peppan_g_36832
PKJKAM_04639,peppan_g_1411,peppan_g_6022,peppan_g_10533,peppan_g_15212,peppan_g_19717,peppan_g_24746,peppan_g_31614,peppan_g_36281,peppan_g_36834
PKJKAM_04641,peppan_g_1409,peppan_g_6020,peppan_g_10535,peppan_g_15214,peppan_g_19715,peppan_g_24744,peppan_g_31616,peppan_g_36283,peppan_g_36836
PKJKAM_04647,peppan_g_1405,peppan_g_6015,peppan_g_10540,peppan_g_15219,peppan_g_19710,peppan_g_24739,peppan_g_31621,peppan_g_36288,peppan_g_36841
PKJKAM_04653,peppan_g_1399,peppan_g_6009,peppan_g_10546,peppan_g_15225,peppan_g_19704,peppan_g_24733,peppan_g_31627,peppan_g_36294,peppan_g_36847
PKJKAM_04657,peppan_g_1395,peppan_g_6005,peppan_g_10550,peppan_g_15229,peppan_g_19700,peppan_g_24729,peppan_g_31631,peppan_g_36298,peppan_g_36851
PKJKAM_04663,peppan_g_1391,peppan_g_6001,peppan_g_10554,peppan_g_15233,peppan_g_19696,peppan_g_24725,peppan_g_31635,peppan_g_36302,peppan_g_36855
PKJKAM_04671,peppan_g_1384,peppan_g_5994,peppan_g_10561,peppan_g_15240,peppan_g_19689,peppan_g_24718,peppan_g_31642,peppan_g_36309,peppan_g_36862
PKJKAM_04678,peppan_g_1377,peppan_g_5987,peppan_g_10568,peppan_g_15247,peppan_g_19682,peppan_g_24711,peppan_g_31649,peppan_g_36316,peppan_g_36869
PKJKAM_04679,peppan_g_1376,peppan_g_5986,peppan_g_10569,peppan_g_15248,peppan_g_19681,peppan_g_24710,peppan_g_31650,peppan_g_36317,peppan_g_36870
PKJKAM_04686,peppan_g_1370,peppan_g_5980,peppan_g_10575,peppan_g_15254,peppan_g_19675,peppan_g_24704,peppan_g_31656,peppan_g_36323,peppan_g_36876
AJBGEP_00038,peppan_g_37,peppan_g_4542,peppan_g_9080,peppan_g_13587,peppan_g_18212,peppan_g_23307,peppan_g_30206,peppan_g_33817,
AJBGEP_01129,peppan_g_1745,peppan_g_5615,,peppan_g_14673,peppan_g_19256,peppan_g_24288,peppan_g_27766,peppan_g_32452,peppan_g_37306
AJBGEP_01132,peppan_g_1742,peppan_g_5618,,peppan_g_14676,peppan_g_19259,peppan_g_24291,peppan_g_27769,peppan_g_32449,peppan_g_37303
AJBGEP_01188,,peppan_g_5671,peppan_g_10875,peppan_g_15560,peppan_g_19312,peppan_g_24344,peppan_g_27959,peppan_g_32614,peppan_g_37250
AJBGEP_01436,,peppan_g_5848,peppan_g_10706,peppan_g_15383,peppan_g_19546,peppan_g_24575,peppan_g_31785,peppan_g_32684,peppan_g_37006
AJBGEP_01654,,peppan_g_6064,peppan_g_10493,peppan_g_15186,peppan_g_19754,peppan_g_24783,peppan_g_31579,peppan_g_36246,peppan_g_36794
AJBGEP_01715,,peppan_g_6124,peppan_g_10427,peppan_g_15126,peppan_g_19814,peppan_g_24843,peppan_g_31519,peppan_g_36186,peppan_g_36730
AJBGEP_01957,peppan_g_990,peppan_g_6359,,peppan_g_14894,peppan_g_20047,peppan_g_25074,peppan_g_31278,peppan_g_35948,peppan_g_36501
AJBGEP_02254,peppan_g_761,peppan_g_6648,peppan_g_11067,peppan_g_15789,peppan_g_20325,peppan_g_25296,peppan_g_28994,peppan_g_35720,
AJBGEP_02255,peppan_g_760,peppan_g_6649,peppan_g_11068,peppan_g_15790,peppan_g_20326,peppan_g_25297,peppan_g_28993,peppan_g_35719,
AJBGEP_03705,,peppan_g_7902,peppan_g_12432,peppan_g_17099,peppan_g_21685,peppan_g_26598,peppan_g_29915,peppan_g_35504,peppan_g_39505
AJBGEP_03881,peppan_g_3704,,peppan_g_12603,peppan_g_17268,peppan_g_21854,peppan_g_26767,peppan_g_29746,peppan_g_35335,peppan_g_39333
AJBGEP_03899,peppan_g_3686,peppan_g_8077,peppan_g_12621,peppan_g_17286,peppan_g_21872,peppan_g_26785,peppan_g_29728,peppan_g_35317,
AJBGEP_04100,peppan_g_3289,,peppan_g_12805,peppan_g_17461,peppan_g_22060,peppan_g_26968,peppan_g_27676,peppan_g_33361,peppan_g_39084
AJBGEP_04109,peppan_g_3277,peppan_g_8278,peppan_g_12817,peppan_g_17470,peppan_g_22069,peppan_g_26977,peppan_g_27667,peppan_g_33352,
AJBGEP_04230,,peppan_g_8377,peppan_g_12923,peppan_g_17572,peppan_g_22174,peppan_g_27082,peppan_g_27809,peppan_g_33254,peppan_g_38977
AJBGEP_04231,,peppan_g_8378,peppan_g_12924,peppan_g_17573,peppan_g_22175,peppan_g_27083,peppan_g_27810,peppan_g_33253,peppan_g_38976
AJBGEP_04682,,peppan_g_8821,peppan_g_13364,peppan_g_17958,peppan_g_22595,peppan_g_23154,peppan_g_30376,peppan_g_33961,peppan_g_38554
BEJGEH_00033,peppan_g_31,peppan_g_4536,peppan_g_9074,peppan_g_13581,peppan_g_18206,peppan_g_23301,peppan_g_30212,peppan_g_33823,
BEJGEH_00038,peppan_g_36,peppan_g_4541,peppan_g_9079,peppan_g_13586,peppan_g_18211,peppan_g_23306,peppan_g_30207,peppan_g_33818,
BEJGEH_00087,peppan_g_82,peppan_g_4587,peppan_g_9125,,peppan_g_18258,peppan_g_23352,peppan_g_30161,peppan_g_33772,peppan_g_38354
BEJGEH_00534,peppan_g_2276,,peppan_g_9551,peppan_g_14070,peppan_g_18693,peppan_g_23784,peppan_g_29360,peppan_g_34904,peppan_g_37907
BEJGEH_00537,peppan_g_2273,,peppan_g_9554,peppan_g_14073,peppan_g_18696,peppan_g_23787,peppan_g_29363,peppan_g_34901,peppan_g_37904
BEJGEH_00540,peppan_g_2271,,peppan_g_9556,peppan_g_14075,peppan_g_18698,peppan_g_23789,peppan_g_29365,peppan_g_34899,peppan_g_37902
BEJGEH_00575,,peppan_g_5184,peppan_g_9591,peppan_g_14174,peppan_g_18733,peppan_g_23824,peppan_g_29459,peppan_g_34813,peppan_g_37863
BEJGEH_00576,,peppan_g_5185,peppan_g_9592,peppan_g_14175,peppan_g_18734,peppan_g_23825,peppan_g_29460,peppan_g_34812,peppan_g_37862
BEJGEH_00585,peppan_g_2230,,peppan_g_9601,peppan_g_14184,peppan_g_18750,peppan_g_23841,peppan_g_29469,peppan_g_34796,peppan_g_37853
BEJGEH_00670,peppan_g_2153,,peppan_g_9683,peppan_g_14266,peppan_g_18832,peppan_g_23923,peppan_g_29551,peppan_g_32213,peppan_g_37771
BEJGEH_01288,peppan_g_1073,peppan_g_6276,peppan_g_10279,peppan_g_14978,peppan_g_19963,peppan_g_24991,peppan_g_31371,peppan_g_36039,
BEJGEH_01307,peppan_g_1625,,peppan_g_10298,peppan_g_14997,peppan_g_19944,peppan_g_24972,peppan_g_31390,peppan_g_36058,peppan_g_36602
BEJGEH_01441,,peppan_g_6126,peppan_g_10425,peppan_g_15124,peppan_g_19816,peppan_g_24845,peppan_g_31517,peppan_g_36184,peppan_g_36728
BEJGEH_01523,,peppan_g_6049,peppan_g_10506,peppan_g_15199,peppan_g_19741,peppan_g_24770,peppan_g_31592,peppan_g_36259,peppan_g_36807
BEJGEH_01553,,peppan_g_6018,peppan_g_10537,peppan_g_15216,peppan_g_19713,peppan_g_24742,peppan_g_31618,peppan_g_36285,peppan_g_36838
BEJGEH_01732,,peppan_g_5846,peppan_g_10708,peppan_g_15385,peppan_g_19544,peppan_g_24573,peppan_g_31787,peppan_g_32686,peppan_g_37008
BEJGEH_01737,,peppan_g_5841,peppan_g_10713,peppan_g_15390,peppan_g_19539,peppan_g_24568,peppan_g_31792,peppan_g_32691,peppan_g_37013
BEJGEH_01906,,peppan_g_5670,peppan_g_10876,peppan_g_15561,peppan_g_19311,peppan_g_24343,peppan_g_27958,peppan_g_32397,peppan_g_37251
BEJGEH_02102,peppan_g_773,peppan_g_6633,peppan_g_11056,peppan_g_15777,peppan_g_20314,peppan_g_25285,peppan_g_29008,peppan_g_35734,
BEJGEH_02111,peppan_g_763,peppan_g_6646,peppan_g_11065,peppan_g_15787,peppan_g_20323,peppan_g_25294,peppan_g_28996,peppan_g_35722,
BEJGEH_02260,peppan_g_620,,peppan_g_11208,peppan_g_15918,peppan_g_20455,peppan_g_25426,peppan_g_28856,peppan_g_34727,peppan_g_40725
BEJGEH_02534,,peppan_g_7032,peppan_g_11470,peppan_g_16187,peppan_g_20728,peppan_g_25697,peppan_g_28375,peppan_g_34465,peppan_g_40463
BEJGEH_02563,peppan_g_319,,peppan_g_11499,peppan_g_16215,peppan_g_20755,peppan_g_25724,peppan_g_28348,peppan_g_34438,peppan_g_40436
BEJGEH_02894,peppan_g_2720,peppan_g_7307,peppan_g_11809,peppan_g_16490,peppan_g_21081,peppan_g_25991,,peppan_g_34200,peppan_g_40116
BEJGEH_02895,peppan_g_2721,peppan_g_7308,peppan_g_11810,peppan_g_16491,peppan_g_21082,peppan_g_25992,,peppan_g_34199,peppan_g_40115
BEJGEH_03459,peppan_g_3950,peppan_g_7818,peppan_g_12339,peppan_g_17009,peppan_g_21594,peppan_g_26508,peppan_g_27285,,peppan_g_39589
BEJGEH_03690,,peppan_g_8020,peppan_g_12560,peppan_g_17227,peppan_g_21813,peppan_g_26726,peppan_g_29787,peppan_g_35376,peppan_g_39376
BEJGEH_03736,peppan_g_3702,,peppan_g_12605,peppan_g_17270,peppan_g_21856,peppan_g_26769,peppan_g_29744,peppan_g_35333,peppan_g_39331
BEJGEH_04548,,peppan_g_8820,peppan_g_13363,peppan_g_17957,peppan_g_22594,peppan_g_23153,peppan_g_30377,peppan_g_33962,peppan_g_38555
BEJGEH_04550,,peppan_g_8822,peppan_g_13365,peppan_g_17959,peppan_g_22596,peppan_g_23155,peppan_g_30375,peppan_g_33960,peppan_g_38553
GEGEGB_00822,peppan_g_759,peppan_g_6650,peppan_g_11069,peppan_g_15791,peppan_g_20327,peppan_g_25298,peppan_g_28992,peppan_g_35718,
GEGEGB_00827,peppan_g_764,peppan_g_6645,peppan_g_11064,peppan_g_15786,peppan_g_20322,peppan_g_25293,peppan_g_28997,peppan_g_35723,
GEGEGB_01077,peppan_g_992,peppan_g_6357,,peppan_g_14896,peppan_g_20045,peppan_g_25072,peppan_g_31280,peppan_g_35950,peppan_g_36503
GEGEGB_01158,peppan_g_1067,peppan_g_6283,peppan_g_10271,,peppan_g_19969,peppan_g_24997,peppan_g_31363,peppan_g_36033,peppan_g_36577
GEGEGB_01544,peppan_g_1424,peppan_g_6035,peppan_g_10520,,peppan_g_19730,peppan_g_24759,peppan_g_31601,peppan_g_36268,peppan_g_36821
GEGEGB_01545,peppan_g_1425,peppan_g_6036,peppan_g_10519,,peppan_g_19731,peppan_g_24760,peppan_g_31600,peppan_g_36267,peppan_g_36820
GEGEGB_01660,peppan_g_1530,,peppan_g_10388,peppan_g_15088,peppan_g_19852,peppan_g_24881,peppan_g_31481,peppan_g_36148,peppan_g_36692
GEGEGB_01885,peppan_g_1743,peppan_g_5617,,peppan_g_14675,peppan_g_19258,peppan_g_24290,peppan_g_27768,peppan_g_32450,peppan_g_37304
GEGEGB_01892,peppan_g_1749,peppan_g_5611,,peppan_g_14669,peppan_g_19252,peppan_g_24284,peppan_g_27762,peppan_g_32456,peppan_g_37310
GEGEGB_02000,peppan_g_1849,peppan_g_6370,,peppan_g_14886,peppan_g_20055,peppan_g_25082,peppan_g_31267,peppan_g_35936,peppan_g_36490
GEGEGB_02007,peppan_g_1856,peppan_g_6599,,peppan_g_14567,peppan_g_19147,peppan_g_24419,peppan_g_27437,peppan_g_32126,peppan_g_37411
GEGEGB_02455,peppan_g_2274,,peppan_g_9553,peppan_g_14072,peppan_g_18695,peppan_g_23786,peppan_g_29362,peppan_g_34902,peppan_g_37905
GEGEGB_02459,peppan_g_2277,,peppan_g_9550,peppan_g_14069,peppan_g_18692,peppan_g_23783,peppan_g_29359,peppan_g_34905,peppan_g_37908
GEGEGB_02460,peppan_g_2278,,peppan_g_9549,peppan_g_14068,peppan_g_18691,peppan_g_23782,peppan_g_29358,peppan_g_34906,peppan_g_37909
GEGEGB_03097,peppan_g_2862,peppan_g_7434,peppan_g_11948,peppan_g_16627,peppan_g_21211,peppan_g_26121,peppan_g_30831,peppan_g_34065,
GEGEGB_03239,peppan_g_2993,peppan_g_7564,,peppan_g_16754,peppan_g_21338,peppan_g_26248,peppan_g_30704,peppan_g_33664,peppan_g_39841
GEGEGB_03341,peppan_g_3082,peppan_g_7650,peppan_g_12168,peppan_g_16838,,peppan_g_26337,peppan_g_30614,peppan_g_33536,peppan_g_39757
GEGEGB_03343,peppan_g_3084,peppan_g_7652,peppan_g_12170,peppan_g_16840,,peppan_g_26339,peppan_g_30612,peppan_g_33534,peppan_g_39755
GEGEGB_03571,peppan_g_3290,,peppan_g_12804,peppan_g_17460,peppan_g_22059,peppan_g_26967,peppan_g_27677,peppan_g_33362,peppan_g_39085
GEGEGB_03970,peppan_g_3644,peppan_g_8124,,peppan_g_17327,peppan_g_21914,peppan_g_26827,peppan_g_29691,peppan_g_35280,peppan_g_39278
GEGEGB_04032,peppan_g_3703,,peppan_g_12604,peppan_g_17269,peppan_g_21855,peppan_g_26768,peppan_g_29745,peppan_g_35334,peppan_g_39332
GEGEGB_04791,peppan_g_4418,peppan_g_8831,peppan_g_13414,peppan_g_17985,peppan_g_22610,peppan_g_23172,peppan_g_30346,peppan_g_33951,
HFCAGB_00299,peppan_g_2511,peppan_g_4785,peppan_g_9319,peppan_g_13830,peppan_g_18456,peppan_g_23550,peppan_g_29116,peppan_g_35149,
HFCAGB_00372,,peppan_g_4867,peppan_g_9386,peppan_g_13904,peppan_g_18527,peppan_g_23618,peppan_g_29194,peppan_g_35070,peppan_g_38073
HFCAGB_00461,peppan_g_2361,,peppan_g_9467,peppan_g_13987,peppan_g_18610,peppan_g_23701,peppan_g_29277,peppan_g_34987,peppan_g_37990
HFCAGB_00557,peppan_g_2268,,peppan_g_9559,peppan_g_14078,peppan_g_18701,peppan_g_23792,peppan_g_29368,peppan_g_34896,peppan_g_37899
HFCAGB_00558,peppan_g_2267,,peppan_g_9560,peppan_g_14079,peppan_g_18702,peppan_g_23793,peppan_g_29369,peppan_g_34895,peppan_g_37898
HFCAGB_00566,,peppan_g_5028,peppan_g_9568,peppan_g_14087,peppan_g_18710,peppan_g_23801,peppan_g_29377,peppan_g_34887,peppan_g_37890
HFCAGB_01047,peppan_g_1882,,peppan_g_9963,peppan_g_14546,peppan_g_19127,peppan_g_24216,peppan_g_28668,peppan_g_31998,peppan_g_37434
HFCAGB_01176,peppan_g_1748,peppan_g_5612,,peppan_g_14670,peppan_g_19253,peppan_g_24285,peppan_g_27763,peppan_g_32455,peppan_g_37309
HFCAGB_01281,,peppan_g_6435,peppan_g_10128,peppan_g_14767,peppan_g_20121,peppan_g_25148,peppan_g_31198,peppan_g_35869,peppan_g_36423
HFCAGB_01658,,peppan_g_6120,peppan_g_10431,peppan_g_15130,peppan_g_19810,peppan_g_24839,peppan_g_31523,peppan_g_36190,peppan_g_36734
HFCAGB_01703,,peppan_g_6076,peppan_g_10479,peppan_g_15174,peppan_g_19766,peppan_g_24795,peppan_g_31567,peppan_g_36234,peppan_g_36782
HFCAGB_01712,,peppan_g_6067,peppan_g_10490,peppan_g_15183,peppan_g_19757,peppan_g_24786,peppan_g_31576,peppan_g_36243,peppan_g_36791
HFCAGB_01926,,peppan_g_5847,peppan_g_10707,peppan_g_15384,peppan_g_19545,peppan_g_24574,peppan_g_31786,peppan_g_32685,peppan_g_37007
HFCAGB_01931,,peppan_g_5842,peppan_g_10712,peppan_g_15389,peppan_g_19540,peppan_g_24569,peppan_g_31791,peppan_g_32690,peppan_g_37012
HFCAGB_02358,peppan_g_757,peppan_g_6652,peppan_g_11071,peppan_g_15793,peppan_g_20329,peppan_g_25300,peppan_g_28990,peppan_g_35716,
HFCAGB_04658,peppan_g_4352,peppan_g_8790,,peppan_g_17927,peppan_g_22564,peppan_g_23123,peppan_g_30406,peppan_g_33991,peppan_g_38585
IKCLMC_00626,peppan_g_1744,peppan_g_5616,,peppan_g_14674,peppan_g_19257,peppan_g_24289,peppan_g_27767,peppan_g_32451,peppan_g_37305
IKCLMC_01526/2,peppan_g_1375,peppan_g_5985,,peppan_g_15249,peppan_g_19680,peppan_g_24709,peppan_g_31651,peppan_g_36318,peppan_g_36871
IKCLMC_01780,peppan_g_641,peppan_g_6756,peppan_g_11187,peppan_g_15897,peppan_g_20434,peppan_g_25405,peppan_g_28877,,peppan_g_40746
IKCLMC_01898,peppan_g_758,peppan_g_6651,peppan_g_11070,peppan_g_15792,peppan_g_20328,peppan_g_25299,peppan_g_28991,peppan_g_35717,
IKCLMC_02106,,peppan_g_4868,peppan_g_9387,peppan_g_13905,peppan_g_18528,peppan_g_23619,peppan_g_29195,peppan_g_35069,peppan_g_38072
IKCLMC_02272,peppan_g_2282,,peppan_g_9545,peppan_g_14064,peppan_g_18687,peppan_g_23778,peppan_g_29354,peppan_g_34910,peppan_g_37913
IKCLMC_02274,peppan_g_2280,,peppan_g_9547,peppan_g_14066,peppan_g_18689,peppan_g_23780,peppan_g_29356,peppan_g_34908,peppan_g_37911
IKCLMC_02275,peppan_g_2279,,peppan_g_9548,peppan_g_14067,peppan_g_18690,peppan_g_23781,peppan_g_29357,peppan_g_34907,peppan_g_37910
IKCLMC_02285,peppan_g_2270,,peppan_g_9557,peppan_g_14076,peppan_g_18699,peppan_g_23790,peppan_g_29366,peppan_g_34898,peppan_g_37901
IKCLMC_02286,peppan_g_2269,,peppan_g_9558,peppan_g_14077,peppan_g_18700,peppan_g_23791,peppan_g_29367,peppan_g_34897,peppan_g_37900
IKCLMC_02289,peppan_g_2266,,peppan_g_9561,peppan_g_14080,peppan_g_18703,peppan_g_23794,peppan_g_29370,peppan_g_34894,peppan_g_37897
IKCLMC_02391,peppan_g_2228,,peppan_g_9603,peppan_g_14186,peppan_g_18752,peppan_g_23843,peppan_g_29471,peppan_g_34794,peppan_g_37851
IKCLMC_02836,peppan_g_3854,peppan_g_7916,,peppan_g_17116,peppan_g_21702,peppan_g_26615,peppan_g_29898,peppan_g_35487,peppan_g_39488
IKCLMC_03013,,peppan_g_4678,peppan_g_9228,peppan_g_13725,peppan_g_18350,peppan_g_23444,peppan_g_30067,peppan_g_32568,peppan_g_38258
IKCLMC_03160,peppan_g_38,peppan_g_4543,peppan_g_9081,peppan_g_13588,peppan_g_18213,peppan_g_23308,peppan_g_30205,peppan_g_33816,
IKCLMC_03334,,peppan_g_8823,peppan_g_13366,peppan_g_17960,peppan_g_22597,peppan_g_23156,peppan_g_30374,peppan_g_33959,peppan_g_38552
IKCLMC_04802,,peppan_g_5853,peppan_g_10701,peppan_g_15378,peppan_g_19551,peppan_g_24580,peppan_g_31780,peppan_g_32679,peppan_g_37001
IKCLMC_04811,,peppan_g_5844,peppan_g_10710,peppan_g_15387,peppan_g_19542,peppan_g_24571,peppan_g_31789,peppan_g_32688,peppan_g_37010
LNHIMF_00184,,peppan_g_4679,peppan_g_9229,peppan_g_13726,peppan_g_18351,peppan_g_23445,peppan_g_30066,peppan_g_32567,peppan_g_38257
LNHIMF_00189/2,peppan_g_180,,peppan_g_9234,peppan_g_13731,peppan_g_18356,peppan_g_23450,peppan_g_30061,peppan_g_32555,peppan_g_38245
LNHIMF_01090,peppan_g_1815,peppan_g_5546,peppan_g_9966,peppan_g_14604,peppan_g_19187,peppan_g_24219,peppan_g_27697,,peppan_g_37375
LNHIMF_01401,,peppan_g_5845,peppan_g_10709,peppan_g_15386,peppan_g_19543,peppan_g_24572,peppan_g_31788,peppan_g_32687,peppan_g_37009
LNHIMF_01405,,peppan_g_5849,peppan_g_10705,peppan_g_15382,peppan_g_19547,peppan_g_24576,peppan_g_31784,peppan_g_32683,peppan_g_37005
LNHIMF_01597,peppan_g_1422,peppan_g_6033,peppan_g_10522,,peppan_g_19728,peppan_g_24757,peppan_g_31603,peppan_g_36270,peppan_g_36823
LNHIMF_01598,peppan_g_1423,peppan_g_6034,peppan_g_10521,,peppan_g_19729,peppan_g_24758,peppan_g_31602,peppan_g_36269,peppan_g_36822
LNHIMF_01631,,peppan_g_6068,peppan_g_10489,peppan_g_15182,peppan_g_19758,peppan_g_24787,peppan_g_31575,peppan_g_36242,peppan_g_36790
LNHIMF_01686,,peppan_g_6123,peppan_g_10428,peppan_g_15127,peppan_g_19813,peppan_g_24842,peppan_g_31520,peppan_g_36187,peppan_g_36731
LNHIMF_01687,,peppan_g_6125,peppan_g_10426,peppan_g_15125,peppan_g_19815,peppan_g_24844,peppan_g_31518,peppan_g_36185,peppan_g_36729
LNHIMF_02183,peppan_g_1857,peppan_g_6600,,peppan_g_14566,peppan_g_19146,peppan_g_24418,peppan_g_27436,peppan_g_32127,peppan_g_37412
LNHIMF_02639,,peppan_g_7033,peppan_g_11471,peppan_g_16188,peppan_g_20729,peppan_g_25698,peppan_g_28374,peppan_g_34464,peppan_g_40462
LNHIMF_03301,peppan_g_3083,peppan_g_7651,peppan_g_12169,peppan_g_16839,,peppan_g_26338,peppan_g_30613,peppan_g_33535,peppan_g_39756
LNHIMF_03433,,peppan_g_7777,peppan_g_12298,peppan_g_16968,peppan_g_21553,peppan_g_26467,peppan_g_30486,peppan_g_33408,peppan_g_39630
LNHIMF_03480,peppan_g_3951,peppan_g_7817,peppan_g_12338,peppan_g_17008,peppan_g_21593,peppan_g_26507,peppan_g_27286,,peppan_g_39590
LNHIMF_03490,peppan_g_3941,peppan_g_7827,peppan_g_12348,peppan_g_17018,peppan_g_21603,peppan_g_26517,,peppan_g_35582,peppan_g_39580
LNHIMF_03634,,peppan_g_7970,peppan_g_12504,peppan_g_17171,peppan_g_21757,peppan_g_26670,peppan_g_29843,peppan_g_35432,peppan_g_39433
LNHIMF_04186,peppan_g_3371,peppan_g_8474,peppan_g_13026,peppan_g_17680,peppan_g_22279,peppan_g_22827,peppan_g_27418,,peppan_g_38874
ODDLKH_00014,peppan_g_3365,peppan_g_8480,peppan_g_13032,,peppan_g_22285,peppan_g_22833,peppan_g_27412,peppan_g_32082,peppan_g_38868
ODDLKH_00318,peppan_g_4351,peppan_g_8789,,peppan_g_17926,peppan_g_22563,peppan_g_23122,peppan_g_30407,peppan_g_33992,peppan_g_38586
ODDLKH_00758,peppan_g_2525,peppan_g_4768,,peppan_g_13816,peppan_g_18440,peppan_g_23534,peppan_g_29098,peppan_g_35165,peppan_g_38141
ODDLKH_01028,,peppan_g_5029,peppan_g_9569,peppan_g_14088,peppan_g_18711,peppan_g_23802,peppan_g_29378,peppan_g_34886,peppan_g_37889
ODDLKH_01532,peppan_g_1746,peppan_g_5614,,peppan_g_14672,peppan_g_19255,peppan_g_24287,peppan_g_27765,peppan_g_32453,peppan_g_37307
ODDLKH_01668,peppan_g_1858,peppan_g_6601,,peppan_g_14565,peppan_g_19145,peppan_g_24417,peppan_g_27435,peppan_g_32128,peppan_g_37413
ODDLKH_02053,,peppan_g_6065,peppan_g_10492,peppan_g_15185,peppan_g_19755,peppan_g_24784,peppan_g_31578,peppan_g_36245,peppan_g_36793
ODDLKH_03037,peppan_g_320,,peppan_g_11498,peppan_g_16214,peppan_g_20754,peppan_g_25723,peppan_g_28349,peppan_g_34439,peppan_g_40437
ODDLKH_03282,,peppan_g_7269,peppan_g_11768,peppan_g_16452,peppan_g_21040,peppan_g_25950,peppan_g_31003,peppan_g_34241,peppan_g_40157
ONMMKP_00414,,peppan_g_6122,peppan_g_10429,peppan_g_15128,peppan_g_19812,peppan_g_24841,peppan_g_31521,peppan_g_36188,peppan_g_36732
ONMMKP_00415,,peppan_g_6121,peppan_g_10430,peppan_g_15129,peppan_g_19811,peppan_g_24840,peppan_g_31522,peppan_g_36189,peppan_g_36733
ONMMKP_00699,,peppan_g_5843,peppan_g_10711,peppan_g_15388,peppan_g_19541,peppan_g_24570,peppan_g_31790,peppan_g_32689,peppan_g_37011
ONMMKP_01142,peppan_g_1883,,peppan_g_9962,peppan_g_14545,peppan_g_19126,peppan_g_24215,peppan_g_28667,peppan_g_31997,peppan_g_37435
ONMMKP_01143,peppan_g_1884,,peppan_g_9961,peppan_g_14544,peppan_g_19125,peppan_g_24214,peppan_g_28666,peppan_g_31996,peppan_g_37436
ONMMKP_01575,peppan_g_2229,,peppan_g_9602,peppan_g_14185,peppan_g_18751,peppan_g_23842,peppan_g_29470,peppan_g_34795,peppan_g_37852
ONMMKP_01619,peppan_g_2265,,peppan_g_9562,peppan_g_14081,peppan_g_18704,peppan_g_23795,peppan_g_29371,peppan_g_34893,peppan_g_37896
ONMMKP_01636,peppan_g_2281,,peppan_g_9546,peppan_g_14065,peppan_g_18688,peppan_g_23779,peppan_g_29355,peppan_g_34909,peppan_g_37912
ONMMKP_01993,,peppan_g_4677,peppan_g_9227,peppan_g_13724,peppan_g_18349,peppan_g_23443,peppan_g_30068,peppan_g_32569,peppan_g_38259
ONMMKP_02743,peppan_g_3466,,peppan_g_12929,peppan_g_17578,peppan_g_22180,peppan_g_27088,peppan_g_27815,peppan_g_33248,peppan_g_38971
ONMMKP_04090,peppan_g_2599,,peppan_g_11684,peppan_g_16368,peppan_g_20956,peppan_g_25866,peppan_g_31087,peppan_g_34325,peppan_g_40241
ONMMKP_04324,,peppan_g_7031,peppan_g_11469,peppan_g_16186,peppan_g_20727,peppan_g_25696,peppan_g_28376,peppan_g_34466,peppan_g_40464
ONMMKP_04394,,peppan_g_6965,peppan_g_11399,peppan_g_16116,peppan_g_20659,peppan_g_25630,peppan_g_28445,peppan_g_34534,peppan_g_40532
ONMMKP_04613,peppan_g_634,peppan_g_6763,peppan_g_11194,peppan_g_15904,peppan_g_20441,peppan_g_25412,peppan_g_28870,,peppan_g_40739
PKJKAM_00027,peppan_g_3372,peppan_g_8473,peppan_g_13025,peppan_g_17679,peppan_g_22278,,peppan_g_27419,peppan_g_31893,peppan_g_38875
PKJKAM_00028,peppan_g_3373,peppan_g_8472,peppan_g_13024,peppan_g_17678,peppan_g_22277,,peppan_g_27420,peppan_g_31894,peppan_g_38876
PKJKAM_00551,peppan_g_1679,,peppan_g_10865,peppan_g_15550,peppan_g_19322,peppan_g_24354,peppan_g_27969,peppan_g_32391,peppan_g_37240
PKJKAM_00717,peppan_g_196,peppan_g_4700,,peppan_g_13740,peppan_g_18365,peppan_g_23459,peppan_g_30052,peppan_g_32546,peppan_g_38236
PKJKAM_00857,,peppan_g_5852,peppan_g_10702,peppan_g_15379,peppan_g_19550,peppan_g_24579,peppan_g_31781,peppan_g_32680,peppan_g_37002
PKJKAM_00858,,peppan_g_5851,peppan_g_10703,peppan_g_15380,peppan_g_19549,peppan_g_24578,peppan_g_31782,peppan_g_32681,peppan_g_37003
PKJKAM_00859,,peppan_g_5850,peppan_g_10704,peppan_g_15381,peppan_g_19548,peppan_g_24577,peppan_g_31783,peppan_g_32682,peppan_g_37004
PKJKAM_01894,peppan_g_3002,,peppan_g_12090,peppan_g_16763,peppan_g_21347,peppan_g_26257,peppan_g_30694;peppan_g_30695,peppan_g_33655,peppan_g_39832
PKJKAM_02016,peppan_g_83,peppan_g_4588,peppan_g_9126,,peppan_g_18259,peppan_g_23353,peppan_g_30160,peppan_g_33771,peppan_g_38353
PKJKAM_02018,peppan_g_81,peppan_g_4586,peppan_g_9124,,peppan_g_18257,peppan_g_23351,peppan_g_30162,peppan_g_33773,peppan_g_38355
PKJKAM_02066,peppan_g_35,peppan_g_4540,peppan_g_9078,peppan_g_13585,peppan_g_18210,peppan_g_23305,peppan_g_30208,peppan_g_33819,
PKJKAM_02067,peppan_g_34,peppan_g_4539,peppan_g_9077,peppan_g_13584,peppan_g_18209,peppan_g_23304,peppan_g_30209,peppan_g_33820,
PKJKAM_02068,peppan_g_33,peppan_g_4538,peppan_g_9076,peppan_g_13583,peppan_g_18208,peppan_g_23303,peppan_g_30210,peppan_g_33821,
PKJKAM_02069,peppan_g_32,peppan_g_4537,peppan_g_9075,peppan_g_13582,peppan_g_18207,peppan_g_23302,peppan_g_30211,peppan_g_33822,
PKJKAM_02071,peppan_g_30,peppan_g_4535,peppan_g_9073,peppan_g_13580,peppan_g_18205,peppan_g_23300,peppan_g_30213,peppan_g_33824,
PKJKAM_03204,peppan_g_2272,,peppan_g_9555,peppan_g_14074,peppan_g_18697,peppan_g_23788,peppan_g_29364,peppan_g_34900,peppan_g_37903
PKJKAM_03207,peppan_g_2275,,peppan_g_9552,peppan_g_14071,peppan_g_18694,peppan_g_23785,peppan_g_29361,peppan_g_34903,peppan_g_37906
PKJKAM_03360,peppan_g_2426,,peppan_g_9405,peppan_g_13923,peppan_g_18546,peppan_g_23637,peppan_g_29213,peppan_g_35051,peppan_g_38054
PKJKAM_03381,,peppan_g_4866,peppan_g_9385,peppan_g_13903,peppan_g_18526,peppan_g_23617,peppan_g_29193,peppan_g_35071,peppan_g_38074
PKJKAM_03382,,peppan_g_4865,peppan_g_9384,peppan_g_13902,peppan_g_18525,peppan_g_23616,peppan_g_29192,peppan_g_35072,peppan_g_38075
PKJKAM_03437,peppan_g_2498,peppan_g_4798,peppan_g_9327,peppan_g_13846,peppan_g_18470,peppan_g_23562,peppan_g_29137,peppan_g_35129,
PKJKAM_03438,peppan_g_2499,peppan_g_4797,peppan_g_9326,peppan_g_13845,peppan_g_18469,peppan_g_23561,peppan_g_29136,peppan_g_35130,
PKJKAM_03755,,peppan_g_7971,peppan_g_12505,peppan_g_17172,peppan_g_21758,peppan_g_26671,peppan_g_29842,peppan_g_35431,peppan_g_39432
PKJKAM_04050,peppan_g_762,peppan_g_6647,peppan_g_11066,peppan_g_15788,peppan_g_20324,peppan_g_25295,peppan_g_28995,peppan_g_35721,
PKJKAM_04294,peppan_g_991,peppan_g_6358,,peppan_g_14895,peppan_g_20046,peppan_g_25073,peppan_g_31279,peppan_g_35949,peppan_g_36502
PKJKAM_04575,,peppan_g_6092,peppan_g_10463,peppan_g_15158,peppan_g_19782,peppan_g_24811,peppan_g_31551,peppan_g_36218,peppan_g_36766
AJBGEP_00285,peppan_g_2526,peppan_g_4767,,peppan_g_13815,peppan_g_18439,peppan_g_23533,peppan_g_29097,peppan_g_35166,
AJBGEP_00300,peppan_g_2512,peppan_g_4784,,peppan_g_13829,peppan_g_18455,peppan_g_23549,peppan_g_29115,peppan_g_35150,
AJBGEP_00314,,peppan_g_4796,peppan_g_9325,peppan_g_13844,peppan_g_18468,peppan_g_23560,peppan_g_29135,peppan_g_35131,
AJBGEP_00458,,,peppan_g_9468,peppan_g_13988,peppan_g_18611,peppan_g_23702,peppan_g_29278,peppan_g_34986,peppan_g_37989
AJBGEP_00682,,,peppan_g_9681,peppan_g_14264,peppan_g_18830,peppan_g_23921,peppan_g_29549,peppan_g_32215,peppan_g_37773;peppan_g_40937
AJBGEP_00836,,,peppan_g_9810,peppan_g_14390,peppan_g_18969,peppan_g_24059,peppan_g_28504,peppan_g_32905,peppan_g_37593
AJBGEP_00866,,,peppan_g_9841,peppan_g_14420,peppan_g_18999,peppan_g_24089,peppan_g_28541,peppan_g_32875,peppan_g_37563
AJBGEP_00887,,peppan_g_5444,,peppan_g_14442,peppan_g_19021,peppan_g_24111,peppan_g_28563,peppan_g_32853,peppan_g_37541
AJBGEP_00888,,peppan_g_5445,,peppan_g_14443,peppan_g_19022,peppan_g_24112,peppan_g_28564,peppan_g_32852,peppan_g_37540
AJBGEP_01316,,,peppan_g_10819,peppan_g_15506,peppan_g_19431,peppan_g_24460,peppan_g_28078,peppan_g_32347,peppan_g_37196
AJBGEP_01959,,peppan_g_6362,,peppan_g_14891,peppan_g_20050,peppan_g_25077,peppan_g_31275,peppan_g_35945,peppan_g_36498
AJBGEP_02163,,,peppan_g_10965,peppan_g_15702,peppan_g_20239,peppan_g_25210,peppan_g_27216,peppan_g_35807,peppan_g_36361
AJBGEP_02165,,,peppan_g_10968,peppan_g_15704,peppan_g_20241,peppan_g_25212,peppan_g_27218,peppan_g_35805,peppan_g_36359
AJBGEP_02406,peppan_g_615,,,peppan_g_15923,peppan_g_20470,peppan_g_25441,peppan_g_28851,peppan_g_34722,peppan_g_40720
AJBGEP_03707,,,peppan_g_12434,peppan_g_17101,peppan_g_21687,peppan_g_26600,peppan_g_29913,peppan_g_35502,peppan_g_39503
AJBGEP_03822,,,peppan_g_12543,peppan_g_17210,peppan_g_21796,peppan_g_26709,peppan_g_29804,peppan_g_35393,peppan_g_39394
AJBGEP_03823,,,peppan_g_12544,peppan_g_17211,peppan_g_21797,peppan_g_26710,peppan_g_29803,peppan_g_35392,peppan_g_39393
AJBGEP_03970,peppan_g_3616,peppan_g_8154,peppan_g_12695,,peppan_g_21942,peppan_g_26855,,peppan_g_35252,peppan_g_39250
AJBGEP_04211,peppan_g_3491,peppan_g_8358,peppan_g_12903,peppan_g_17553,peppan_g_22155,peppan_g_27063,peppan_g_27789,,
AJBGEP_04587,peppan_g_4309,,,peppan_g_17885,peppan_g_22505,peppan_g_23064,peppan_g_30448,peppan_g_32950,peppan_g_38644
BEJGEH_00215,,,peppan_g_9247,peppan_g_13744,peppan_g_18369,peppan_g_23463,peppan_g_30048,peppan_g_32542,peppan_g_38232
BEJGEH_00218,,,peppan_g_9250,peppan_g_13747,peppan_g_18372,peppan_g_23466,peppan_g_30045,peppan_g_32539,peppan_g_38229
BEJGEH_00221,,,peppan_g_9253,peppan_g_13750,peppan_g_18375,peppan_g_23469,peppan_g_30042,peppan_g_32536,peppan_g_38226
BEJGEH_00297,peppan_g_2508,,peppan_g_9320,peppan_g_13831,peppan_g_18457,peppan_g_23551,peppan_g_29119,peppan_g_35146,
BEJGEH_00335,,,peppan_g_9360,peppan_g_13878,peppan_g_18501,peppan_g_23593,peppan_g_29168,peppan_g_35096,peppan_g_38099
BEJGEH_00336,,,peppan_g_9361,peppan_g_13879,peppan_g_18502,peppan_g_23594,peppan_g_29169,peppan_g_35095,peppan_g_38098
BEJGEH_00337,,,peppan_g_9362,peppan_g_13880,peppan_g_18503,peppan_g_23595,peppan_g_29170,peppan_g_35094,peppan_g_38097
BEJGEH_00338,,,peppan_g_9363,peppan_g_13881,peppan_g_18504,peppan_g_23596,peppan_g_29171,peppan_g_35093,peppan_g_38096
BEJGEH_00666,,,peppan_g_9679,peppan_g_14262,peppan_g_18828,peppan_g_23919,peppan_g_29547,peppan_g_32217,peppan_g_37775
BEJGEH_00692,,peppan_g_5280;peppan_g_7591,peppan_g_10035;peppan_g_9698,,peppan_g_19074,peppan_g_24163,peppan_g_27205;peppan_g_30963;peppan_g_31246,peppan_g_31881;peppan_g_32023;peppan_g_34404;peppan_g_35533,peppan_g_37487;peppan_g_38913
BEJGEH_00764,,,peppan_g_9765,peppan_g_14345,peppan_g_18923,peppan_g_24014,peppan_g_27225,peppan_g_32294,peppan_g_37681
BEJGEH_00766,,,peppan_g_9767,peppan_g_14347,peppan_g_18925,peppan_g_24016,peppan_g_27223,peppan_g_32296,peppan_g_37679
BEJGEH_01529,,peppan_g_6041,peppan_g_10513,,peppan_g_19735,peppan_g_24764,peppan_g_31596,peppan_g_36263,peppan_g_36816
BEJGEH_02002,,,peppan_g_10964,peppan_g_15701,peppan_g_20238,peppan_g_25209,peppan_g_27215,peppan_g_35808,peppan_g_36357;peppan_g_36362
BEJGEH_02010,peppan_g_843,peppan_g_6497,peppan_g_10971,peppan_g_15707,peppan_g_20244,peppan_g_25215,,,peppan_g_40934
BEJGEH_02011,peppan_g_842,peppan_g_6498,peppan_g_10972,peppan_g_15708,peppan_g_20245,peppan_g_25216,,,peppan_g_40933
BEJGEH_02520,peppan_g_365,peppan_g_7017,peppan_g_11454,peppan_g_16171,,,peppan_g_28391,peppan_g_34481,peppan_g_40478
BEJGEH_02521,peppan_g_364,peppan_g_7018,peppan_g_11455,peppan_g_16172,,,peppan_g_28390,peppan_g_34480,peppan_g_40477
BEJGEH_02889,,peppan_g_7305,peppan_g_11804,,peppan_g_21076,peppan_g_25986,peppan_g_30967,peppan_g_34205,peppan_g_40121
BEJGEH_03090,,,peppan_g_11991,peppan_g_16670,peppan_g_21254,peppan_g_26164,peppan_g_30788,peppan_g_32166,peppan_g_39939
BEJGEH_03096,,,peppan_g_11997,peppan_g_16676,peppan_g_21260,peppan_g_26170,peppan_g_30782,peppan_g_32160,peppan_g_39933
BEJGEH_03562,,,peppan_g_12438,peppan_g_17105,peppan_g_21691,peppan_g_26604,peppan_g_29909,peppan_g_35498,peppan_g_39499
BEJGEH_03672,,,peppan_g_12542,peppan_g_17209,peppan_g_21795,peppan_g_26708,peppan_g_29805,peppan_g_35394,peppan_g_39395
BEJGEH_03826,peppan_g_3619,peppan_g_8151,peppan_g_12692,,peppan_g_21939,peppan_g_26852,,peppan_g_35255,peppan_g_39253
BEJGEH_03827,peppan_g_3618,peppan_g_8152,peppan_g_12693,,peppan_g_21940,peppan_g_26853,,peppan_g_35254,peppan_g_39252
BEJGEH_04062,peppan_g_3492,peppan_g_8357,peppan_g_12902,peppan_g_17552,peppan_g_22154,peppan_g_27062,peppan_g_27788,,
BEJGEH_04064,peppan_g_3490,peppan_g_8359,peppan_g_12904,peppan_g_17554,peppan_g_22156,peppan_g_27064,peppan_g_27790,,
GEGEGB_00530,peppan_g_483,,,peppan_g_16055,peppan_g_20602,peppan_g_25573,peppan_g_28718,peppan_g_34591,peppan_g_40589
GEGEGB_01085,peppan_g_1001,,,peppan_g_14905,peppan_g_20036,peppan_g_25063,peppan_g_31297,peppan_g_35967,peppan_g_36511
GEGEGB_02029,peppan_g_1878,peppan_g_6615,,peppan_g_14550,peppan_g_19131;peppan_g_20861,,peppan_g_27254;peppan_g_28672,peppan_g_32002,peppan_g_37430
GEGEGB_02658,peppan_g_2458,,peppan_g_9369,peppan_g_13887,peppan_g_18510,,peppan_g_29177,peppan_g_35087,peppan_g_38090
GEGEGB_02723,peppan_g_2524,peppan_g_4769,,peppan_g_13817,peppan_g_18441,peppan_g_23535,peppan_g_29099,peppan_g_35164,
GEGEGB_02942,peppan_g_2718,,peppan_g_11807,peppan_g_16488,peppan_g_21079,peppan_g_25989,,peppan_g_34202,peppan_g_40118
GEGEGB_02943,peppan_g_2719,,peppan_g_11808,peppan_g_16489,peppan_g_21080,peppan_g_25990,,peppan_g_34201,peppan_g_40117
GEGEGB_03800,peppan_g_3494,peppan_g_8355,peppan_g_12900,peppan_g_17550,peppan_g_22152,peppan_g_27060,peppan_g_27786,,
GEGEGB_03883,peppan_g_3566,peppan_g_8205,,peppan_g_17401,peppan_g_21995,peppan_g_26908,peppan_g_29617,peppan_g_35199,
GEGEGB_03884,peppan_g_3567,peppan_g_8204,,peppan_g_17400,peppan_g_21994,peppan_g_26907,peppan_g_29618,peppan_g_35200,
GEGEGB_03935,peppan_g_3614,peppan_g_8156,peppan_g_12697,,peppan_g_21944,peppan_g_26857,,peppan_g_35250,peppan_g_39248
GEGEGB_04728,peppan_g_4359,peppan_g_8797,peppan_g_13340,peppan_g_17934,peppan_g_22571,peppan_g_23130,,,peppan_g_38578
HFCAGB_00206,,,peppan_g_9248,peppan_g_13745,peppan_g_18370,peppan_g_23464,peppan_g_30047,peppan_g_32541,peppan_g_38231
HFCAGB_00207,,,peppan_g_9249,peppan_g_13746,peppan_g_18371,peppan_g_23465,peppan_g_30046,peppan_g_32540,peppan_g_38230
HFCAGB_00209,,,peppan_g_9251,peppan_g_13748,peppan_g_18373,peppan_g_23467,peppan_g_30044,peppan_g_32538,peppan_g_38228
HFCAGB_00281,peppan_g_2530,peppan_g_4763,,peppan_g_13811,peppan_g_18435,peppan_g_23529,peppan_g_29093,peppan_g_35170,
HFCAGB_00283,peppan_g_2528,peppan_g_4765,,peppan_g_13813,peppan_g_18437,peppan_g_23531,peppan_g_29095,peppan_g_35168,
HFCAGB_00294,peppan_g_2516,peppan_g_4779,,peppan_g_13824,peppan_g_18450,peppan_g_23544,peppan_g_29110,peppan_g_35155,
HFCAGB_00350,,,peppan_g_9364,peppan_g_13882,peppan_g_18505,peppan_g_23597,peppan_g_29172,peppan_g_35092,peppan_g_38095
HFCAGB_00352,,,peppan_g_9366,peppan_g_13884,peppan_g_18507,peppan_g_23599,peppan_g_29174,peppan_g_35090,peppan_g_38093
HFCAGB_00940,,peppan_g_5443,,peppan_g_14441,peppan_g_19020,peppan_g_24110,peppan_g_28562,peppan_g_32854,peppan_g_37542
HFCAGB_01403,,peppan_g_6371,,peppan_g_14885,peppan_g_20056,peppan_g_25083,peppan_g_31266,peppan_g_35935,peppan_g_36489
HFCAGB_03304,,,peppan_g_11992,peppan_g_16671,peppan_g_21255,peppan_g_26165,peppan_g_30787,peppan_g_32165,peppan_g_39938
HFCAGB_03308,,,peppan_g_11996,peppan_g_16675,peppan_g_21259,peppan_g_26169,peppan_g_30783,peppan_g_32161,peppan_g_39934
HFCAGB_03342,,peppan_g_7514,,peppan_g_16708,peppan_g_21292,peppan_g_26202,peppan_g_30750,peppan_g_33710,peppan_g_39888
HFCAGB_03394,,,peppan_g_12085,peppan_g_16758,peppan_g_21342,peppan_g_26252,peppan_g_30700,peppan_g_33660,peppan_g_39837
HFCAGB_03763,,,peppan_g_12435,peppan_g_17102,peppan_g_21688,peppan_g_26601,peppan_g_29912,peppan_g_35501,peppan_g_39502
HFCAGB_03765,,,peppan_g_12437,peppan_g_17104,peppan_g_21690,peppan_g_26603,peppan_g_29910,peppan_g_35499,peppan_g_39500
HFCAGB_04448,,,peppan_g_13095,peppan_g_17727,peppan_g_22345,peppan_g_22893,peppan_g_28140,peppan_g_33114,peppan_g_38808
HFCAGB_04543,peppan_g_4092,,,peppan_g_17816,peppan_g_22434,peppan_g_22982,peppan_g_28230,peppan_g_33025,peppan_g_38719
IKCLMC_00044,,,peppan_g_10967,peppan_g_15703,peppan_g_20240,peppan_g_25211,peppan_g_27217,peppan_g_35806,peppan_g_36360
IKCLMC_00051,,,peppan_g_9766,peppan_g_14346,peppan_g_18924,peppan_g_24015,peppan_g_27224,peppan_g_32295,peppan_g_37680
IKCLMC_00650,peppan_g_3495,peppan_g_8354,peppan_g_12899,peppan_g_17549,peppan_g_22151,peppan_g_27059,peppan_g_27785,,
IKCLMC_00673,peppan_g_3473,,,peppan_g_17571,peppan_g_22173,peppan_g_27081,peppan_g_27808,peppan_g_33255,peppan_g_38978
IKCLMC_00746,,,peppan_g_12995,peppan_g_17641,peppan_g_22243,peppan_g_27151,peppan_g_27878,peppan_g_33185,peppan_g_38905
IKCLMC_00990,,peppan_g_8507,peppan_g_13059,peppan_g_17713,peppan_g_22313,peppan_g_22860,peppan_g_28107,peppan_g_33147,
IKCLMC_01358/3,,peppan_g_4559,peppan_g_9097,,peppan_g_18928,peppan_g_24019,peppan_g_30189,peppan_g_32299,peppan_g_38382
IKCLMC_01436,,,peppan_g_9842,peppan_g_14421,peppan_g_19000,peppan_g_24090,peppan_g_28542,peppan_g_32874,peppan_g_37562
IKCLMC_01454,,peppan_g_5442,,peppan_g_14440,peppan_g_19019,peppan_g_24109,peppan_g_28561,peppan_g_32855,peppan_g_37543
IKCLMC_01458,,peppan_g_5446,,peppan_g_14444,peppan_g_19023,peppan_g_24113,peppan_g_28565,peppan_g_32851,peppan_g_37539
IKCLMC_01752,peppan_g_613,,,peppan_g_15925,peppan_g_20472,peppan_g_25443,peppan_g_28849,peppan_g_34720,peppan_g_40718
IKCLMC_01832,peppan_g_691,,peppan_g_11137,,peppan_g_20384,peppan_g_25355,peppan_g_28927,peppan_g_35641,peppan_g_40796
IKCLMC_01834,peppan_g_693,,peppan_g_11135,,peppan_g_20382,peppan_g_25353,peppan_g_28929,peppan_g_35643,peppan_g_40798
IKCLMC_01835,peppan_g_694,,peppan_g_11134,,peppan_g_20381,peppan_g_25352,peppan_g_28930,peppan_g_35644,peppan_g_40799
IKCLMC_02009,peppan_g_2529,peppan_g_4764,,peppan_g_13812,peppan_g_18436,peppan_g_23530,peppan_g_29094,peppan_g_35169,
IKCLMC_02084,,,peppan_g_9365,peppan_g_13883,peppan_g_18506,peppan_g_23598,peppan_g_29173,peppan_g_35091,peppan_g_38094
IKCLMC_02163,peppan_g_2388,,,peppan_g_13960,peppan_g_18583,peppan_g_23674,peppan_g_29250,peppan_g_35014,peppan_g_38017
IKCLMC_02470,,,peppan_g_9680,peppan_g_14263,peppan_g_18829,peppan_g_23920,peppan_g_29548,peppan_g_32216,peppan_g_37774
IKCLMC_02472,,,peppan_g_9682,peppan_g_14265,peppan_g_18831,peppan_g_23922,peppan_g_29550,peppan_g_32214,peppan_g_37772;peppan_g_40936
IKCLMC_02567/2,peppan_g_3587;peppan_g_609,peppan_g_8183,peppan_g_11215,peppan_g_15929;peppan_g_17377,,peppan_g_26884,,peppan_g_31919;peppan_g_35223,peppan_g_39221;peppan_g_40714
IKCLMC_03674,,,peppan_g_12084,peppan_g_16757,peppan_g_21341,peppan_g_26251,peppan_g_30701,peppan_g_33661,peppan_g_39838
IKCLMC_03722,,peppan_g_7516,,peppan_g_16710,peppan_g_21294,peppan_g_26204,peppan_g_30748,peppan_g_33708,peppan_g_39886
IKCLMC_03723,,peppan_g_7515,,peppan_g_16709,peppan_g_21293,peppan_g_26203,peppan_g_30749,peppan_g_33709,peppan_g_39887
IKCLMC_03726,,peppan_g_7512,,peppan_g_16706,peppan_g_21290,peppan_g_26200,peppan_g_30752,peppan_g_33712,peppan_g_39890
IKCLMC_03727,,peppan_g_7511,,peppan_g_16705,peppan_g_21289,peppan_g_26199,peppan_g_30753,peppan_g_33713,peppan_g_39891
IKCLMC_03761,,,peppan_g_11993,peppan_g_16672,peppan_g_21256,peppan_g_26166,peppan_g_30786,peppan_g_32164,peppan_g_39937
IKCLMC_03947,,peppan_g_5278;peppan_g_7593,peppan_g_10033;peppan_g_9696,,peppan_g_19072,peppan_g_24161,peppan_g_27207;peppan_g_30961;peppan_g_31244,peppan_g_31879;peppan_g_32021;peppan_g_34406;peppan_g_35531,peppan_g_37489;peppan_g_38911
IKCLMC_04180,peppan_g_902,peppan_g_6457,,,peppan_g_20144,peppan_g_25170,peppan_g_31176,peppan_g_35847,peppan_g_36401
IKCLMC_04182,peppan_g_904,peppan_g_6455,,,peppan_g_20142,peppan_g_25168,peppan_g_31178,peppan_g_35849,peppan_g_36403
IKCLMC_04276,,peppan_g_6369,,peppan_g_14887,peppan_g_20054,peppan_g_25081,peppan_g_31268,peppan_g_35937,peppan_g_36491
LNHIMF_00281,peppan_g_2527,peppan_g_4766,,peppan_g_13814,peppan_g_18438,peppan_g_23532,peppan_g_29096,peppan_g_35167,
LNHIMF_00294,peppan_g_2517,peppan_g_4778,,peppan_g_13823,peppan_g_18449,peppan_g_23543,peppan_g_29109,peppan_g_35156,
LNHIMF_00297,peppan_g_2514,peppan_g_4781,,peppan_g_13826,peppan_g_18452,peppan_g_23546,peppan_g_29112,peppan_g_35153,
LNHIMF_00980,,peppan_g_5438,,peppan_g_14436,peppan_g_19015,peppan_g_24105,peppan_g_28557,peppan_g_32859,peppan_g_37547
LNHIMF_00982,,peppan_g_5440,,peppan_g_14438,peppan_g_19017,peppan_g_24107,peppan_g_28559,peppan_g_32857,peppan_g_37545
LNHIMF_00983,,peppan_g_5441,,peppan_g_14439,peppan_g_19018,peppan_g_24108,peppan_g_28560,peppan_g_32856,peppan_g_37544
LNHIMF_01602,,peppan_g_6038,peppan_g_10517,,peppan_g_19733,peppan_g_24762,peppan_g_31598,peppan_g_36265,peppan_g_36818
LNHIMF_01603,,peppan_g_6039,peppan_g_10516,,peppan_g_19734,peppan_g_24763,peppan_g_31597,peppan_g_36264,peppan_g_36817
LNHIMF_02069,peppan_g_866,peppan_g_6493,,,peppan_g_20180,peppan_g_25206,peppan_g_31140,peppan_g_35811,peppan_g_36365
LNHIMF_02191,peppan_g_1869,peppan_g_6608,,peppan_g_14556,peppan_g_19138,peppan_g_24408,,peppan_g_31901,peppan_g_37420
LNHIMF_02936,,peppan_g_7306,peppan_g_11805,,peppan_g_21077,peppan_g_25987,peppan_g_30966,peppan_g_34204,peppan_g_40120
LNHIMF_03490/0.1,peppan_g_3374,peppan_g_8471,peppan_g_13023,peppan_g_17677,peppan_g_22276,,,peppan_g_31895,peppan_g_38877
LNHIMF_03630,,peppan_g_7966,,peppan_g_17167,peppan_g_21753,peppan_g_26666,peppan_g_29847,peppan_g_35436,peppan_g_39437
LNHIMF_03685,peppan_g_3747,peppan_g_8018,peppan_g_12558,peppan_g_17225,peppan_g_21811,peppan_g_26724,peppan_g_29789,,
LNHIMF_03827,peppan_g_3615,peppan_g_8155,peppan_g_12696,,peppan_g_21943,peppan_g_26856,,peppan_g_35251,peppan_g_39249
LNHIMF_03877,peppan_g_3568,peppan_g_8203,,peppan_g_17399,peppan_g_21993,peppan_g_26906,peppan_g_29619,peppan_g_35201,
LNHIMF_04054,peppan_g_3493,peppan_g_8356,peppan_g_12901,peppan_g_17551,peppan_g_22153,peppan_g_27061,peppan_g_27787,,
ODDLKH_00017,peppan_g_3362,peppan_g_8483,,peppan_g_17689,peppan_g_22289,peppan_g_22836,peppan_g_27409,peppan_g_32079,
ODDLKH_00760,peppan_g_2522,peppan_g_4771,,peppan_g_13818,peppan_g_18442,peppan_g_23536,peppan_g_29101,peppan_g_35163,
ODDLKH_00761,peppan_g_2521,peppan_g_4772,,peppan_g_13819,peppan_g_18443,peppan_g_23537,peppan_g_29102,peppan_g_35162,
ODDLKH_00769,peppan_g_2515,peppan_g_4780,,peppan_g_13825,peppan_g_18451,peppan_g_23545,peppan_g_29111,peppan_g_35154,
ODDLKH_01701,,peppan_g_6364,,peppan_g_14879,peppan_g_19421,peppan_g_24450,peppan_g_28068,peppan_g_35942,peppan_g_37381;peppan_g_37382
ODDLKH_02104,peppan_g_1488,peppan_g_6115,,peppan_g_15135,peppan_g_19805,peppan_g_24834,peppan_g_31528,peppan_g_36195,
ODDLKH_02348,peppan_g_994,,,peppan_g_14898,peppan_g_20043,peppan_g_25070,peppan_g_31283,peppan_g_35953,peppan_g_36504
ODDLKH_03543,,peppan_g_7510,,peppan_g_16704,peppan_g_21288,peppan_g_26198,peppan_g_30754,peppan_g_33714,peppan_g_39892
ODDLKH_03546,,peppan_g_7513,,peppan_g_16707,peppan_g_21291,peppan_g_26201,peppan_g_30751,peppan_g_33711,peppan_g_39889
ODDLKH_03599,,,peppan_g_12086,peppan_g_16759,peppan_g_21343,peppan_g_26253,peppan_g_30699,peppan_g_33659,peppan_g_39836
ONMMKP_00030,peppan_g_865,peppan_g_6494,,,peppan_g_20181,peppan_g_25207,peppan_g_31139,peppan_g_35810,peppan_g_36364
ONMMKP_01384,,,peppan_g_9771,peppan_g_14351,peppan_g_18929,peppan_g_24020,peppan_g_28465,peppan_g_32944,peppan_g_37675
ONMMKP_01497,,,peppan_g_9678,peppan_g_14261,peppan_g_18827,peppan_g_23918,peppan_g_29546,peppan_g_32218,peppan_g_37776
ONMMKP_01823,,,peppan_g_9368,peppan_g_13886,peppan_g_18509,peppan_g_23601,peppan_g_29176,peppan_g_35088,peppan_g_38091
ONMMKP_02670,,,peppan_g_13001,peppan_g_17650,peppan_g_22249,peppan_g_27157,peppan_g_27884,peppan_g_33179,peppan_g_38899
ONMMKP_03307,,,peppan_g_12436,peppan_g_17103,peppan_g_21689,peppan_g_26602,peppan_g_29911,peppan_g_35500,peppan_g_39501
ONMMKP_03763,,,peppan_g_11994,peppan_g_16673,peppan_g_21257,peppan_g_26167,peppan_g_30785,peppan_g_32163,peppan_g_39936
ONMMKP_04316,,,peppan_g_11479,peppan_g_16195,peppan_g_20735,peppan_g_25704,peppan_g_28368,peppan_g_34458,peppan_g_40456
PKJKAM_00304,,,peppan_g_11995,peppan_g_16674,peppan_g_21258,peppan_g_26168,peppan_g_30784,peppan_g_32162,peppan_g_39935
PKJKAM_00448,,,peppan_g_9763,peppan_g_14343,peppan_g_18921,peppan_g_24012,peppan_g_27227,peppan_g_32292,peppan_g_37683
PKJKAM_00449,,,peppan_g_9764,peppan_g_14344,peppan_g_18922,peppan_g_24013,peppan_g_27226,peppan_g_32293,peppan_g_37682
PKJKAM_00508,,,peppan_g_10820,peppan_g_15507,peppan_g_19430,peppan_g_24459,peppan_g_28077,peppan_g_32348,peppan_g_37197
PKJKAM_00725,,,peppan_g_9235,peppan_g_13732,peppan_g_18357,peppan_g_23451,peppan_g_30060,peppan_g_32554,peppan_g_38244
PKJKAM_01038,,peppan_g_5439,,peppan_g_14437,peppan_g_19016,peppan_g_24106,peppan_g_28558,peppan_g_32858,peppan_g_37546
PKJKAM_01539,,,peppan_g_12840,peppan_g_17490,peppan_g_22092,peppan_g_27000,peppan_g_27647,peppan_g_33332,peppan_g_39055
PKJKAM_02746,peppan_g_345,,,peppan_g_16193,peppan_g_20733,peppan_g_25702,peppan_g_28370,peppan_g_34460,peppan_g_40458
PKJKAM_03324,peppan_g_2389,,,peppan_g_13959,peppan_g_18582,peppan_g_23673,peppan_g_29249,peppan_g_35015,peppan_g_38018
PKJKAM_03399,,,peppan_g_9367,peppan_g_13885,peppan_g_18508,peppan_g_23600,peppan_g_29175,peppan_g_35089,peppan_g_38092
PKJKAM_03570,peppan_g_3617,peppan_g_8153,peppan_g_12694,,peppan_g_21941,peppan_g_26854,,peppan_g_35253,peppan_g_39251
PKJKAM_03573,peppan_g_3620,peppan_g_8150,peppan_g_12691,,peppan_g_21938,peppan_g_26851,,peppan_g_35256,peppan_g_39254
PKJKAM_03711,,,peppan_g_12545,peppan_g_17212,peppan_g_21798,peppan_g_26711,peppan_g_29802,peppan_g_35391,peppan_g_39392
PKJKAM_03716,,,peppan_g_12540,peppan_g_17207,peppan_g_21793,peppan_g_26706,peppan_g_29807,peppan_g_35396,peppan_g_39397
PKJKAM_03827,,,peppan_g_12433,peppan_g_17100,peppan_g_21686,peppan_g_26599,peppan_g_29914,peppan_g_35503,peppan_g_39504
PKJKAM_03968,peppan_g_692,,peppan_g_11136,,peppan_g_20383,peppan_g_25354,peppan_g_28928,peppan_g_35642,peppan_g_40797
PKJKAM_04139,,,peppan_g_10969,peppan_g_15705,peppan_g_20242,peppan_g_25213,peppan_g_27219,peppan_g_35804,peppan_g_36358
PKJKAM_04287,,peppan_g_6367,,peppan_g_14889,peppan_g_20052,peppan_g_25079,peppan_g_31270,peppan_g_35939,peppan_g_36493
PKJKAM_04292,,peppan_g_6360,,peppan_g_14893,peppan_g_20048,peppan_g_25075,peppan_g_31277,peppan_g_35947,peppan_g_36500
PKJKAM_04625,,peppan_g_6037,peppan_g_10518,,peppan_g_19732,peppan_g_24761,peppan_g_31599,peppan_g_36266,peppan_g_36819
AJBGEP_00305,peppan_g_2505,peppan_g_4789,,peppan_g_13834,peppan_g_18460,peppan_g_23554,peppan_g_29122,,
AJBGEP_00745,peppan_g_2100,peppan_g_5322,,,peppan_g_18886,peppan_g_23977,peppan_g_27563,,peppan_g_37718
AJBGEP_00749,peppan_g_2096,peppan_g_5326,,,peppan_g_18890,peppan_g_23981,peppan_g_27559,,peppan_g_37714
AJBGEP_01303,,peppan_g_5164,,,peppan_g_19420,peppan_g_24449,peppan_g_27182;peppan_g_27687,peppan_g_32094,peppan_g_37383
AJBGEP_02244,peppan_g_772,peppan_g_6634,peppan_g_11057,peppan_g_15778,peppan_g_20315,peppan_g_25286,,,
AJBGEP_02246,peppan_g_770,peppan_g_6636,peppan_g_11059,peppan_g_15780,peppan_g_20317,peppan_g_25288,,,
AJBGEP_02247,peppan_g_769,peppan_g_6637,peppan_g_11060,peppan_g_15781,peppan_g_20318,peppan_g_25289,,,
AJBGEP_02918,,,peppan_g_10066,peppan_g_13876,peppan_g_20946,peppan_g_25856,,peppan_g_35098,peppan_g_38101
AJBGEP_02919,,,,peppan_g_13875,peppan_g_20947,peppan_g_25857,peppan_g_29167,peppan_g_35099,peppan_g_38102
AJBGEP_02922,,peppan_g_7179,,,peppan_g_20950,peppan_g_25860,peppan_g_31093,peppan_g_34331,peppan_g_40247
AJBGEP_03093,,,peppan_g_11843,peppan_g_16522,peppan_g_21111,peppan_g_26021,peppan_g_30931,,peppan_g_40086
AJBGEP_03096,,,peppan_g_11846,peppan_g_16525,peppan_g_21114,peppan_g_26024,peppan_g_30928,,peppan_g_40083
AJBGEP_03100,,,peppan_g_11850,peppan_g_16529,peppan_g_21118,peppan_g_26028,peppan_g_30924,,peppan_g_40079
AJBGEP_03524/4,,,peppan_g_9768,peppan_g_14348,peppan_g_18926,peppan_g_24017,,peppan_g_32297,peppan_g_37678
AJBGEP_04400,,,peppan_g_13077,,peppan_g_22327,peppan_g_22875,peppan_g_28122,peppan_g_33132,peppan_g_38826
AJBGEP_04408,,,peppan_g_13086,,peppan_g_22336,peppan_g_22884,peppan_g_28131,peppan_g_33123,peppan_g_38817
AJBGEP_04416,,,peppan_g_13094,,peppan_g_22344,peppan_g_22892,peppan_g_28139,peppan_g_33115,peppan_g_38809
AJBGEP_04737,,peppan_g_8861,,peppan_g_18027,peppan_g_22646,peppan_g_23208,peppan_g_30305,peppan_g_33916,
AJBGEP_04743,,peppan_g_8867,,peppan_g_18033,peppan_g_22652,peppan_g_23214,peppan_g_30299,peppan_g_33910,
AJBGEP_04778,,,peppan_g_13475,,peppan_g_22684,peppan_g_23246,peppan_g_30267,peppan_g_33878,peppan_g_38459
BEJGEH_01071/2,peppan_g_868,peppan_g_6491,,,peppan_g_20178,peppan_g_25204,,peppan_g_35813,peppan_g_36367
BEJGEH_01524,peppan_g_1428,,peppan_g_10507,,peppan_g_19740,peppan_g_24769,,peppan_g_36260,peppan_g_36808
BEJGEH_02104,peppan_g_771,peppan_g_6635,peppan_g_11058,peppan_g_15779,peppan_g_20316,peppan_g_25287,,,
BEJGEH_02933,,,peppan_g_11847,peppan_g_16526,peppan_g_21115,peppan_g_26025,peppan_g_30927,,peppan_g_40082
BEJGEH_04257,,,peppan_g_13080,,peppan_g_22330,peppan_g_22878,peppan_g_28125,peppan_g_33129,peppan_g_38823
BEJGEH_04259,,,peppan_g_13082,,peppan_g_22332,peppan_g_22880,peppan_g_28127,peppan_g_33127,peppan_g_38821
BEJGEH_04262,,,peppan_g_13085,,peppan_g_22335,peppan_g_22883,peppan_g_28130,peppan_g_33124,peppan_g_38818
BEJGEH_04265,,,peppan_g_13088,,peppan_g_22338,peppan_g_22886,peppan_g_28133,peppan_g_33121,peppan_g_38815
BEJGEH_04600,peppan_g_4417,,peppan_g_13413,peppan_g_17984,,peppan_g_23171,peppan_g_30347,peppan_g_33952,
BEJGEH_04663,,,peppan_g_13471,,peppan_g_22680,peppan_g_23242,peppan_g_30271,peppan_g_33882,peppan_g_38463
GEGEGB_01227,peppan_g_1128,peppan_g_5775,,,peppan_g_19471,peppan_g_24500,,peppan_g_32307,peppan_g_37157
GEGEGB_02010,peppan_g_1859,,,peppan_g_14564,peppan_g_20846,peppan_g_24416,peppan_g_27434,,peppan_g_37414
GEGEGB_02091,peppan_g_1936,,peppan_g_9907,peppan_g_14492,,,peppan_g_28613,peppan_g_32803,peppan_g_37491
GEGEGB_02259,peppan_g_2094,peppan_g_5328,,,peppan_g_18892,peppan_g_23983,peppan_g_27557,,peppan_g_37712
GEGEGB_03003,peppan_g_2780,peppan_g_7357,peppan_g_11870,,peppan_g_21131,peppan_g_26041,peppan_g_30911,,
HFCAGB_00643/2,peppan_g_2241,peppan_g_5181,peppan_g_9588,peppan_g_14171,peppan_g_18730,peppan_g_23821,,,
HFCAGB_01348,,,,peppan_g_14833,peppan_g_20057,peppan_g_25084,peppan_g_31265,peppan_g_35934,peppan_g_36488
HFCAGB_03391,,,,peppan_g_16755,peppan_g_21339,peppan_g_26249,peppan_g_30703,peppan_g_33663,peppan_g_39840
HFCAGB_03793,,,,peppan_g_17132,peppan_g_21718,peppan_g_26631,peppan_g_29882,peppan_g_35471,peppan_g_39472
HFCAGB_04071,,,,peppan_g_17392,peppan_g_21986,peppan_g_26899,peppan_g_29626,peppan_g_35208,peppan_g_39206
HFCAGB_04074,,,,peppan_g_17395,peppan_g_21989,peppan_g_26902,peppan_g_29623,peppan_g_35205,peppan_g_39203
HFCAGB_04767,,peppan_g_8865,,peppan_g_18031,peppan_g_22650,peppan_g_23212,peppan_g_30301,peppan_g_33912,
IKCLMC_00219,,peppan_g_5158,,,peppan_g_19414;peppan_g_20817,peppan_g_24443,peppan_g_27248;peppan_g_27387;peppan_g_27463;peppan_g_28286,peppan_g_32100,peppan_g_37389
IKCLMC_01009,,,peppan_g_13081,,peppan_g_22331,peppan_g_22879,peppan_g_28126,peppan_g_33128,peppan_g_38822
IKCLMC_01015,,,peppan_g_13087,,peppan_g_22337,peppan_g_22885,peppan_g_28132,peppan_g_33122,peppan_g_38816
IKCLMC_01179,,peppan_g_5163,,,peppan_g_19419;peppan_g_20812,peppan_g_24448,peppan_g_27686;peppan_g_28291,peppan_g_32095,peppan_g_37384
IKCLMC_02020,,peppan_g_4773,,peppan_g_13821,peppan_g_18444,peppan_g_23538,peppan_g_29104,peppan_g_35161,
IKCLMC_02029,,peppan_g_4783,,peppan_g_13828,peppan_g_18454,peppan_g_23548,peppan_g_29114,peppan_g_35151,
IKCLMC_02038,peppan_g_2504,peppan_g_4790,,peppan_g_13835,peppan_g_18461;peppan_g_18463,peppan_g_23555,peppan_g_29123;peppan_g_29126,,
IKCLMC_02173,,,peppan_g_9449,peppan_g_13969,,peppan_g_23683,peppan_g_29259,peppan_g_35005,peppan_g_38008
IKCLMC_02551,,,,peppan_g_17393,peppan_g_21987,peppan_g_26900,peppan_g_29625,peppan_g_35207,peppan_g_39205
IKCLMC_02567,,peppan_g_6783,peppan_g_12724,,peppan_g_20476;peppan_g_21971,peppan_g_25447,peppan_g_29641,peppan_g_34716,
IKCLMC_02739,,,,peppan_g_17208,peppan_g_21794,peppan_g_26707,peppan_g_29806,peppan_g_35395,peppan_g_39396
IKCLMC_02821,,,,peppan_g_17131,peppan_g_21717,peppan_g_26630,peppan_g_29883,peppan_g_35472,peppan_g_39473
IKCLMC_03226,,,peppan_g_13473,,peppan_g_22682,peppan_g_23244,peppan_g_30269,peppan_g_33880,peppan_g_38461
IKCLMC_03264,,peppan_g_8862,,peppan_g_18028,peppan_g_22647,peppan_g_23209,peppan_g_30304,peppan_g_33915,
IKCLMC_03811,peppan_g_2861,,,peppan_g_16626,peppan_g_21210,peppan_g_26120,peppan_g_30832,,peppan_g_39982
IKCLMC_03812,peppan_g_2860,,,peppan_g_16625,peppan_g_21209,peppan_g_26119,peppan_g_30833,,peppan_g_39983
IKCLMC_03813,peppan_g_2859,,,peppan_g_16624,peppan_g_21208,peppan_g_26118,peppan_g_30834,,peppan_g_39984
LNHIMF_00290,peppan_g_2518,peppan_g_4774,,,peppan_g_18445,peppan_g_23539,peppan_g_29105,peppan_g_35160,
LNHIMF_00304/2,peppan_g_2506,,,peppan_g_13833,peppan_g_18459,peppan_g_23553,peppan_g_29121,peppan_g_35144,
LNHIMF_00680,,peppan_g_5155,,,peppan_g_19411;peppan_g_20820,peppan_g_24440,peppan_g_27245;peppan_g_27384;peppan_g_27460;peppan_g_28283,peppan_g_32103,peppan_g_37392
LNHIMF_00681,,peppan_g_5156,,,peppan_g_19412;peppan_g_20819,peppan_g_24441,peppan_g_27246;peppan_g_27385;peppan_g_27461;peppan_g_28284,peppan_g_32102,peppan_g_37391
LNHIMF_00687,,peppan_g_5162,,,peppan_g_19418;peppan_g_20813,peppan_g_24447,peppan_g_27252;peppan_g_27391;peppan_g_27467;peppan_g_28290,peppan_g_32096,peppan_g_37385
LNHIMF_00855,peppan_g_2105,peppan_g_5317,,,peppan_g_18881,peppan_g_23972,peppan_g_27568,,peppan_g_37723
LNHIMF_00858,peppan_g_2102,peppan_g_5320,,,peppan_g_18884,peppan_g_23975,peppan_g_27565,,peppan_g_37720
LNHIMF_00859,peppan_g_2101,peppan_g_5321,,,peppan_g_18885,peppan_g_23976,peppan_g_27564,,peppan_g_37719
LNHIMF_00861,peppan_g_2099,peppan_g_5323,,,peppan_g_18887,peppan_g_23978,peppan_g_27562,,peppan_g_37717
LNHIMF_00865,peppan_g_2095,peppan_g_5327,,,peppan_g_18891,peppan_g_23982,peppan_g_27558,,peppan_g_37713
LNHIMF_02190,peppan_g_1868,peppan_g_6607,,peppan_g_14557,peppan_g_19139,peppan_g_24409,,peppan_g_31902,
LNHIMF_04595,,peppan_g_8866,,peppan_g_18032,peppan_g_22651,peppan_g_23213,peppan_g_30300,peppan_g_33911,
ODDLKH_00062,,,peppan_g_13079,,peppan_g_22329,peppan_g_22877,peppan_g_28124,peppan_g_33130,peppan_g_38824
ODDLKH_00683,,,peppan_g_9252,peppan_g_13749,peppan_g_18374,peppan_g_23468,peppan_g_30043,peppan_g_32537,
ODDLKH_01208,peppan_g_2104,peppan_g_5318,,,peppan_g_18882,peppan_g_23973,peppan_g_27567,,peppan_g_37722
ODDLKH_01209,peppan_g_2103,peppan_g_5319,,,peppan_g_18883,peppan_g_23974,peppan_g_27566,,peppan_g_37721
ODDLKH_01215,peppan_g_2097,peppan_g_5325,,,peppan_g_18889,peppan_g_23980,peppan_g_27560,,peppan_g_37715
ODDLKH_01695,,peppan_g_5159,,,peppan_g_19415;peppan_g_20816,peppan_g_24444,peppan_g_27249;peppan_g_27388;peppan_g_27464;peppan_g_28287,peppan_g_32099,peppan_g_37388
ODDLKH_01696,,peppan_g_5160,,,peppan_g_19416;peppan_g_20815,peppan_g_24445,peppan_g_27250;peppan_g_27389;peppan_g_27465;peppan_g_28288,peppan_g_32098,peppan_g_37387
ODDLKH_01697,,peppan_g_5161,,,peppan_g_19417;peppan_g_20814,peppan_g_24446,peppan_g_27251;peppan_g_27390;peppan_g_27466;peppan_g_28289,peppan_g_32097,peppan_g_37386
ODDLKH_03357,,,peppan_g_11845,peppan_g_16524,peppan_g_21113,peppan_g_26023,peppan_g_30929,,peppan_g_40084
ODDLKH_04277,,,,peppan_g_17394,peppan_g_21988,peppan_g_26901,peppan_g_29624,peppan_g_35206,peppan_g_39204
ONMMKP_01136,,peppan_g_6614,,peppan_g_14551,peppan_g_19132;peppan_g_20860,,peppan_g_27253;peppan_g_28673,peppan_g_32003,peppan_g_37429
ONMMKP_01431,peppan_g_2098,peppan_g_5324,,,peppan_g_18888,peppan_g_23979,peppan_g_27561,,peppan_g_37716
ONMMKP_02204,,,peppan_g_13474,,peppan_g_22683,peppan_g_23245,peppan_g_30268,peppan_g_33879,peppan_g_38460
ONMMKP_02249,,peppan_g_8854,peppan_g_13437,peppan_g_18008,,,peppan_g_30323,peppan_g_33927,peppan_g_38501
ONMMKP_02569,,,peppan_g_13092,,peppan_g_22342,peppan_g_22890,peppan_g_28137,peppan_g_33117,peppan_g_38811
ONMMKP_02570,,,peppan_g_13091,,peppan_g_22341,peppan_g_22889,peppan_g_28136,peppan_g_33118,peppan_g_38812
ONMMKP_02577,,,peppan_g_13084,,peppan_g_22334,peppan_g_22882,peppan_g_28129,peppan_g_33125,peppan_g_38819
ONMMKP_02582,,,peppan_g_13078,,peppan_g_22328,peppan_g_22876,peppan_g_28123,peppan_g_33131,peppan_g_38825
ONMMKP_03000,,,,peppan_g_17396,peppan_g_21990,peppan_g_26903,peppan_g_29622,peppan_g_35204,peppan_g_39202
ONMMKP_03924,,,peppan_g_11844,peppan_g_16523,peppan_g_21112,peppan_g_26022,peppan_g_30930,,peppan_g_40085
ONMMKP_04098,,peppan_g_7177,,,peppan_g_20948,peppan_g_25858,peppan_g_31095,peppan_g_34333,peppan_g_40249
PKJKAM_00038,peppan_g_1867,peppan_g_6606,,peppan_g_14558,peppan_g_19140,peppan_g_24410,,peppan_g_31903,
PKJKAM_00138,peppan_g_1880,,,peppan_g_14548,peppan_g_19129,,peppan_g_28670,peppan_g_32000,peppan_g_37432
PKJKAM_00139,peppan_g_1879,,,peppan_g_14549,peppan_g_19130,,peppan_g_28671,peppan_g_32001,peppan_g_37431
PKJKAM_00216,peppan_g_3360,,peppan_g_13037,,,peppan_g_22838,peppan_g_27407,peppan_g_32077,peppan_g_38863
PKJKAM_00242,,peppan_g_5157,,,peppan_g_19413;peppan_g_20818,peppan_g_24442,peppan_g_27247;peppan_g_27386;peppan_g_27462;peppan_g_28285,peppan_g_32101,peppan_g_37390
PKJKAM_00370,,,,peppan_g_14260,peppan_g_18826,peppan_g_23917,peppan_g_29545,peppan_g_32219,peppan_g_37777
PKJKAM_01301,,,peppan_g_13093,,peppan_g_22343,peppan_g_22891,peppan_g_28138,peppan_g_33116,peppan_g_38810
PKJKAM_01304,,,peppan_g_13090,,peppan_g_22340,peppan_g_22888,peppan_g_28135,peppan_g_33119,peppan_g_38813
PKJKAM_01305,,,peppan_g_13089,,peppan_g_22339,peppan_g_22887,peppan_g_28134,peppan_g_33120,peppan_g_38814
PKJKAM_01311,,,peppan_g_13083,,peppan_g_22333,peppan_g_22881,peppan_g_28128,peppan_g_33126,peppan_g_38820
PKJKAM_01317,,,peppan_g_13076,,peppan_g_22326,peppan_g_22874,peppan_g_28121,peppan_g_33133,peppan_g_38827
PKJKAM_01318,,,peppan_g_13075,,peppan_g_22325,peppan_g_22873,peppan_g_28120,peppan_g_33134,peppan_g_38828
PKJKAM_02131,,,peppan_g_13472,,peppan_g_22681,peppan_g_23243,peppan_g_30270,peppan_g_33881,peppan_g_38462
PKJKAM_02166,,peppan_g_8864,,peppan_g_18030,peppan_g_22649,peppan_g_23211,peppan_g_30302,peppan_g_33913,
PKJKAM_02167,,peppan_g_8863,,peppan_g_18029,peppan_g_22648,peppan_g_23210,peppan_g_30303,peppan_g_33914,
PKJKAM_02470,,,peppan_g_11806,,peppan_g_21078,peppan_g_25988,peppan_g_30965,peppan_g_34203,peppan_g_40119
PKJKAM_03454,peppan_g_2507,,,peppan_g_13832,peppan_g_18458,peppan_g_23552,peppan_g_29120,peppan_g_35145,
PKJKAM_04289,,,,peppan_g_14890,peppan_g_20051,peppan_g_25078,peppan_g_31273,peppan_g_35943,peppan_g_36496
AJBGEP_00578,peppan_g_2244,,peppan_g_9585,peppan_g_14168,peppan_g_18727,peppan_g_23818,,,
AJBGEP_01055,peppan_g_1817,,,peppan_g_14602,peppan_g_19185,,peppan_g_27695,peppan_g_32089,
AJBGEP_01247,peppan_g_985,,,peppan_g_14832,peppan_g_19370,peppan_g_24401,peppan_g_28016,,
AJBGEP_01280,,,,,peppan_g_19398,peppan_g_24428,peppan_g_27371,peppan_g_32115,peppan_g_37405
AJBGEP_01284,,,,,peppan_g_19402;peppan_g_20829,peppan_g_24432,peppan_g_27236;peppan_g_27375;peppan_g_27451;peppan_g_28274,peppan_g_32111,peppan_g_37401
AJBGEP_01285,,,,,peppan_g_19403;peppan_g_20828,peppan_g_24433,peppan_g_27237;peppan_g_27376;peppan_g_27452;peppan_g_28275,peppan_g_32110,peppan_g_37400
AJBGEP_01966,,peppan_g_6373,,peppan_g_14883,peppan_g_20058,peppan_g_25085,peppan_g_27214;peppan_g_31264,,
AJBGEP_02622,peppan_g_406,,peppan_g_11415,peppan_g_16132,peppan_g_20675,peppan_g_25645,,,
AJBGEP_02623,peppan_g_405,,peppan_g_11416,peppan_g_16133,peppan_g_20676,peppan_g_25646,,,
AJBGEP_02789,,,,,peppan_g_19399;peppan_g_20832,peppan_g_24429,peppan_g_27233;peppan_g_27372;peppan_g_27448;peppan_g_28271,peppan_g_32114,peppan_g_37404
AJBGEP_03098,,,peppan_g_11848,peppan_g_16527,peppan_g_21116,peppan_g_26026,,,peppan_g_40081
AJBGEP_03699,,,peppan_g_12426,peppan_g_17093,peppan_g_21679,peppan_g_26592,peppan_g_29921,,
AJBGEP_04214,peppan_g_3488,peppan_g_8361,,peppan_g_17556,peppan_g_22158,peppan_g_27066,,,
AJBGEP_04311,,,,peppan_g_17653,peppan_g_22252,peppan_g_27160,peppan_g_27887,peppan_g_33176,
AJBGEP_04312,,,,peppan_g_17654,peppan_g_22253,peppan_g_27161,peppan_g_27888,peppan_g_33175,
AJBGEP_04314,,,,peppan_g_17656,peppan_g_22255,peppan_g_27163,peppan_g_27890,peppan_g_33173,
AJBGEP_04361,,,peppan_g_13038,,peppan_g_22292,peppan_g_22839,,peppan_g_32076,peppan_g_38862
AJBGEP_04515,peppan_g_4095,peppan_g_8670,,peppan_g_17819,peppan_g_22437,peppan_g_22985,,,
AJBGEP_04516,peppan_g_4096,peppan_g_8671,,peppan_g_17820,peppan_g_22438,peppan_g_22986,,,
AJBGEP_04621,,,peppan_g_13307,,peppan_g_22538,peppan_g_23097,,peppan_g_34017,peppan_g_38611
AJBGEP_04622,,,peppan_g_13308,,peppan_g_22539,peppan_g_23098,,peppan_g_34016,peppan_g_38610
AJBGEP_04632,,,peppan_g_13318,,peppan_g_22549,peppan_g_23108,,peppan_g_34006,peppan_g_38600
BEJGEH_00068,peppan_g_65,,peppan_g_9108,peppan_g_13615,,,peppan_g_30178,,peppan_g_38371
BEJGEH_00178,,,peppan_g_9210,peppan_g_13707,,,peppan_g_30085,peppan_g_32586,peppan_g_38276
BEJGEH_00569,peppan_g_2243,,peppan_g_9586,peppan_g_14169,peppan_g_18728,peppan_g_23819,,,
BEJGEH_00570,peppan_g_2242,,peppan_g_9587,peppan_g_14170,peppan_g_18729,peppan_g_23820,,,
BEJGEH_01612,peppan_g_1303,,peppan_g_10593,peppan_g_15272,,,peppan_g_31674,peppan_g_32035,
BEJGEH_02338,,,peppan_g_11283,peppan_g_15997,peppan_g_20544,peppan_g_25515,peppan_g_28777,,
BEJGEH_02464,,,peppan_g_11401,peppan_g_16118,peppan_g_20661,,peppan_g_28443,,peppan_g_40530
BEJGEH_03310,,,peppan_g_12200,,peppan_g_21454,peppan_g_26369,peppan_g_30584,peppan_g_33506,
BEJGEH_03545,,,peppan_g_12425,peppan_g_17092,peppan_g_21678,peppan_g_26591,peppan_g_29922,,
BEJGEH_04250,,,peppan_g_13072,peppan_g_17725,peppan_g_22322,peppan_g_22869,,,peppan_g_38832
BEJGEH_04489,,,peppan_g_13306,,peppan_g_22537,peppan_g_23096,,peppan_g_34018,peppan_g_38612
BEJGEH_04492,,,peppan_g_13309,,peppan_g_22540,peppan_g_23099,,peppan_g_34015,peppan_g_38609
BEJGEH_04500,,,peppan_g_13317,,peppan_g_22548,peppan_g_23107,,peppan_g_34007,peppan_g_38601
GEGEGB_02004,peppan_g_1853,,,peppan_g_14852,peppan_g_19151,peppan_g_24422,,peppan_g_32122,
GEGEGB_02996,peppan_g_2772,,peppan_g_11864,peppan_g_16543,,,,peppan_g_34146,peppan_g_40065
GEGEGB_02997,peppan_g_2773,,peppan_g_11865,peppan_g_16544,,,,peppan_g_34145,peppan_g_40064
GEGEGB_03333,peppan_g_3075,,,,peppan_g_21420,peppan_g_26330,peppan_g_30621,peppan_g_33543,
GEGEGB_03791,peppan_g_3487,peppan_g_8362,,peppan_g_17557,peppan_g_22159,peppan_g_27067,,,
GEGEGB_03969,peppan_g_3643,peppan_g_8125,peppan_g_12668,,,,peppan_g_29690,peppan_g_35279,
GEGEGB_04349,peppan_g_4002,peppan_g_8517,,peppan_g_17723,,,peppan_g_28117,peppan_g_33137,
GEGEGB_04824,peppan_g_4448,,,peppan_g_18021,peppan_g_22640,peppan_g_23202,peppan_g_30311,,
HFCAGB_00212,,,,peppan_g_13751,peppan_g_18376,peppan_g_23470,peppan_g_30041,peppan_g_32535,
HFCAGB_00614,,peppan_g_5074,,peppan_g_14136,,,peppan_g_29425,peppan_g_34840,peppan_g_37075
HFCAGB_00766,,,peppan_g_9695,peppan_g_14278,peppan_g_18844,peppan_g_23935,peppan_g_29563,,
HFCAGB_03569,,,,peppan_g_16921,peppan_g_21506,peppan_g_26420,peppan_g_30533,peppan_g_33455,
HFCAGB_04262,peppan_g_3485,peppan_g_8364,,peppan_g_17559,peppan_g_22161,peppan_g_27069,,,
IKCLMC_00070,,,,,peppan_g_19405;peppan_g_20826,peppan_g_24435,peppan_g_27239;peppan_g_27378;peppan_g_27454;peppan_g_28277,peppan_g_32108,peppan_g_37398
IKCLMC_00194,peppan_g_1855,,,peppan_g_14568,peppan_g_19148,peppan_g_24420,peppan_g_27363,,
IKCLMC_00299,,,,,peppan_g_19407;peppan_g_20824,peppan_g_24437,peppan_g_27241;peppan_g_27380;peppan_g_27456;peppan_g_28279,peppan_g_32106,peppan_g_37396
IKCLMC_00759,,,,peppan_g_17657,peppan_g_22256,peppan_g_27164,peppan_g_27891,peppan_g_33172,
IKCLMC_00760,,,,peppan_g_17658,peppan_g_22257,peppan_g_27165,peppan_g_27892,peppan_g_33171,
IKCLMC_00998,peppan_g_4000,peppan_g_8515,,peppan_g_17721,,,peppan_g_28115,peppan_g_33139,
IKCLMC_02346,,peppan_g_5075,,peppan_g_14137,,,peppan_g_29426,peppan_g_34839,peppan_g_37074
IKCLMC_02865,,,peppan_g_12424,peppan_g_17091,peppan_g_21677,peppan_g_26590,peppan_g_29923,,
IKCLMC_03143/2,peppan_g_3170,,,,peppan_g_21514,peppan_g_26428,peppan_g_30525,,peppan_g_39669
IKCLMC_03143/3,,peppan_g_7738,,peppan_g_16929,peppan_g_18229,peppan_g_23324,,peppan_g_33447,
IKCLMC_03270,peppan_g_4449,,,peppan_g_18022,peppan_g_22641,peppan_g_23203,peppan_g_30310,,
IKCLMC_03585,peppan_g_3079,,,,peppan_g_21424,peppan_g_26334,peppan_g_30617,peppan_g_33539,
IKCLMC_03588,peppan_g_3076,,,,peppan_g_21421,peppan_g_26331,peppan_g_30620,peppan_g_33542,
LNHIMF_00290/2,,peppan_g_4777,,,peppan_g_18448,peppan_g_23542,peppan_g_29108,peppan_g_35157,
LNHIMF_00291,,peppan_g_4775,,,peppan_g_18446,peppan_g_23540,peppan_g_29106,peppan_g_35159,
LNHIMF_00309,,peppan_g_4792,,,peppan_g_18465,peppan_g_23557,peppan_g_29132,peppan_g_35136,
LNHIMF_01968,peppan_g_960,peppan_g_6398,,peppan_g_14805,,,,peppan_g_35907,peppan_g_36461
LNHIMF_02195,,peppan_g_6612,,,peppan_g_19134;peppan_g_20858,peppan_g_24403,peppan_g_27422,,peppan_g_37427
LNHIMF_02639/0.1,peppan_g_2245,,peppan_g_9584,peppan_g_14167,peppan_g_18726,peppan_g_23817,,,
LNHIMF_02798,,peppan_g_7178,,,peppan_g_20949,peppan_g_25859,peppan_g_31094,,peppan_g_40248
LNHIMF_02986,peppan_g_2779,peppan_g_7356,,,peppan_g_21130,peppan_g_26040,peppan_g_30912,,
LNHIMF_03067,,peppan_g_7430,,,peppan_g_21204,peppan_g_26114,peppan_g_30838,peppan_g_34069,
LNHIMF_04063,peppan_g_3484,peppan_g_8365,,peppan_g_17560,peppan_g_22162,peppan_g_27070,,,
ODDLKH_00297,,,peppan_g_13311,,peppan_g_22542,peppan_g_23101,,peppan_g_34013,peppan_g_38607
ODDLKH_00657,,,,peppan_g_13723,peppan_g_18348,peppan_g_23442,peppan_g_30069,peppan_g_32570,
ODDLKH_00765,,peppan_g_4776,,,peppan_g_18447,peppan_g_23541,peppan_g_29107,peppan_g_35158,
ODDLKH_01689,,,,,peppan_g_19408;peppan_g_20823,peppan_g_24438,peppan_g_27242;peppan_g_27381;peppan_g_27457;peppan_g_28280,peppan_g_32105,peppan_g_37395
ODDLKH_03016,,peppan_g_7038,,peppan_g_16194,peppan_g_20734,peppan_g_25703,peppan_g_28369,,
ODDLKH_03684,peppan_g_3078,,,,peppan_g_21423,peppan_g_26333,peppan_g_30618,peppan_g_33540,
ODDLKH_03962,,,peppan_g_12427,peppan_g_17094,peppan_g_21680,peppan_g_26593,peppan_g_29920,,
ONMMKP_01083,peppan_g_4179,peppan_g_8598,,peppan_g_14881,,,,peppan_g_32091,peppan_g_37379
ONMMKP_01111/3,,,,,peppan_g_20834,peppan_g_24427,peppan_g_27446,peppan_g_32117,peppan_g_37406
ONMMKP_02355,,,peppan_g_13315,,peppan_g_22546,peppan_g_23105,,peppan_g_34009,peppan_g_38603
ONMMKP_02356,,,peppan_g_13314,,peppan_g_22545,peppan_g_23104,,peppan_g_34010,peppan_g_38604
ONMMKP_02357,,,peppan_g_13313,,peppan_g_22544,peppan_g_23103,,peppan_g_34011,peppan_g_38605
ONMMKP_02360,,,peppan_g_13310,,peppan_g_22541,peppan_g_23100,,peppan_g_34014,peppan_g_38608
ONMMKP_02365,,,peppan_g_13305,,peppan_g_22536,peppan_g_23095,,peppan_g_34019,peppan_g_38613
ONMMKP_03109,,,peppan_g_12628,peppan_g_17293,peppan_g_21879,peppan_g_26792,,,peppan_g_39308
ONMMKP_03479,peppan_g_3172,,peppan_g_12261,peppan_g_16931,,,,peppan_g_33445,peppan_g_39667
PKJKAM_00219,,,peppan_g_13034,peppan_g_17688,peppan_g_22287,,,peppan_g_32080,peppan_g_38866
PKJKAM_00245,,,,,peppan_g_19410;peppan_g_20821,peppan_g_24439,peppan_g_27244;peppan_g_27383;peppan_g_27459;peppan_g_28282,peppan_g_32104,peppan_g_37393
PKJKAM_00248,,,,,peppan_g_19406;peppan_g_20825,peppan_g_24436,peppan_g_27240;peppan_g_27379;peppan_g_27455;peppan_g_28278,peppan_g_32107,peppan_g_37397
PKJKAM_00250,,,,,peppan_g_19404;peppan_g_20827,peppan_g_24434,peppan_g_27238;peppan_g_27377;peppan_g_27453;peppan_g_28276,peppan_g_32109,peppan_g_37399
PKJKAM_00253,,,,,peppan_g_19401;peppan_g_20830,peppan_g_24431,peppan_g_27235;peppan_g_27374;peppan_g_27450;peppan_g_28273,peppan_g_32112,peppan_g_37402
PKJKAM_00254,,,,,peppan_g_19400;peppan_g_20831,peppan_g_24430,peppan_g_27234;peppan_g_27373;peppan_g_27449;peppan_g_28272,peppan_g_32113,peppan_g_37403
PKJKAM_00267,,peppan_g_6598,,,peppan_g_20842,,peppan_g_27438,peppan_g_32125,peppan_g_37410
PKJKAM_00756,,,peppan_g_9211,peppan_g_13708,,,peppan_g_30084,peppan_g_32585,peppan_g_38275
PKJKAM_01147,,,,peppan_g_17868,peppan_g_22488,peppan_g_23047,peppan_g_30465,peppan_g_32967,
PKJKAM_01320,peppan_g_4003,peppan_g_8518,,peppan_g_17724,,,peppan_g_28118,peppan_g_33136,
PKJKAM_01322,peppan_g_4001,peppan_g_8516,,peppan_g_17722,,,peppan_g_28116,peppan_g_33138,
PKJKAM_01368,,,,peppan_g_17655,peppan_g_22254,peppan_g_27162,peppan_g_27889,peppan_g_33174,
PKJKAM_01561,,,peppan_g_12822,peppan_g_17475,peppan_g_22074,peppan_g_26982,,peppan_g_33347,
PKJKAM_01770,peppan_g_3081,,peppan_g_12167,,,peppan_g_26336,peppan_g_30615,peppan_g_33537,
PKJKAM_01774,peppan_g_3077,,,,peppan_g_21422,peppan_g_26332,peppan_g_30619,peppan_g_33541,
PKJKAM_02264,,,peppan_g_13319,,peppan_g_22550,peppan_g_23109,,peppan_g_34005,peppan_g_38599
PKJKAM_02267,,,peppan_g_13316,,peppan_g_22547,peppan_g_23106,,peppan_g_34008,peppan_g_38602
PKJKAM_02271,,,peppan_g_13312,,peppan_g_22543,peppan_g_23102,,peppan_g_34012,peppan_g_38606
PKJKAM_02279,,,peppan_g_13304,,peppan_g_22535,peppan_g_23094,,peppan_g_34020,peppan_g_38614
PKJKAM_02280,,,peppan_g_13303,,peppan_g_22534,peppan_g_23093,,peppan_g_34021,peppan_g_38615
PKJKAM_02281,,,peppan_g_13302,,peppan_g_22533,peppan_g_23092,,peppan_g_34022,peppan_g_38616
PKJKAM_02282,,,peppan_g_13301,,peppan_g_22532,peppan_g_23091,,peppan_g_34023,peppan_g_38617
PKJKAM_02413,peppan_g_2774,,peppan_g_11866,peppan_g_16545,,,,peppan_g_34144,peppan_g_40063
PKJKAM_02416,peppan_g_2771,,peppan_g_11863,peppan_g_16542,,,,peppan_g_34147,peppan_g_40066
PKJKAM_02417,peppan_g_2770,,peppan_g_11862,peppan_g_16541,,,,peppan_g_34148,peppan_g_40067
PKJKAM_03445,,peppan_g_4791,,,peppan_g_18464,peppan_g_23556,peppan_g_29131,peppan_g_35137,
AJBGEP_00312,,,,,peppan_g_18467,peppan_g_23559,peppan_g_29134,peppan_g_35134,
AJBGEP_01024,,,,peppan_g_14855,peppan_g_19154,peppan_g_24425,,peppan_g_32119,
AJBGEP_01306,,peppan_g_6363,,,,,peppan_g_31273,peppan_g_35944,peppan_g_36497
AJBGEP_01410,peppan_g_1179,,,peppan_g_15408,peppan_g_19521,peppan_g_24550,,,
AJBGEP_01639,,,,peppan_g_15200,peppan_g_19739,peppan_g_24768,,peppan_g_36261,
AJBGEP_02250,,peppan_g_6644,peppan_g_11063,,peppan_g_20321,peppan_g_25292,,,
AJBGEP_02398,,,peppan_g_11641,peppan_g_16323,peppan_g_20463,peppan_g_25434,,,
AJBGEP_02792/2,,,,peppan_g_14856,peppan_g_19155,peppan_g_24426,,peppan_g_32118,
AJBGEP_02794/2,,,,peppan_g_14854,peppan_g_19153,,peppan_g_27364,peppan_g_32120,
AJBGEP_03524,,peppan_g_7740,,,peppan_g_21516,peppan_g_26430,peppan_g_27222,,
BEJGEH_00333,,,peppan_g_9357,peppan_g_13874,,,,peppan_g_35100,peppan_g_38103
BEJGEH_00334,,,peppan_g_9358,peppan_g_14706,peppan_g_18499,peppan_g_23591,,,
BEJGEH_01169,,,peppan_g_10166,,peppan_g_20083,peppan_g_25110,peppan_g_31236,,
BEJGEH_01528,,peppan_g_6045,peppan_g_10511,,,,peppan_g_31593,,peppan_g_36812
BEJGEH_02158,peppan_g_717,,peppan_g_11111,,,,peppan_g_28950,,peppan_g_40818
BEJGEH_02714,peppan_g_4176,,peppan_g_11638,peppan_g_16320,,,,,peppan_g_40329
BEJGEH_02952,,,peppan_g_11867,peppan_g_16546,,,,peppan_g_34143,peppan_g_40062
BEJGEH_03038,peppan_g_2855,,peppan_g_11944,peppan_g_16620,,,,,peppan_g_39988
BEJGEH_03295,,,peppan_g_12188,peppan_g_16858,peppan_g_21442,peppan_g_26357,,,
BEJGEH_03985,peppan_g_3259,,peppan_g_12835,,peppan_g_22087,peppan_g_26995,,,
BEJGEH_04067,,,peppan_g_12907,,,,peppan_g_27793,peppan_g_33270,peppan_g_38993
BEJGEH_04167,peppan_g_3393,peppan_g_8452,peppan_g_13004,,,,,,peppan_g_38896
BEJGEH_04249,,,peppan_g_13071,,peppan_g_22321,peppan_g_22868,,,peppan_g_38833
BEJGEH_04251,,,peppan_g_13073,,peppan_g_22323,peppan_g_22871,,,peppan_g_38830
BEJGEH_04374,,,peppan_g_13194,,,,peppan_g_28237,peppan_g_33018,peppan_g_38712
BEJGEH_04375,,,peppan_g_13196,,,,peppan_g_28239,peppan_g_33016,peppan_g_38710
BEJGEH_04585,,,peppan_g_13399,peppan_g_16359,peppan_g_20941,peppan_g_25851,,,
GEGEGB_00151,peppan_g_139,,peppan_g_9182,peppan_g_13684,,,,,peppan_g_38299
GEGEGB_00152,peppan_g_140,,peppan_g_9183,peppan_g_13685,,,,,peppan_g_38298
GEGEGB_00423,peppan_g_1081;peppan_g_1119;peppan_g_1164;peppan_g_1363;peppan_g_1512;peppan_g_1545;peppan_g_1637;peppan_g_1692;peppan_g_1787;peppan_g_2003;peppan_g_2198;peppan_g_231;peppan_g_2339;peppan_g_2399;peppan_g_241;peppan_g_2824;peppan_g_2835;peppan_g_2900;peppan_g_2909;peppan_g_2932;peppan_g_3340;peppan_g_388;peppan_g_4328;peppan_g_452;peppan_g_584,,,peppan_g_16358;peppan_g_16362,peppan_g_18243;peppan_g_18967;peppan_g_19071;peppan_g_19353;peppan_g_19867;peppan_g_20001;peppan_g_20141;peppan_g_20693;peppan_g_21458;peppan_g_21638,,,,peppan_g_36810
GEGEGB_03519,peppan_g_3245,,peppan_g_12850,,peppan_g_22102,peppan_g_27010,,,
GEGEGB_03520,peppan_g_3246,,peppan_g_12849,,peppan_g_22101,peppan_g_27009,,,
GEGEGB_03975,peppan_g_3649,,,peppan_g_17323,peppan_g_21910,peppan_g_26823,,,
GEGEGB_04536,peppan_g_4175,,peppan_g_11637,peppan_g_16319,,,,,peppan_g_40330
GEGEGB_04563,peppan_g_4204,,peppan_g_11664,peppan_g_16345,,,,,peppan_g_40299
GEGEGB_04568,peppan_g_4209,,peppan_g_11668,peppan_g_16349,,,,,peppan_g_40295
GEGEGB_04571,peppan_g_4212,,peppan_g_11671,peppan_g_16352,,,,,peppan_g_40292
GEGEGB_04572,peppan_g_4213,,peppan_g_11672,peppan_g_16353,,,,,peppan_g_40291
GEGEGB_04574,peppan_g_4215,,peppan_g_11674,peppan_g_16355,,,,,peppan_g_40289
GEGEGB_04632,peppan_g_4269,,,,,peppan_g_23024,,peppan_g_32990,peppan_g_38684
HFCAGB_01055,,,,peppan_g_14553,peppan_g_19373,peppan_g_24404,,,peppan_g_37426
HFCAGB_01072,peppan_g_1850,peppan_g_8570,,peppan_g_14570,peppan_g_20212,,,,
HFCAGB_01348/2,,peppan_g_6372,,peppan_g_14884,peppan_g_19371,,peppan_g_28017,,
HFCAGB_01951,peppan_g_1178,,,peppan_g_15409,peppan_g_19520,peppan_g_24549,,,
HFCAGB_02778,,,peppan_g_11468,peppan_g_16185,,,peppan_g_28377,peppan_g_34467,
HFCAGB_02942,peppan_g_4193,,peppan_g_11653,peppan_g_16334,,,,,peppan_g_40310
HFCAGB_02956,peppan_g_4208,,peppan_g_11667,peppan_g_16348,,,,,peppan_g_40296
HFCAGB_03477,,peppan_g_7648,peppan_g_12166,peppan_g_16836,,,,,peppan_g_39759
HFCAGB_03498,,,peppan_g_12187,peppan_g_16857,peppan_g_21441,peppan_g_26356,,,
HFCAGB_04572,,,peppan_g_13233,peppan_g_17845,peppan_g_22465,,peppan_g_28265,,
HFCAGB_04713/2,,,peppan_g_13397,peppan_g_16361,peppan_g_20943,peppan_g_25853,,,
IKCLMC_00485,,,,peppan_g_17499,,,peppan_g_27638,peppan_g_33323,peppan_g_39046
IKCLMC_00515,peppan_g_3272,peppan_g_8283,,,,,peppan_g_27662,,peppan_g_39070
IKCLMC_00660,,,peppan_g_12909,,,,peppan_g_27795,peppan_g_33268,peppan_g_38991
IKCLMC_02319,,peppan_g_5051,,peppan_g_14110,,,peppan_g_29400,,peppan_g_37101
IKCLMC_03143/3/0.1,,,peppan_g_9770,peppan_g_14350,,,peppan_g_28464,,peppan_g_37676
IKCLMC_04242,,,peppan_g_10165,,peppan_g_20084,peppan_g_25111,peppan_g_31235,,
IKCLMC_04607,,,,,peppan_g_19737,peppan_g_24766,peppan_g_31595,,peppan_g_36814
LNHIMF_00067,,peppan_g_4570,,,peppan_g_18240,peppan_g_23335,,peppan_g_33789,
LNHIMF_00569,,peppan_g_5052,,peppan_g_14111,,,,peppan_g_34864,peppan_g_37100
LNHIMF_00696,,peppan_g_5170,,,peppan_g_19427,peppan_g_24456,peppan_g_28074,,
LNHIMF_00704,peppan_g_4411,peppan_g_5177;peppan_g_6641,peppan_g_10932,peppan_g_15613,,,,,
LNHIMF_01937,,peppan_g_6366,,,,,peppan_g_31271,peppan_g_35940,peppan_g_36494
LNHIMF_02188,peppan_g_1866,peppan_g_6605,,peppan_g_14559,peppan_g_19141,,,,
LNHIMF_02229,,peppan_g_6642,peppan_g_11061,,peppan_g_20319,peppan_g_25290,,,
LNHIMF_02230,,peppan_g_6643,peppan_g_11062,,peppan_g_20320,peppan_g_25291,,,
LNHIMF_03387,peppan_g_3162,peppan_g_7730,peppan_g_12251,,,,,,peppan_g_39677
LNHIMF_04458,peppan_g_4292,peppan_g_8732,peppan_g_13256,,,,,,peppan_g_38661
ODDLKH_00532/3,,,,,peppan_g_21515,peppan_g_26429,,peppan_g_33799,peppan_g_38381
ODDLKH_01701/2,,peppan_g_5165,,,peppan_g_20810,,peppan_g_28293,peppan_g_32093,
ODDLKH_02634,,,,,peppan_g_20369,peppan_g_25340,peppan_g_28942,peppan_g_35656,
ODDLKH_03686,peppan_g_3080,,,,,peppan_g_26335,peppan_g_30616,peppan_g_33538,
ODDLKH_04384,peppan_g_3258,,peppan_g_12836,,peppan_g_22088,peppan_g_26996,,,
ODDLKH_04385,peppan_g_3257,,peppan_g_12837,,peppan_g_22089,peppan_g_26997,,,
ONMMKP_00167,,peppan_g_6365,,,,,peppan_g_31272,peppan_g_35941,peppan_g_36495
ONMMKP_00176/2,,,peppan_g_13195,,,,peppan_g_28238,peppan_g_33015,peppan_g_38709
ONMMKP_04139,peppan_g_4214,,peppan_g_11673,peppan_g_16354,,,,,peppan_g_40290
ONMMKP_04177,peppan_g_4177,,peppan_g_11639,peppan_g_16321,,,,,peppan_g_40328
ONMMKP_04693,peppan_g_707,,peppan_g_11121,,,,peppan_g_28944,,peppan_g_40812
ONMMKP_04694,peppan_g_708,,peppan_g_11120,,,,peppan_g_28945,,peppan_g_40813
ONMMKP_04699,peppan_g_718,,peppan_g_11110,,,,peppan_g_28951,,peppan_g_40819
PKJKAM_00262,,,,peppan_g_14853,peppan_g_19152,peppan_g_24423,,peppan_g_32121,
PKJKAM_00264,peppan_g_1854,,,,peppan_g_19150,peppan_g_24421,,peppan_g_32123,
PKJKAM_01463,,,peppan_g_12911,,,,peppan_g_27797,peppan_g_33266,peppan_g_38989
PKJKAM_01464,,,peppan_g_12910,,,,peppan_g_27796,peppan_g_33267,peppan_g_38990
PKJKAM_01468,,,peppan_g_12906,,,,peppan_g_27792,peppan_g_33271,peppan_g_38994
PKJKAM_01529,,,,peppan_g_17500,,,peppan_g_27637,peppan_g_33322,peppan_g_39045
PKJKAM_03166,,,,peppan_g_14112,,,peppan_g_29402,peppan_g_34863,peppan_g_37099
PKJKAM_03172,,,,peppan_g_14106,peppan_g_19384,,,peppan_g_34869,peppan_g_37106
PKJKAM_03444,,,,,peppan_g_18466,peppan_g_23558,peppan_g_29133,peppan_g_35135,
PKJKAM_04621,peppan_g_1427,,peppan_g_10512,peppan_g_15201,,,,peppan_g_36262,
AJBGEP_00318,,,,,peppan_g_18473,peppan_g_23565,,peppan_g_35126,
AJBGEP_00595,,,,,peppan_g_18745,peppan_g_23836,,peppan_g_34801,
AJBGEP_00597,,,,,peppan_g_18747,peppan_g_23838,,peppan_g_34799,
AJBGEP_00598,,,,,peppan_g_18748,peppan_g_23839,,peppan_g_34798,
AJBGEP_01051,,,,peppan_g_14597,peppan_g_19180,,peppan_g_27690,,
AJBGEP_01052,,,,peppan_g_14598,peppan_g_19181,,peppan_g_27691,,
AJBGEP_01054,,,,peppan_g_14601,peppan_g_19184,,peppan_g_27694,,
AJBGEP_01243,,,,,peppan_g_19366,peppan_g_24397,peppan_g_28012,,
AJBGEP_01246,,,,,peppan_g_19369,peppan_g_24400,peppan_g_28015,,
AJBGEP_01292,,,,,peppan_g_19409;peppan_g_20822,,peppan_g_27243;peppan_g_27382;peppan_g_27458;peppan_g_28281,,peppan_g_37394
AJBGEP_01306/0.1,,,,,peppan_g_19422,peppan_g_24451,peppan_g_28069,,
AJBGEP_01306/2,,,,peppan_g_14880,,,,peppan_g_32092,peppan_g_37380
AJBGEP_01306/4,,,,peppan_g_14596,peppan_g_19179,,peppan_g_27689,,
AJBGEP_01307,,,,,peppan_g_19424,peppan_g_24453,peppan_g_28071,,
AJBGEP_01959/0.1,,,,,peppan_g_19423,peppan_g_24452,peppan_g_28070,,
AJBGEP_01966/0.1,peppan_g_984,,peppan_g_10190,peppan_g_14829,,,,,
AJBGEP_02102,,peppan_g_6569,,peppan_g_15619,peppan_g_20185,,,,
AJBGEP_02109,,peppan_g_6575,,peppan_g_15625,peppan_g_20191,,,,
AJBGEP_02111,,peppan_g_6577;peppan_g_8587,,peppan_g_15627,peppan_g_20193,,,,
AJBGEP_02113,,peppan_g_6579;peppan_g_8585,,peppan_g_15629,peppan_g_20195,,,,
AJBGEP_02119,,peppan_g_6585,,peppan_g_15635,peppan_g_20201,,,,
AJBGEP_02121,,peppan_g_6587,,peppan_g_15637,peppan_g_20203,,,,
AJBGEP_02148,,peppan_g_8551,,peppan_g_15664,peppan_g_20228,,,,
AJBGEP_02149,,peppan_g_8550,,peppan_g_15665,peppan_g_20229,,,,
AJBGEP_02794,,,,,peppan_g_20837,peppan_g_24424,peppan_g_27443,,
AJBGEP_02822,,peppan_g_6613,,,peppan_g_19133;peppan_g_20859,,peppan_g_27421,,
AJBGEP_02894,,,,,peppan_g_20924,peppan_g_25834,,,peppan_g_38538
AJBGEP_03651,,,,peppan_g_17052,peppan_g_21637,,peppan_g_29961,,
AJBGEP_03931,,,peppan_g_12653,,peppan_g_21904,peppan_g_26817,,,
AJBGEP_03939,,,,peppan_g_17324,peppan_g_21911,peppan_g_26824,,,
AJBGEP_03941,,,,peppan_g_17326,peppan_g_21913,peppan_g_26826,,,
AJBGEP_04704,,,,,peppan_g_22616,peppan_g_23178,,peppan_g_33945,
AJBGEP_04725,peppan_g_4442,,,,peppan_g_22635,peppan_g_23197,,,
AJBGEP_04730,peppan_g_4447,,,,peppan_g_22639,peppan_g_23201,,,
AJBGEP_04815,peppan_g_4410,,,peppan_g_17980,peppan_g_22714;peppan_g_22717,,,,
AJBGEP_04818,peppan_g_4406,,,peppan_g_17976,peppan_g_22721,,,,
BEJGEH_00302,,,peppan_g_9324,peppan_g_13843,,,,peppan_g_35132,
BEJGEH_01416,peppan_g_1515,peppan_g_6148,peppan_g_10403,,,,,,
BEJGEH_01612/2,,,,,peppan_g_19657,peppan_g_24686,,,peppan_g_36894
BEJGEH_02652,,,peppan_g_11577,,,,,peppan_g_33617,peppan_g_40285
BEJGEH_02654,,,peppan_g_11579,,,,,peppan_g_33615,peppan_g_40283
BEJGEH_02659,,,peppan_g_11585,,,,,peppan_g_33610,peppan_g_40278
BEJGEH_02662,,,peppan_g_11588,,,,,peppan_g_33607,peppan_g_40275
BEJGEH_02718,,,peppan_g_11642,peppan_g_16324,,,,,peppan_g_40321
BEJGEH_02730,peppan_g_3317,,peppan_g_11654,peppan_g_16335,,,,,
BEJGEH_02731,peppan_g_4195,,peppan_g_11655,,,,,,peppan_g_40308
BEJGEH_02734,peppan_g_4198,,peppan_g_11658,,,,,,peppan_g_40305
BEJGEH_02745,,,peppan_g_11669,peppan_g_16350,,,,,peppan_g_40294
BEJGEH_02753,,,peppan_g_11677,,peppan_g_20938,peppan_g_25848,,,
BEJGEH_02896,,,peppan_g_11811,peppan_g_16492,,,,peppan_g_34198,
BEJGEH_02935,,,peppan_g_11849,,,peppan_g_26027,peppan_g_30925,,
BEJGEH_03955,peppan_g_3283,peppan_g_8272,peppan_g_12811,,,,,,
BEJGEH_04568,,peppan_g_8825,peppan_g_13382,peppan_g_17963,,,,,
GEGEGB_01072,peppan_g_987,,,peppan_g_14844,,,peppan_g_27356,,
GEGEGB_01073,peppan_g_988,,,peppan_g_14845,,,peppan_g_27357,,
GEGEGB_01074,peppan_g_989,,,peppan_g_14846,,,peppan_g_27358,,
GEGEGB_02570,peppan_g_2379,peppan_g_4930,,,peppan_g_18592,,,,
GEGEGB_02678,peppan_g_2479,peppan_g_4816,,,,,,,peppan_g_38124
GEGEGB_02683,peppan_g_2485,peppan_g_4810,,,,,,,peppan_g_38130
GEGEGB_02705,peppan_g_2509,,,,,,peppan_g_29118,peppan_g_35147,
GEGEGB_02978,peppan_g_2754,peppan_g_7341,,,,,,peppan_g_34164,
GEGEGB_02979,peppan_g_2755,peppan_g_7342,,,,,,peppan_g_34163,
GEGEGB_03887,peppan_g_3570,peppan_g_8200,peppan_g_12741,,,,,,
GEGEGB_03888,peppan_g_3571,peppan_g_8199,peppan_g_12740,,,,,,
GEGEGB_03889,peppan_g_3572,peppan_g_8198,peppan_g_12739,,,,,,
GEGEGB_04179,peppan_g_3839,peppan_g_7931,peppan_g_12464,,,,,,
GEGEGB_04544,peppan_g_4185,,peppan_g_11644,,,,,,peppan_g_40319
GEGEGB_04550,peppan_g_4191,,peppan_g_11651,,,,,,peppan_g_40312
GEGEGB_04551,peppan_g_4192,,peppan_g_11652,,,,,,peppan_g_40311
GEGEGB_04555,peppan_g_4196,,peppan_g_11656,,,,,,peppan_g_40307
GEGEGB_04604,peppan_g_4242,,,,,,,peppan_g_31898,peppan_g_39904
GEGEGB_04607,peppan_g_4243;peppan_g_4245,,,,,,,peppan_g_31899,peppan_g_39905
GEGEGB_04684,peppan_g_4319,,,peppan_g_17895,,,peppan_g_30438,,
GEGEGB_04780,peppan_g_4407,,,peppan_g_17977,peppan_g_22720,,,,
GEGEGB_04785,peppan_g_4412,peppan_g_6639,peppan_g_13199,,,,,,
GEGEGB_04816,peppan_g_4441,,,,peppan_g_22634,peppan_g_23196,,,
GEGEGB_04822,peppan_g_4446,,,,peppan_g_22638,peppan_g_23200,,,
HFCAGB_00606,,peppan_g_5065,,peppan_g_14127,,,peppan_g_29415,,
HFCAGB_00607,,peppan_g_5066,,peppan_g_14128,,,peppan_g_29416,,
HFCAGB_00610,,peppan_g_5070,,peppan_g_14131,,,,,peppan_g_37080
HFCAGB_00617,,,,peppan_g_14139,,,peppan_g_29429,peppan_g_34837,
HFCAGB_00618,,,,peppan_g_14140,,,peppan_g_29430,peppan_g_34836,
HFCAGB_01071,,peppan_g_6596,,peppan_g_14569,,,,,peppan_g_37408
HFCAGB_01101,,,,peppan_g_14599,peppan_g_19182,,peppan_g_27692,,
HFCAGB_01102,,,,peppan_g_14600,peppan_g_19183,,peppan_g_27693,,
HFCAGB_01363,,,,peppan_g_14848,peppan_g_19387,,peppan_g_28031,,
HFCAGB_01491,,,peppan_g_10273,peppan_g_14972,,,peppan_g_31365,,
HFCAGB_02177,,peppan_g_6574,,peppan_g_15624,peppan_g_20190,,,,
HFCAGB_02203,,,,peppan_g_15649,peppan_g_20468,peppan_g_25439,,,
HFCAGB_02204,,,,peppan_g_15650,peppan_g_20217,peppan_g_25440,,,
HFCAGB_02219,,peppan_g_8552,,peppan_g_15663,peppan_g_20227,,,,
HFCAGB_02925,,,peppan_g_11636,peppan_g_16318,,,,,peppan_g_40331
HFCAGB_02932,,,peppan_g_11643,peppan_g_16325,,,,,peppan_g_40320
HFCAGB_02946,peppan_g_3314,,peppan_g_11657,peppan_g_16338,,,,,
HFCAGB_02959,,,peppan_g_11670,peppan_g_16351,,,,,peppan_g_40293
HFCAGB_03147,,,,peppan_g_16528,peppan_g_21117,,,,peppan_g_40080
HFCAGB_03244,peppan_g_2852,,,peppan_g_16617,peppan_g_21201,,,,
HFCAGB_03999,,,,peppan_g_17325,peppan_g_21912,peppan_g_26825,,,
HFCAGB_04624,peppan_g_4318,,,peppan_g_17894,,,peppan_g_30439,,
HFCAGB_04710,peppan_g_4408,,,peppan_g_17978,peppan_g_22719,,,,
HFCAGB_04711,peppan_g_4409,,,peppan_g_17979,peppan_g_22718,,,,
HFCAGB_04861,,peppan_g_8683,,peppan_g_18121,,peppan_g_22997,,,
HFCAGB_04862,,peppan_g_8682,,peppan_g_18122,,peppan_g_22996,,,
IKCLMC_00187,peppan_g_986,,,peppan_g_14843,,,peppan_g_27355,,
IKCLMC_01509,,,peppan_g_9909,,,,peppan_g_28615,peppan_g_32801,
IKCLMC_02016,peppan_g_2523,peppan_g_4770,,,,,peppan_g_29100,,
IKCLMC_02333,,,,peppan_g_14125,,,peppan_g_29413,,peppan_g_37086
IKCLMC_02334,,,,peppan_g_14126,,,peppan_g_29414,,peppan_g_37085
IKCLMC_02343,,,,,,,peppan_g_29423,peppan_g_34842,peppan_g_37077
IKCLMC_03085,,,,peppan_g_13656,,,peppan_g_30134,,peppan_g_38327
IKCLMC_03143/2/0.1,peppan_g_54,,,peppan_g_13604,,,,peppan_g_33800,
IKCLMC_03332,peppan_g_4395,,,peppan_g_17965,,,peppan_g_30373,,
IKCLMC_04370,,,peppan_g_10272,peppan_g_14971,,,peppan_g_31364,,
LNHIMF_00324,peppan_g_2484,peppan_g_4811,,,,,,,peppan_g_38129
LNHIMF_00327,peppan_g_2481,peppan_g_4814,,,,,,,peppan_g_38126
LNHIMF_01611,,peppan_g_6048,peppan_g_10508,,,,,,peppan_g_36811
LNHIMF_01928,,peppan_g_6356,,,,,peppan_g_31281,peppan_g_35951,
LNHIMF_02066/2,,,peppan_g_10072,peppan_g_14711,,,peppan_g_31142,,
LNHIMF_02150,,peppan_g_6568,,peppan_g_15618,peppan_g_20184,,,,
LNHIMF_02152,,peppan_g_6570;peppan_g_8595,,peppan_g_15620,peppan_g_20186,,,,
LNHIMF_02153,,peppan_g_6571;peppan_g_8594,,peppan_g_15621,peppan_g_20187,,,,
LNHIMF_02154,,peppan_g_6572;peppan_g_8593,,peppan_g_15622,peppan_g_20188,,,,
LNHIMF_02155,,peppan_g_6573;peppan_g_8592,,peppan_g_15623,peppan_g_20189,,,,
LNHIMF_02158,,peppan_g_6576,,peppan_g_15626,peppan_g_20192,,,,
LNHIMF_02160,,peppan_g_6578;peppan_g_8586,,peppan_g_15628,peppan_g_20194,,,,
LNHIMF_02163,,peppan_g_6581,,peppan_g_15631,peppan_g_20197,,,,
LNHIMF_02164,,peppan_g_6582,,peppan_g_15632,peppan_g_20198,,,,
LNHIMF_02165,,peppan_g_6583,,peppan_g_15633,peppan_g_20199,,,,
LNHIMF_02166,,peppan_g_6584,,peppan_g_15634,peppan_g_20200,,,,
LNHIMF_02168,,peppan_g_6586,,peppan_g_15636,peppan_g_20202,,,,
LNHIMF_02170,,peppan_g_6588,,peppan_g_15638,peppan_g_20204,,,,
LNHIMF_02171,,peppan_g_6589,,peppan_g_15639,peppan_g_20205,,,,
LNHIMF_02194,,peppan_g_6611,,,peppan_g_20857,,peppan_g_27423,,
LNHIMF_02967,peppan_g_2750,peppan_g_7337,,,,,,peppan_g_34168,
LNHIMF_02969,peppan_g_2752,peppan_g_7339,,,,,,peppan_g_34166,
LNHIMF_03064,,peppan_g_7427,,,,,peppan_g_30841,,peppan_g_39991
LNHIMF_03952,peppan_g_3285,peppan_g_8270,peppan_g_12809,,,,,,
LNHIMF_03953,peppan_g_3284,peppan_g_8271,peppan_g_12810,,,,,,
LNHIMF_04301/2,,peppan_g_6580,,peppan_g_15630,peppan_g_20196,,,,
LNHIMF_04403,,peppan_g_8680,,peppan_g_18125,,peppan_g_22994,,,
LNHIMF_04555,,peppan_g_8826,peppan_g_13383,peppan_g_17964,,,,,
ODDLKH_00186,,peppan_g_8681,,peppan_g_18124,,peppan_g_22995,,,
ODDLKH_00190,,peppan_g_8684,,peppan_g_18120,,peppan_g_22998,,,
ODDLKH_00191,,peppan_g_8685,,peppan_g_18119,,peppan_g_22999,,,
ODDLKH_00532/2,,,,,,peppan_g_24018,peppan_g_27221,peppan_g_32298,
ODDLKH_01643/0.1,,,,,peppan_g_19428,peppan_g_24457,peppan_g_28075,,
ODDLKH_01644,,,,,peppan_g_19365,peppan_g_24396,peppan_g_28011,,
ODDLKH_01647,,,,,peppan_g_19368,peppan_g_24399,peppan_g_28014,,
ODDLKH_01706,,,,,peppan_g_19425,peppan_g_24454,peppan_g_28072,,
ODDLKH_01707,,,,,peppan_g_19426,peppan_g_24455,peppan_g_28073,,
ODDLKH_03915,peppan_g_3905,,,,,peppan_g_26551,,peppan_g_35548,
ODDLKH_03953,,,,peppan_g_17089,peppan_g_21675,peppan_g_26588,,,
ODDLKH_03954,,,,peppan_g_17090,peppan_g_21676,peppan_g_26589,,,
ONMMKP_00496,,,,,peppan_g_19736,peppan_g_24765,,,peppan_g_36815
ONMMKP_00769,,,,,,,peppan_g_29422,peppan_g_34843,peppan_g_37078
ONMMKP_00782,,,,peppan_g_14121,,,,peppan_g_34856,peppan_g_37091
ONMMKP_00794,,peppan_g_8547,,peppan_g_14108,,,,,peppan_g_37104
ONMMKP_00795,,peppan_g_8546,,,,,,peppan_g_34868,peppan_g_37105
ONMMKP_01833/3,,,peppan_g_9359,,peppan_g_18500,peppan_g_23592,,,
ONMMKP_01853,peppan_g_2477,peppan_g_4818,,,,,,,peppan_g_38122
ONMMKP_01854,peppan_g_2478,peppan_g_4817,,,,,,,peppan_g_38123
ONMMKP_01858,peppan_g_2482,peppan_g_4813,,,,,,,peppan_g_38127
ONMMKP_01859,peppan_g_2483,peppan_g_4812,,,,,,,peppan_g_38128
ONMMKP_01994,,peppan_g_4676,peppan_g_9226,,,,,,peppan_g_38260
ONMMKP_02588,,,,peppan_g_17726,,peppan_g_22870,,,peppan_g_38831
ONMMKP_03900,,,,peppan_g_16547,,,,peppan_g_34142,peppan_g_40061
ONMMKP_04128,,,peppan_g_11584,,,,,peppan_g_33611,peppan_g_40279
ONMMKP_04129,,,peppan_g_11583,,,,,peppan_g_33612,peppan_g_40280
ONMMKP_04133,,,peppan_g_11578,,,,,peppan_g_33616,peppan_g_40284
ONMMKP_04147,peppan_g_4205,,peppan_g_11665,,,,,,peppan_g_40298
ONMMKP_04149,peppan_g_4203,,peppan_g_11663,,,,,,peppan_g_40300
ONMMKP_04162,peppan_g_4190,,peppan_g_11650,,,,,,peppan_g_40313
ONMMKP_04163,peppan_g_4189,,peppan_g_11649,,,,,,peppan_g_40314
ONMMKP_04181,,,peppan_g_11635,peppan_g_16317,,,,,peppan_g_40332
ONMMKP_04182,,,peppan_g_11634,peppan_g_16316,,,,,peppan_g_40333
ONMMKP_04317,,,peppan_g_11478,,,,,peppan_g_34459,peppan_g_40457
PKJKAM_00030,peppan_g_4241,,,,,,,peppan_g_31897,peppan_g_39902
PKJKAM_00142,,,,peppan_g_14552,,,,peppan_g_32004,peppan_g_37428
PKJKAM_01770/2,,peppan_g_7649,,peppan_g_16837,,,,,peppan_g_39758
PKJKAM_01843,,,peppan_g_11589,,,,,peppan_g_33606,peppan_g_40274
PKJKAM_01850,,,peppan_g_11582,,,,,peppan_g_33613,peppan_g_40281
PKJKAM_02428,peppan_g_2758,peppan_g_7344,,,,,,peppan_g_34160,
PKJKAM_02429,peppan_g_2756,peppan_g_7343,,,,,,peppan_g_34162,
PKJKAM_02432,peppan_g_2753,peppan_g_7340,,,,,,peppan_g_34165,
PKJKAM_02434,peppan_g_2751,peppan_g_7338,,,,,,peppan_g_34167,
PKJKAM_02464,,,peppan_g_11812,peppan_g_16493,,,,peppan_g_34197,
PKJKAM_03099,,,,,peppan_g_18749,peppan_g_23840,,peppan_g_34797,
PKJKAM_03102,,,,,peppan_g_18746,peppan_g_23837,,peppan_g_34800,
PKJKAM_03104,,,,,peppan_g_18744,peppan_g_23835,,peppan_g_34802,
PKJKAM_03105,,,,,peppan_g_18743,peppan_g_23834,,peppan_g_34803,
PKJKAM_03143,,,,,,,peppan_g_29424,peppan_g_34841,peppan_g_37076
PKJKAM_03408,,,,peppan_g_13877,,,,peppan_g_35097,peppan_g_38100
PKJKAM_03437/0.1,peppan_g_2486,peppan_g_4809,,,,,,,peppan_g_38131
PKJKAM_03441,,,peppan_g_9323,peppan_g_13842,,,,peppan_g_35133,
PKJKAM_03451,peppan_g_2501,,,peppan_g_13839,,,,peppan_g_35142,
PKJKAM_03457,peppan_g_2510,,,,,,peppan_g_29117,peppan_g_35148,
PKJKAM_04252,,,,peppan_g_14803,,,,peppan_g_35905,peppan_g_36459
PKJKAM_04301,,,peppan_g_10195,,,,peppan_g_31287,peppan_g_31892;peppan_g_35957,
AJBGEP_00170,,,,,peppan_g_18333,peppan_g_23427,,,
AJBGEP_01019,,peppan_g_8566,,,peppan_g_19149,,,,
AJBGEP_01024/0.1,,,,,peppan_g_20836,,peppan_g_27444,,
AJBGEP_01026,,,,peppan_g_14857,peppan_g_19156,,,,
AJBGEP_01029,,,,peppan_g_14860,peppan_g_19159,,,,
AJBGEP_01030,,,,peppan_g_14861,peppan_g_19160,,,,
AJBGEP_01033,,,,peppan_g_14864,peppan_g_19163,,,,
AJBGEP_01036,,,,peppan_g_14867,peppan_g_19166,,,,
AJBGEP_01038,,,,peppan_g_14869,peppan_g_19168,,,,
AJBGEP_01040,,,,peppan_g_14871,peppan_g_19170,,,,
AJBGEP_01041,,,,peppan_g_14872,peppan_g_19171,,,,
AJBGEP_01042,,,,peppan_g_14873,peppan_g_19172,,,,
AJBGEP_01043,,,,peppan_g_14874,peppan_g_19173,,,,
AJBGEP_01044,,,,peppan_g_14875,peppan_g_19174,,,,
AJBGEP_01046,,,,peppan_g_14877,peppan_g_19176,,,,
AJBGEP_01266,,,,,peppan_g_19389,,peppan_g_28033,,
AJBGEP_01267,,,,,peppan_g_19390,,peppan_g_28034,,
AJBGEP_01275,,,,,peppan_g_19394,,peppan_g_28039,,
AJBGEP_01276,,,,,peppan_g_19395,,peppan_g_28040,,
AJBGEP_01277,,,,,peppan_g_19396,,peppan_g_28041,,
AJBGEP_01280/2,,,,,peppan_g_20833,,peppan_g_27447,,
AJBGEP_01303/0.1,,,,peppan_g_14878,peppan_g_19177,,,,
AJBGEP_01303/2,,,,,peppan_g_20811,,peppan_g_28292,,
AJBGEP_01306/3,,,,,peppan_g_20808,,peppan_g_28295,,
AJBGEP_02057,,,,,peppan_g_20143,,,,peppan_g_36402
AJBGEP_02099,,,,peppan_g_15616,peppan_g_20182,,,,
AJBGEP_02100,,,,peppan_g_15617,peppan_g_20183,,,,
AJBGEP_02124,,,,peppan_g_15640,peppan_g_20206,,,,
AJBGEP_02125,,,,peppan_g_15641,peppan_g_20207,,,,
AJBGEP_02131,,peppan_g_5141,,,peppan_g_20213,,,,
AJBGEP_02145,,,,peppan_g_15658,peppan_g_20225,,,,
AJBGEP_02155,,,,peppan_g_15670,peppan_g_20235,,,,
AJBGEP_02395,,,,,peppan_g_20460,peppan_g_25431,,,
AJBGEP_02396,,,,,peppan_g_20461,peppan_g_25432,,,
AJBGEP_02397,,,,,peppan_g_20462,peppan_g_25433,,,
AJBGEP_02399,,,,,peppan_g_20464,peppan_g_25435,,,
AJBGEP_02400,,,,,peppan_g_20465,peppan_g_25436,,,
AJBGEP_02401,,,,,peppan_g_20466,peppan_g_25437,,,
AJBGEP_02402,,,,,peppan_g_20467,peppan_g_25438,,,
AJBGEP_02760,,,,,peppan_g_20805,,peppan_g_28298,,
AJBGEP_02761,,,,,peppan_g_20806,,peppan_g_28297,,
AJBGEP_02762,,,,,peppan_g_20807,,peppan_g_28296,,
AJBGEP_02792,,,,,peppan_g_20835,,peppan_g_27445,,
AJBGEP_02796,,,,,peppan_g_20839,,peppan_g_27441,,
AJBGEP_02799,,,,,peppan_g_20840,,peppan_g_27440,,
AJBGEP_02803,,,,,peppan_g_20841,,peppan_g_27439,,
AJBGEP_02809,,,,,peppan_g_20847,,peppan_g_27433,,
AJBGEP_02810,,,,,peppan_g_20848,,peppan_g_27432,,
AJBGEP_02811,,,,,peppan_g_20849,,peppan_g_27431,,
AJBGEP_02812,,,,,peppan_g_20850,,peppan_g_27430,,
AJBGEP_02814,,,,,peppan_g_20852,,peppan_g_27428,,
AJBGEP_02815,,,,,peppan_g_20853,,peppan_g_27427,,
AJBGEP_02816,,,,,peppan_g_20854,,peppan_g_27426,,
AJBGEP_02817,,,,,peppan_g_20855,,peppan_g_27425,,
AJBGEP_02818,,,,,peppan_g_20856,,peppan_g_27424,,
AJBGEP_02822/2,,,,,peppan_g_19372,,peppan_g_28674,,
AJBGEP_02825,,,,,peppan_g_20862,,peppan_g_27255,,
AJBGEP_02826,,,,,peppan_g_20863,,peppan_g_27256,,
AJBGEP_02885,,,,,peppan_g_20915,peppan_g_25825,,,
AJBGEP_02886,,,,,peppan_g_20916,peppan_g_25826,,,
AJBGEP_02887,,,,,peppan_g_20917,peppan_g_25827,,,
AJBGEP_02888,,,,,peppan_g_20918,peppan_g_25828,,,
AJBGEP_02889,,,,,peppan_g_20919,peppan_g_25829,,,
AJBGEP_02890,,,,,peppan_g_20920,peppan_g_25830,,,
AJBGEP_02891,,,,,peppan_g_20921,peppan_g_25831,,,
AJBGEP_02892,,,,,peppan_g_20922,peppan_g_25832,,,
AJBGEP_02893,,,,,peppan_g_20923,peppan_g_25833,,,
AJBGEP_02895,,,,,peppan_g_20925,peppan_g_25835,,,
AJBGEP_02896,,,,,peppan_g_20926,peppan_g_25836,,,
AJBGEP_02897,,,,,peppan_g_20927,peppan_g_25837,,,
AJBGEP_02898,,,,,peppan_g_20928,peppan_g_25838,,,
AJBGEP_02899,,,,,peppan_g_20929,peppan_g_25839,,,
AJBGEP_02900,,,,,peppan_g_20930,peppan_g_25840,,,
AJBGEP_02901,,,,,peppan_g_20931,peppan_g_25841,,,
AJBGEP_02902,,,,,peppan_g_20932,peppan_g_25842,,,
AJBGEP_02905,,,,,peppan_g_20934,peppan_g_25844,,,
AJBGEP_02906,,,,,peppan_g_20935,peppan_g_25845,,,
AJBGEP_02908,,,,,peppan_g_20936,peppan_g_25846,,,
AJBGEP_02910,,,,,peppan_g_20939,peppan_g_25849,,,
AJBGEP_02916,,,,,peppan_g_20944,peppan_g_25854,,,
AJBGEP_02917,,,,,peppan_g_20945,peppan_g_25855,,,
AJBGEP_02918/4,peppan_g_4399,,,peppan_g_17969,,,,,
AJBGEP_02919/0.1,,,peppan_g_10067,peppan_g_14705,,,,,
AJBGEP_04033,,,,,peppan_g_22003,,peppan_g_29609,,
AJBGEP_04034,,,,,peppan_g_22004,,peppan_g_29608,,
AJBGEP_04686,,peppan_g_8827,,,peppan_g_22598,,,,
AJBGEP_04687,,peppan_g_8828,,,peppan_g_22599,,,,
AJBGEP_04727,,,,,peppan_g_22636,peppan_g_23198,,,
AJBGEP_04728,,,,,peppan_g_22637,peppan_g_23199,,,
AJBGEP_04806,,,,peppan_g_18136,peppan_g_22710,,,,
AJBGEP_04811,,,,peppan_g_18133,peppan_g_22713,,,,
AJBGEP_04830,,,,peppan_g_18115,peppan_g_22732,,,,
AJBGEP_04831,,,,peppan_g_18114,peppan_g_22733,,,,
AJBGEP_04832,,,,peppan_g_18113,peppan_g_22734,,,,
AJBGEP_04833,,,,peppan_g_18112,peppan_g_22735,,,,
AJBGEP_04834,,,,peppan_g_18111,peppan_g_22736,,,,
AJBGEP_04837,,,,peppan_g_18108,peppan_g_22739,,,,
AJBGEP_04839,,,,peppan_g_18107,peppan_g_22741,,,,
AJBGEP_04842,,,,peppan_g_18104,peppan_g_22744,,,,
AJBGEP_04843,,,,peppan_g_18103,peppan_g_22745,,,,
AJBGEP_04845,,,,peppan_g_18101,peppan_g_22747,,,,
AJBGEP_04847,,,,peppan_g_18099,peppan_g_22749,,,,
AJBGEP_04848,,,,peppan_g_18098,peppan_g_22750,,,,
AJBGEP_04849,,,,peppan_g_18097,peppan_g_22751,,,,
AJBGEP_04850,,,,peppan_g_18096,peppan_g_22752,,,,
AJBGEP_04851,,,,peppan_g_18095,peppan_g_22753,,,,
AJBGEP_04852,,,,peppan_g_18094,peppan_g_22754,,,,
AJBGEP_04853,,,,peppan_g_18093,peppan_g_22755,,,,
AJBGEP_04854,,,,peppan_g_18092,peppan_g_22756,,,,
AJBGEP_04855,,,,peppan_g_18091,peppan_g_22757,,,,
AJBGEP_04856,,,,peppan_g_18090,peppan_g_22758,,,,
AJBGEP_04857,,,,peppan_g_18089,peppan_g_22759,,,,
AJBGEP_04858,,,,peppan_g_18088,peppan_g_22760,,,,
AJBGEP_04859,,,,peppan_g_18087,peppan_g_22761,,,,
AJBGEP_04860,,,,peppan_g_18086,peppan_g_22762,,,,
AJBGEP_04921,,,,peppan_g_18140,peppan_g_22821,,,,
AJBGEP_04923,,,,peppan_g_18139,peppan_g_22822,,,,
BEJGEH_00102,peppan_g_97,,peppan_g_9140,,,,,,
BEJGEH_00103,peppan_g_98,,peppan_g_9141,,,,,,
BEJGEH_00226,,,peppan_g_12405;peppan_g_13158;peppan_g_9258;peppan_g_9822,,,,,peppan_g_34365,
BEJGEH_00572/3,peppan_g_463,,,peppan_g_16075,,,,,
BEJGEH_01035,,,peppan_g_10037,peppan_g_14680,,,,,
BEJGEH_01036,,,peppan_g_10038,peppan_g_14681,,,,,
BEJGEH_01046,,,peppan_g_10043;peppan_g_10048,peppan_g_14685,,,,,
BEJGEH_01048,,,peppan_g_10050,peppan_g_14687,,,,,
BEJGEH_01050,,,peppan_g_10052,peppan_g_14689,,,,,
BEJGEH_01052,,,peppan_g_10054,peppan_g_14691,,,,,
BEJGEH_01055,,,peppan_g_10057,peppan_g_14694,,,,,
BEJGEH_01057,,,peppan_g_10059,peppan_g_14696,,,,,
BEJGEH_01058,,,peppan_g_10060,peppan_g_14697,,,,,
BEJGEH_01059,,,peppan_g_10061,peppan_g_14698,,,,,
BEJGEH_01060,,,peppan_g_10062,peppan_g_14699,,,,,
BEJGEH_01061,,,peppan_g_10063,peppan_g_14700,,,,,
BEJGEH_01063,,,peppan_g_10065,peppan_g_14703,,,,,
BEJGEH_01066,,,peppan_g_10068,peppan_g_14707,,,,,
BEJGEH_01109,,,peppan_g_10108,peppan_g_14747,,,,,
BEJGEH_01211,,peppan_g_6349,peppan_g_10205,,,,,,
BEJGEH_01453,,,peppan_g_10437,,,,,,peppan_g_36740
BEJGEH_01455,,,peppan_g_10439,,,,,,peppan_g_36742
BEJGEH_01526,,peppan_g_6047,peppan_g_10509,,,,,,
BEJGEH_01527,,peppan_g_6046,peppan_g_10510,,,,,,
BEJGEH_01804,,,peppan_g_10779,,,,peppan_g_31858,,
BEJGEH_01967,,,peppan_g_10934,peppan_g_15615,,,,,
BEJGEH_01981,,,peppan_g_10946,peppan_g_15684,,,,,
BEJGEH_01988,,,peppan_g_10953,peppan_g_15692,,,,,
BEJGEH_01991,,,peppan_g_10956,peppan_g_15698,,,,,
BEJGEH_01992,,,peppan_g_10957,peppan_g_15699,,,,,
BEJGEH_01994,,,peppan_g_10958,peppan_g_15700,,,,,
BEJGEH_02015,,,peppan_g_10974,,,,peppan_g_29082,,
BEJGEH_02018,,,peppan_g_10976,,,,peppan_g_29080,,
BEJGEH_02021,,,peppan_g_10979,,,,peppan_g_29077,,
BEJGEH_02022,,,peppan_g_10980,,,,peppan_g_29076,,
BEJGEH_02025,,peppan_g_6503,peppan_g_10983,,,,,,
BEJGEH_02026,,peppan_g_6504,peppan_g_10984,,,,,,
BEJGEH_02159,peppan_g_716,,peppan_g_11112,,,,,,
BEJGEH_02160,peppan_g_715,,peppan_g_11113,,,,,,
BEJGEH_02161,peppan_g_714,,peppan_g_11114,,,,,,
BEJGEH_02163,peppan_g_712,,peppan_g_11116,,,,,,
BEJGEH_02716,,,peppan_g_11640,peppan_g_16322,,,,,
BEJGEH_02721,peppan_g_4186,,peppan_g_11645,,,,,,
BEJGEH_02953,peppan_g_2777,,peppan_g_11868,,,,,,
BEJGEH_02954,peppan_g_2778,,peppan_g_11869,,,,,,
BEJGEH_03126,peppan_g_2943,,peppan_g_12026,,,,,,
BEJGEH_03127,peppan_g_2944,,peppan_g_12027,,,,,,
BEJGEH_03130,peppan_g_2947,,peppan_g_12030,,,,,,
BEJGEH_03131,peppan_g_2948,,peppan_g_12031,,,,,,
BEJGEH_03132,peppan_g_2949,,peppan_g_12032,,,,,,
BEJGEH_03543,,,peppan_g_12423,,,,peppan_g_29924,,
BEJGEH_03626,peppan_g_3797,,peppan_g_12500,,,,,,
BEJGEH_03721,,,peppan_g_12591,,,,,,peppan_g_39345
BEJGEH_03892,,,peppan_g_12755,,,,,,peppan_g_39133
BEJGEH_04252,,,peppan_g_13074,,peppan_g_22324,,,,
BEJGEH_04379,,peppan_g_6640,peppan_g_13200,,,,,,
BEJGEH_04456,,peppan_g_8749,peppan_g_13273,,,,,,
BEJGEH_04457,,peppan_g_8750,peppan_g_13274,,,,,,
BEJGEH_04556,,peppan_g_4841,peppan_g_13370,,,,,,
BEJGEH_04559,,peppan_g_4844,peppan_g_13373,,,,,,
BEJGEH_04560,,peppan_g_4845,peppan_g_13374,,,,,,
BEJGEH_04567,,peppan_g_8824,peppan_g_13381,,,,,,
BEJGEH_04589,,,peppan_g_13402,,peppan_g_22600,,,,
BEJGEH_04626,,peppan_g_8855,peppan_g_13438,,,,,,
GEGEGB_00107,peppan_g_99,,peppan_g_9142,,,,,,
GEGEGB_00377,peppan_g_344,,,peppan_g_16192,,,,,
GEGEGB_00506,peppan_g_461,,,peppan_g_16077,,,,,
GEGEGB_00507,peppan_g_462,,,peppan_g_16076,,,,,
GEGEGB_00769,peppan_g_709,,peppan_g_11119,,,,,,
GEGEGB_00770,peppan_g_710,,peppan_g_11118,,,,,,
GEGEGB_00771,peppan_g_711,,peppan_g_11117,,,,,,
GEGEGB_00772,peppan_g_713,,peppan_g_11115,,,,,,
GEGEGB_00829,peppan_g_766,,,peppan_g_15784,,,,,
GEGEGB_00830,peppan_g_767,,,peppan_g_15783,,,,,
GEGEGB_00831,peppan_g_768,,,peppan_g_15782,,,,,
GEGEGB_01070/2,,,,,,,,peppan_g_35932,peppan_g_36486
GEGEGB_01177,peppan_g_1084,peppan_g_5731,,,,,,,
GEGEGB_01178,peppan_g_1085,peppan_g_5732,,,,,,,
GEGEGB_01179,peppan_g_1086,peppan_g_5733,,,,,,,
GEGEGB_01406,,,,peppan_g_41125,,,peppan_g_41308,,
GEGEGB_01556,peppan_g_1436,peppan_g_6057,,,,,,,
GEGEGB_01690,peppan_g_1558,peppan_g_6190,,,,,,,
GEGEGB_01691,peppan_g_1559,peppan_g_6191,,,,,,,
GEGEGB_02003,peppan_g_1852,peppan_g_8568,,,,,,,
GEGEGB_02010/0.1,,peppan_g_6602,,,peppan_g_19144,,,,
GEGEGB_02013,peppan_g_1862,,,peppan_g_14563,,,,,
GEGEGB_02016,peppan_g_1865,,,peppan_g_14560,,,,,
GEGEGB_02022,peppan_g_1871,,,peppan_g_14554,,,,,
GEGEGB_02187,peppan_g_2027,peppan_g_5395,,,,,,,
GEGEGB_02981,peppan_g_2757,,,,,,,peppan_g_34161,
GEGEGB_03185,peppan_g_2942,,peppan_g_12025,,,,,,
GEGEGB_03188,peppan_g_2945,,peppan_g_12028,,,,,,
GEGEGB_03189,peppan_g_2946,,peppan_g_12029,,,,,,
GEGEGB_03242,peppan_g_2996,peppan_g_7567,,,,,,,
GEGEGB_03588,peppan_g_3307,,,peppan_g_16346,,,,,
GEGEGB_03597,peppan_g_3316,,,peppan_g_16336,,,,,
GEGEGB_03600,peppan_g_3319,,,peppan_g_16333,,,,,
GEGEGB_03604,peppan_g_40972,,,peppan_g_41136,,,,,
GEGEGB_03647,peppan_g_3359,,,,,,peppan_g_27406,,
GEGEGB_03698,peppan_g_3400,,,peppan_g_17645,,,,,
GEGEGB_04135,peppan_g_3798,,peppan_g_12499,,,,,,
GEGEGB_04547,peppan_g_4188,,peppan_g_11648,,,,,,
GEGEGB_04553,peppan_g_4194,,,,,,,,peppan_g_40309
GEGEGB_04556,peppan_g_4197,,,,,,,,peppan_g_40306
GEGEGB_04763,peppan_g_4390,,,,,,peppan_g_31100,,
GEGEGB_04774,peppan_g_4401,,,peppan_g_17971,,,,,
GEGEGB_04775,peppan_g_4402,,,peppan_g_17972,,,,,
GEGEGB_04778,peppan_g_4405,,,peppan_g_17975,,,,,
HFCAGB_00222,,peppan_g_4713,,peppan_g_13761,,,,,
HFCAGB_00290,,,,peppan_g_13820,,,peppan_g_29103,,
HFCAGB_00582,,peppan_g_5044,,peppan_g_14103,,,,,
HFCAGB_00588,,,,peppan_g_14109,,,,,peppan_g_37103
HFCAGB_00592,,,,peppan_g_14113,,,,,peppan_g_37098
HFCAGB_00609,,,,peppan_g_14130,,,peppan_g_29418,,
HFCAGB_00612,,peppan_g_5072,,peppan_g_14134,,,,,
HFCAGB_00613,,peppan_g_5073,,peppan_g_14135,,,,,
HFCAGB_00620,,,,peppan_g_14142,peppan_g_20210,,,,
HFCAGB_00621,,,,peppan_g_14143,,,,peppan_g_34833,
HFCAGB_01057,peppan_g_1870,,,peppan_g_14555,,,,,
HFCAGB_01063,peppan_g_1864,,,peppan_g_14561,,,,,
HFCAGB_01064,peppan_g_1863,,,peppan_g_14562,,,,,
HFCAGB_01073,,peppan_g_8571,,peppan_g_14571,,,,,
HFCAGB_01185,,,peppan_g_10036,peppan_g_14679,,,,,
HFCAGB_01189,,,peppan_g_10039,peppan_g_14682,,,,,
HFCAGB_01191,,,peppan_g_10047,peppan_g_14684,,,,,
HFCAGB_01193,,,peppan_g_10049,peppan_g_14686,,,,,
HFCAGB_01195,,,peppan_g_10051,peppan_g_14688,,,,,
HFCAGB_01197,,,peppan_g_10053,peppan_g_14690,,,,,
HFCAGB_01199,,,peppan_g_10055,peppan_g_14692,,,,,
HFCAGB_01200,,,peppan_g_10056,peppan_g_14693,,,,,
HFCAGB_01202,,,peppan_g_10058,peppan_g_14695,,,,,
HFCAGB_01215,,,peppan_g_10069,peppan_g_14708,,,,,
HFCAGB_01216,,,peppan_g_10070,peppan_g_14709,,,,,
HFCAGB_01256,,,peppan_g_10106,peppan_g_14745,,,,,
HFCAGB_01257,,,peppan_g_10107,peppan_g_14746,,,,,
HFCAGB_01354,,,,peppan_g_14838,,,peppan_g_28676,,
HFCAGB_01355,,,,peppan_g_14839,,,peppan_g_27198;peppan_g_28677,,
HFCAGB_01356,,,,peppan_g_14840,,,peppan_g_27199;peppan_g_28678,,
HFCAGB_01358,,,,peppan_g_14842,,,peppan_g_27354,,
HFCAGB_01373,,,,peppan_g_14858,peppan_g_19157,,,,
HFCAGB_01374,,,,peppan_g_14859,peppan_g_19158,,,,
HFCAGB_01377,,,,peppan_g_14862,peppan_g_19161,,,,
HFCAGB_01378,,,,peppan_g_14863,peppan_g_19162,,,,
HFCAGB_01380,,,,peppan_g_14865,peppan_g_19164,,,,
HFCAGB_01381,,,,peppan_g_14866,peppan_g_19165,,,,
HFCAGB_01383,,,,peppan_g_14868,peppan_g_19167,,,,
HFCAGB_01385,,,,peppan_g_14870,peppan_g_19169,,,,
HFCAGB_01391,,,,peppan_g_14876,peppan_g_19175,,,,
HFCAGB_01991,,,,peppan_g_15449,,,,peppan_g_32748,
HFCAGB_01992,,,,peppan_g_15450,,,,peppan_g_32749,
HFCAGB_01993,,,,peppan_g_15451,,,,peppan_g_32750,
HFCAGB_01997,,,,peppan_g_15455,,,,peppan_g_32754,
HFCAGB_01998,,,,peppan_g_15456,,,,peppan_g_32755,
HFCAGB_02166,,,peppan_g_10933,peppan_g_15614,,,,,
HFCAGB_02202,,peppan_g_8565,,peppan_g_15648,,,,,
HFCAGB_02209,,,,peppan_g_15655,peppan_g_20222,,,,
HFCAGB_02213,,,,peppan_g_15657,peppan_g_20224,,,,
HFCAGB_02215,,,,peppan_g_15659,peppan_g_20226,,,,
HFCAGB_02227,,,,peppan_g_15671,peppan_g_20236,,,,
HFCAGB_02237,,,peppan_g_10941,peppan_g_15679,,,,,
HFCAGB_02238,,,peppan_g_10942,peppan_g_15680,,,,,
HFCAGB_02248,,,peppan_g_10951,peppan_g_15690,,,,,
HFCAGB_02249,,,peppan_g_10952,peppan_g_15691,,,,,
HFCAGB_02255,,,peppan_g_10955,peppan_g_15697,,,,,
HFCAGB_02350,peppan_g_765,,,peppan_g_15785,,,,,
HFCAGB_02413,,peppan_g_6703,,peppan_g_15844,,,,,
HFCAGB_02414,,peppan_g_6704,,peppan_g_15845,,,,,
HFCAGB_02416,,peppan_g_6706,,peppan_g_15847,,,,,
HFCAGB_02659,peppan_g_460,,,peppan_g_16078,,,,,
HFCAGB_02938,peppan_g_3322,,,peppan_g_16330,,,,,
HFCAGB_02939,peppan_g_3321,,,peppan_g_16331,,,,,
HFCAGB_02940,peppan_g_3320,,,peppan_g_16332,,,,,
HFCAGB_02951,peppan_g_3309,,,peppan_g_16343,,,,,
HFCAGB_02955,peppan_g_3306,,,peppan_g_16347,,,,,
HFCAGB_04353,peppan_g_3399,,,peppan_g_17646,,,,,
HFCAGB_04354,peppan_g_3398,,,peppan_g_17647,,,,,
HFCAGB_04409,,,,peppan_g_17691,peppan_g_22291,,,,
HFCAGB_04696,,,peppan_g_13380,peppan_g_17961,,,,,
HFCAGB_04702,peppan_g_4400,,,peppan_g_17970,,,,,
HFCAGB_04705,peppan_g_4403,,,peppan_g_17973,,,,,
HFCAGB_04706,peppan_g_4404,,,peppan_g_17974,,,,,
HFCAGB_04747,,,,peppan_g_18012,,,peppan_g_30320,,
HFCAGB_04751,,,,peppan_g_18016,,,peppan_g_30316,,
HFCAGB_04755,,,,peppan_g_18019,,,peppan_g_30313,,
HFCAGB_04756,,,,peppan_g_18020,,,peppan_g_30312,,
HFCAGB_04841,,,,peppan_g_18100,peppan_g_22748,,,,
HFCAGB_04843,,,,peppan_g_18102,peppan_g_22746,,,,
HFCAGB_04846,,,,peppan_g_18105,peppan_g_22743,,,,
HFCAGB_04847,,,,peppan_g_18106,peppan_g_22742,,,,
HFCAGB_04849,,,,peppan_g_18109,peppan_g_22738,,,,
HFCAGB_04850,,,,peppan_g_18110,peppan_g_22737,,,,
HFCAGB_04877,,,,peppan_g_18134,peppan_g_22712,,,,
HFCAGB_04878,,,,peppan_g_18135,peppan_g_22711,,,,
HFCAGB_04879,,,,peppan_g_18137,peppan_g_22709,,,,
IKCLMC_00030/0.1,,,,,peppan_g_19393,,peppan_g_28038,,
IKCLMC_00884,,,,,,peppan_g_24398,peppan_g_28013,,
IKCLMC_00889,,,,peppan_g_14834,,,peppan_g_28018,,
IKCLMC_00896/2,,,,peppan_g_14841,,,peppan_g_28679,,
IKCLMC_00901/2,,,,peppan_g_14847,,,peppan_g_27359,,
IKCLMC_00903,,,,,peppan_g_19388,,peppan_g_28032,,
IKCLMC_00919,,,,,peppan_g_19397,,peppan_g_28042,,
IKCLMC_01853,,,,,,,peppan_g_28947,,peppan_g_40815
IKCLMC_01854,,,,,,,peppan_g_28949,,peppan_g_40817
IKCLMC_01909,,,,,,,peppan_g_29002,peppan_g_35728,
IKCLMC_01912,,,,,,,peppan_g_29005,peppan_g_35731,
IKCLMC_01913,,,,,,,peppan_g_29006,peppan_g_35732,
IKCLMC_01991,,,peppan_g_10978,,,,peppan_g_29078,,
IKCLMC_01992,,,peppan_g_10977,,,,peppan_g_29079,,
IKCLMC_01994,,,peppan_g_10975,,,,peppan_g_29081,,
IKCLMC_02043,,,,peppan_g_13841,,,peppan_g_29128,,
IKCLMC_02053,peppan_g_2495,,,,,,peppan_g_29140,,
IKCLMC_02054,peppan_g_2494,,,,,,peppan_g_29141,,
IKCLMC_02326,,,,,,,peppan_g_29406,peppan_g_34859,
IKCLMC_02374,,,,,,,peppan_g_29454,peppan_g_34818,
IKCLMC_02377,,,,,,,peppan_g_29456,peppan_g_34816,
IKCLMC_02652,,,,,,,peppan_g_29721,peppan_g_35310,
IKCLMC_03273,,,,peppan_g_18018,,,peppan_g_30314,,
IKCLMC_03274,,,,peppan_g_18017,,,peppan_g_30315,,
IKCLMC_03276,,,,peppan_g_18015,,,peppan_g_30317,,
IKCLMC_03277,,,,peppan_g_18014,,,peppan_g_30318,,
IKCLMC_03278,,,,peppan_g_18013,,,peppan_g_30319,,
IKCLMC_03281,,,,peppan_g_18009,,,peppan_g_30322,,
IKCLMC_04090,peppan_g_4393,,,,,,peppan_g_31097,,
IKCLMC_04091,peppan_g_4392,,,,,,peppan_g_31098,,
IKCLMC_04092,peppan_g_4391,,,,,,peppan_g_31099,,
IKCLMC_04293,,,,,,,peppan_g_31291,peppan_g_35961,
LNHIMF_00355,,peppan_g_4842,peppan_g_13371,,,,,,
LNHIMF_00579,,peppan_g_5062,,,,,peppan_g_29410,,
LNHIMF_00589,,peppan_g_5071,,peppan_g_14133,,,,,
LNHIMF_00601,,peppan_g_5082,,,,,,,peppan_g_37068
LNHIMF_00607,,peppan_g_5088,,,,,,,peppan_g_37062
LNHIMF_00608,,peppan_g_5089,,,,,,,peppan_g_37061
LNHIMF_00613,,peppan_g_5094,,,,,,,peppan_g_37056
LNHIMF_00614,,peppan_g_5095,,,,,,,peppan_g_37055
LNHIMF_00624,,peppan_g_5104,,,,,,,peppan_g_37047
LNHIMF_00638,,peppan_g_5117,,,,,,,peppan_g_37034
LNHIMF_01281,peppan_g_1083,peppan_g_5730,,,,,,,
LNHIMF_01285,peppan_g_1087,peppan_g_5734,,,,,,,
LNHIMF_01286,peppan_g_1088,peppan_g_5735,,,,,,,
LNHIMF_01514,,peppan_g_5952,peppan_g_10602,,,,,,
LNHIMF_01516,,peppan_g_5954,peppan_g_10601,,,,,,
LNHIMF_01621,peppan_g_1437,peppan_g_6058,,,,,,,
LNHIMF_01755,peppan_g_1557,peppan_g_6189,,,,,,,
LNHIMF_01758,peppan_g_1560,peppan_g_6192,,,,,,,
LNHIMF_02030,peppan_g_903,peppan_g_6456,,,,,,,
LNHIMF_02082,,peppan_g_6501,peppan_g_10981,,,,,,
LNHIMF_02083,,peppan_g_6502,peppan_g_10982,,,,,,
LNHIMF_02086,,peppan_g_6505,peppan_g_10985,,,,,,
LNHIMF_02087,,peppan_g_6506,peppan_g_10986,,,,,,
LNHIMF_02088,,peppan_g_6507,peppan_g_10987,,,,,,
LNHIMF_02186,,peppan_g_6603,,,peppan_g_19143,,,,
LNHIMF_02187,,peppan_g_6604,,,peppan_g_19142,,,,
LNHIMF_02191/2,,,,,peppan_g_20851,,peppan_g_27429,,
LNHIMF_02192,,peppan_g_6609,,,peppan_g_19137,,,,
LNHIMF_02193,,peppan_g_6610,,,peppan_g_19136,,,,
LNHIMF_02294,,peppan_g_6705,,peppan_g_15846,,,,,
LNHIMF_02505,,peppan_g_6908,peppan_g_11342,,,,,,
LNHIMF_03072,,peppan_g_41023,peppan_g_41079,,,,,,
LNHIMF_03212,peppan_g_2995,peppan_g_7566,,,,,,,
LNHIMF_03214,peppan_g_2997,peppan_g_7568,,,,,,,
LNHIMF_03215,peppan_g_2998,peppan_g_7569,,,,,,,
LNHIMF_04074,,peppan_g_8376,peppan_g_12922,,,,,,
LNHIMF_04265,,peppan_g_8548,,,,,,peppan_g_32134,
LNHIMF_04271,,peppan_g_8554,,peppan_g_15660,,,,,
LNHIMF_04283,,peppan_g_8567,,,,,peppan_g_27200;peppan_g_27365,,
LNHIMF_04283/0.1,,,,,peppan_g_19392,,peppan_g_28037,,
LNHIMF_04286,peppan_g_1851,peppan_g_8569,,,,,,,
LNHIMF_04289,,peppan_g_8572,,,,,,peppan_g_32116,
LNHIMF_04313,peppan_g_4181,peppan_g_8596,,,,,,,
LNHIMF_04314,peppan_g_4180,peppan_g_8597,,,,,,,
LNHIMF_04390,,peppan_g_8667,peppan_g_13187,,,,,,
LNHIMF_04395,,peppan_g_8672,,,,peppan_g_22987,,,
LNHIMF_04398,,peppan_g_8675,,,,peppan_g_22989,,,
LNHIMF_04399,,peppan_g_8676,,,,peppan_g_22990,,,
LNHIMF_04400,,peppan_g_8677,,,,peppan_g_22991,,,
LNHIMF_04585,,peppan_g_8856,peppan_g_13439,,,,,,
LNHIMF_04627,peppan_g_4481,peppan_g_8895,,,,,,,
LNHIMF_04700,,peppan_g_8966,,,,,,peppan_g_35686,
LNHIMF_04714,,peppan_g_8954;peppan_g_8979,,,,,,,peppan_g_39169
LNHIMF_04778,,peppan_g_9043,,,,,,peppan_g_31908;peppan_g_31911,
ODDLKH_00179,,peppan_g_8674,,,,peppan_g_22988,,,
ODDLKH_00183,,peppan_g_8678,,,,peppan_g_22992,,,
ODDLKH_00532/2/0.1,,,,,,,peppan_g_30524,,peppan_g_39668
ODDLKH_01701/0.1,,,,,peppan_g_20809,,peppan_g_28294,,
ODDLKH_02448,,,,,,peppan_g_25169,peppan_g_31177,,
ODDLKH_02728,,,,,peppan_g_20459,peppan_g_25430,,,
ODDLKH_03167,,,,,peppan_g_20933,peppan_g_25843,,,
ODDLKH_03175,,,,,peppan_g_20940,peppan_g_25850,,,
ONMMKP_00421,,,peppan_g_10436,,,,,,peppan_g_36739
ONMMKP_00423,,,peppan_g_10438,,,,,,peppan_g_36741
ONMMKP_00425,,,peppan_g_10440,,,,,,peppan_g_36743
ONMMKP_00736,,peppan_g_5103,,,,,,,peppan_g_37048
ONMMKP_00739,,peppan_g_5100,,,,,,,peppan_g_37051
ONMMKP_00741,,peppan_g_5097,,,,,,,peppan_g_37053
ONMMKP_00742,,peppan_g_5096,,,,,,,peppan_g_37054
ONMMKP_00751,,peppan_g_5087,,,,,,,peppan_g_37063
ONMMKP_00755,,peppan_g_5083,,,,,,,peppan_g_37067
ONMMKP_00758,,,,,,,,peppan_g_34835,peppan_g_37070
ONMMKP_00760,,peppan_g_5079,,,,,,,peppan_g_37071
ONMMKP_00777,,,,,,,peppan_g_29412,,peppan_g_37087
ONMMKP_00778,,,,,,,peppan_g_29411,,peppan_g_37088
ONMMKP_00780/2,,,,peppan_g_14122,,,,peppan_g_34855,
ONMMKP_00787,,,,peppan_g_14116,,,,,peppan_g_37096
ONMMKP_01866,,,peppan_g_9330,,,,,,peppan_g_38139
ONMMKP_01986,,,,,,,,peppan_g_32562,peppan_g_38252
ONMMKP_01987,,,,,,,,peppan_g_32563,peppan_g_38253
ONMMKP_02247,,,,,,,,peppan_g_33925,peppan_g_38499
ONMMKP_02294,,,,peppan_g_17962,,,,,peppan_g_38545
ONMMKP_02625,,,peppan_g_13035,,,,,,peppan_g_38865
ONMMKP_02769,,,,,,,,peppan_g_33273,peppan_g_38996
ONMMKP_02946,,peppan_g_8956,,,,,,,peppan_g_39150
ONMMKP_02998,,,peppan_g_12743,,,,,,peppan_g_39200
ONMMKP_03148,,,peppan_g_12590,,,,,,peppan_g_39346
ONMMKP_03353,,,peppan_g_12385,,,,,,peppan_g_39546
ONMMKP_04106,,,,,,,,peppan_g_33587,peppan_g_40257
ONMMKP_04111,,,,,,,,peppan_g_33594,peppan_g_40262
ONMMKP_04113,,,,,,,,peppan_g_33596,peppan_g_40264
ONMMKP_04115,,,,,,,,peppan_g_33598,peppan_g_40266
ONMMKP_04117,,,,,,,,peppan_g_33600,peppan_g_40268
ONMMKP_04118,,,,,,,,peppan_g_33601,peppan_g_40269
ONMMKP_04120,,,,,,,,peppan_g_33603,peppan_g_40271
ONMMKP_04131,,,,,,,,peppan_g_33614,peppan_g_40282
ONMMKP_04146,,,peppan_g_11666,,,,,,peppan_g_40297
ONMMKP_04153,,,peppan_g_11659,,,,,,peppan_g_40304
ONMMKP_04696,,,,,,,peppan_g_28948,,peppan_g_40816
PKJKAM_00026,,,,,,,peppan_g_31288,peppan_g_31891;peppan_g_35958,
PKJKAM_00045,,peppan_g_9040,,,,,,peppan_g_31910,
PKJKAM_00230,,,,peppan_g_14882,,,,peppan_g_32090,
PKJKAM_00266,,peppan_g_6597,,,,,,peppan_g_32124,
PKJKAM_00729,,,,,,,,peppan_g_32558,peppan_g_38248
PKJKAM_00730,,,,,,,,peppan_g_32559,peppan_g_38249
PKJKAM_00731,,,,,,,,peppan_g_32560,peppan_g_38250
PKJKAM_00732,,,,,,,,peppan_g_32561,peppan_g_38251
PKJKAM_00735,,,,,,,,peppan_g_32564,peppan_g_38254
PKJKAM_00929,,,,peppan_g_15452,,,,peppan_g_32751,
PKJKAM_00930,,,,peppan_g_15453,,,,peppan_g_32752,
PKJKAM_00931,,,,peppan_g_15454,,,,peppan_g_32753,
PKJKAM_00934,,,,peppan_g_15457,,,,peppan_g_32756,
PKJKAM_01319,,,,,,,peppan_g_28119,peppan_g_33135,
PKJKAM_01828,,,,,,,,peppan_g_33591,peppan_g_40259
PKJKAM_01829,,,,,,,,peppan_g_33592,peppan_g_40260
PKJKAM_01832,,,,,,,,peppan_g_33595,peppan_g_40263
PKJKAM_01834,,,,,,,,peppan_g_33597,peppan_g_40265
PKJKAM_01836,,,,,,,,peppan_g_33599,peppan_g_40267
PKJKAM_01839,,,,,,,,peppan_g_33602,peppan_g_40270
PKJKAM_01841,,,,,,,,peppan_g_33604,peppan_g_40272
PKJKAM_01842,,,,,,,,peppan_g_33605,peppan_g_40273
PKJKAM_01845,,,,,,,,peppan_g_33608,peppan_g_40276
PKJKAM_01846,,,,,,,,peppan_g_33609,peppan_g_40277
PKJKAM_02174,,,,,,,,peppan_g_33921,peppan_g_38495
PKJKAM_02180,,,,,,,,peppan_g_33926,peppan_g_38500
PKJKAM_02334,,,,,,peppan_g_26111,,peppan_g_34072,
PKJKAM_02807,,,,,,,,peppan_g_34519,peppan_g_40516
PKJKAM_03118,,,,,,,peppan_g_29455,peppan_g_34817,
PKJKAM_03124,,,,peppan_g_14155,,,,peppan_g_34822,
PKJKAM_03140,,,,,,,peppan_g_29427,peppan_g_34838,
PKJKAM_03153,,,,,,,,peppan_g_34851,peppan_g_37083
PKJKAM_03159,,,,,,,peppan_g_29408,peppan_g_34857,
PKJKAM_03160,,,,,,,peppan_g_29407,peppan_g_34858,
PKJKAM_03163,,,,,,,peppan_g_29405,peppan_g_34860,
PKJKAM_03174,,,,,,,peppan_g_29393,peppan_g_34871,
PKJKAM_03918,,peppan_g_8962;peppan_g_8967,,,,,,peppan_g_35687,
PKJKAM_04003,,peppan_g_8996,,,,,,peppan_g_35674,
PKJKAM_04004,,peppan_g_8995,,,,,,peppan_g_35675,
PKJKAM_04009,,peppan_g_8946;peppan_g_8951,,,,,,peppan_g_35680,
PKJKAM_04010,,peppan_g_8947,,,,,,peppan_g_35681,
PKJKAM_04011,,peppan_g_8948,,,,,,peppan_g_35682,
PKJKAM_04012,,peppan_g_8949,,,,,,peppan_g_35683,
PKJKAM_04013,,peppan_g_8950,,,,,,peppan_g_35684,
PKJKAM_04014,,peppan_g_8965,,,,,,peppan_g_35685,
PKJKAM_04053,,,,,,,peppan_g_28998,peppan_g_35724,
PKJKAM_04054,,,,,,,peppan_g_28999,peppan_g_35725,
PKJKAM_04055,,,,,,,peppan_g_29000,peppan_g_35726,
PKJKAM_04056,,,,,,,peppan_g_29001,peppan_g_35727,
PKJKAM_04058,,,,,,,peppan_g_29003,peppan_g_35729,
PKJKAM_04059,,,,,,,peppan_g_29004,peppan_g_35730,
PKJKAM_04062,,,,,,,peppan_g_29007,peppan_g_35733,
PKJKAM_04282,,,,,,,,peppan_g_35933,peppan_g_36487
PKJKAM_04289/0.1,,,,peppan_g_14595,peppan_g_19178,,,,
PKJKAM_04297,,,,,,,peppan_g_31282,peppan_g_35952,
PKJKAM_04303,,,,,,,peppan_g_31290,peppan_g_35960,
PKJKAM_04305,,,,,,,peppan_g_31292,peppan_g_35962,
PKJKAM_04306,,,,,,,peppan_g_31293,peppan_g_35963,
AJBGEP_00307,,,,,peppan_g_18462,,,,
AJBGEP_01244,,,,,peppan_g_19367,,,,
AJBGEP_01251,,,,,peppan_g_19374,,,,
AJBGEP_01252,,,,,peppan_g_19375,,,,
AJBGEP_01253,,,,,peppan_g_19376,,,,
AJBGEP_01254,,,,,peppan_g_19377,,,,
AJBGEP_01256,,,,,peppan_g_19379,,,,
AJBGEP_01257,,,,,peppan_g_19380,,,,
AJBGEP_01258,,,,,peppan_g_19381,,,,
AJBGEP_01260,,,,,peppan_g_19383,,,,
AJBGEP_01262,,,,,peppan_g_19385,,,,
AJBGEP_01271,,,,,peppan_g_19391,,,,
AJBGEP_01275/2,,,,,,,peppan_g_27202;peppan_g_27367,,
AJBGEP_02109/2,,peppan_g_8590,,,,,,,
AJBGEP_02126,,,,,peppan_g_20208,,,,
AJBGEP_02127,,,,,peppan_g_20209,,,,
AJBGEP_02129,,,,,peppan_g_20211,,,,
AJBGEP_02132,,,,,peppan_g_20214,,,,
AJBGEP_02133,,,,,peppan_g_20215,,,,
AJBGEP_02136,,,,,peppan_g_20218,,,,
AJBGEP_02137,,,,,peppan_g_20219,,,,
AJBGEP_02138,,,,,peppan_g_20220,,,,
AJBGEP_02139,,,,,peppan_g_20221,,,,
AJBGEP_02141,,,,,peppan_g_20223,,,,
AJBGEP_02150,,,,,peppan_g_20230,,,,
AJBGEP_02151,,,,,peppan_g_20231,,,,
AJBGEP_02152,,,,,peppan_g_20232,,,,
AJBGEP_02153,,,,,peppan_g_20233,,,,
AJBGEP_02154,,,,,peppan_g_20234,,,,
AJBGEP_02154/2,,,,peppan_g_15669,,,,,
AJBGEP_02404,,,,,peppan_g_20469,,,,
AJBGEP_02918/3,,,,peppan_g_14704,,,,,
AJBGEP_03524/3,,,,,,,peppan_g_30523,,
AJBGEP_04037,,,,,peppan_g_22005,,,,
AJBGEP_04038,,,,,peppan_g_22006,,,,
AJBGEP_04039,,,,,peppan_g_22007,,,,
AJBGEP_04515/2,peppan_g_4234,,,,,,,,
AJBGEP_04515/3,,,,,,,,,peppan_g_39893
AJBGEP_04518,,,,,peppan_g_22440,,,,
AJBGEP_04519,,,,,peppan_g_22441,,,,
AJBGEP_04689,,,,,peppan_g_22601,,,,
AJBGEP_04690,,,,,peppan_g_22602,,,,
AJBGEP_04691,,,,,peppan_g_22603,,,,
AJBGEP_04692,,,,,peppan_g_22604,,,,
AJBGEP_04693,,,,,peppan_g_22605,,,,
AJBGEP_04694,,,,,peppan_g_22606,,,,
AJBGEP_04695,,,,,peppan_g_22607,,,,
AJBGEP_04696,,,,,peppan_g_22608,,,,
AJBGEP_04697,,,,,peppan_g_22609,,,,
AJBGEP_04813,,,,,peppan_g_22715,,,,
AJBGEP_04814,,,,,peppan_g_22716,,,,
AJBGEP_04819,,,,,peppan_g_22722,,,,
AJBGEP_04821,,,,,peppan_g_22723,,,,
AJBGEP_04822,,,,,peppan_g_22724,,,,
AJBGEP_04823,,,,,peppan_g_22725,,,,
AJBGEP_04824,,,,,peppan_g_22726,,,,
AJBGEP_04825,,,,,peppan_g_22727,,,,
AJBGEP_04826,,,,,peppan_g_22728,,,,
AJBGEP_04827,,,,,peppan_g_22729,,,,
AJBGEP_04828,,,,,peppan_g_22730,,,,
AJBGEP_04829,,,,,peppan_g_22731,,,,
AJBGEP_04838,,,,,peppan_g_22740,,,,
AJBGEP_04861,,,,,peppan_g_22763,,,,
AJBGEP_04862,,,,,peppan_g_22764,,,,
AJBGEP_04863,,,,,peppan_g_22765,,,,
AJBGEP_04864,,,,,peppan_g_22766,,,,
AJBGEP_04865,,,,,peppan_g_22767,,,,
AJBGEP_04866,,,,,peppan_g_22768,,,,
AJBGEP_04867,,,,,peppan_g_22769,,,,
AJBGEP_04868,,,,,peppan_g_22770,,,,
AJBGEP_04869,,,,,peppan_g_22771,,,,
AJBGEP_04870,,,,,peppan_g_22772,,,,
AJBGEP_04871,,,,,peppan_g_22773,,,,
AJBGEP_04872,,,,,peppan_g_22774,,,,
AJBGEP_04873,,,,,peppan_g_22775,,,,
AJBGEP_04874,,,,,peppan_g_22776,,,,
AJBGEP_04875,,,,,peppan_g_22777,,,,
AJBGEP_04876,,,,,peppan_g_22778,,,,
AJBGEP_04877,,,,,peppan_g_22779,,,,
AJBGEP_04878,,,,,peppan_g_22780,,,,
AJBGEP_04879,,,,,peppan_g_22781,,,,
AJBGEP_04880,,,,,peppan_g_22782,,,,
AJBGEP_04881,,,,,peppan_g_22783,,,,
AJBGEP_04882,,,,,peppan_g_22784,,,,
AJBGEP_04883,,,,,peppan_g_22785,,,,
AJBGEP_04884,,,,,peppan_g_22786,,,,
AJBGEP_04885,,,,,peppan_g_22787,,,,
AJBGEP_04887,,,,,peppan_g_22788,,,,
AJBGEP_04888,,,,,peppan_g_22789,,,,
AJBGEP_04889,,,,,peppan_g_22790,,,,
AJBGEP_04890,,,,,peppan_g_22791,,,,
AJBGEP_04891,,,,,peppan_g_22792,,,,
AJBGEP_04892,,,,,peppan_g_22793,,,,
AJBGEP_04893,,,,,peppan_g_22794,,,,
AJBGEP_04894,,,,,peppan_g_22795,,,,
AJBGEP_04895,,,,,peppan_g_22796,,,,
AJBGEP_04896,,,,,peppan_g_22797,,,,
AJBGEP_04897,,,,,peppan_g_22798,,,,
AJBGEP_04898,,,,,peppan_g_22799,,,,
AJBGEP_04899,,,,,peppan_g_22800,,,,
AJBGEP_04900,,,,,peppan_g_22801,,,,
AJBGEP_04901,,,,,peppan_g_22802,,,,
AJBGEP_04902,,,,,peppan_g_22803,,,,
AJBGEP_04903,,,,,peppan_g_22804,,,,
AJBGEP_04904,,,,,peppan_g_22805,,,,
AJBGEP_04905,,,,,peppan_g_22806,,,,
AJBGEP_04906,,,,,peppan_g_22807,,,,
AJBGEP_04907,,,,,peppan_g_22808,,,,
AJBGEP_04908,,,,,peppan_g_22809,,,,
AJBGEP_04909,,,,,peppan_g_22810,,,,
AJBGEP_04910,,,,,peppan_g_22811,,,,
AJBGEP_04911,,,,,peppan_g_22812,,,,
AJBGEP_04912,,,,,peppan_g_22813,,,,
AJBGEP_04913,,,,,peppan_g_22814,,,,
AJBGEP_04914,,,,,peppan_g_22815,,,,
AJBGEP_04916,,,,,peppan_g_22816,,,,
AJBGEP_04917,,,,,peppan_g_22817,,,,
AJBGEP_04918,,,,,peppan_g_22818,,,,
AJBGEP_04919,,,,,peppan_g_22819,,,,
AJBGEP_04920,,,,,peppan_g_22820,,,,
AJBGEP_04924,,,,,peppan_g_22823,,,,
BEJGEH_00173,,,peppan_g_9205,,,,,,
BEJGEH_00174,,,peppan_g_9206,,,,,,
BEJGEH_00175,,,peppan_g_9207,,,,,,
BEJGEH_00176,,,peppan_g_9208,,,,,,
BEJGEH_00177,,,peppan_g_9209,,,,,,
BEJGEH_00211,,,peppan_g_9243,,,,,,
BEJGEH_00222,,,peppan_g_9254,,,,,,
BEJGEH_00291,,,peppan_g_9314,,,,,,
BEJGEH_00292,,,peppan_g_9315,,,,,,
BEJGEH_00293,,,peppan_g_9316,,,,,,
BEJGEH_00294,,,peppan_g_9317,,,,,,
BEJGEH_00295,,,peppan_g_9318,,,,,,
BEJGEH_00298,,,peppan_g_9321,,,,,,
BEJGEH_00314,,,peppan_g_10488;peppan_g_11829;peppan_g_11941;peppan_g_13170;peppan_g_9339;peppan_g_9511,,,,,,
BEJGEH_00572/0.1,,,,,,,,,peppan_g_37874
BEJGEH_00572/2,,,,peppan_g_14166,,,,,
BEJGEH_00664,,,peppan_g_9677,,,,,,
BEJGEH_00692/0.1,,,peppan_g_10928;peppan_g_12111;peppan_g_12384;peppan_g_13384,,,,,,
BEJGEH_00785/0.1,,,,,,,,,peppan_g_37617
BEJGEH_00903,,,peppan_g_9904,,,,,,
BEJGEH_00904,,,peppan_g_9905,,,,,,
BEJGEH_01030,,,peppan_g_10032,,,,,,
BEJGEH_01038,,,peppan_g_10040,,,,,,
BEJGEH_01039,,,peppan_g_10041,,,,,,
BEJGEH_01040,,,peppan_g_10042,,,,,,
BEJGEH_01042,,,peppan_g_10044,,,,,,
BEJGEH_01043,,,peppan_g_10045,,,,,,
BEJGEH_01044,,,peppan_g_10046,,,,,,
BEJGEH_01062,,,peppan_g_10064,,,,,,
BEJGEH_01196,,,peppan_g_10191,,,,,,
BEJGEH_01202,,,peppan_g_10196,,,,,,
BEJGEH_01203,,,peppan_g_10197,,,,,,
BEJGEH_01204,,,peppan_g_10198,,,,,,
BEJGEH_01205,,,peppan_g_10199,,,,,,
BEJGEH_01206,,,peppan_g_10200,,,,,,
BEJGEH_01207,,,peppan_g_10201,,,,,,
BEJGEH_01503,,,peppan_g_10487,,,,,,
BEJGEH_01530,,,peppan_g_10514,,,,,,
BEJGEH_01531,,,peppan_g_10515,,,,,,
BEJGEH_01852,,,peppan_g_10821,,,,,,
BEJGEH_01972,,,peppan_g_10937,,,,,,
BEJGEH_01973,,,peppan_g_10938,,,,,,
BEJGEH_01974,,,peppan_g_10939,,,,,,
BEJGEH_01975,,,peppan_g_10940,,,,,,
BEJGEH_01978,,,peppan_g_10943,,,,,,
BEJGEH_01979,,,peppan_g_10944,,,,,,
BEJGEH_01980,,,peppan_g_10945,,,,,,
BEJGEH_01982,,,peppan_g_10947,,,,,,
BEJGEH_01983,,,peppan_g_10948,,,,,,
BEJGEH_01984,,,peppan_g_10949,,,,,,
BEJGEH_01985,,,peppan_g_10950,,,,,,
BEJGEH_01989,,,peppan_g_10954,,,,,,
BEJGEH_01995,,,peppan_g_10959,,,,,,
BEJGEH_01997,,,peppan_g_10960,,,,,,
BEJGEH_01998,,,peppan_g_10961,,,,,,
BEJGEH_01999,,,peppan_g_10962,,,,,,
BEJGEH_02000,,,peppan_g_10963,,,,,,
BEJGEH_02005,,,peppan_g_10966,,,,,,
BEJGEH_02339,,,peppan_g_11284,,,,,,
BEJGEH_02536,,,peppan_g_11472,,,,,,
BEJGEH_02537,,,peppan_g_11473,,,,,,
BEJGEH_02541,,,peppan_g_11477,,,,,,
BEJGEH_02650,,,peppan_g_11575,,,,,,
BEJGEH_02651,,,peppan_g_11576,,,,,,
BEJGEH_02655,,,peppan_g_11580,,,,,,
BEJGEH_02660,,,peppan_g_11586,,,,,,
BEJGEH_02661,,,peppan_g_11587,,,,,,
BEJGEH_02664,,,peppan_g_11590,,,,,,
BEJGEH_02665,,,peppan_g_11591,,,,,,
BEJGEH_02666,,,peppan_g_11592,,,,,,
BEJGEH_02667,,,peppan_g_11593,,,,,,
BEJGEH_02668,,,peppan_g_11594,,,,,,
BEJGEH_02669,,,peppan_g_11595,,,,,,
BEJGEH_02670,,,peppan_g_11596,,,,,,
BEJGEH_02671,,,peppan_g_11597,,,,,,
BEJGEH_02672,,,peppan_g_11598,,,,,,
BEJGEH_02673,,,peppan_g_11599,,,,,,
BEJGEH_02674,,,peppan_g_11600,,,,,,
BEJGEH_02675,,,peppan_g_11601,,,,,,
BEJGEH_02676,,,peppan_g_11602,,,,,,
BEJGEH_02677,,,peppan_g_11603,,,,,,
BEJGEH_02678,,,peppan_g_11604,,,,,,
BEJGEH_02679,,,peppan_g_11605,,,,,,
BEJGEH_02680,,,peppan_g_11606,,,,,,
BEJGEH_02681,,,peppan_g_11607,,,,,,
BEJGEH_02682,,,peppan_g_11608,,,,,,
BEJGEH_02717/2,,,peppan_g_11581,,,,,,
BEJGEH_02721/2,,,,,,,,,peppan_g_40318
BEJGEH_02722,,,peppan_g_11646,,,,,,
BEJGEH_02723,,,peppan_g_11647,,,,,,
BEJGEH_02723/2,peppan_g_4187,,,,,,,,
BEJGEH_02724/3,,,,,,,,,peppan_g_40315
BEJGEH_02734/2,peppan_g_3313,,,,,,,,
BEJGEH_02734/3,,,,peppan_g_16339,,,,,
BEJGEH_02736,,,peppan_g_11660,,,,,,
BEJGEH_02737,,,peppan_g_11661,,,,,,
BEJGEH_02738,,,peppan_g_11662,,,,,,
BEJGEH_02751,,,peppan_g_11675,,,,,,
BEJGEH_02752,,,peppan_g_11676,,,,,,
BEJGEH_02754,,,peppan_g_11678,,,,,,
BEJGEH_03032,,,peppan_g_11940,,,,,,
BEJGEH_03177,,,peppan_g_12076,,,,,,
BEJGEH_03178,,,peppan_g_12077,,,,,,
BEJGEH_03179,,,peppan_g_12078,,,,,,
BEJGEH_03180,,,peppan_g_12079,,,,,,
BEJGEH_03181,,,peppan_g_12080,,,,,,
BEJGEH_03183,,,peppan_g_12081,,,,,,
BEJGEH_03184,,,peppan_g_12082,,,,,,
BEJGEH_03573,,,peppan_g_12449,,,,,,
BEJGEH_03671,,,peppan_g_12541,,,,,,
BEJGEH_03791,,,peppan_g_12659,,,,,,
BEJGEH_03792,,,peppan_g_12660,,,,,,
BEJGEH_03793,,,peppan_g_12661,,,,,,
BEJGEH_03794,,,peppan_g_12662,,,,,,
BEJGEH_03795,,,peppan_g_12663,,,,,,
BEJGEH_03796,,,peppan_g_12664,,,,,,
BEJGEH_03797,,,peppan_g_12665,,,,,,
BEJGEH_03798,,,peppan_g_12666,,,,,,
BEJGEH_03799,,,peppan_g_12667,,,,,,
BEJGEH_03894,,,peppan_g_12757,,,,,,
BEJGEH_04091,,,peppan_g_12930,,,,,,
BEJGEH_04092,,,peppan_g_12931,,,,,,
BEJGEH_04093,,,peppan_g_12932,,,,,,
BEJGEH_04240,,,peppan_g_13062,,,,,,
BEJGEH_04241,,,peppan_g_13063,,,,,,
BEJGEH_04242,,,peppan_g_13064,,,,,,
BEJGEH_04243,,,peppan_g_13065,,,,,,
BEJGEH_04380,,,peppan_g_13201,,,,,,
BEJGEH_04381,,,peppan_g_13202,,,,,,
BEJGEH_04382,,,peppan_g_13203,,,,,,
BEJGEH_04383,,,peppan_g_13204,,,,,,
BEJGEH_04384,,,peppan_g_13205,,,,,,
BEJGEH_04385,,,peppan_g_13206,,,,,,
BEJGEH_04386,,,peppan_g_13207,,,,,,
BEJGEH_04387,,,peppan_g_13208,,,,,,
BEJGEH_04388,,,peppan_g_13209,,,,,,
BEJGEH_04515,,,peppan_g_13332,,,,,,
BEJGEH_04516,,,peppan_g_13333,,,,,,
BEJGEH_04553,,,peppan_g_13367,,,,,,
BEJGEH_04554,,,peppan_g_13368,,,,,,
BEJGEH_04555,,,peppan_g_13369,,,,,,
BEJGEH_04558,,,peppan_g_13372,,,,,,
BEJGEH_04561,,,peppan_g_13375,,,,,,
BEJGEH_04561/2,,peppan_g_4846,,,,,,,
BEJGEH_04562,,,peppan_g_13376,,,,,,
BEJGEH_04563,,,peppan_g_13377,,,,,,
BEJGEH_04564,,,peppan_g_13378,,,,,,
BEJGEH_04565,,,peppan_g_13379,,,,,,
BEJGEH_04573,,,peppan_g_13387,,,,,,
BEJGEH_04574,,,peppan_g_13388,,,,,,
BEJGEH_04575,,,peppan_g_13389,,,,,,
BEJGEH_04576,,,peppan_g_13390,,,,,,
BEJGEH_04577,,,peppan_g_13391,,,,,,
BEJGEH_04578,,,peppan_g_13392,,,,,,
BEJGEH_04579,,,peppan_g_13393,,,,,,
BEJGEH_04580,,,peppan_g_13394,,,,,,
BEJGEH_04581,,,peppan_g_13395,,,,,,
BEJGEH_04582,,,peppan_g_13396,,,,,,
BEJGEH_04585/0.1,,,,peppan_g_17983,,,,,
BEJGEH_04586,,,peppan_g_13400,,,,,,
BEJGEH_04587,,,peppan_g_13401,,,,,,
BEJGEH_04590,,,peppan_g_13403,,,,,,
BEJGEH_04591,,,peppan_g_13404,,,,,,
BEJGEH_04592,,,peppan_g_13405,,,,,,
BEJGEH_04593,,,peppan_g_13406,,,,,,
BEJGEH_04594,,,peppan_g_13407,,,,,,
BEJGEH_04595,,,peppan_g_13408,,,,,,
BEJGEH_04596,,,peppan_g_13409,,,,,,
BEJGEH_04597,,,peppan_g_13410,,,,,,
BEJGEH_04598,,,peppan_g_13411,,,,,,
BEJGEH_04599,,,peppan_g_13412,,,,,,
BEJGEH_04694,,,peppan_g_13500,,,,,,
BEJGEH_04696,,,peppan_g_13501,,,,,,
BEJGEH_04697,,,peppan_g_13502,,,,,,
BEJGEH_04698,,,peppan_g_13503,,,,,,
BEJGEH_04699,,,peppan_g_13504,,,,,,
BEJGEH_04700,,,peppan_g_13505,,,,,,
BEJGEH_04701,,,peppan_g_13506,,,,,,
BEJGEH_04702,,,peppan_g_13507,,,,,,
BEJGEH_04703,,,peppan_g_13508,,,,,,
BEJGEH_04704,,,peppan_g_13509,,,,,,
BEJGEH_04705,,,peppan_g_13510,,,,,,
BEJGEH_04706,,,peppan_g_13511,,,,,,
BEJGEH_04707,,,peppan_g_13512,,,,,,
BEJGEH_04708,,,peppan_g_13513,,,,,,
BEJGEH_04709,,,peppan_g_13514,,,,,,
BEJGEH_04710,,,peppan_g_13515,,,,,,
BEJGEH_04711,,,peppan_g_13516,,,,,,
BEJGEH_04712,,,peppan_g_13517,,,,,,
BEJGEH_04713,,,peppan_g_13518,,,,,,
BEJGEH_04714,,,peppan_g_13519,,,,,,
BEJGEH_04715,,,peppan_g_13520,,,,,,
BEJGEH_04716,,,peppan_g_13521,,,,,,
BEJGEH_04717,,,peppan_g_13522,,,,,,
BEJGEH_04718,,,peppan_g_13523,,,,,,
BEJGEH_04719,,,peppan_g_13524,,,,,,
BEJGEH_04720,,,peppan_g_13525,,,,,,
BEJGEH_04721,,,peppan_g_13526,,,,,,
BEJGEH_04722,,,peppan_g_13527,,,,,,
BEJGEH_04723,,,peppan_g_13528,,,,,,
BEJGEH_04724,,,peppan_g_13529,,,,,,
BEJGEH_04725,,,peppan_g_13530,,,,,,
BEJGEH_04726,,,peppan_g_13531,,,,,,
BEJGEH_04727,,,peppan_g_13532,,,,,,
BEJGEH_04728,,,peppan_g_13533,,,,,,
BEJGEH_04729,,,peppan_g_13534,,,,,,
BEJGEH_04730,,,peppan_g_13535,,,,,,
BEJGEH_04731,,,peppan_g_13536,,,,,,
BEJGEH_04732,,,peppan_g_13537,,,,,,
BEJGEH_04733,,,peppan_g_13538,,,,,,
BEJGEH_04734,,,peppan_g_13539,,,,,,
BEJGEH_04735,,,peppan_g_13540,,,,,,
BEJGEH_04736,,,peppan_g_13541,,,,,,
BEJGEH_04737,,,peppan_g_13542,,,,,,
BEJGEH_04738,,,peppan_g_13543,,,,,,
BEJGEH_04739,,,peppan_g_13544,,,,,,
BEJGEH_04740,,,peppan_g_13545,,,,,,
BEJGEH_04741,,,peppan_g_13546,,,,,,
BEJGEH_04742,,,peppan_g_13547,,,,,,
BEJGEH_04743,,,peppan_g_13548,,,,,,
BEJGEH_04744,,,peppan_g_13549,,,,,,
BEJGEH_04745,,,peppan_g_13550,,,,,,
GEGEGB_00195,peppan_g_181,,,,,,,,
GEGEGB_00196,peppan_g_182,,,,,,,,
GEGEGB_00197,peppan_g_183,,,,,,,,
GEGEGB_00198/2,,peppan_g_4688,,,,,,,
GEGEGB_00199,peppan_g_185,,,,,,,,
GEGEGB_00200,peppan_g_186,,,,,,,,
GEGEGB_00201,peppan_g_187,,,,,,,,
GEGEGB_00372,peppan_g_339,,,,,,,,
GEGEGB_00373,peppan_g_340,,,,,,,,
GEGEGB_00374,peppan_g_341,,,,,,,,
GEGEGB_00375,peppan_g_342,,,,,,,,
GEGEGB_00376,peppan_g_343,,,,,,,,
GEGEGB_00382,peppan_g_349,,,,,,,,
GEGEGB_00383,peppan_g_350,,,,,,,,
GEGEGB_00384,peppan_g_351,,,,,,,,
GEGEGB_00411,peppan_g_377,,,,,,,,
GEGEGB_00456,peppan_g_421,,,,,,,,
GEGEGB_00917,peppan_g_845,,,,,,,,
GEGEGB_00918,peppan_g_846,,,,,,,,
GEGEGB_00919,peppan_g_847,,,,,,,,
GEGEGB_00920,peppan_g_848,,,,,,,,
GEGEGB_00921,peppan_g_849,,,,,,,,
GEGEGB_00922,peppan_g_850,,,,,,,,
GEGEGB_00923,peppan_g_851,,,,,,,,
GEGEGB_00924,peppan_g_852,,,,,,,,
GEGEGB_00925,peppan_g_853,,,,,,,,
GEGEGB_00927,peppan_g_854,,,,,,,,
GEGEGB_00928,peppan_g_855,,,,,,,,
GEGEGB_00929,peppan_g_856,,,,,,,,
GEGEGB_00930,peppan_g_857,,,,,,,,
GEGEGB_00931,peppan_g_858,,,,,,,,
GEGEGB_00932,peppan_g_859,,,,,,,,
GEGEGB_00933,peppan_g_860,,,,,,,,
GEGEGB_00934,peppan_g_861,,,,,,,,
GEGEGB_00935,peppan_g_862,,,,,,,,
GEGEGB_00936,peppan_g_863,,,,,,,,
GEGEGB_01185,peppan_g_1093,,,,,,,,
GEGEGB_01300,peppan_g_1197,,,,,,,,
GEGEGB_01418,peppan_g_1307,,,,,,,,
GEGEGB_01419,peppan_g_1308,,,,,,,,
GEGEGB_01420,peppan_g_1309,,,,,,,,
GEGEGB_01422,peppan_g_1310,,,,,,,,
GEGEGB_01423,peppan_g_1311,,,,,,,,
GEGEGB_01424,peppan_g_1312,,,,,,,,
GEGEGB_01425,peppan_g_1313,,,,,,,,
GEGEGB_01426,peppan_g_1314,,,,,,,,
GEGEGB_01427,peppan_g_1315,,,,,,,,
GEGEGB_01428,peppan_g_1316,,,,,,,,
GEGEGB_01429,peppan_g_1317,,,,,,,,
GEGEGB_01430,peppan_g_1318,,,,,,,,
GEGEGB_01431,peppan_g_1319,,,,,,,,
GEGEGB_01432,peppan_g_1320,,,,,,,,
GEGEGB_01433,peppan_g_1321,,,,,,,,
GEGEGB_01434,peppan_g_1322,,,,,,,,
GEGEGB_01435,peppan_g_1323,,,,,,,,
GEGEGB_01436,peppan_g_1324,,,,,,,,
GEGEGB_01437,peppan_g_1325,,,,,,,,
GEGEGB_01438,peppan_g_1326,,,,,,,,
GEGEGB_01439,peppan_g_1327,,,,,,,,
GEGEGB_01440,peppan_g_1328,,,,,,,,
GEGEGB_01441,peppan_g_1329,,,,,,,,
GEGEGB_01442,peppan_g_1330,,,,,,,,
GEGEGB_01443,peppan_g_1331,,,,,,,,
GEGEGB_01444,peppan_g_1332,,,,,,,,
GEGEGB_01445,peppan_g_1333,,,,,,,,
GEGEGB_01446,peppan_g_1334,,,,,,,,
GEGEGB_01447,peppan_g_1335,,,,,,,,
GEGEGB_01448,peppan_g_1336,,,,,,,,
GEGEGB_01449,peppan_g_1337,,,,,,,,
GEGEGB_01450,peppan_g_1338,,,,,,,,
GEGEGB_01451,peppan_g_1339,,,,,,,,
GEGEGB_01452,peppan_g_1340,,,,,,,,
GEGEGB_01453,peppan_g_1341,,,,,,,,
GEGEGB_01454,peppan_g_1342,,,,,,,,
GEGEGB_01455,peppan_g_1343,,,,,,,,
GEGEGB_01456,peppan_g_1344,,,,,,,,
GEGEGB_01457,peppan_g_1345,,,,,,,,
GEGEGB_01458,peppan_g_1346,,,,,,,,
GEGEGB_01459,peppan_g_1347,,,,,,,,
GEGEGB_01460,peppan_g_1348,,,,,,,,
GEGEGB_01461,peppan_g_1349,,,,,,,,
GEGEGB_01462,peppan_g_1350,,,,,,,,
GEGEGB_01463,peppan_g_1351,,,,,,,,
GEGEGB_01464,peppan_g_1352,,,,,,,,
GEGEGB_01465,peppan_g_1353,,,,,,,,
GEGEGB_01466,peppan_g_1354,,,,,,,,
GEGEGB_01546,peppan_g_1426,,,,,,,,
GEGEGB_01830,peppan_g_1691;peppan_g_2899,,,,,,,,
GEGEGB_01830/2,peppan_g_3341,,,,,,,,
GEGEGB_01969,peppan_g_1818,,,,,,,,
GEGEGB_01970/2,,peppan_g_5166,,,,,,,
GEGEGB_01971,peppan_g_1820,,,,,,,,
GEGEGB_01972,peppan_g_1821,,,,,,,,
GEGEGB_01973,peppan_g_1822,,,,,,,,
GEGEGB_01974,peppan_g_1823,,,,,,,,
GEGEGB_01975,peppan_g_1824,,,,,,,,
GEGEGB_01976,peppan_g_1825,,,,,,,,
GEGEGB_01977,peppan_g_1826,,,,,,,,
GEGEGB_01978,peppan_g_1827,,,,,,,,
GEGEGB_01979,peppan_g_1828,,,,,,,,
GEGEGB_01980,peppan_g_1829,,,,,,,,
GEGEGB_01981,peppan_g_1830,,,,,,,,
GEGEGB_01982,peppan_g_1831,,,,,,,,
GEGEGB_01983,peppan_g_1832,,,,,,,,
GEGEGB_01984,peppan_g_1833,,,,,,,,
GEGEGB_01985,peppan_g_1834,,,,,,,,
GEGEGB_01986,peppan_g_1835,,,,,,,,
GEGEGB_01987,peppan_g_1836,,,,,,,,
GEGEGB_01988,peppan_g_1837,,,,,,,,
GEGEGB_01989,peppan_g_1838,,,,,,,,
GEGEGB_01990,peppan_g_1839,,,,,,,,
GEGEGB_01991,peppan_g_1840,,,,,,,,
GEGEGB_01992,peppan_g_1841,,,,,,,,
GEGEGB_01993,peppan_g_1842,,,,,,,,
GEGEGB_01994,peppan_g_1843,,,,,,,,
GEGEGB_01995,peppan_g_1844,,,,,,,,
GEGEGB_01996,peppan_g_1845,,,,,,,,
GEGEGB_01997,peppan_g_1846,,,,,,,,
GEGEGB_01998,peppan_g_1847,,,,,,,,
GEGEGB_01999,peppan_g_1848,,,,,,,,
GEGEGB_02007/2,,,,,peppan_g_20843,,,,
GEGEGB_02010/0.2,,,,,peppan_g_19386,,,,
GEGEGB_02011,peppan_g_1860,,,,,,,,
GEGEGB_02012,peppan_g_1861,,,,,,,,
GEGEGB_02023,peppan_g_1872,,,,,,,,
GEGEGB_02024,peppan_g_1873,,,,,,,,
GEGEGB_02025,peppan_g_1874,,,,,,,,
GEGEGB_02026,peppan_g_1875,,,,,,,,
GEGEGB_02027,peppan_g_1876,,,,,,,,
GEGEGB_02028,peppan_g_1877,,,,,,,,
GEGEGB_02548,peppan_g_2359,,,,,,,,
GEGEGB_02549,peppan_g_2360,,,,,,,,
GEGEGB_02679,peppan_g_2480,,,,,,,,
GEGEGB_02696,peppan_g_2500,,,,,,,,
GEGEGB_02698,peppan_g_2502,,,,,,,,
GEGEGB_02698/2,,peppan_g_4794,,,,,,,
GEGEGB_02699,peppan_g_2503,,,,,,,,
GEGEGB_02710,peppan_g_2513,,,,,,,,
GEGEGB_02716,peppan_g_2519,,,,,,,,
GEGEGB_02717,peppan_g_2520,,,,,,,,
GEGEGB_02782,peppan_g_2572,,,,,,,,
GEGEGB_02783,peppan_g_2573,,,,,,,,
GEGEGB_02784,peppan_g_2574,,,,,,,,
GEGEGB_02785,peppan_g_2575,,,,,,,,
GEGEGB_02786,peppan_g_2576,,,,,,,,
GEGEGB_02787,peppan_g_2577,,,,,,,,
GEGEGB_02788,peppan_g_2578,,,,,,,,
GEGEGB_02789,peppan_g_2579,,,,,,,,
GEGEGB_02793,peppan_g_2580,,,,,,,,
GEGEGB_02794,peppan_g_2581,,,,,,,,
GEGEGB_02795,peppan_g_2582,,,,,,,,
GEGEGB_02796,peppan_g_2583,,,,,,,,
GEGEGB_02797,peppan_g_2584,,,,,,,,
GEGEGB_02798,peppan_g_2585,,,,,,,,
GEGEGB_02800,peppan_g_2587;peppan_g_3337,,,,,,,,
GEGEGB_02801,peppan_g_2588;peppan_g_3336,,,,,,,,
GEGEGB_02803,peppan_g_2590;peppan_g_3334,,,,,,,,
GEGEGB_02804,peppan_g_2591;peppan_g_3333,,,,,,,,
GEGEGB_02805,peppan_g_2592;peppan_g_3332,,,,,,,,
GEGEGB_02806,peppan_g_2593,,,,,,,,
GEGEGB_02806/2,peppan_g_3331,,,,,,,,
GEGEGB_02999,peppan_g_2775,,,,,,,,
GEGEGB_03000,peppan_g_2776,,,,,,,,
GEGEGB_03098,peppan_g_2863,,,,,,,,
GEGEGB_03099,peppan_g_2864,,,,,,,,
GEGEGB_03100,peppan_g_2865,,,,,,,,
GEGEGB_03101,peppan_g_2866,,,,,,,,
GEGEGB_03102,peppan_g_2867,,,,,,,,
GEGEGB_03578,peppan_g_3297,,,,,,,,
GEGEGB_03579,peppan_g_3298,,,,,,,,
GEGEGB_03580,peppan_g_3299,,,,,,,,
GEGEGB_03581,peppan_g_3300,,,,,,,,
GEGEGB_03582,peppan_g_3301,,,,,,,,
GEGEGB_03583,peppan_g_3302,,,,,,,,
GEGEGB_03584,peppan_g_3303,,,,,,,,
GEGEGB_03585,peppan_g_3304,,,,,,,,
GEGEGB_03586,peppan_g_3305,,,,,,,,
GEGEGB_03589,peppan_g_3308,,,,,,,,
GEGEGB_03591,peppan_g_3310,,,,,,,,
GEGEGB_03592,peppan_g_3311,,,,,,,,
GEGEGB_03593,peppan_g_3312,,,,,,,,
GEGEGB_03593/2,,,,peppan_g_16340,,,,,
GEGEGB_03596,peppan_g_3315,,,,,,,,
GEGEGB_03596/2,,,,peppan_g_16337,,,,,
GEGEGB_03605,peppan_g_3323,,,,,,,,
GEGEGB_03605/2,,,,peppan_g_16329,,,,,
GEGEGB_03607,peppan_g_3325,,,,,,,,
GEGEGB_03608,peppan_g_3326,,,,,,,,
GEGEGB_03609,peppan_g_3327;peppan_g_4183,,,,,,,,
GEGEGB_03610,peppan_g_3328,,,,,,,,
GEGEGB_03611,peppan_g_3329,,,,,,,,
GEGEGB_03612,peppan_g_3330,,,,,,,,
GEGEGB_03617,peppan_g_2589;peppan_g_3335,,,,,,,,
GEGEGB_03620,peppan_g_3338,,,,,,,,
GEGEGB_03620/2,peppan_g_2586,,,,,,,,
GEGEGB_03647/3,,,,peppan_g_17692,,,,,
GEGEGB_03647/4,,peppan_g_8486,,,,,,,
GEGEGB_03775,peppan_g_3471,,,,,,,,
GEGEGB_03776,peppan_g_3472,,,,,,,,
GEGEGB_03856,peppan_g_3540,,,,,,,,
GEGEGB_03857,peppan_g_3541,,,,,,,,
GEGEGB_03858,peppan_g_3542,,,,,,,,
GEGEGB_03859,peppan_g_3543,,,,,,,,
GEGEGB_03860,peppan_g_3544,,,,,,,,
GEGEGB_03971,peppan_g_3645,,,,,,,,
GEGEGB_03972,peppan_g_3646,,,,,,,,
GEGEGB_03973,peppan_g_3647,,,,,,,,
GEGEGB_03974,peppan_g_3648,,,,,,,,
GEGEGB_04007,peppan_g_3679,,,,,,,,
GEGEGB_04076,peppan_g_3745,,,,,,,,
GEGEGB_04144,peppan_g_3806,,,,,,,,
GEGEGB_04145,peppan_g_3807,,,,,,,,
GEGEGB_04146,peppan_g_3808,,,,,,,,
GEGEGB_04147,peppan_g_3809,,,,,,,,
GEGEGB_04148,peppan_g_3810,,,,,,,,
GEGEGB_04149,peppan_g_3811,,,,,,,,
GEGEGB_04248,peppan_g_3906,,,,,,,,
GEGEGB_04448,,,,,,,peppan_g_28229,,
GEGEGB_04454,peppan_g_4098,,,,,,,,
GEGEGB_04455,peppan_g_4099,,,,,,,,
GEGEGB_04456,peppan_g_4100,,,,,,,,
GEGEGB_04457,peppan_g_4101,,,,,,,,
GEGEGB_04458,peppan_g_4102,,,,,,,,
GEGEGB_04459,peppan_g_4103,,,,,,,,
GEGEGB_04461,peppan_g_4104,,,,,,,,
GEGEGB_04462,peppan_g_4105,,,,,,,,
GEGEGB_04463,peppan_g_4106,,,,,,,,
GEGEGB_04464,peppan_g_4107,,,,,,,,
GEGEGB_04465,peppan_g_4108,,,,,,,,
GEGEGB_04466,peppan_g_4109,,,,,,,,
GEGEGB_04468,peppan_g_4110,,,,,,,,
GEGEGB_04469,peppan_g_4111,,,,,,,,
GEGEGB_04470,peppan_g_4112,,,,,,,,
GEGEGB_04471,peppan_g_4113,,,,,,,,
GEGEGB_04472,peppan_g_4114,,,,,,,,
GEGEGB_04473,peppan_g_4115,,,,,,,,
GEGEGB_04474,peppan_g_4116,,,,,,,,
GEGEGB_04475,peppan_g_4117,,,,,,,,
GEGEGB_04476,peppan_g_4118,,,,,,,,
GEGEGB_04477,peppan_g_4119,,,,,,,,
GEGEGB_04478,peppan_g_4120,,,,,,,,
GEGEGB_04479,peppan_g_4121,,,,,,,,
GEGEGB_04480,peppan_g_4122,,,,,,,,
GEGEGB_04481,peppan_g_4123,,,,,,,,
GEGEGB_04482,peppan_g_4124,,,,,,,,
GEGEGB_04483,peppan_g_4125,,,,,,,,
GEGEGB_04484,peppan_g_4126,,,,,,,,
GEGEGB_04485,peppan_g_4127,,,,,,,,
GEGEGB_04486,peppan_g_4128,,,,,,,,
GEGEGB_04487,peppan_g_4129,,,,,,,,
GEGEGB_04488,peppan_g_4130,,,,,,,,
GEGEGB_04489,peppan_g_4131,,,,,,,,
GEGEGB_04490,peppan_g_4132,,,,,,,,
GEGEGB_04491,peppan_g_4133,,,,,,,,
GEGEGB_04492,peppan_g_4134,,,,,,,,
GEGEGB_04493,peppan_g_4135,,,,,,,,
GEGEGB_04494,peppan_g_4136,,,,,,,,
GEGEGB_04495,peppan_g_4137,,,,,,,,
GEGEGB_04496,peppan_g_4138,,,,,,,,
GEGEGB_04497,peppan_g_4139,,,,,,,,
GEGEGB_04498,peppan_g_4140,,,,,,,,
GEGEGB_04499,peppan_g_4141,,,,,,,,
GEGEGB_04500,peppan_g_4142,,,,,,,,
GEGEGB_04501,peppan_g_4143,,,,,,,,
GEGEGB_04502,peppan_g_4144,,,,,,,,
GEGEGB_04503,peppan_g_4145,,,,,,,,
GEGEGB_04504,peppan_g_4146,,,,,,,,
GEGEGB_04505,peppan_g_4147,,,,,,,,
GEGEGB_04506,peppan_g_4148,,,,,,,,
GEGEGB_04507,peppan_g_4149,,,,,,,,
GEGEGB_04508,peppan_g_4150,,,,,,,,
GEGEGB_04509,peppan_g_4151,,,,,,,,
GEGEGB_04510,peppan_g_4152,,,,,,,,
GEGEGB_04511,peppan_g_4153,,,,,,,,
GEGEGB_04512,peppan_g_4154,,,,,,,,
GEGEGB_04513,peppan_g_4155,,,,,,,,
GEGEGB_04514,peppan_g_4156,,,,,,,,
GEGEGB_04517,peppan_g_4157,,,,,,,,
GEGEGB_04519,peppan_g_4158,,,,,,,,
GEGEGB_04520,peppan_g_4159,,,,,,,,
GEGEGB_04521,peppan_g_4160,,,,,,,,
GEGEGB_04522,peppan_g_4161,,,,,,,,
GEGEGB_04523,peppan_g_4162,,,,,,,,
GEGEGB_04524,peppan_g_4163,,,,,,,,
GEGEGB_04525,peppan_g_4164,,,,,,,,
GEGEGB_04526,peppan_g_4165,,,,,,,,
GEGEGB_04527,peppan_g_4166,,,,,,,,
GEGEGB_04528,peppan_g_4167,,,,,,,,
GEGEGB_04529,peppan_g_4168,,,,,,,,
GEGEGB_04530,peppan_g_4169,,,,,,,,
GEGEGB_04531,peppan_g_4170,,,,,,,,
GEGEGB_04532,peppan_g_4171,,,,,,,,
GEGEGB_04534,peppan_g_4173,,,,,,,,
GEGEGB_04535,peppan_g_4174,,,,,,,,
GEGEGB_04558,peppan_g_4199,,,,,,,,
GEGEGB_04559,peppan_g_4200,,,,,,,,
GEGEGB_04560,peppan_g_4201,,,,,,,,
GEGEGB_04561,peppan_g_4202,,,,,,,,
GEGEGB_04565,peppan_g_4206,,,,,,,,
GEGEGB_04566,peppan_g_4207,,,,,,,,
GEGEGB_04569,peppan_g_4210,,,,,,,,
GEGEGB_04570,peppan_g_4211,,,,,,,,
GEGEGB_04575,peppan_g_4216,,,,,,,,
GEGEGB_04576,peppan_g_4217,,,,,,,,
GEGEGB_04577,peppan_g_4218,,,,,,,,
GEGEGB_04578,peppan_g_4219,,,,,,,,
GEGEGB_04579,peppan_g_4220,,,,,,,,
GEGEGB_04580,peppan_g_4221,,,,,,,,
GEGEGB_04581,peppan_g_4222,,,,,,,,
GEGEGB_04582,peppan_g_4223,,,,,,,,
GEGEGB_04583,peppan_g_4224,,,,,,,,
GEGEGB_04584,peppan_g_4225,,,,,,,,
GEGEGB_04585,peppan_g_4226,,,,,,,,
GEGEGB_04586,peppan_g_4227,,,,,,,,
GEGEGB_04587,peppan_g_4228,,,,,,,,
GEGEGB_04588,peppan_g_4229,,,,,,,,
GEGEGB_04589,peppan_g_4230,,,,,,,,
GEGEGB_04590,peppan_g_4231,,,,,,,,
GEGEGB_04591,peppan_g_4232,,,,,,,,
GEGEGB_04592,peppan_g_4233,,,,,,,,
GEGEGB_04595,peppan_g_4236,,,,,,,,
GEGEGB_04596,peppan_g_4237,,,,,,,,
GEGEGB_04597,peppan_g_4238,,,,,,,,
GEGEGB_04601,peppan_g_4239,,,,,,,,
GEGEGB_04602,peppan_g_4240,,,,,,,,
GEGEGB_04602/2,,,,,,,,,peppan_g_39901
GEGEGB_04606,peppan_g_4244,,,,,,,,
GEGEGB_04755,peppan_g_4382,,,,,,,,
GEGEGB_04756,peppan_g_4383,,,,,,,,
GEGEGB_04757,peppan_g_4384,,,,,,,,
GEGEGB_04758,peppan_g_4385,,,,,,,,
GEGEGB_04759,peppan_g_4386,,,,,,,,
GEGEGB_04760,peppan_g_4387,,,,,,,,
GEGEGB_04761,peppan_g_4388,,,,,,,,
GEGEGB_04762,peppan_g_4389,,,,,,,,
GEGEGB_04785/2,,peppan_g_5179,,,,,,,
GEGEGB_04786,peppan_g_4413,,,,,,,,
GEGEGB_04787,peppan_g_4414,,,,,,,,
GEGEGB_04788,peppan_g_4415,,,,,,,,
GEGEGB_04789,peppan_g_4416,,,,,,,,
GEGEGB_04819,peppan_g_4443,,,,,,,,
GEGEGB_04820,peppan_g_4444,,,,,,,,
GEGEGB_04821,peppan_g_4445,,,,,,,,
HFCAGB_00292,,,,peppan_g_13822,,,,,
HFCAGB_00305,,,,peppan_g_13836,,,,,
HFCAGB_00306,,,,peppan_g_13837,,,,,
HFCAGB_00308,,,,peppan_g_13838,,,,,
HFCAGB_00310,,,,peppan_g_13840,,,,,
HFCAGB_00583,,,,peppan_g_14104,,,,,
HFCAGB_00584,,,,peppan_g_14105,,,,,
HFCAGB_00586,,,,peppan_g_14107,,,,,
HFCAGB_00593,,,,peppan_g_14114,,,,,
HFCAGB_00594,,,,peppan_g_14115,,,,,
HFCAGB_00596,,,,peppan_g_14117,,,,,
HFCAGB_00598,,,,peppan_g_14118,,,,,
HFCAGB_00599,,,,peppan_g_14119,,,,,
HFCAGB_00600,,,,peppan_g_14120,,,,,
HFCAGB_00603,,,,peppan_g_14123,,,,,
HFCAGB_00604,,,,peppan_g_14124,,,,,
HFCAGB_00608,,,,peppan_g_14129,,,,,
HFCAGB_00611,,,,peppan_g_14132,,,,,
HFCAGB_00616,,,,peppan_g_14138,,,,,
HFCAGB_00619,,,,peppan_g_14141,,,,,
HFCAGB_00622,,,,peppan_g_14144,,,,,
HFCAGB_00623,,,,peppan_g_14145,,,,,
HFCAGB_00624,,,,peppan_g_14146,,,,,
HFCAGB_00625,,,,peppan_g_14147,,,,,
HFCAGB_00626,,,,peppan_g_14148,,,,,
HFCAGB_00627,,,,peppan_g_14149,,,,,
HFCAGB_00628,,,,peppan_g_14150,,,,,
HFCAGB_00629,,,,peppan_g_14151,,,,,
HFCAGB_00630,,,,peppan_g_14152,,,,,
HFCAGB_00631,,,,peppan_g_14153,,,,,
HFCAGB_00632,,,,peppan_g_14154,,,,,
HFCAGB_00634,,,,peppan_g_14156,,,,,
HFCAGB_00635,,,,peppan_g_14157,,,,,
HFCAGB_00636,,,,peppan_g_14158,,,,,
HFCAGB_00637,,,,peppan_g_14159,,,,,
HFCAGB_00638,,,,peppan_g_14160,,,,,
HFCAGB_00639,,,,peppan_g_14161,,,,,
HFCAGB_00640,,,,peppan_g_14162,,,,,
HFCAGB_00641,,,,peppan_g_14163,,,,,
HFCAGB_00642,,,,peppan_g_14164,,,,,
HFCAGB_00643,,,,peppan_g_14165,,,,,
HFCAGB_01072/2,,peppan_g_5142,,,,,,,
HFCAGB_01074,,,,peppan_g_14572,,,,,
HFCAGB_01075,,,,peppan_g_14573,,,,,
HFCAGB_01076,,,,peppan_g_14574,,,,,
HFCAGB_01077,,,,peppan_g_14575,,,,,
HFCAGB_01078,,,,peppan_g_14576,,,,,
HFCAGB_01079,,,,peppan_g_14577,,,,,
HFCAGB_01080,,,,peppan_g_14578,,,,,
HFCAGB_01081,,,,peppan_g_14579,,,,,
HFCAGB_01082,,,,peppan_g_14580,,,,,
HFCAGB_01083,,,,peppan_g_14581,,,,,
HFCAGB_01084,,,,peppan_g_14582,,,,,
HFCAGB_01085,,,,peppan_g_14583,,,,,
HFCAGB_01086,,,,peppan_g_14584,,,,,
HFCAGB_01087,,,,peppan_g_14585,,,,,
HFCAGB_01088,,,,peppan_g_14586,,,,,
HFCAGB_01089,,,,peppan_g_14587,,,,,
HFCAGB_01090,,,,peppan_g_14588,,,,,
HFCAGB_01091,,,,peppan_g_14589,,,,,
HFCAGB_01092,,,,peppan_g_14590,,,,,
HFCAGB_01093,,,,peppan_g_14591,,,,,
HFCAGB_01094,,,,peppan_g_14592,,,,,
HFCAGB_01095,,,,peppan_g_14593,,,,,
HFCAGB_01096,,,,peppan_g_14594,,,,,
HFCAGB_01148/0.1,,,,,,,,peppan_g_31888,
HFCAGB_01183,,,,peppan_g_14677,,,,,
HFCAGB_01184,,,,peppan_g_14678,,,,,
HFCAGB_01190,,,,peppan_g_14683,,,,,
HFCAGB_01209,,,,peppan_g_14701,,,,,
HFCAGB_01210,,,,peppan_g_14702,,,,,
HFCAGB_01345,,,,peppan_g_14830,,,,,
HFCAGB_01346,,,,peppan_g_14831,,,,,
HFCAGB_01350,,,,peppan_g_14835,,,,,
HFCAGB_01351,,,,peppan_g_14836,,,,,
HFCAGB_01352,,,,peppan_g_14837,,,,,
HFCAGB_01355/2,,,,,,,peppan_g_28023,,
HFCAGB_01356/0.1,,,,,,,peppan_g_28024,,
HFCAGB_01364,,,,peppan_g_14849,,,,,
HFCAGB_01365,,,,peppan_g_14850,,,,,
HFCAGB_01366,,,,peppan_g_14851,,,,,
HFCAGB_02177/2,,peppan_g_8591,,,,,,,
HFCAGB_02197,,,,peppan_g_15643,,,,,
HFCAGB_02198,,,,peppan_g_15644,,,,,
HFCAGB_02199,,,,peppan_g_15645,,,,,
HFCAGB_02200,,,,peppan_g_15646,,,,,
HFCAGB_02201,,,,peppan_g_15647,,,,,
HFCAGB_02203/0.1,,,,,peppan_g_20216,,,,
HFCAGB_02205,,,,peppan_g_15651,,,,,
HFCAGB_02206,,,,peppan_g_15652,,,,,
HFCAGB_02207,,,,peppan_g_15653,,,,,
HFCAGB_02208,,,,peppan_g_15654,,,,,
HFCAGB_02210,,,,peppan_g_15656,,,,,
HFCAGB_02217,,,,peppan_g_15661,,,,,
HFCAGB_02218,,,,peppan_g_15662,,,,,
HFCAGB_02222,,,,peppan_g_15666,,,,,
HFCAGB_02223,,,,peppan_g_15667,,,,,
HFCAGB_02223/2,,,,,peppan_g_19382,,,,
HFCAGB_02224,,,,peppan_g_15668,,,,,
HFCAGB_02231,,,,peppan_g_15673,,,,,
HFCAGB_02231/2,,,peppan_g_10936,,,,,,
HFCAGB_02232,,,,peppan_g_15674,,,,,
HFCAGB_02233,,,,peppan_g_15675,,,,,
HFCAGB_02234,,,,peppan_g_15676,,,,,
HFCAGB_02235,,,,peppan_g_15677,,,,,
HFCAGB_02236,,,,peppan_g_15678,,,,,
HFCAGB_02239,,,,peppan_g_15681,,,,,
HFCAGB_02240,,,,peppan_g_15682,,,,,
HFCAGB_02241,,,,peppan_g_15683,,,,,
HFCAGB_02243,,,,peppan_g_15685,,,,,
HFCAGB_02244,,,,peppan_g_15686,,,,,
HFCAGB_02245,,,,peppan_g_15687,,,,,
HFCAGB_02246,,,,peppan_g_15688,,,,,
HFCAGB_02247,,,,peppan_g_15689,,,,,
HFCAGB_02251,,,,peppan_g_15693,,,,,
HFCAGB_02252,,,,peppan_g_15694,,,,,
HFCAGB_02253,,,,peppan_g_15695,,,,,
HFCAGB_02254,,,,peppan_g_15696,,,,,
HFCAGB_02932/2,peppan_g_4184,,,,,,,,
HFCAGB_02933,,,,peppan_g_16326,,,,,
HFCAGB_02934,,,,peppan_g_16327,,,,,
HFCAGB_02934/2,peppan_g_3324,,,,,,,,
HFCAGB_02935,,,,peppan_g_16328,,,,,
HFCAGB_02942/2,peppan_g_3318,,,,,,,,
HFCAGB_02949,,,,peppan_g_16341,,,,,
HFCAGB_02950,,,,peppan_g_16342,,,,,
HFCAGB_02952,,,,peppan_g_16344,,,,,
HFCAGB_02964,,,,peppan_g_16356,,,,,
HFCAGB_02965,,,,peppan_g_16357,,,,,
HFCAGB_03514,,,,peppan_g_16870,,,,,
HFCAGB_04404,,,,peppan_g_17686,,,,,
HFCAGB_04713,,,,peppan_g_17981,,,,,
HFCAGB_04714,,,,peppan_g_17982,,,,,
HFCAGB_04745,,,,peppan_g_18010,,,,,
HFCAGB_04746,,,,peppan_g_18011,,,,,
HFCAGB_04800,,,,peppan_g_18061,,,,,
HFCAGB_04856,,,,peppan_g_18116,,,,,
HFCAGB_04857,,,,peppan_g_18117,,,,,
HFCAGB_04858,,,,peppan_g_18118,,,,,
HFCAGB_04864,,,,peppan_g_18123,,,,,
HFCAGB_04867,,,,peppan_g_18126,,,,,
HFCAGB_04868,,,,peppan_g_18127,,,,,
HFCAGB_04869,,,,peppan_g_18128,,,,,
HFCAGB_04870,,,,peppan_g_18129,,,,,
HFCAGB_04871,,,,peppan_g_18130,,,,,
HFCAGB_04872,,,,peppan_g_18131,,,,,
HFCAGB_04873,,,,peppan_g_18132,,,,,
HFCAGB_04880,,,,peppan_g_18138,,,,,
HFCAGB_04883,,,,peppan_g_18141,,,,,
HFCAGB_04886,,,,peppan_g_18142,,,,,
HFCAGB_04887,,,,peppan_g_18143,,,,,
HFCAGB_04888,,,,peppan_g_18144,,,,,
HFCAGB_04889,,,,peppan_g_18145,,,,,
HFCAGB_04890,,,,peppan_g_18146,,,,,
HFCAGB_04891,,,,peppan_g_18147,,,,,
HFCAGB_04892,,,,peppan_g_18148,,,,,
HFCAGB_04893,,,,peppan_g_18149,,,,,
HFCAGB_04894,,,,peppan_g_18150,,,,,
HFCAGB_04895,,,,peppan_g_18151,,,,,
HFCAGB_04896,,,,peppan_g_18152,,,,,
HFCAGB_04897,,,,peppan_g_18153,,,,,
HFCAGB_04898,,,,peppan_g_18154,,,,,
HFCAGB_04899,,,,peppan_g_18155,,,,,
HFCAGB_04900,,,,peppan_g_18156,,,,,
HFCAGB_04901,,,,peppan_g_18157,,,,,
HFCAGB_04902,,,,peppan_g_18158,,,,,
HFCAGB_04903,,,,peppan_g_18159,,,,,
HFCAGB_04904,,,,peppan_g_18160,,,,,
HFCAGB_04905,,,,peppan_g_18161,,,,,
HFCAGB_04906,,,,peppan_g_18162,,,,,
HFCAGB_04907,,,,peppan_g_18163,,,,,
HFCAGB_04908,,,,peppan_g_18164,,,,,
HFCAGB_04909,,,,peppan_g_18165,,,,,
HFCAGB_04910,,,,peppan_g_18166,,,,,
HFCAGB_04911,,,,peppan_g_18167,,,,,
HFCAGB_04912,,,,peppan_g_18168,,,,,
HFCAGB_04913,,,,peppan_g_18169,,,,,
HFCAGB_04914,,,,peppan_g_18170,,,,,
HFCAGB_04915,,,,peppan_g_18171,,,,,
HFCAGB_04916,,,,peppan_g_18172,,,,,
HFCAGB_04917,,,,peppan_g_18173,,,,,
HFCAGB_04918,,,,peppan_g_18174,,,,,
HFCAGB_04919,,,,peppan_g_18175,,,,,
IKCLMC_00010,,,,,,,peppan_g_27181;peppan_g_27184;peppan_g_30361,,
IKCLMC_00018,,,,,,,peppan_g_27189;peppan_g_29439,,
IKCLMC_00030,,,,,,,peppan_g_27201;peppan_g_27366,,
IKCLMC_00084,,,,,,,peppan_g_41256;peppan_g_41260,,
IKCLMC_00155,,,,,,,peppan_g_27203;peppan_g_27323,,
IKCLMC_00156,,,,,,,peppan_g_27324,,
IKCLMC_00157,,,,,,,peppan_g_27325,,
IKCLMC_00158,,,,,,,peppan_g_27326,,
IKCLMC_00159,,,,,,,peppan_g_27327,,
IKCLMC_00160,,,,,,,peppan_g_27328,,
IKCLMC_00161,,,,,,,peppan_g_27329,,
IKCLMC_00162,,,,,,,peppan_g_27330,,
IKCLMC_00163,,,,,,,peppan_g_27331,,
IKCLMC_00164,,,,,,,peppan_g_27332,,
IKCLMC_00165,,,,,,,peppan_g_27333,,
IKCLMC_00166,,,,,,,peppan_g_27334,,
IKCLMC_00167,,,,,,,peppan_g_27335,,
IKCLMC_00168,,,,,,,peppan_g_27336,,
IKCLMC_00169,,,,,,,peppan_g_27337,,
IKCLMC_00170,,,,,,,peppan_g_27338,,
IKCLMC_00171,,,,,,,peppan_g_27339,,
IKCLMC_00172,,,,,,,peppan_g_27340,,
IKCLMC_00173,,,,,,,peppan_g_27341,,
IKCLMC_00174,,,,,,,peppan_g_27342,,
IKCLMC_00175,,,,,,,peppan_g_27343,,
IKCLMC_00176,,,,,,,peppan_g_27344,,
IKCLMC_00177,,,,,,,peppan_g_27345,,
IKCLMC_00178,,,,,,,peppan_g_27346,,
IKCLMC_00179,,,,,,,peppan_g_27347,,
IKCLMC_00180,,,,,,,peppan_g_27348,,
IKCLMC_00181,,,,,,,peppan_g_27349,,
IKCLMC_00182,,,,,,,peppan_g_27350,,
IKCLMC_00183,,,,,,,peppan_g_27351,,
IKCLMC_00184,,,,,,,peppan_g_27352,,
IKCLMC_00185,,,,,,,peppan_g_27353,,
IKCLMC_00187/2,,,,,,,peppan_g_28027,,
IKCLMC_00192,,,,,,,peppan_g_27361,,
IKCLMC_00193,,,,,,,peppan_g_27362,,
IKCLMC_00200,,,,,,,peppan_g_27368,,
IKCLMC_00201,,,,,,,peppan_g_27369,,
IKCLMC_00202,,,,,,,peppan_g_27370,,
IKCLMC_00312,,,,,,,peppan_g_27468,,
IKCLMC_00313,,,,,,,peppan_g_27469,,
IKCLMC_00314,,,,,,,peppan_g_27470,,
IKCLMC_00315,,,,,,,peppan_g_27471,,
IKCLMC_00316,,,,,,,peppan_g_27472,,
IKCLMC_00317,,,,,,,peppan_g_27473,,
IKCLMC_00318,,,,,,,peppan_g_27474,,
IKCLMC_00319,,,,,,,peppan_g_27475,,
IKCLMC_00321,,,,,,,peppan_g_27476,,
IKCLMC_00322,,,,,,,peppan_g_27477,,
IKCLMC_00323,,,,,,,peppan_g_27478,,
IKCLMC_00324,,,,,,,peppan_g_27479,,
IKCLMC_00325,,,,,,,peppan_g_27480,,
IKCLMC_00326,,,,,,,peppan_g_27481,,
IKCLMC_00327,,,,,,,peppan_g_27482,,
IKCLMC_00328,,,,,,,peppan_g_27483,,
IKCLMC_00329,,,,,,,peppan_g_27484,,
IKCLMC_00330,,,,,,,peppan_g_27485,,
IKCLMC_00331,,,,,,,peppan_g_27486,,
IKCLMC_00332,,,,,,,peppan_g_27487,,
IKCLMC_00333,,,,,,,peppan_g_27488,,
IKCLMC_00334,,,,,,,peppan_g_27489,,
IKCLMC_00335,,,,,,,peppan_g_27490,,
IKCLMC_00336,,,,,,,peppan_g_27491,,
IKCLMC_00337,,,,,,,peppan_g_27492,,
IKCLMC_00338,,,,,,,peppan_g_27493,,
IKCLMC_00339,,,,,,,peppan_g_27494,,
IKCLMC_00340,,,,,,,peppan_g_27495,,
IKCLMC_00341,,,,,,,peppan_g_27496,,
IKCLMC_00342,,,,,,,peppan_g_27497,,
IKCLMC_00343,,,,,,,peppan_g_27498,,
IKCLMC_00344,,,,,,,peppan_g_27499,,
IKCLMC_00345,,,,,,,peppan_g_27500,,
IKCLMC_00346,,,,,,,peppan_g_27501,,
IKCLMC_00347,,,,,,,peppan_g_27502,,
IKCLMC_00348,,,,,,,peppan_g_27503,,
IKCLMC_00349,,,,,,,peppan_g_27504,,
IKCLMC_00350,,,,,,,peppan_g_27505,,
IKCLMC_00351,,,,,,,peppan_g_27506,,
IKCLMC_00352,,,,,,,peppan_g_27507,,
IKCLMC_00353,,,,,,,peppan_g_27508,,
IKCLMC_00354,,,,,,,peppan_g_27509,,
IKCLMC_00355,,,,,,,peppan_g_27510,,
IKCLMC_00356,,,,,,,peppan_g_27511,,
IKCLMC_00357,,,,,,,peppan_g_27512,,
IKCLMC_00358,,,,,,,peppan_g_27513,,
IKCLMC_00359,,,,,,,peppan_g_27514,,
IKCLMC_00360,,,,,,,peppan_g_27515,,
IKCLMC_00361,,,,,,,peppan_g_27516,,
IKCLMC_00362,,,,,,,peppan_g_27517,,
IKCLMC_00363,,,,,,,peppan_g_27518,,
IKCLMC_00365,,,,,,,peppan_g_27519,,
IKCLMC_00366,,,,,,,peppan_g_27520,,
IKCLMC_00367,,,,,,,peppan_g_27521,,
IKCLMC_00368,,,,,,,peppan_g_27522,,
IKCLMC_00369,,,,,,,peppan_g_27523,,
IKCLMC_00370,,,,,,,peppan_g_27524,,
IKCLMC_00371,,,,,,,peppan_g_27525,,
IKCLMC_00372,,,,,,,peppan_g_27526,,
IKCLMC_00373,,,,,,,peppan_g_27527,,
IKCLMC_00374,,,,,,,peppan_g_27528,,
IKCLMC_00375,,,,,,,peppan_g_27322;peppan_g_27529,,
IKCLMC_00376,,,,,,,peppan_g_27530,,
IKCLMC_00377,,,,,,,peppan_g_27531,,
IKCLMC_00378,,,,,,,peppan_g_27204;peppan_g_27208;peppan_g_27532,,
IKCLMC_00890,,,,,,,peppan_g_28019,,
IKCLMC_00891,,,,,,,peppan_g_28020,,
IKCLMC_00892,,,,,,,peppan_g_28021,,
IKCLMC_00893,,,,,,,peppan_g_28022,,
IKCLMC_00896,,,,,,,peppan_g_28025,,
IKCLMC_00898,,,,,,,peppan_g_28028,,
IKCLMC_00900,,,,,,,peppan_g_28029,,
IKCLMC_00901,,,,,,,peppan_g_28030,,
IKCLMC_00909,,,,,,,peppan_g_28035,,
IKCLMC_00911,,,,,,,peppan_g_28036,,
IKCLMC_00920,,,,,,,peppan_g_28043,,
IKCLMC_00921,,,,,,,peppan_g_28044,,
IKCLMC_00922,,,,,,,peppan_g_28045,,
IKCLMC_00923,,,,,,,peppan_g_28046,,
IKCLMC_00924,,,,,,,peppan_g_28047,,
IKCLMC_00925,,,,,,,peppan_g_28048,,
IKCLMC_00926,,,,,,,peppan_g_28049,,
IKCLMC_00927,,,,,,,peppan_g_28050,,
IKCLMC_00928,,,,,,,peppan_g_28051,,
IKCLMC_00929,,,,,,,peppan_g_28052,,
IKCLMC_00930,,,,,,,peppan_g_28053,,
IKCLMC_00931,,,,,,,peppan_g_28054,,
IKCLMC_00932,,,,,,,peppan_g_28055,,
IKCLMC_00933,,,,,,,peppan_g_28056,,
IKCLMC_00934,,,,,,,peppan_g_28057,,
IKCLMC_00935,,,,,,,peppan_g_28058,,
IKCLMC_00936,,,,,,,peppan_g_28059,,
IKCLMC_00937,,,,,,,peppan_g_28060,,
IKCLMC_00938,,,,,,,peppan_g_28061,,
IKCLMC_00939,,,,,,,peppan_g_28062,,
IKCLMC_00940,,,,,,,peppan_g_28063,,
IKCLMC_00941,,,,,,,peppan_g_28064,,
IKCLMC_00942,,,,,,,peppan_g_28065,,
IKCLMC_00943,,,,,,,peppan_g_28066,,
IKCLMC_00944,,,,,,,peppan_g_28067,,
IKCLMC_01323,,,,,,,peppan_g_28429,,
IKCLMC_01409,,,,,,,peppan_g_28515,,
IKCLMC_01410,,,,,,,peppan_g_28516,,
IKCLMC_01411,,,,,,,peppan_g_28517,,
IKCLMC_01412,,,,,,,peppan_g_28518,,
IKCLMC_01413,,,,,,,peppan_g_28519,,
IKCLMC_01414,,,,,,,peppan_g_28520,,
IKCLMC_01526/3,,,peppan_g_9925,,,,,,
IKCLMC_01570,,,,,,,peppan_g_28675,,
IKCLMC_01676,,,,,,,peppan_g_28776,,
IKCLMC_01852,,,,,,,peppan_g_28946,,
IKCLMC_01869/0.1,,,,,,,,peppan_g_35668,
IKCLMC_02038/0.1,,,,,,,peppan_g_29129;peppan_g_29130,,
IKCLMC_02039,,,,,,,peppan_g_29124,,
IKCLMC_02040,,,,,,,peppan_g_29125,,
IKCLMC_02042,,,,,,,peppan_g_29127,,
IKCLMC_02043/2,,,peppan_g_9322,,,,,,
IKCLMC_02313,,,,,,,peppan_g_29394,,
IKCLMC_02314,,,,,,,peppan_g_29395,,
IKCLMC_02315,,,,,,,peppan_g_29396,,
IKCLMC_02316,,,,,,,peppan_g_29397,,
IKCLMC_02317,,,,,,,peppan_g_29398,,
IKCLMC_02318,,,,,,,peppan_g_29399,,
IKCLMC_02320,,,,,,,peppan_g_29401,,
IKCLMC_02322,,,,,,,peppan_g_29403,,
IKCLMC_02323,,,,,,,peppan_g_29404,,
IKCLMC_02329,,,,,,,peppan_g_29409,,
IKCLMC_02337,,,,,,,peppan_g_29417,,
IKCLMC_02339,,,,,,,peppan_g_29419,,
IKCLMC_02340,,,,,,,peppan_g_29420,,
IKCLMC_02341,,,,,,,peppan_g_29421,,
IKCLMC_02348,,,,,,,peppan_g_29428,,
IKCLMC_02351,,,,,,,peppan_g_29431,,
IKCLMC_02352,,,,,,,peppan_g_29432,,
IKCLMC_02353,,,,,,,peppan_g_29433,,
IKCLMC_02354,,,,,,,peppan_g_29434,,
IKCLMC_02355,,,,,,,peppan_g_29435,,
IKCLMC_02356,,,,,,,peppan_g_29436,,
IKCLMC_02357,,,,,,,peppan_g_29437,,
IKCLMC_02358,,,,,,,peppan_g_29438,,
IKCLMC_02360,,,,,,,peppan_g_29440,,
IKCLMC_02361,,,,,,,peppan_g_29441,,
IKCLMC_02362,,,,,,,peppan_g_29442,,
IKCLMC_02363,,,,,,,peppan_g_29443,,
IKCLMC_02364,,,,,,,peppan_g_29444,,
IKCLMC_02365,,,,,,,peppan_g_29445,,
IKCLMC_02366,,,,,,,peppan_g_29446,,
IKCLMC_02367,,,,,,,peppan_g_29447,,
IKCLMC_02368,,,,,,,peppan_g_29448,,
IKCLMC_02369,,,,,,,peppan_g_29449,,
IKCLMC_02370,,,,,,,peppan_g_29450,,
IKCLMC_02371,,,,,,,peppan_g_29451,,
IKCLMC_02372,,,,,,,peppan_g_29452,,
IKCLMC_02373,,,,,,,peppan_g_29453,,
IKCLMC_02532,,,,,,,peppan_g_29606,,
IKCLMC_02533,,,,,,,peppan_g_29607,,
IKCLMC_02567/3,,,,,,,peppan_g_28845,,
IKCLMC_03143/5,,,peppan_g_12259,,,,,,
IKCLMC_03280,,,,,,,peppan_g_30321,,
IKCLMC_03307,,,,,,,peppan_g_30348,,
IKCLMC_03308,,,,,,,peppan_g_30349,,
IKCLMC_03309,,,,,,,peppan_g_30350,,
IKCLMC_03310,,,,,,,peppan_g_30351,,
IKCLMC_03311,,,,,,,peppan_g_30352,,
IKCLMC_03312,,,,,,,peppan_g_30353,,
IKCLMC_03313,,,,,,,peppan_g_30354,,
IKCLMC_03314,,,,,,,peppan_g_30355,,
IKCLMC_03315,,,,,,,peppan_g_30356,,
IKCLMC_03316,,,,,,,peppan_g_30357,,
IKCLMC_03317,,,,,,,peppan_g_30358,,
IKCLMC_03318,,,,,,,peppan_g_30359,,
IKCLMC_03319,,,,,,,peppan_g_30360,,
IKCLMC_03321,,,,,,,peppan_g_30362,,
IKCLMC_03322,,,,,,,peppan_g_30363,,
IKCLMC_03323,,,,,,,peppan_g_30364,,
IKCLMC_03324,,,,,,,peppan_g_30365,,
IKCLMC_03325,,,,,,,peppan_g_30366,,
IKCLMC_03326,,,,,,,peppan_g_30367,,
IKCLMC_03327,,,,,,,peppan_g_30368,,
IKCLMC_03328,,,,,,,peppan_g_30369,,
IKCLMC_03329,,,,,,,peppan_g_30370,,
IKCLMC_03330,,,,,,,peppan_g_30371,,
IKCLMC_03331,,,,,,,peppan_g_30372,,
IKCLMC_03732/0.1,,,,,,,,peppan_g_31907,
IKCLMC_03912,,,,,,,peppan_g_30926,,
IKCLMC_03947/0.1,,,peppan_g_10930;peppan_g_12109;peppan_g_12382;peppan_g_13386,,,,,,
IKCLMC_03949,,,,,,,peppan_g_30964,,
IKCLMC_04089,,,,,,,peppan_g_31096,,
IKCLMC_04089/2,peppan_g_4394,,,,,,,,
IKCLMC_04097,,,,,,,peppan_g_31101,,
IKCLMC_04098,,,,,,,peppan_g_31102,,
IKCLMC_04099,,,,,,,peppan_g_31103,,
IKCLMC_04100,,,,,,,peppan_g_31104,,
IKCLMC_04101,,,,,,,peppan_g_31105,,
IKCLMC_04102,,,,,,,peppan_g_31106,,
IKCLMC_04103,,,,,,,peppan_g_31107,,
IKCLMC_04252/2,,,peppan_g_10929;peppan_g_12110;peppan_g_12383;peppan_g_13385,,,,,,
LNHIMF_00189,,peppan_g_4684,,,,,,,
LNHIMF_00190,,peppan_g_4685,,,,,,,
LNHIMF_00191,,peppan_g_4686,,,,,,,
LNHIMF_00192,,peppan_g_4687,,,,,,,
LNHIMF_00193/2,peppan_g_184,,,,,,,,
LNHIMF_00194,,peppan_g_4689,,,,,,,
LNHIMF_00195,,peppan_g_4690,,,,,,,
LNHIMF_00196,,peppan_g_4691,,,,,,,
LNHIMF_00302,,peppan_g_4786,,,,,,,
LNHIMF_00303,,peppan_g_4787,,,,,,,
LNHIMF_00304,,peppan_g_4788,,,,,,,
LNHIMF_00310,,peppan_g_4793,,,,,,,
LNHIMF_00312,,peppan_g_4795,,,,,,,
LNHIMF_00316,,peppan_g_4801,,,,,,,
LNHIMF_00328,,peppan_g_4815,,,,,,,
LNHIMF_00350,,peppan_g_4837,,,,,,,
LNHIMF_00351,,peppan_g_4838,,,,,,,
LNHIMF_00352,,peppan_g_4839,,,,,,,
LNHIMF_00353,,peppan_g_4840,,,,,,,
LNHIMF_00356,,peppan_g_4843,,,,,,,
LNHIMF_00360,,peppan_g_4847,,,,,,,
LNHIMF_00361,,peppan_g_4848,,,,,,,
LNHIMF_00362,,peppan_g_4849,,,,,,,
LNHIMF_00363,,peppan_g_4850,,,,,,,
LNHIMF_00400,,peppan_g_4886,,,,,,,
LNHIMF_00563,,peppan_g_5045,,,,,,,
LNHIMF_00564,,peppan_g_5046,,,,,,,
LNHIMF_00565,,peppan_g_5047,,,,,,,
LNHIMF_00566,,peppan_g_5048,,,,,,,
LNHIMF_00567,,peppan_g_5049,,,,,,,
LNHIMF_00568,,peppan_g_5050,,,,,,,
LNHIMF_00570,,peppan_g_5053,,,,,,,
LNHIMF_00571,,peppan_g_5054,,,,,,,
LNHIMF_00572,,peppan_g_5055,,,,,,,
LNHIMF_00573,,peppan_g_5056,,,,,,,
LNHIMF_00574,,peppan_g_5057,,,,,,,
LNHIMF_00575,,peppan_g_5058,,,,,,,
LNHIMF_00576,,peppan_g_5059,,,,,,,
LNHIMF_00577,,peppan_g_5060,,,,,,,
LNHIMF_00578,,peppan_g_5061,,,,,,,
LNHIMF_00580,,peppan_g_5063,,,,,,,
LNHIMF_00581,,peppan_g_5064,,,,,,,
LNHIMF_00584,,peppan_g_5067,,,,,,,
LNHIMF_00586,,peppan_g_5068,,,,,,,
LNHIMF_00587,,peppan_g_5069,,,,,,,
LNHIMF_00593,,peppan_g_5076,,,,,,,
LNHIMF_00594,,peppan_g_5077,,,,,,,
LNHIMF_00595,,peppan_g_5078,,,,,,,
LNHIMF_00598,,peppan_g_40999,,,,,,,
LNHIMF_00599,,peppan_g_5080,,,,,,,
LNHIMF_00600,,peppan_g_5081,,,,,,,
LNHIMF_00603,,peppan_g_5084,,,,,,,
LNHIMF_00604,,peppan_g_5085,,,,,,,
LNHIMF_00605,,peppan_g_5086,,,,,,,
LNHIMF_00610,,peppan_g_5091,,,,,,,
LNHIMF_00611,,peppan_g_5092,,,,,,,
LNHIMF_00612,,peppan_g_5093,,,,,,,
LNHIMF_00617,,peppan_g_5098,,,,,,,
LNHIMF_00618,,peppan_g_5099,,,,,,,
LNHIMF_00620,,peppan_g_5101,,,,,,,
LNHIMF_00621,,peppan_g_5102,,,,,,,
LNHIMF_00625,,peppan_g_5105,,,,,,,
LNHIMF_00626,,peppan_g_5106,,,,,,,
LNHIMF_00627,,peppan_g_5107,,,,,,,
LNHIMF_00629,,peppan_g_5108,,,,,,,
LNHIMF_00630,,peppan_g_5109,,,,,,,
LNHIMF_00631,,peppan_g_5110,,,,,,,
LNHIMF_00632,,peppan_g_5111,,,,,,,
LNHIMF_00633,,peppan_g_5112,,,,,,,
LNHIMF_00634,,peppan_g_5113,,,,,,,
LNHIMF_00635,,peppan_g_5114,,,,,,,
LNHIMF_00636,,peppan_g_5115,,,,,,,
LNHIMF_00637,,peppan_g_5116,,,,,,,
LNHIMF_00639,,peppan_g_5118,,,,,,,
LNHIMF_00641,,peppan_g_5119,,,,,,,
LNHIMF_00642,,peppan_g_5120,,,,,,,
LNHIMF_00643,,peppan_g_5121,,,,,,,
LNHIMF_00644,,peppan_g_5122,,,,,,,
LNHIMF_00645,,peppan_g_5123,,,,,,,
LNHIMF_00646,,peppan_g_5124,,,,,,,
LNHIMF_00647,,peppan_g_5125,,,,,,,
LNHIMF_00648,,peppan_g_5126,,,,,,,
LNHIMF_00649,,peppan_g_5127,,,,,,,
LNHIMF_00650,,peppan_g_5128,,,,,,,
LNHIMF_00651,,peppan_g_5129,,,,,,,
LNHIMF_00652,,peppan_g_5130,,,,,,,
LNHIMF_00653,,peppan_g_5131,,,,,,,
LNHIMF_00654,,peppan_g_5132,,,,,,,
LNHIMF_00655,,peppan_g_5133,,,,,,,
LNHIMF_00656,,peppan_g_5134,,,,,,,
LNHIMF_00657,,peppan_g_5135,,,,,,,
LNHIMF_00658,,peppan_g_5136,,,,,,,
LNHIMF_00659,,peppan_g_5137,,,,,,,
LNHIMF_00660,,peppan_g_5138,,,,,,,
LNHIMF_00661,,peppan_g_5139,,,,,,,
LNHIMF_00662,,peppan_g_5140,,,,,,,
LNHIMF_00668,,peppan_g_5143,,,,,,,
LNHIMF_00669,,peppan_g_5144,,,,,,,
LNHIMF_00670,,peppan_g_5145,,,,,,,
LNHIMF_00671,,peppan_g_5146,,,,,,,
LNHIMF_00672,,peppan_g_5147,,,,,,,
LNHIMF_00673,,peppan_g_5148,,,,,,,
LNHIMF_00674,,peppan_g_5149,,,,,,,
LNHIMF_00675,,peppan_g_5150,,,,,,,
LNHIMF_00676,,peppan_g_5151,,,,,,,
LNHIMF_00677,,peppan_g_5152,,,,,,,
LNHIMF_00678,,peppan_g_5153,,,,,,,
LNHIMF_00679,,peppan_g_5154,,,,,,,
LNHIMF_00692/2,peppan_g_1819,,,,,,,,
LNHIMF_00693,,peppan_g_5167,,,,,,,
LNHIMF_00694,,peppan_g_5168,,,,,,,
LNHIMF_00695,,peppan_g_5169,,,,,,,
LNHIMF_00698,,peppan_g_5171,,,,,,,
LNHIMF_00699,,peppan_g_5172,,,,,,,
LNHIMF_00700,,peppan_g_5173,,,,,,,
LNHIMF_00701,,peppan_g_5174,,,,,,,
LNHIMF_00702,,peppan_g_5175,,,,,,,
LNHIMF_00703,,peppan_g_5176,,,,,,,
LNHIMF_00707,,peppan_g_5180,,,,,,,
LNHIMF_01153/0.1,,,,,,,,peppan_g_31886,
LNHIMF_01232,,peppan_g_5681,,,,,,,
LNHIMF_01233,,peppan_g_5682,,,,,,,
LNHIMF_01234,,peppan_g_5683,,,,,,,
LNHIMF_01235,,peppan_g_5684,,,,,,,
LNHIMF_01236,,peppan_g_5685,,,,,,,
LNHIMF_01237,,peppan_g_5686,,,,,,,
LNHIMF_01238,,peppan_g_5687,,,,,,,
LNHIMF_01515,,peppan_g_5953,,,,,,,
LNHIMF_01524,,peppan_g_5962,,,,,,,
LNHIMF_01604,,peppan_g_6040,,,,,,,
LNHIMF_01606,,peppan_g_6042,,,,,,,
LNHIMF_01607,,peppan_g_6043,,,,,,,
LNHIMF_01608,,peppan_g_6044,,,,,,,
LNHIMF_01729,,peppan_g_6163,,,,,,,
LNHIMF_01817/2,,,,,,,peppan_g_28521,,
LNHIMF_01827,,peppan_g_6257,,,,,,,
LNHIMF_01852,,peppan_g_6282,,,,,,,
LNHIMF_02069/2,,,,,,,,,peppan_g_37031
LNHIMF_02081,,peppan_g_6500,,,,,,,
LNHIMF_02143,,peppan_g_6561,,,,,,,
LNHIMF_02144,,peppan_g_6562,,,,,,,
LNHIMF_02145,,peppan_g_6563,,,,,,,
LNHIMF_02146,,peppan_g_6564,,,,,,,
LNHIMF_02147,,peppan_g_6565,,,,,,,
LNHIMF_02148,,peppan_g_6566,,,,,,,
LNHIMF_02149,,peppan_g_6567,,,,,,,
LNHIMF_02158/2,,peppan_g_8588,,,,,,,
LNHIMF_02172,,peppan_g_6590,,,,,,,
LNHIMF_02173,,peppan_g_6591,,,,,,,
LNHIMF_02174,,peppan_g_6592,,,,,,,
LNHIMF_02174/2,,,,peppan_g_15642,,,,,
LNHIMF_02175,,peppan_g_6593,,,,,,,
LNHIMF_02176,,peppan_g_6594,,,,,,,
LNHIMF_02177,,peppan_g_6595,,,,,,,
LNHIMF_02183/0.1,,,,,peppan_g_20844,,,,
LNHIMF_02191/3,,,,,peppan_g_19378,,,,
LNHIMF_02194/2,,,,,peppan_g_19135,,,,
LNHIMF_02200,,peppan_g_6616,,,,,,,
LNHIMF_02201,,peppan_g_6617,,,,,,,
LNHIMF_02225,,peppan_g_6638,,,,,,,
LNHIMF_02643,,peppan_g_7037,,,,,,,
LNHIMF_02646,,peppan_g_7039,,,,,,,
LNHIMF_02777,,peppan_g_7158,,,,,,,
LNHIMF_02778,,peppan_g_7159,,,,,,,
LNHIMF_02780,,peppan_g_7160,,,,,,,
LNHIMF_02781,,peppan_g_7161,,,,,,,
LNHIMF_02782,,peppan_g_7162,,,,,,,
LNHIMF_02783,,peppan_g_7163,,,,,,,
LNHIMF_02784,,peppan_g_7164,,,,,,,
LNHIMF_02785,,peppan_g_7165,,,,,,,
LNHIMF_02786,,peppan_g_7166,,,,,,,
LNHIMF_02787,,peppan_g_7167,,,,,,,
LNHIMF_02788,,peppan_g_7168,,,,,,,
LNHIMF_02789,,peppan_g_7169,,,,,,,
LNHIMF_02790,,peppan_g_7170,,,,,,,
LNHIMF_02791,,peppan_g_7171,,,,,,,
LNHIMF_02792,,peppan_g_7172,,,,,,,
LNHIMF_02793,,peppan_g_7173,,,,,,,
LNHIMF_02794,,peppan_g_7174,,,,,,,
LNHIMF_02795,,peppan_g_7175,,,,,,,
LNHIMF_02796,,peppan_g_7176,,,,,,,
LNHIMF_02805,,peppan_g_7185,,,,,,,
LNHIMF_03118,,peppan_g_7474,,,,,,,
LNHIMF_03119,,peppan_g_7475,,,,,,,
LNHIMF_03120,,peppan_g_7476,,,,,,,
LNHIMF_03121,,peppan_g_7477,,,,,,,
LNHIMF_03122,,peppan_g_7478,,,,,,,
LNHIMF_03123,,peppan_g_7479,,,,,,,
LNHIMF_03173,,peppan_g_7527,,,,,,,
LNHIMF_03174,,peppan_g_7528,,,,,,,
LNHIMF_03175,,peppan_g_7529,,,,,,,
LNHIMF_03176,,peppan_g_7530,,,,,,,
LNHIMF_03523,,peppan_g_7861,,,,,,,
LNHIMF_03566,,peppan_g_7903,,,,,,,
LNHIMF_03567,,peppan_g_7904,,,,,,,
LNHIMF_03568,,peppan_g_7905,,,,,,,
LNHIMF_03716,,peppan_g_8047,,,,,,,
LNHIMF_03754,,peppan_g_8084,,,,,,,
LNHIMF_03770,,peppan_g_8100,,,,,,,
LNHIMF_03771,,peppan_g_8101,,,,,,,
LNHIMF_03772,,peppan_g_8102,,,,,,,
LNHIMF_03773,,peppan_g_8103,,,,,,,
LNHIMF_03774,,peppan_g_8104,,,,,,,
LNHIMF_03775,,peppan_g_8105,,,,,,,
LNHIMF_03776,,peppan_g_8106,,,,,,,
LNHIMF_03777,,peppan_g_8107,,,,,,,
LNHIMF_03778,,peppan_g_8108,,,,,,,
LNHIMF_03779,,peppan_g_8109,,,,,,,
LNHIMF_03820,,peppan_g_8148,,,,,,,
LNHIMF_03821,,peppan_g_8149,,,,,,,
LNHIMF_03946,,peppan_g_8264,,,,,,,
LNHIMF_03947,,peppan_g_8265,,,,,,,
LNHIMF_03948,,peppan_g_8266,,,,,,,
LNHIMF_04243,,peppan_g_8526,,,,,,,
LNHIMF_04260,,peppan_g_8543,,,,,,,
LNHIMF_04261,,peppan_g_8544,,,,,,,
LNHIMF_04262,,peppan_g_8545,,,,,,,
LNHIMF_04266,,peppan_g_8549,,,,,,,
LNHIMF_04270,,peppan_g_8553,,,,,,,
LNHIMF_04272,,peppan_g_8555,,,,,,,
LNHIMF_04273,,peppan_g_8556,,,,,,,
LNHIMF_04274,,peppan_g_8557,,,,,,,
LNHIMF_04275,,peppan_g_8558,,,,,,,
LNHIMF_04276,,peppan_g_8559,,,,,,,
LNHIMF_04277,,peppan_g_8560,,,,,,,
LNHIMF_04278,,peppan_g_8561,,,,,,,
LNHIMF_04279,,peppan_g_8562,,,,,,,
LNHIMF_04280,,peppan_g_8563,,,,,,,
LNHIMF_04281,,peppan_g_8564,,,,,,,
LNHIMF_04290,,peppan_g_8573,,,,,,,
LNHIMF_04291,,peppan_g_8574,,,,,,,
LNHIMF_04292,,peppan_g_8575,,,,,,,
LNHIMF_04293,,peppan_g_8576,,,,,,,
LNHIMF_04294,,peppan_g_8577,,,,,,,
LNHIMF_04295,,peppan_g_8578,,,,,,,
LNHIMF_04296,,peppan_g_8579,,,,,,,
LNHIMF_04297,,peppan_g_8580,,,,,,,
LNHIMF_04298,,peppan_g_8581,,,,,,,
LNHIMF_04299,,peppan_g_8582,,,,,,,
LNHIMF_04300,,peppan_g_8583,,,,,,,
LNHIMF_04301,,peppan_g_8584,,,,,,,
LNHIMF_04306,,peppan_g_8589,,,,,,,
LNHIMF_04316,,peppan_g_8599,,,,,,,
LNHIMF_04317,,peppan_g_8600,,,,,,,
LNHIMF_04318,,peppan_g_8601,,,,,,,
LNHIMF_04396,,peppan_g_8673,,,,,,,
LNHIMF_04402,,peppan_g_8679,,,,,,,
LNHIMF_04557,,peppan_g_8829,,,,,,,
LNHIMF_04558,,peppan_g_8830,,,,,,,
LNHIMF_04653,,peppan_g_8920,,,,,,,
LNHIMF_04654,,peppan_g_8921,,,,,,,
LNHIMF_04655,,peppan_g_8922,,,,,,,
LNHIMF_04656,,peppan_g_8923,,,,,,,
LNHIMF_04657,,peppan_g_8924,,,,,,,
LNHIMF_04658,,peppan_g_8925,,,,,,,
LNHIMF_04659,,peppan_g_8926,,,,,,,
LNHIMF_04660,,peppan_g_8927,,,,,,,
LNHIMF_04661,,peppan_g_8928,,,,,,,
LNHIMF_04662,,peppan_g_8929,,,,,,,
LNHIMF_04663,,peppan_g_8930,,,,,,,
LNHIMF_04664,,peppan_g_8931,,,,,,,
LNHIMF_04666,,peppan_g_8933,,,,,,,
LNHIMF_04667,,peppan_g_8934,,,,,,,
LNHIMF_04668,,peppan_g_8935,,,,,,,
LNHIMF_04669,,peppan_g_8936,,,,,,,
LNHIMF_04670,,peppan_g_8937,,,,,,,
LNHIMF_04671,,peppan_g_8938,,,,,,,
LNHIMF_04672,,peppan_g_8939,,,,,,,
LNHIMF_04673,,peppan_g_8940,,,,,,,
LNHIMF_04674,,peppan_g_8941,,,,,,,
LNHIMF_04675,,peppan_g_8942,,,,,,,
LNHIMF_04676,,peppan_g_8943,,,,,,,
LNHIMF_04677,,peppan_g_8944,,,,,,,
LNHIMF_04678,,peppan_g_8945,,,,,,,
LNHIMF_04685,,peppan_g_8952,,,,,,,
LNHIMF_04686,,peppan_g_8953,,,,,,,
LNHIMF_04690,,peppan_g_8957,,,,,,,
LNHIMF_04691,,peppan_g_8958,,,,,,,
LNHIMF_04692,,peppan_g_8959,,,,,,,
LNHIMF_04693,,peppan_g_8960,,,,,,,
LNHIMF_04694,,peppan_g_8961,,,,,,,
LNHIMF_04697,,peppan_g_8963,,,,,,,
LNHIMF_04698,,peppan_g_8964,,,,,,,
LNHIMF_04703,,peppan_g_8968,,,,,,,
LNHIMF_04704,,peppan_g_8969,,,,,,,
LNHIMF_04705,,peppan_g_8970,,,,,,,
LNHIMF_04706,,peppan_g_8971,,,,,,,
LNHIMF_04707,,peppan_g_8972,,,,,,,
LNHIMF_04708,,peppan_g_8973,,,,,,,
LNHIMF_04709,,peppan_g_8974,,,,,,,
LNHIMF_04710,,peppan_g_8975,,,,,,,
LNHIMF_04711,,peppan_g_8976,,,,,,,
LNHIMF_04712,,peppan_g_8977,,,,,,,
LNHIMF_04713,,peppan_g_8978,,,,,,,
LNHIMF_04715,,peppan_g_8980,,,,,,,
LNHIMF_04717,,peppan_g_8982,,,,,,,
LNHIMF_04718,,peppan_g_8983,,,,,,,
LNHIMF_04719,,peppan_g_8984,,,,,,,
LNHIMF_04720,,peppan_g_8985,,,,,,,
LNHIMF_04722,,peppan_g_8987,,,,,,,
LNHIMF_04723,,peppan_g_8988,,,,,,,
LNHIMF_04725,,peppan_g_8990,,,,,,,
LNHIMF_04726,,peppan_g_8991,,,,,,,
LNHIMF_04727,,peppan_g_8992,,,,,,,
LNHIMF_04728,,peppan_g_8993,,,,,,,
LNHIMF_04729,,peppan_g_8994,,,,,,,
LNHIMF_04732,,peppan_g_8997,,,,,,,
LNHIMF_04733,,peppan_g_8998,,,,,,,
LNHIMF_04733/2,,,,,,,,,peppan_g_39157
LNHIMF_04734,,peppan_g_8999,,,,,,,
LNHIMF_04735,,peppan_g_9000,,,,,,,
LNHIMF_04736,,peppan_g_9001,,,,,,,
LNHIMF_04737,,peppan_g_9002,,,,,,,
LNHIMF_04738,,peppan_g_9003,,,,,,,
LNHIMF_04739,,peppan_g_9004,,,,,,,
LNHIMF_04740,,peppan_g_9005,,,,,,,
LNHIMF_04741,,peppan_g_9006,,,,,,,
LNHIMF_04743,,peppan_g_9008,,,,,,,
LNHIMF_04744,,peppan_g_9009,,,,,,,
LNHIMF_04746,,peppan_g_9011,,,,,,,
LNHIMF_04747,,peppan_g_9012,,,,,,,
LNHIMF_04748,,peppan_g_9013,,,,,,,
LNHIMF_04749,,peppan_g_9014,,,,,,,
LNHIMF_04750,,peppan_g_9015,,,,,,,
LNHIMF_04751,,peppan_g_9016,,,,,,,
LNHIMF_04752,,peppan_g_9017,,,,,,,
LNHIMF_04753,,peppan_g_9018,,,,,,,
LNHIMF_04754,,peppan_g_9019,,,,,,,
LNHIMF_04755,,peppan_g_9020,,,,,,,
LNHIMF_04756,,peppan_g_9021,,,,,,,
LNHIMF_04757,,peppan_g_9022,,,,,,,
LNHIMF_04758,,peppan_g_9023,,,,,,,
LNHIMF_04759,,peppan_g_9024,,,,,,,
LNHIMF_04760,,peppan_g_9025,,,,,,,
LNHIMF_04761,,peppan_g_9026,,,,,,,
LNHIMF_04762,,peppan_g_9027,,,,,,,
LNHIMF_04763,,peppan_g_9028,,,,,,,
LNHIMF_04764,,peppan_g_9029,,,,,,,
LNHIMF_04765,,peppan_g_9030,,,,,,,
LNHIMF_04766,,peppan_g_9031,,,,,,,
LNHIMF_04767,,peppan_g_9032,,,,,,,
LNHIMF_04768,,peppan_g_9033,,,,,,,
LNHIMF_04769,,peppan_g_9034,,,,,,,
LNHIMF_04770,,peppan_g_9035,,,,,,,
LNHIMF_04771,,peppan_g_9036,,,,,,,
LNHIMF_04772,,peppan_g_9037,,,,,,,
LNHIMF_04773,,peppan_g_9038,,,,,,,
LNHIMF_04774,,peppan_g_9039,,,,,,,
LNHIMF_04776,,peppan_g_9041,,,,,,,
LNHIMF_04777,,peppan_g_9042,,,,,,,
ODDLKH_00057,,,,,,peppan_g_22872,,,
ODDLKH_00184,,,,,,peppan_g_22993,,,
ODDLKH_00356,,,,,,peppan_g_23157,,,
ODDLKH_00357,,,,,,peppan_g_23158,,,
ODDLKH_00358,,,,,,peppan_g_23159,,,
ODDLKH_00359,,,,,,peppan_g_23160,,,
ODDLKH_00360,,,,,,peppan_g_23161,,,
ODDLKH_00361,,,,,,peppan_g_23162,,,
ODDLKH_00362,,,,,,peppan_g_23163,,,
ODDLKH_00363,,,,,,peppan_g_23164,,,
ODDLKH_00364,,,,,,peppan_g_23165,,,
ODDLKH_00365,,,,,,peppan_g_23166,,,
ODDLKH_00366,,,,,,peppan_g_23167,,,
ODDLKH_00367,,,,,,peppan_g_23168,,,
ODDLKH_00368,,,,,,peppan_g_23169,,,
ODDLKH_00369,,,,,,peppan_g_23170,,,
ODDLKH_00532/4,,,peppan_g_9098,,,,,,
ODDLKH_00532/5,,,,peppan_g_14349,,,,,
ODDLKH_00532/6,,peppan_g_7739,,,,,,,
ODDLKH_00532/7,,,peppan_g_12260,,,,,,
ODDLKH_00532/8,,,,,peppan_g_18927,,,,
ODDLKH_01650,,,,,,peppan_g_24402,,,
ODDLKH_01654,,,,,,peppan_g_24405,,,
ODDLKH_01655,,,,,,peppan_g_24406,,,
ODDLKH_01656,,,,,,peppan_g_24407,,,
ODDLKH_01660,,,,,,peppan_g_24411,,,
ODDLKH_01661,,,,,,peppan_g_24412,,,
ODDLKH_01662,,,,,,peppan_g_24413,,,
ODDLKH_01663,,,,,,peppan_g_24414,,,
ODDLKH_01665,,,,,,peppan_g_24415,,,
ODDLKH_01668/2,,,,,peppan_g_20845,,,,
ODDLKH_01668/3,,,,,,,peppan_g_27360,,
ODDLKH_01701/0.2,,,,,,,peppan_g_27688,,
ODDLKH_03515/0.1,,,,,,,,peppan_g_31890,
ODDLKH_04344/0.1,peppan_g_3339,,,,,,,,
ONMMKP_00001,,,,,,,,,peppan_g_36340
ONMMKP_00002,,,,,,,,,peppan_g_36341
ONMMKP_00003,,,,,,,,,peppan_g_36342
ONMMKP_00004,,,,,,,,,peppan_g_36343
ONMMKP_00006,,,,,,,,,peppan_g_36344
ONMMKP_00007,,,,,,,,,peppan_g_36345
ONMMKP_00008,,,,,,,,,peppan_g_36346
ONMMKP_00009,,,,,,,,,peppan_g_36347
ONMMKP_00010,,,,,,,,,peppan_g_36348
ONMMKP_00011,,,,,,,,,peppan_g_36349
ONMMKP_00012,,,,,,,,,peppan_g_36350
ONMMKP_00014,,,,,,,,,peppan_g_36352;peppan_g_40326
ONMMKP_00016,,,,,,,,,peppan_g_36354;peppan_g_40323
ONMMKP_00017,,,,,,,,,peppan_g_36355;peppan_g_40324
ONMMKP_00176/0.1,,,peppan_g_9906,,,,,,
ONMMKP_00257,,,,,,,,,peppan_g_36583
ONMMKP_00492,,,,,,,,,peppan_g_36809
ONMMKP_00721,,,,,,,,,peppan_g_37032
ONMMKP_00722,,,,,,,,,peppan_g_37033
ONMMKP_00724,,,,,,,,,peppan_g_37035
ONMMKP_00725,,,,,,,,,peppan_g_37036
ONMMKP_00726,,,,,,,,,peppan_g_37037
ONMMKP_00727,,,,,,,,,peppan_g_37038
ONMMKP_00728,,,,,,,,,peppan_g_37039
ONMMKP_00729,,,,,,,,,peppan_g_37040
ONMMKP_00730,,,,,,,,,peppan_g_37041
ONMMKP_00731,,,,,,,,,peppan_g_37042
ONMMKP_00732,,,,,,,,,peppan_g_37043
ONMMKP_00733,,,,,,,,,peppan_g_37044
ONMMKP_00734,,,,,,,,,peppan_g_37045
ONMMKP_00735,,,,,,,,,peppan_g_37046
ONMMKP_00737,,,,,,,,,peppan_g_37049
ONMMKP_00738,,,,,,,,,peppan_g_37050
ONMMKP_00740,,,,,,,,,peppan_g_37052
ONMMKP_00745,,,,,,,,,peppan_g_37057
ONMMKP_00746,,,,,,,,,peppan_g_37058
ONMMKP_00747,,,,,,,,,peppan_g_37059
ONMMKP_00748,,,,,,,,,peppan_g_37060
ONMMKP_00748/2,,peppan_g_5090,,,,,,,
ONMMKP_00752,,,,,,,,,peppan_g_37064
ONMMKP_00753,,,,,,,,,peppan_g_37065
ONMMKP_00754,,,,,,,,,peppan_g_37066
ONMMKP_00757,,,,,,,,,peppan_g_37069
ONMMKP_00761,,,,,,,,,peppan_g_37072
ONMMKP_00764,,,,,,,,,peppan_g_37073
ONMMKP_00770,,,,,,,,,peppan_g_37079
ONMMKP_00772,,,,,,,,,peppan_g_37081
ONMMKP_00773,,,,,,,,,peppan_g_37082
ONMMKP_00775,,,,,,,,,peppan_g_37084
ONMMKP_00780,,,,,,,,,peppan_g_37089
ONMMKP_00781,,,,,,,,,peppan_g_37090
ONMMKP_00783,,,,,,,,,peppan_g_37092
ONMMKP_00784,,,,,,,,,peppan_g_37093
ONMMKP_00785,,,,,,,,,peppan_g_37094
ONMMKP_00786,,,,,,,,,peppan_g_37095
ONMMKP_00788,,,,,,,,,peppan_g_37097
ONMMKP_00793,,,,,,,,,peppan_g_37102
ONMMKP_00797,,,,,,,,,peppan_g_37107
ONMMKP_00798,,,,,,,,,peppan_g_37108
ONMMKP_01081,,,,,,,,,peppan_g_37377
ONMMKP_01082,,,,,,,,,peppan_g_37378
ONMMKP_01112,,,,,,,,,peppan_g_37407
ONMMKP_01115,,,,,,,,,peppan_g_37409
ONMMKP_01121,,,,,,,,,peppan_g_37415
ONMMKP_01122,,,,,,,,,peppan_g_37416
ONMMKP_01123,,,,,,,,,peppan_g_37417
ONMMKP_01124,,,,,,,,,peppan_g_37418
ONMMKP_01125,,,,,,,,,peppan_g_37419
ONMMKP_01127,,,,,,,,,peppan_g_37421
ONMMKP_01128,,,,,,,,,peppan_g_37422
ONMMKP_01129,,,,,,,,,peppan_g_37423
ONMMKP_01130,,,,,,,,,peppan_g_37424
ONMMKP_01131,,,,,,,,,peppan_g_37425
ONMMKP_01327,,,,,,,,,peppan_g_37618
ONMMKP_01328,,,,,,,,,peppan_g_37619
ONMMKP_01329,,,,,,,,,peppan_g_37620
ONMMKP_01330,,,,,,,,,peppan_g_37621
ONMMKP_01331,,,,,,,,,peppan_g_37622
ONMMKP_01332,,,,,,,,,peppan_g_37623
ONMMKP_01333,,,,,,,,,peppan_g_37624
ONMMKP_01334,,,,,,,,,peppan_g_37625
ONMMKP_01335,,,,,,,,,peppan_g_37626
ONMMKP_01336,,,,,,,,,peppan_g_37627
ONMMKP_01337,,,,,,,,,peppan_g_37628
ONMMKP_01338,,,,,,,,,peppan_g_37629
ONMMKP_01339,,,,,,,,,peppan_g_37630
ONMMKP_01340,,,,,,,,,peppan_g_37631
ONMMKP_01341,,,,,,,,,peppan_g_37632
ONMMKP_01342,,,,,,,,,peppan_g_37633
ONMMKP_01343,,,,,,,,,peppan_g_37634
ONMMKP_01344,,,,,,,,,peppan_g_37635
ONMMKP_01345,,,,,,,,,peppan_g_37636
ONMMKP_01346,,,,,,,,,peppan_g_37637
ONMMKP_01347,,,,,,,,,peppan_g_37638
ONMMKP_01348,,,,,,,,,peppan_g_37639
ONMMKP_01349,,,,,,,,,peppan_g_37640
ONMMKP_01350,,,,,,,,,peppan_g_37641
ONMMKP_01351,,,,,,,,,peppan_g_37642
ONMMKP_01352,,,,,,,,,peppan_g_37643
ONMMKP_01353,,,,,,,,,peppan_g_37644
ONMMKP_01354,,,,,,,,,peppan_g_37645
ONMMKP_01355,,,,,,,,,peppan_g_37646
ONMMKP_01356,,,,,,,,,peppan_g_37647
ONMMKP_01357,,,,,,,,,peppan_g_37648
ONMMKP_01358,,,,,,,,,peppan_g_37649
ONMMKP_01359,,,,,,,,,peppan_g_37650
ONMMKP_01360,,,,,,,,,peppan_g_37651
ONMMKP_01361,,,,,,,,,peppan_g_37652
ONMMKP_01362,,,,,,,,,peppan_g_37653
ONMMKP_01363,,,,,,,,,peppan_g_37654
ONMMKP_01364,,,,,,,,,peppan_g_37655
ONMMKP_01365,,,,,,,,,peppan_g_37656
ONMMKP_01366,,,,,,,,,peppan_g_37657
ONMMKP_01367,,,,,,,,,peppan_g_37658
ONMMKP_01368,,,,,,,,,peppan_g_37659
ONMMKP_01590,,,,,,,,,peppan_g_37866
ONMMKP_01590/2,,,,,,,,,peppan_g_37873
ONMMKP_01591,,,,,,,,,peppan_g_37867
ONMMKP_01592,,,,,,,,,peppan_g_37868
ONMMKP_01593,,,,,,,,,peppan_g_37869
ONMMKP_01594,,,,,,,,,peppan_g_37870
ONMMKP_01595,,,,,,,,,peppan_g_37871
ONMMKP_01596,,,,,,,,,peppan_g_37872
ONMMKP_01856,,,,,,,,,peppan_g_38125
ONMMKP_01869,,,,,,,,,peppan_g_38142
ONMMKP_01870,,,,,,,,,peppan_g_38143
ONMMKP_01871,,,,,,,,,peppan_g_38144
ONMMKP_01872,,,,,,,,,peppan_g_38145
ONMMKP_01873,,,,,,,,,peppan_g_38146
ONMMKP_01874,,,,,,,,,peppan_g_38147
ONMMKP_01875,,,,,,,,,peppan_g_38148
ONMMKP_01876,,,,,,,,,peppan_g_38149
ONMMKP_01877,,,,,,,,,peppan_g_38150
ONMMKP_01878,,,,,,,,,peppan_g_38151
ONMMKP_01879,,,,,,,,,peppan_g_38152
ONMMKP_01880,,,,,,,,,peppan_g_38153
ONMMKP_01881,,,,,,,,,peppan_g_38154
ONMMKP_01882,,,,,,,,,peppan_g_38155
ONMMKP_01883,,,,,,,,,peppan_g_38156
ONMMKP_01884,,,,,,,,,peppan_g_38157
ONMMKP_01885,,,,,,,,,peppan_g_38158
ONMMKP_01886,,,,,,,,,peppan_g_38159
ONMMKP_01887,,,,,,,,,peppan_g_38160
ONMMKP_01888,,,,,,,,,peppan_g_38161
ONMMKP_01889,,,,,,,,,peppan_g_38162
ONMMKP_01890,,,,,,,,,peppan_g_38163
ONMMKP_01891,,,,,,,,,peppan_g_38164
ONMMKP_01892,,,,,,,,,peppan_g_38165
ONMMKP_01893,,,,,,,,,peppan_g_38166
ONMMKP_01894,,,,,,,,,peppan_g_38167
ONMMKP_01960,,,,,,,,,peppan_g_38225
ONMMKP_01962,,,,,,,,,peppan_g_38227
ONMMKP_02140,,,,,,,,,peppan_g_38398
ONMMKP_02141,,,,,,,,,peppan_g_38399
ONMMKP_02142,,,,,,,,,peppan_g_38400
ONMMKP_02143,,,,,,,,,peppan_g_38401
ONMMKP_02144,,,,,,,,,peppan_g_38402
ONMMKP_02145,,,,,,,,,peppan_g_38403
ONMMKP_02146,,,,,,,,,peppan_g_38404
ONMMKP_02147,,,,,,,,,peppan_g_38405
ONMMKP_02243,,,,,,,,,peppan_g_38496
ONMMKP_02245,,,,,,,,,peppan_g_38498
ONMMKP_02273,,,,,,,,,peppan_g_38524
ONMMKP_02274,,,,,,,,,peppan_g_38525
ONMMKP_02275,,,,,,,,,peppan_g_38526
ONMMKP_02276,,,,,,,,,peppan_g_38527
ONMMKP_02277,,,,,,,,,peppan_g_38528
ONMMKP_02278,,,,,,,,,peppan_g_38529
ONMMKP_02279,,,,,,,,,peppan_g_38530
ONMMKP_02280,,,,,,,,,peppan_g_38531
ONMMKP_02281,,,,,,,,,peppan_g_38532
ONMMKP_02282,,,,,,,,,peppan_g_38533
ONMMKP_02283,,,,,,,,,peppan_g_38534
ONMMKP_02284,,,,,,,,,peppan_g_38535
ONMMKP_02285,,,,,,,,,peppan_g_38536
ONMMKP_02286,,,,,,,,,peppan_g_38537
ONMMKP_02288,,,,,,,,,peppan_g_38539
ONMMKP_02289,,,,,,,,,peppan_g_38540
ONMMKP_02290,,,,,,,,,peppan_g_38541
ONMMKP_02291,,,,,,,,,peppan_g_38542
ONMMKP_02292,,,,,,,,,peppan_g_38543
ONMMKP_02293,,,,,,,,,peppan_g_38544
ONMMKP_02295,,,,,,,,,peppan_g_38546
ONMMKP_02296,,,,,,,,,peppan_g_38547
ONMMKP_02297,,,,,,,,,peppan_g_38548
ONMMKP_02298,,,,,,,,,peppan_g_38549
ONMMKP_02299,,,,,,,,,peppan_g_38550
ONMMKP_02300,,,,,,,,,peppan_g_38551
ONMMKP_02586,,,,,,,,,peppan_g_38829
ONMMKP_02598,,,,,,,,,peppan_g_38841
ONMMKP_02864,,,,,,,,,peppan_g_39075
ONMMKP_02934,,,,,,,,,peppan_g_39138
ONMMKP_02935,,,,,,,,,peppan_g_39139
ONMMKP_02936,,,,,,,,,peppan_g_39140
ONMMKP_02937,,,,,,,,,peppan_g_39141
ONMMKP_02938,,,,,,,,,peppan_g_39142
ONMMKP_02939,,,,,,,,,peppan_g_39143
ONMMKP_02940,,,,,,,,,peppan_g_39144
ONMMKP_02941,,,,,,,,,peppan_g_39145
ONMMKP_02942,,,,,,,,,peppan_g_39146
ONMMKP_02943,,,,,,,,,peppan_g_39147
ONMMKP_02944,,,,,,,,,peppan_g_39148
ONMMKP_02945,,,,,,,,,peppan_g_39149
ONMMKP_02947,,,,,,,,,peppan_g_39151
ONMMKP_02948,,,,,,,,,peppan_g_39152
ONMMKP_02949,,,,,,,,,peppan_g_39153
ONMMKP_02950,,,,,,,,,peppan_g_39154
ONMMKP_02952,,,,,,,,,peppan_g_39155
ONMMKP_02953,,,,,,,,,peppan_g_39156
ONMMKP_02955,,,,,,,,,peppan_g_39158
ONMMKP_02956,,,,,,,,,peppan_g_39159
ONMMKP_02957,,,,,,,,,peppan_g_39160
ONMMKP_02958,,,,,,,,,peppan_g_39161
ONMMKP_02959,,,,,,,,,peppan_g_39162
ONMMKP_02960,,,,,,,,,peppan_g_39163
ONMMKP_02961,,,,,,,,,peppan_g_39164
ONMMKP_02962,,,,,,,,,peppan_g_39165
ONMMKP_02963,,,,,,,,,peppan_g_39166
ONMMKP_02964,,,,,,,,,peppan_g_39167
ONMMKP_02965,,,,,,,,,peppan_g_39168
ONMMKP_02967,,,,,,,,,peppan_g_39170
ONMMKP_02968,,,,,,,,,peppan_g_39171
ONMMKP_02969,,,,,,,,,peppan_g_39172
ONMMKP_02970,,,,,,,,,peppan_g_39173
ONMMKP_02971,,,,,,,,,peppan_g_39174
ONMMKP_02972,,,,,,,,,peppan_g_39175
ONMMKP_02973,,,,,,,,,peppan_g_39176
ONMMKP_02974,,,,,,,,,peppan_g_39177
ONMMKP_02975,,,,,,,,,peppan_g_39178
ONMMKP_02976,,,,,,,,,peppan_g_39179
ONMMKP_02977,,,,,,,,,peppan_g_39180
ONMMKP_02978,,,,,,,,,peppan_g_39181
ONMMKP_02979,,,,,,,,,peppan_g_39182
ONMMKP_02980,,,,,,,,,peppan_g_39183
ONMMKP_02981,,,,,,,,,peppan_g_39184
ONMMKP_02982,,,,,,,,,peppan_g_39185
ONMMKP_02983,,,,,,,,,peppan_g_39186
ONMMKP_02984,,,,,,,,,peppan_g_39187
ONMMKP_02985,,,,,,,,,peppan_g_39188
ONMMKP_02986,,,,,,,,,peppan_g_39189
ONMMKP_02987,,,,,,,,,peppan_g_39190
ONMMKP_02988,,,,,,,,,peppan_g_39191
ONMMKP_02989,,,,,,,,,peppan_g_39192
ONMMKP_03116,,,,,,,,,peppan_g_39315
ONMMKP_03181,,,,,,,,,peppan_g_39378
ONMMKP_03182,,,,,,,,,peppan_g_39379
ONMMKP_03717,,,,,,,,,peppan_g_39894
ONMMKP_03717/2,peppan_g_4235,,,,,,,,
ONMMKP_03718,,,,,,,,,peppan_g_39895
ONMMKP_03719,,,,,,,,,peppan_g_39896
ONMMKP_03720,,,,,,,,,peppan_g_39897
ONMMKP_03721,,,,,,,,,peppan_g_39898
ONMMKP_03722,,,,,,,,,peppan_g_39899
ONMMKP_03725,,,,,,,,,peppan_g_39900
ONMMKP_03728,,,,,,,,,peppan_g_39903
ONMMKP_04099,,,,,,,,,peppan_g_40250
ONMMKP_04100,,,,,,,,,peppan_g_40251
ONMMKP_04101,,,,,,,,,peppan_g_40252
ONMMKP_04102,,,,,,,,,peppan_g_40253
ONMMKP_04103,,,,,,,,,peppan_g_40254
ONMMKP_04103/2,,,,,,,,peppan_g_33584,
ONMMKP_04104,,,,,,,,,peppan_g_40255
ONMMKP_04105,,,,,,,,,peppan_g_40256
ONMMKP_04107,,,,,,,,,peppan_g_40258
ONMMKP_04110,,,,,,,,,peppan_g_40261
ONMMKP_04135,,,,,,,,,peppan_g_40286
ONMMKP_04136,,,,,,,,,peppan_g_40287
ONMMKP_04137,,,,,,,,,peppan_g_40288
ONMMKP_04150,,,,,,,,,peppan_g_40301
ONMMKP_04151,,,,,,,,,peppan_g_40302
ONMMKP_04152,,,,,,,,,peppan_g_40303
ONMMKP_04165,,,,,,,,,peppan_g_40316
ONMMKP_04166,,,,,,,,,peppan_g_40317
ONMMKP_04171,,,,,,,,,peppan_g_36353;peppan_g_40322
ONMMKP_04171/2,peppan_g_4182,,,,,,,,
ONMMKP_04174,,,,,,,,,peppan_g_36356;peppan_g_40325
ONMMKP_04182/2,peppan_g_4172,,,,,,,,
ONMMKP_04183,,,,,,,,,peppan_g_40334
ONMMKP_04184,,,,,,,,,peppan_g_40335
ONMMKP_04695,,,,,,,,,peppan_g_40814
ONMMKP_04740,,,,,,,,,peppan_g_40858
ONMMKP_04741,,,,,,,,,peppan_g_40859
ONMMKP_04742,,,,,,,,,peppan_g_40860
ONMMKP_04743,,,,,,,,,peppan_g_40861
ONMMKP_04744,,,,,,,,,peppan_g_40862
ONMMKP_04746,,,,,,,,,peppan_g_40864
PKJKAM_00001,,,,,,,,peppan_g_31878,
PKJKAM_00002,,,,,,,,peppan_g_31896,
PKJKAM_00022,,,,,,,,peppan_g_31887,
PKJKAM_00035,,,,,,,,peppan_g_31900,
PKJKAM_00044,,,,,,,,peppan_g_31909,
PKJKAM_00216/3,,peppan_g_8485,,,,,,,
PKJKAM_00271,,,,,,,,peppan_g_32129,
PKJKAM_00272,,,,,,,,peppan_g_32130,
PKJKAM_00273,,,,,,,,peppan_g_32131,
PKJKAM_00274,,,,,,,,peppan_g_32132,
PKJKAM_00275,,,,,,,,peppan_g_32133,
PKJKAM_00725/2,peppan_g_188,,,,,,,,
PKJKAM_00725/3,,peppan_g_4692,,,,,,,
PKJKAM_01817,,,,,,,,peppan_g_33580,
PKJKAM_01818,,,,,,,,peppan_g_33581,
PKJKAM_01819,,,,,,,,peppan_g_33582,
PKJKAM_01820,,,,,,,,peppan_g_33583,
PKJKAM_01822,,,,,,,,peppan_g_33585,
PKJKAM_01823,,,,,,,,peppan_g_33586,
PKJKAM_01825,,,,,,,,peppan_g_33588,
PKJKAM_01826,,,,,,,,peppan_g_33589,
PKJKAM_01827,,,,,,,,peppan_g_33590,
PKJKAM_01830,,,,,,,,peppan_g_33593,
PKJKAM_01855,,,,,,,,peppan_g_33618,
PKJKAM_01955,,,,,,,,peppan_g_33715,
PKJKAM_01956,,,,,,,,peppan_g_33716,
PKJKAM_01957,,,,,,,,peppan_g_33717,
PKJKAM_01958,,,,,,,,peppan_g_33718,
PKJKAM_01959,,,,,,,,peppan_g_33719,
PKJKAM_01960,,,,,,,,peppan_g_33720,
PKJKAM_01962,,,,,,,,peppan_g_33721,
PKJKAM_01963,,,,,,,,peppan_g_33722,
PKJKAM_01964,,,,,,,,peppan_g_33723,
PKJKAM_02175,,,,,,,,peppan_g_33922,
PKJKAM_02176,,,,,,,,peppan_g_33923,
PKJKAM_02176/2,,,,,,,,,peppan_g_38497
PKJKAM_02177,,,,,,,,peppan_g_33924,
PKJKAM_02208,,,,,,,,peppan_g_33953,
PKJKAM_02209,,,,,,,,peppan_g_33954,
PKJKAM_02209/2,,,,,,,peppan_g_30960,,
PKJKAM_02210,,,,,,,,peppan_g_33955,
PKJKAM_02211,,,,,,,,peppan_g_33956,
PKJKAM_02212,,,,,,,,peppan_g_33957,
PKJKAM_02213,,,,,,,,peppan_g_33958,
PKJKAM_02608,,,,,,,,peppan_g_34332,
PKJKAM_03121,,,,,,,,peppan_g_34819,
PKJKAM_03122,,,,,,,,peppan_g_34820,
PKJKAM_03123,,,,,,,,peppan_g_34821,
PKJKAM_03125,,,,,,,,peppan_g_34823,
PKJKAM_03126,,,,,,,,peppan_g_34824,
PKJKAM_03127,,,,,,,,peppan_g_34825,
PKJKAM_03128,,,,,,,,peppan_g_34826,
PKJKAM_03129,,,,,,,,peppan_g_34827,
PKJKAM_03130,,,,,,,,peppan_g_34828,
PKJKAM_03131,,,,,,,,peppan_g_34829,
PKJKAM_03132,,,,,,,,peppan_g_34830,
PKJKAM_03133,,,,,,,,peppan_g_34831,
PKJKAM_03134,,,,,,,,peppan_g_34832,
PKJKAM_03136,,,,,,,,peppan_g_34834,
PKJKAM_03146,,,,,,,,peppan_g_34844,
PKJKAM_03147,,,,,,,,peppan_g_34845,
PKJKAM_03148,,,,,,,,peppan_g_34846,
PKJKAM_03149,,,,,,,,peppan_g_34847,
PKJKAM_03150,,,,,,,,peppan_g_34848,
PKJKAM_03151,,,,,,,,peppan_g_34849,
PKJKAM_03152,,,,,,,,peppan_g_34850,
PKJKAM_03154,,,,,,,,peppan_g_34852,
PKJKAM_03155,,,,,,,,peppan_g_34853,
PKJKAM_03156,,,,,,,,peppan_g_34854,
PKJKAM_03164,,,,,,,,peppan_g_34861,
PKJKAM_03165,,,,,,,,peppan_g_34862,
PKJKAM_03168,,,,,,,,peppan_g_34865,
PKJKAM_03169,,,,,,,,peppan_g_34866,
PKJKAM_03170,,,,,,,,peppan_g_34867,
PKJKAM_03173,,,,,,,,peppan_g_34870,
PKJKAM_03447,,,,,,,,peppan_g_35139,
PKJKAM_03448,,,,,,,,peppan_g_35140,
PKJKAM_03450,,,,,,,,peppan_g_35141,
PKJKAM_03452,,,,,,,,peppan_g_35143,
PKJKAM_03698,,,,,,,,peppan_g_35378,
PKJKAM_03918/0.1,,,,,,,,peppan_g_35669;peppan_g_35673,
PKJKAM_03918/0.2,,peppan_g_8981;peppan_g_8986,,,,,,,
PKJKAM_03918/0.3,,peppan_g_9007;peppan_g_9010,,,,,,,
PKJKAM_03918/0.4,,,,,,,,peppan_g_35594,
PKJKAM_03918/0.5,,peppan_g_8955,,,,,,,
PKJKAM_03918/0.6,,peppan_g_8932,,,,,,,
PKJKAM_03918/0.7,,peppan_g_8989,,,,,,,
PKJKAM_03999,,,,,,,,peppan_g_35670,
PKJKAM_04000,,,,,,,,peppan_g_35671,
PKJKAM_04001,,,,,,,,peppan_g_35672,
PKJKAM_04005,,,,,,,,peppan_g_35676,
PKJKAM_04006,,,,,,,,peppan_g_35677,
PKJKAM_04007,,,,,,,,peppan_g_35678,
PKJKAM_04008,,,,,,,,peppan_g_35679,
PKJKAM_04038/2,,,,,,,,,peppan_g_40863
PKJKAM_04192,,,,,,,,peppan_g_35848,
